text,class,label
খারাপ মেয়েরা ধরা পড়লে পরোমান চায় আর ভাল মেয়েরা ভুল করলে বুঝতে পারে চোরের মার বড় গলা এটা মেয়েরাই পারে,NoAG,0
প্রথম জন্মের সময় মা প্রসব বেদনা ভোগ করেন দ্বিতীয় জন্মের সময় মানুষ নিজেই প্রসব বেদনা ভোগ করে,NoAG,0
দ্বিতীয়ত এই রাতে জায়গাটি পূর্ব দিকের মহিলার সুগন্ধি দ্বারা পরিপূর্ণ ছিল,NoAG,0
রংপুরের গঙ্গাচড়া উপজেলায় শোবার ঘর থেকে স্বামী ও স্ত্রীর মরদেহ উদ্ধার করেছে পুলিশ আজ মঙ্গলবার বেলা একটার দিকে ওই লাশ দুটি উদ্ধার করা হয় নিহত দম্পতি হলেন সাবের আলী ৫০ ও তাঁর স্ত্রী মুক্তারা বেগম ৩৫ তাঁরা উপজেলার গজঘণ্টা ইউনিয়নের বালাটারী গ্রামের বাসিন্দা,NoAG,0
আকাশ অনেক বড় তবুও সে কাঁদে আর আমি তার তুলনায় কত্ত ছোট আমি ও কাঁদি কিন্তু আকাশের মত কাউকে সিক্ত করতে পারি না পারিনা র্বষার মত অবিরাম ঝরতে মেঘের মত কাউকে আগলে রাখতে না পারি তোমার বিরহে পাশে থাকতে,NoAG,0
﻿খাদ্য এত সুস্বাদু  এবং অভ্যন্তর ডেকোরেশন খুব সুন্দর সুন্দর স্থান,NoAG,0
বিশ্বব্যাপী সব ধরনের রাজনৈতিক বিজ্ঞাপন নিষিদ্ধ করেছে অন্যতম সামাজিক যোগাযোগমাধ্যম টুইটার গতকাল বুধবার এক বার্তায় এ তথ্য জানিয়েছেন সংস্থাটির প্রধান নির্বাহী কর্মকর্তা সিইও জ্যাক ডরসি,NoAG,0
কিন্তু আজ যে লক্ষ্মীবার ঘর মোছা হবেনা যে রুবুর মর্জিমাফিক কাজ হবে এত টাকা দিয়ে মেশিন কিনে শুধু জেদের বশে হিমানীর মা কে জব্দ করা হল আর সেই মেশিন কিনা বিট্রে করছে,NoAG,0
এই ভোদাই সঠিক পুরাণগুলো কখন লিখা হয় বল তো দেহি,AG,1
বাংলাদেশে ও এমন অবস্থা হবে হাদিস দ্বারা প্রমানিত অার সেটা যে খুব বেশি দূরে না শেষ ২ বছরে বুঝতে পারছি অার এখনতো অারো পরিষ্কার,NoAG,0
তোর মায়েরে আমি চুদবো,AG,1
কোন মুভির নাম জানোস না আবার কথা কস অল ভিডিও বানাস বলদ কোথাকার,NoAG,0
পিছনের কঞ্চিগুলা খুইল্লা তোর গুয়া দিয়া দে হালা দামড়ার ঘরের দামড়া,AG,1
আমরা জানি আপনাদের কাছে আমরা কোন সত্য বা বাস্তব ঘটনা কখনোই আশা করি না কারণ আমরা পাব না আপনারা যেটা সত্য সেটা কখনো বলবেন না আবার না বলাটাই স্বাভাবিক কারণ আপনারা তো মানুষ আপনারা সত্য কথা বলে কি বিপদে পড়বেন নাকি এরকম এই অনুষ্ঠানটা এখন করতেছেন মাস খানেক আগেও তো করতে পারতেন তখন করেন নাই কেন করেন নাই করলে আপনাদের সমস্যা হতে পারে,NoAG,0
ছি ছি এতো নির্লজ্জ ছিলো তোদের লুচ্ছা নবী মোহাম্মদ | নিজের ছেলের বউকে বাড়িতে একলা পেয়ে তার সঙ্গে চুদাচুদি |,AG,1
১০ জনের মধ্যে একজন খারাপ ডাক্তার কিংবা আলেম কিংবা ইঞ্জিনিয়ার এর জন্যগালি দিই ১০ জনকেইবাকি নয়জনের প্রশংসাটা মুখে বোম মারলেও বের হয়না,NoAG,0
স্যারআপনার হাসিটা অসাধারণএত সুন্দর করে কেউ হাসে কি করে,NoAG,0
সত্যিই বাংলাদেশের কোনো উন্নয়ন হয়নি সরকারের পদত্যাগ করা দরকার,AG,1
﻿ভাল খাবার চমৎকার স্থান খাদ্য মানের খুব ভাল,NoAG,0
﻿খাদ্য ভাল সেবা ভাল আমি অবশ্যই এখানে আসা আমার বন্ধুদের সুপারিশ করবে,NoAG,0
ওরে  মাগি  তোর  আবার  ভিক্ষা  করতে  হবে 	,AG,1
এই দুইটা ঘটনা মেয়েদের জন্য দারুণ অনুপ্রেরণা,NoAG,0
অারে অাবাল তোর কি লজ্জা শরম কিছুই নাই,AG,1
আপনার এই লেখাটা যতবার চোখে পড়ে ততবারই পড়ি প্রতিবারই নতুন মনে হয় আর মনে হয় কোন মিষ্টি প্রেমের উপন্যাস পড়ছি,NoAG,0
নির্বাচন কমিশনের আওয়ামী লীগের দালাল নির্মূল চাই নিরপেক্ষ নির্দলীয় সরকারের অধীনে নির্বাচনের চাই,AG,1
এসব ফালতু দের নিয়ে এসে সেলিব্রেটি বানানোর দরকার নাই,AG,1
শেষবার আমি এখানে গিয়েছিলাম আমাদের অর্ডারটি নেওয়ার পর ওয়েট্রেস ফিরে আসেনি,NoAG,0
জয় মা কালিএটা একটা রোগ,AG,1
ডাক্তারদের জন্য কোন ভাল ইকুইপমেন্ট নাই নাই কোন সেফটি  তাহলে কেমনে ডাক্তাররা কাজ করবে তাদের জীবনের নিরাপত্তা কে দিবে আপনি নাকি আমি,NoAG,0
দেয়ালেরও কান আছে সরি একসময় ছিল এখন তো ফেসবুকের স্ক্রিনশটই আছে,NoAG,0
সারা পৃথিবীতে৷ ইসলামের গাঢ়মারা গেছে,AG,1
সাবরিনা মিম আপু আপনি ঠিক বলছেন হিন্দুদের যে দৌরাত্ম্য ইদানীং বেড়ে গেছে তা উদ্বেগ জাগানিয়া তাই আমাদের আরো সচেতন হতে হবে এবং ঐক্যবদ্ধ হতে হবে,AG,1
বল বিকৃতির সাথে জারা জড়িত তাদের কে আজীবন নিষিদ্ধ করা উচিত,NoAG,0
চীন কুরান কে ব্যান্ড করেছে কুরান পড়লে মানুষ জঙ্গি হয়,AG,1
তুই শালা হিজরা মার্কেটে যাই উলঙ্গ হ,AG,1
এসব মাগিদের কেনা জুতা দিয়ে মারা উচিত চোখে মুখে	,AG,1
তোরে সামনে পাইলে জুতা পিটা করতাম তোরে খুন করে ফেলতাম তুই আমাদের প্রিয় নবী হযরত মুহাম্মদ সাল্লাল্লাহু আলাইহি সাল্লামকে কটুক্তি করছ আমাদের রাসূলকে অপমান,AG,1
পৃথিবীটা হচ্ছে অভিনেতা তৈরির কারখানা এখানে সবাই অভিনেতা কেউ পাঁকা অভিনেতা আর কেউ কাঁচা অভিনেতা যারা কাঁচা অভিনেতা তার পাকা অভিনেতাদের অভিনয়ের কাছে হার মেনে অনবরত কষ্ট পেতে থাকে  এরই নাম কি জীবন,NoAG,0
অসৎ মানুষকে সৎ পরামর্শযাক যদি একটু ভালো হয়,NoAG,0
অাপনি যদি কোন হোটেলের মালিক হতেন এমপির চেয়েও অনেক দামী হতেন বিশেষ করে  মেয়েদের কাছে অন্তত ক্রাশ খাওয়া মেয়েগুলো একবার হলেও বাস্তবে দেখতে পারতো,NoAG,0
সাধারণ জনতার কথা বাদ দেন যে দেশের নামকরা বিশ্ববিদ্যালয়ের ছাত্রছাত্রীরা সবকিছু জানার পরও ট্যুরে যায় সেই দেশের কিছু পরিশ্রমী প্রবাসীদের গালি দিলেই আপনি আমি সভ্য হয়ে যাই কিভাবে,NoAG,0
একদিন এক দিন মজিব এর বঙ্গবন্ধু খেতাব ও কেরে নিবে জনগণ,AG,1
এয়ার মার্শাল জেনারেল জিয়াকে যে তথ্য দেন তা ছিল আঁতকে ওঠার মতো আনোয়ার শামীমের মতে ভারতীয় যুদ্ধবিমান মাত্র তিন মিনিটের মধ্যে কাহুটা ল্যাবরেটরির কাছে পৌঁছাতে সক্ষম যেখানে পাকিস্তান বিমান বাহিনীর সময় লাগবে আট মিনিট,NoAG,0
এদের মতো মাদারচোদ এর নেতা বানাইছে কে খানকির বাচ্চা কনডম বিস্ফোরণের ফলে জম্ন নিছে,AG,1
তোমার জন্য সকাল দুপুর বাজিয়ে কোনো বিষন্ন সুর সন্ধ্যে বেলার যত্নে আঁধার বুকে রাখে যেসব পাহাড়,NoAG,0
তাহলে একটি উপায় আছে এই রেস্টুরেণ্টে আমি আপনার কোন বড় দিতে পারে ছিলাম আমি থাকতে পারে চিপ এবং সালসা শুধু একটি তারকা এখানে প্রয়োজন হয়সেবা গড়ের তুলনায় কম ছিল খাদ্য সূর্য পৃষ্ঠের চেয়ে বেশ গরম ছিল এবং পানীয় পুঁচকে ছোট ছিল এবং এলকোহল মতো স্বাদ না আমার স্বামী একটি সবুজ চিলি থালা আদেশ এবং এটি লাল সস মধ্যে মুখের এসে যখন সে ওয়েটার জিজ্ঞাসা এটা সবুজ বা লাল লাগছিল সার্ভার বলেন নাঃ যে কি সবুজ মত দেখাচ্ছে কি দারুনদুঃখিত কিন্তু আমি মনে করি না আমি ফিরে যাবে না,NoAG,0
আহারে হজরত মোহাম্মদের মতো চুদির বাচ্চা কে অনুসরণ করা নির্বোধ ভাইগুলো রে,AG,1
আহা কি আনন্দ আকাশে বাতাসে,NoAG,0
তকে কুত্তায় চোদে জন্ম দিছে মাদার চোদ,AG,1
সরকারী হাসপাতালের ডাক্তারগণ শুধুমাএ চাকরীটা কোনমতে ঠিকিয়ে রাখার জন্যই চেম্বারে বসে আর হাসপাতালে সেবার জন্য গেলে ওদের ব্যবহার কুকুরের মত দেখায় আবার ঐ ডাক্তারই বাহিরে চেম্বারে বসলে খুব ভদ্র ব্যবহার করে,NoAG,0
ভালভাবে তাকায়ে দেখি ওর হাত কব্জির নিচে ৩ ইঞ্চি র মত জায়গা কাটা আর গলগল করে রক্ত বের হচ্ছে,NoAG,0
চট্টগ্রাম মহানগর বিএনপির ছাত্র বিয়ষক সম্পাদক মাঈনু‌দ্দিন মোহাম্মদ শহীদ ভাই সহ অনেকে পু‌লি‌শের গু‌লি‌তে অ‌নে‌কে আহত এই বর্বরোচিত হামলায় চট্টগ্রাম স্বেচ্ছাসেবক দল ও আমার পক্ষ থেকে তীব্র নিন্দা ও প্রতিবাদ জানাচ্ছি,NoAG,0
হেফাজতকে মারাটা ওচিত হয়নি বিএনপি নেতাদের যদি এভাবে মারতো তাহলে কিছুটা মেনে নিতাম,AG,1
তুই কি পতিতালয়ে জন্ম্য নিছিস,AG,1
মামুনুল হকের বিরুদ্ধে লাগিশ নাদৌড়াইয়া কুল পাবি না,AG,1
বিএনপি দালালে ভরে গেছে ত‍্যাগি নেতাদের মূল‍্যায়ন নেই এজন‍্য এই অবস্হা টাকায় সব বিক্রি হয়,AG,1
এভাবে রাস্তায় দুটি মেয়েকে হেনস্তা ও সম্মানহানির দায়ে এই জানোয়ার কুদ্দুস ও তার সহযোগীদের দ্রুত বিচারের আওতায় আনা হোক,NoAG,0
তোর মাকে   মদগাঞ্জা খেয়ে চুদে,AG,1
বিজয়ী মহিলারা তাদের পুরষ্কার পাওয়া টাকার ভাগ থেকে সাকিব তামিমদের কে ঈদের সেলামী হিসেবে দেওয়া হোক,NoAG,0
ম্যাডাম বাস ছিলো না রাস্তায় এমন ও তো হতে পারে গাড়িতে উঠে মেয়ে দুটি ব্ল্যাকমেইল করতে পারে যে ওদের টাকা না দিলে ওরা ধর্ষনের অভিযোগ করবে,NoAG,0
ইসলাম মানব জাতির জন্য আভিশাপ😥,AG,1
আপন দেশ ভিটামাটি ছেড়ে শখ করে কেউ চলে যায় না এই মায়া বড় মায়া সমস্যা হলো এই দেশের সরকারে যারাই এসেছে তারা কখনোই কোন গবেষণা করে দেখে না,NoAG,0
শেষ পর্যন্ত নায়িকাকে মারা যেতে হল  তাইতো আজব,NoAG,0
হে আল্লাহ তুমি আওয়ামীলীগের জালেমদেরকে হেদায়েত দাও না হয় ধ্বংস করে দাও,AG,1
উনি হল থেকে যাওয়ার আগে নিচুস্বরে আমার নাম জানতে চাইলেন নাম শুনে বল্লেনপারভীন নামটা নাকি উনার খুব পছন্দ,NoAG,0
নাহিয়ান জয় তরে কুত্তা দিয়া করামু তরে গুড়াদিয়া করামু,AG,1
আমার কাছে আরেকটা বিষয় অদ্ভুত লেগেছে মেঘের সাথে ঐ রাতে দেখা হওয়ার পর আর কোনোদিন আলমারির পিছনে কোনো দরজা দেখতে পায় নি সবাই বলে এটা নাকি ওর কল্পনা ছিল,NoAG,0
আবির গ্রামের লোকেদের কথা শুনে কিছুটা ভয় পেয়ে যায়,NoAG,0
আমারতো পুড়াই মাথা নষ্ট চাইলাম কি পাইলাম কি ছোট বেলা থেকেই তাকে নিয়ে স্বপ্ন দেখতাম আমি,NoAG,0
জনগন আওয়ামী লীগ নামক জানোয়ারদের থেকে মুক্তি চায়,AG,1
আইন যেটা পারেনি তার স্ত্রী সেই কাজ টাই করিলঅতএব তার স্ত্রী কে সসম্মানে মুক্তি দেওয়া হোক,NoAG,0
বিস্মিত আমি কিছুটা ঘাবড়ে গেলাম মেহজাবিন এর আচরনে এতরাতে একটি মেয়ে কি কওে অচেনা এক পুরুষের জন্য গাড়ি নিয়ে ষ্টেশনে আসে,NoAG,0
তর ভাত শেষ রে পাগলাহিরু আলম তকে দুচে দিছে,AG,1
কিসের নারী দিবস সকল পাপের জননী নারী,AG,1
এই মিউজিক্যালি আসার পর জানতে পারছি পৃথিবীতে কত প্রকারের তার ছেড়া পাগল আছে,NoAG,0
আপনি ও আপনার ইসলাম ধর্ম ভালো হয়ে যান নামাজ রোজা বর্জন করুন  নগ্নতা অশ্লীলতা গ্রহণ করুন,AG,1
বাংলাদেশে মুঠোফোন তৈরি সম্ভব সেটা এখন প্রমাণিত একটি নয় দুটি নয় নয়টি কারখানায় তৈরি ও সংযোজিত হচ্ছে মুঠোফোন করা হচ্ছে বিপুল বিনিয়োগ,NoAG,0
বিএনপি চা য় ত্রাণ সরবরাহের নামে দেশে নৈরাজ্য সৃষ্টি করতে,AG,1
তোরা নিজেই মর্তি তৈরী করে তার নিচে মাথা নত করিশ আবার তাকে ভেঙে ফেলিশ আরো অনেক কিছু আছে শুধু এটুকুই বলবো আরো অনেক কিছু আছে যা লিখে বোঝানো যাবে না   একটা কথা মনে রাখিস ইসলাম যে যুগে যুগে সত্য তার প্রোমান হাজার হাজার বিশ্বের সব  চাইতে সেরা গ্রন্থ কোরান কোরান এক মাএ বই যা সবচেয়ে বেশি বিক্রি হয়েছে সবচেয়ে জনপ্রিয় কোরানে,AG,1
যারা  হা হা  রিএক্ট  দিয়েছে  তাদের  বিবেক  বলতে  কি  কিছু  নাই  এইটা কি মজার কিছু  মানুষ  এখন  মানুষের  কষ্ট  দেখে  ও  হাসে ,NoAG,0
যে সব ছাত্র রেগিং এর মত ঘৃণিত কাজে জড়িত হয়ে চুয়েট কে এবং চুয়েট প্রশাসনকে অস্থিতিশীল পর্যায়ে নিয়ে যায় শিক্ষকদের বিরুদ্ধে অপপ্রচার ও বিভ্রান্তি ছড়ায় চুয়েটের সুনাম ক্ষুন্ন করে তাদের নাম লিস্ট করে এই গ্রুপে দেওয়া হোক,NoAG,0
উন্মাদ মানে পাগল মোহাম্মদ মানে মহাপাগল তোরা হলো মহাপাগল এর অনুসারীভুদাই,AG,1
অনিয়মিত লেখক পাঠকদের ঠকায়,NoAG,0
এই খানকি তুই একটা বাস্টার্ট,AG,1
প্রদিপকে রিমান্ডে নিয়ে ওর সম্পদের হিসাব নেওয়া হউক,AG,1
তোদের ইসলাম আসার আগে মানুষ কি জানত না যে চুরি ডাকাতি করা খারাপ,AG,1
তোরা পুলিশ লীগ ছাড়া রাস্তায় নামিস তোর বাপমায়ের নাম ভুলিয়ে ছাড়বে হেফাজতের লোকেরা,AG,1
আচচা তুমাদের মাকে লেংটা করে পানিতে ডুবিয়ে মারে কেন,AG,1
এই দেশেতে জন্ম যেন এই দেশেতে মরি লাইনটা আজ মন থেকে গাইতে ইচ্ছে করছে,NoAG,0
এই মূহুর্তে আমার আর সহ্য হচ্ছে না সমস্যাগুলো মাথায় কিলবিল করছে,NoAG,0
এইসব দেখার পর মনে চায় অবৈধভাবে হোক নির্বাচন বিহীন হোক যেন তেন ভাবেই হোক আওয়ামীলীগ যেন আরও দুই যুগ ক্ষমতায় থাকে আর এইসব ধর্মীয় নামধারী রাজনৈতিক দলগুলোকে চিরতরে নিশ্চিন্থ করে দেয়,AG,1
সারাদিন এফবিতে পড়ে থাকিকই এই কচুর ওয়ার্ল্ড তো চোখে পড়লো নাআসলেএগুলা পাবলিক এখন আর খায়না,NoAG,0
কাল মুভিটা দেখলাম হেবি জোশ করছে,NoAG,0
বেশি অমানুষ হয়ে গেছে বড় বড় আওয়ামিলীগের অনুগত দালাল অফিসার,AG,1
আরে কাদেরমির্জা নতুন কৌশল এটা আওয়ামী লীগ কি না পারে বুঝলে বুঝ পাতা না বুঝলে তেজপাতা,AG,1
এক মুখ দাড়িগোঁফের জঙ্গল আর এক মাথা রুক্ষ চুলে মূর্তিটিকে তখন বেশ বীভৎস এবং ভয়াবহ বলে মনে হচ্ছিল তার ওপর তার হাতের নখগুলাে ছিল বেশ বড় বড় হাতের তীক্ষ আর বড় বড় নখ দেখে দার্শনিকের মনে একটা অন্য ধরনের ভয় এল,NoAG,0
তরুণদের এমন স্বেচ্ছাসেবাকে উৎসাহ দিতে শুরু হচ্ছে ‘স্বেচ্ছাসেবা সম্মাননা ২০২০’ ভালো কাজের স্বীকৃতি দেওয়ার ওই উদ্যোগ নিয়েছে ভলান্টারি সার্ভিসেস ওভারসিজ ভিএসও এবং প্রথম আলো,NoAG,0
আমি তখন কিছুই বলতে পারি নিকারণ আব্বু আমার কোনো কথাই বিশ্বাস করবে নাআব্বু উনাদের সামনেই আমাকে অনেক গুলা থাপ্পড় দিলেনখুব কষ্ট হচ্ছিল তখনতারা যাওয়ার পরেও আমাকে অনেক মারধর করে,NoAG,0
৩ টাকার বাদাম কিনতে গিয়ে কথা বলতে বলতে দুই টাকার বাদাম মেরে দেওয়া পাব্লিক আমরা অতএব ৮ হাজারের চাকরির জন্য ৮ লাখ ঘুষ দেওয়া লাগবেএটাই সাইন্স,NoAG,0
মুর্খ জাতি আমরা যারা এইগুলা করার জন্য সাহস দেয় তাদের কাছেই আমরা বিচার চাই,NoAG,0
বাবা  আমি ফিরে যাচ্ছি হবে না ক্রম সিস্টেম বিভ্রান্তিকর কর্মীরা বিভ্রান্ত করলো খাদ্য খুব স্নিগ্ধ এবং সুন্দর বিস্বাদ ছিল এই জায়গা এমনকি একই লীগ মধু ভালুক নিকটস্থ দ্য এয়ারপোর্টে করছেনা  এই স্নিগ্ধ শৃঙ্খল এড়িয়ে যান এবং মধু বিয়ার এর যান,NoAG,0
পৃথিবীতে সর্বপ্রথম কোন দেবতা শিবের পুরুষাঙ্গ কেটে দিয়েছিল উত্তরছ্রি কৃস্ন,AG,1
দেখুন কিভাবে এক হিজড়াকে হাতিয়ে দিল আরেক হিজড়া,AG,1
বাইতুল মোকারমের সামনে লীগের ছেলেরা কোনার শরীফে আগুন জালিয়েছে সেই ভিডিও কেটে দিলেন কেন,AG,1
সবচেয়ে খারাপ খাদ্য শুধু অর্থ অপচয় খুব খারাপ মানের,NoAG,0
মেসিরা বিধর্মী হয়েও মানবতার উজ্জল দৃস্টান্ত রাখলোআর এখানে মেসিদের জায়গায় সৌদিআরব থাকতো তাইলে মানবতা গর্তে লুকাতো,NoAG,0
আইনের হাত অনেক লম্বা বাসায় রেখে আসা পকেটওয়ালা জামার পকেটে পুলিশ গঞ্জিকা আর বাবার পোটলা রেখে আসবে তখন ফুল ফ্যামিলি আটক হবে আর পুলিশ আরও বেশি কামাবে,NoAG,0
গাঁজা সেবন করুন কালির দর্শন পাবেন  এতক্ষমতা পারলে ভারত বর্ষকে করনা মুক্ত করে দেখান,AG,1
এটা তুই সপ্ন দেখিস আসলে তোর দোষ না তোর নবীও এরকম স্বপ্ন দেখত আর সকালে লুঙ্গির মধ্যে নুনু থেকে সুধু হাওয়াই বের হত,AG,1
পৃথিবীর সবচেয়ে বড় জাতীয় মিতথ্যাবাদী ও অবৈধ নির্লজ্জ সরকার হল আমলীগ জাতিকে অনধকার ও জাহান্নামের দিকে নিয়ে যাচ্ছে,AG,1
আমি কখনোই কারণ আমি তাই আমি চিকিত্সা ছিল দ্বারা বন্ধ করা হয়েছিল খাদ্য চেষ্টা করার সুযোগ পেয়েছিলাম আমার পরিবার এবং আমি চীজ কেক ফ্যাক্টরীতে পার্কিং লট জুড়ে একটি টেবিল জন্য অপেক্ষা করা হবে না,NoAG,0
হত্যা  ধরষন আর লুন্ঠন  এই হলো ইসলামের দর্শন ,AG,1
মাহতিম ভাই এ সময়ের একজন তরুন শিল্পী কন্ঠে দরদ মধু আছে প্রচুর শুভকামনা রইল 👍👍,NoAG,0
বিরক্ত  লাগে   দিলে   তাড়াতাড়ি  দিবেন  না  দিলে   পোস্ট  করে  বলবেন  না ,NoAG,0
তোরা যে পগবাকে খাঁটি মুমিন বান্দা বানিয়ে বালহামদুলিল্লাহ চোদানাল্লাহ বলে সারাদিন মুতিয়ে ভাসিয়ে দিয়েছিলি সেটাতে কি প্রমান হলোনা তোরা উড়ো খবর নিয়ে নাচানাচি করিস,AG,1
সবকিছু একটু বেশি বেশি ই হয়ে যাচ্ছে নকল করতে গিয়ে ধরা পরছে তারপর বহিস্কার এটাইতো করবে নাকি তাকে দুধভাত খাওয়াবে আর বহিষ্কার করলেই যে আত্নহত্যা করতে হবে এটা সমর্থন করা যায় না এমন ই যদি হতো তাহলে প্রতি বছর হাজারো শিক্ষার্থী এইভাবে শেষ হয়ে যেত আর এই ঘটনায় অভিবাবক ই তার সন্তানের গায়ে হাত তুলছে শিক্ষকশিক্ষিকা না  নিউজটা যদি এমন হতো বহিষ্কারের পর অভিবাবকের অনুরোধে নকলকারী শিক্ষার্থীকে ক্ষমা তাহলে পাবলিক বলত টাকা খেয়ে অপরাধ মাফ করে দিছে যত দোষ নন্দঘোষ আর এক হাতে কিন্ত তালি বাজে না কিন্ত এইধরনের সুইসাইড আমাদের কাম্য নয় সিসি ক্যামেরায় পুরো ঘটনা রেকর্ড করা আছে তা এনালাইসিস করে আদালত তার সঠিক সিদ্ধান্ত দিবে৷,NoAG,0
এই চ্যানেল সব মহিলা সংবাদ উপস্থাপক দের কোট শার্ট পরায় দিসে কেন বাঙ্গালী মহিলাদের পোষাক শাড়িনাম ৭১ কাজকর্মে অনুসরণ করে বিদেশী,NoAG,0
ম্যাচ জিতেছে ভারত হৃদয় জিতেছে থার্ড আম্পায়ার,NoAG,0
শেখ মুজিব ছিল ভারতের বড় দালাল এই দালাল স্বাধীনতার শ্লোগান তুলে ৭১ সালে এই দেশকে ভারতের হাতে তুলে দিয়েছিল বাঙালি ভারতের গোলাম হওয়ার জন্যই ৯ মাস যুদ্ধ করেছেহা হা হা হা হা হা ভারত এই দেশটাকে তাদের ব্যবসা বাণিজ্য ও চাকুরির বাজার বানিয়েছে,AG,1
হিন্দু সবাই এক হও আর নয় রুখে দাড়াও জালিমদের হত্যা কর অসুরদের বিনাশ করে হত্যা করো,AG,1
তর জম্ম টিক না তর বাবা কয়েক জান আছে কুত্তার বাচ্চা তুই,AG,1
ছিঃএভাবে অপমান নিজের দেশের মুভিকেছিঃ,NoAG,0
উনি খুবই বিচক্ষণ ব‍্যবসায়ী দেখতে চাই কীভাবে উনি মার্ক জুকারবার্গকে চিন্তায় ফেলেন,NoAG,0
সনাতন ধর্মের বেদে হিন্দু বা অন্যান্য গ্রন্থ গুলিতে হিন্দু কথাটি নেই সুতরাং হিন্দু মানেই ভুয়া কারণ কোনো ধর্মীয় গ্রন্থে উল্লেখ নেই,AG,1
আওয়ামী লীগ চোর সরকার শেখ হাসিনা কে বর্জন করুন সোনার বাংলা গঠন করুন আওয়ামী বয়কট করুন ,AG,1
এমন কুসংস্কারাচ্ছন্ন অশ্লীল ধর্মের ঘরে জন্ম না নিয়ে মুসলমানের ঘরে জন্ম নিয়েছিতাই আল্লাহর নিকট শুকরিয়া,AG,1
মুর্তিপুজারীমাজারপুজারীভন্ড পীরদের পোদ ফেটে গেছে ,AG,1
আগে বাম ছাত্রদের থেকে আমাগো বিএনপির রাজনীতি ও আন্দোলন শিখতে হবে মির্জা ফকরুল ইসলাম আলমগীর ম্যাডাম বোরকা পরে ঠিকই পিছনের দরজা দিয়ে পালাই যাবে,AG,1
প্রোগ্রামটা কি এখন ও চলে কখন চলে অবন্তীর জন্য দেখতে হবে,NoAG,0
আমি ভালোবাসি কিভাবে সব অন্যান্য  এই কোম্পানির পর্যালোচনার একই বিষয় আমাকে আবার তাদের পরিষেবাগুলি ব্যবহার করতে অনুমতি না হবে আবিষ্কৃত হয়েছে কোম্পানির একটি দুর্যোগ এবং হন তবে আপনার কাছে রিপোর্ট করা উচিত নয়,NoAG,0
সরকার আবার সেলিমকে সন্ত্রাসী করার সুযোগ দিচ্ছে,AG,1
রোনাল্দোকে থাকতে হবে না কারণ রোনাল্দো খেলোয়াড় ও ব্যক্তি হিসেবে মহৎ ও মহান,NoAG,0
এবার আপনারাই বলুনছোট্ট শিশুটি ডাক্তারদের অবহেলার শিকার কি না এটা কি রোগে মৃত্যু না ডাক্তারের হাতে হত্যা এই হত্যার সাথে জড়িতদের বাঁচাতে এক ঘণ্টার মধ্যে সারা চট্টগ্রামের সব হাসপাতাল বন্ধ করে দেওয়ার হুমকি দেয়,NoAG,0
হিন্দুরা জাতিগত ভাবে যৌন অক্ষম জাতি ও টাকার লোভী তাই হিন্দু মেয়েরা মুসলমান ছেলে দেখলে ঝাপিয়ে পড়ে তাই লাভ জিহাদ বন্ধ হবে না,AG,1
শালা  তোদের  চ্যানেল এর  উপর রিপোর্ট  করা  উচিত   শালা  এসব  বাজে  শো  দেখানোর   জন্য,AG,1
খাবার তেজী তৈলাক্ত ও ছিল,NoAG,0
হায়দ্রাবাদের মতো এনকাউন্টার করতেই হবে নচেৎ এক মাসের মধ্যেই ফাঁসি চাই	,AG,1
যারা ডিসলাইক দিয়েছেন তাদের উদ্দেশ্যে বলছি আপনারা গান না শুনলেই পারেন  অযথা বুড়ো আঙ্গুলটাকে কষ্ট দিয়ে লাভ নেই,NoAG,0
ইংল্যান্ডের দেওয়া বাঁশটা হোগা থেকে আগে বের কর নাহলে বেঘোরে নির্ঘাৎ মারা পড়বি হালার পো হালা মালাউনের জাত  ,AG,1
বিএনপি সব আওয়ামীলিগকে কুত্তার মতো পিঠাইছে,AG,1
ফিলিসের পরিবারটা রক্তের সম্পর্কের অভ্যন্তরীন সংজ্ঞাটা দারণভাবে উপস্থাপন করে গেছে শেষ পর্যন্ত,NoAG,0
মুরগি বার্গার এই দাম পরিসরে খুব সুস্বাদু কিন্তু মাউন্টেন ডু বিট দামি,NoAG,0
জাবেদুল  ইসলাম  পরে খেয়াল হইল তোর সাথে সিংগেল কোনো পিকও নাই আবির তামিমের সাথেও নাই 😑,NoAG,0
জনগণের টাকা দিয়ে সরকার লোকেরা চলে চোরের বাচ্ছারা আবার বড় বড় কথা বলে,AG,1
তর মারে চুদি মাদার চুদেরা,AG,1
বুঝছি আরিব্বাই আড়ং থেইক্কা ফ্রি পায়জামা পাইছে নাইলে মার্কেটিং করবে কেন ,NoAG,0
এইভাবে কাউকে মেরে ফেলা যদি বৈধ হত তাহলে অর্ধেক সাহাবী ইসলাম কবুল করার জন্যে সুযোগ পেত না,AG,1
হায়রে জানোয়ার লীগ,AG,1
এইরকম  কিছু     প্রেমিক  প্রেমিকা   কে   দেখি   আর   ভাবি  যে  এখনো  হয়তো   পৃথিবী থেকে    ভালবাসা  শেষ হয়ে যায় নি    সবাই  এখনও বাহ্যিক রূপ দেখে ভালো বাসে না  ভালো মনের  এখনো    দাম আছে,NoAG,0
উপন্যাসের নামচরিত্র ডরিয়ান গ্রে আদতে একজন অত্যন্ত স্বার্থপর ব্যক্তি নিজের সৌন্দর্য সম্পর্কে অবগত হবার পর থেকে সে যেমন স্বেচ্ছাচারী জীবন কাটায় তেমনই নিজের কোনো কাজের জন্য দায় স্বীকার করতে রাজি না সে,NoAG,0
এই মেয়েকে প্রথমে ধরে মাথা নেরা করে মুখের ভিতর গরম তেল দেন,AG,1
মেয়েটি কে নিয়ে যেভাবে ট্রল করা হয়েছিল আরেকটু হলে সকল ট্রলের জবাব দিয়ে দিতো,NoAG,0
সালে আওয়ামি রাজাকারলীগ সরাসরি যুদ্ধ না করলেও এবার আল জাজিরার বিরুদ্ধে যুদ্ধে নেমেছে,AG,1
পুরুষতন্ত্র ঝেটিয়ে বিদায় করো,AG,1
মাম্মামিয়া কি দেখলাম এইটা ইংলিশ বুঝেনা তা মানা যায় কিন্তু বাংলা প্রশ্নও বুঝেনা বাংলা শব্দের অর্থ বুঝেনা,NoAG,0
খুনি শেখ হাসিনার ফাঁসি চাই,AG,1
আগে  বাড়া  বানান  ঠিক  করে  লেখ মারানি  শালা অশিক্ষিত আর  লজ্জা  থাকলে  কমেন্টস  করিস  না  আমায়  ,AG,1
প্রতিবেদককে ধন্যবাদ এত সুন্দর করে একটা প্রতিবেদন করার জন্য,NoAG,0
এদেশ আপামর জনগণের দেশ মানুষরূপী কিছু নরপশুর নয় এই ঘটানার তীব্র নিন্দা প্রকাশ করছি,NoAG,0
সকল হামলাকারী মাদক ব্যবসায়ী সন্ত্রাসীদের দৃষ্টান্তমূলক শাস্তি ও গ্রেপ্তারের দাবিতে চট্টগ্রাম বিশ্ববিদ্যালয় ছাত্রলীগের বিক্ষোভ মিছিলএই হামলার অবশ্যই বিচার হবে,NoAG,0
ছাগলের পালের মধ্যে এক পাঠা নতুন একটা ছাগী দেখে উত্তেজিত হয়ে পাঠা কালী রূপী ছাগীর সাথে যৌন সঙ্গম করে ফেললো,AG,1
আমি রাতকে ভালবাসিনা তবুও আমি প্রতিরাত জেগে খাকি তোমার দেয়া কষ্টে ঘুম আসেনা বলে,NoAG,0
অই মাদারচোদ  তুই কি বালের রাআপ করস,AG,1
আলো ছায়াময় সেই নির্জন ট্রেনের কামরায় এমন একটা প্রশ্ন শুনে আমি শিউরে উঠলেও বলি – না  আমি বিশ্বাস করিনা  হঠাৎ এ প্রশ্ন করলি যে ,NoAG,0
রাইট আওয়ামী লীগ সন্ত্রাসী দল,AG,1
মাঝে মাঝে ভাবি ইথারের নাকি অস্তিত্ব নাই তাহলে আসমান থেকে আমার উপর এত অদৃশ্য বাশ এসে পড়ে ক্যামনে,NoAG,0
মামা বাড়ির আবদারএদেশে পুজো করতে পারে এটাই তো বেশী,AG,1
বাহ্ চুতমারানির পোলা,AG,1
জামায়েত বিএনপি রা বাইনচোদ তোরা খাই দাই কাজ নাই এমপি পুত্রের পিচে করন পড়েচিস তোরা মাদারিরা,AG,1
আজকে অফিসে পুরুষ কলিগদের খেপিয়ে খুব মজা পাইছি জয় বাংলা জয় বাংলাদেশ নারী ক্রিকেট দল ,NoAG,0
ছেলেরা আনিল আইসিসি ট্রফি মেয়েরা এশিয়া কাপ মেয়েরা আনিল সম্মান দ্রুত পোলাগো মায়রে বাপ,NoAG,0
আওয়ামিলিগ এত চাল চোর এতদিনে কত কিছু চুরি করেছে তার হিসাব নেই ,AG,1
ডেংগু রোগের বিরুদ্ধে সিটি কর্পোরেশন একা সম্পূর্ণ ব্যর্থ দিন কয়েক আগে স্বয়ং হাইকোর্ট আক্ষেপ করে বলেছিল যে কোন দেশের আদালত মশা নিধনে ব্যবস্থা গ্রহণ করতে নির্দেশ দেয় না কিন্তু বাংলাদেশে দিতে হয় এরচেয়ে হতাশাজনক আর কি হতে পারে,NoAG,0
আলহামদুলিল্লাহ আলহামদুলিল্লাহ আলহামদুলিল্লাহ মুহতারাম কিজে ভালো লাগছে তা ভাষায় বুঝাতে পারছিনা জাতির প্রতিটি অংগনে আপনাদের পদচারণা কামনা করি,NoAG,0
মুখে যত কথাই আসলে বলি না কেন ভিতরে ভিতরে ফ্রান্সের জন্য একটা সফট কর্ণার থাকেই বড় হয়ে ফ্রান্সের সাপোর্টার হব,NoAG,0
নিউইয়র্কের লং আইল্যান্ডে বসবাসরত বাংলাদেশিদের সামাজিক ও সাংস্কৃতিক সংগঠন শিল্পাঙ্গনএর উদ্যোগে প্রথমবারের মত অনুষ্ঠিত হলো ঈদ বাজার ও আনন্দমেলা হিক্সভিল শহরে লেভিটটাউন হলের মনোরম ও বিস্তৃত পরিসরে স্থানীয় সময় শনিবার সকাল থেকে শুরু হয় উৎসব রাত ১০টা পর্যন্ত বিরামহীনভাবে চলে মেলা খাওয়া দাওয়া ও মনোজ্ঞ সাংস্কৃতিক অনুষ্ঠান,NoAG,0
আওয়ামী লীগ মানেই চোর,AG,1
তোমার পিশলাম কোনো ভালো জিনিস নয় যে তাকে নিয়ে কোনো ভালো মন্তব্য করতে হবে যে ধরণের নোংরা মানসিক রোগ তোমার পিশলাম তার তুলনায় অনেক ভালো মন্তব্য আমি করেছি দ্বিতীয়ত মসজিদের মতো নোংরা জিহাদি তৈরী করার আস্তানা পৃথিবীতে থাকাই উচিত নয় পৃথিবীর প্রত্যেকটি মসজিদকে পাবলিক টয়লেটে পরিণত করা উচিৎ,AG,1
১৬ কোটি মানুষের ১৬ কোটি মস্তিষ্কের সমন্বিত ক্ষমতা কী ভয়াবহ শক্তিধর  সেই বিষয়টা আমরা বুঝতে পারি না বুঝতে পারি না দেখেই আমাদের কিছু মস্তিষ্ক কর্মহীন থাকে কিছু মস্তিষ্ক অপ্রয়োজনীয় তথ্য সংরক্ষণের কাজে ব্যবহার হয় আর কিছু মস্তিষ্ক পরিষ্কার বিভ্রান্তিতে ভুগে এবং যেই মস্তিষ্কগুলো একই সঙ্গে কর্মহীন বিভ্রান্ত এবং অপ্রয়োজনীয় তথ্যে ঠাসা  সেই মস্তিষ্কগুলোকে বাকি মস্তিষ্কগুলো সমাজের এলিট শ্রেণী হিসেবে বিবেচনা করে,NoAG,0
এমন সোনার সংবিধান সংবিধান কার জন্য দেশের নাগরিকের জন্য সরকারদলীয় কুকুরেরা যে দর্শন করতেচে সংবিধানে লেখা আছে লুটপাট দুর্নীতি চাঁদাবাজি এগুলো কি লেখা আছে ভারতের দালালি পাছাটা লেখা আছে,AG,1
আওয়ামিলীগ নামক দলটি অমানুষে ভরপুর,AG,1
মুখে বলবেন মুক্তিযুদ্ধের পক্ষের কথা আর বিয়া করবেন আন্দালিব রহমান পার্থের বোন যারা তারেক জিয়ার সমর্থক মিয়া ধান্দা বাদ দিয়ে ভাল হোন,NoAG,0
ধন্যবাদ আপনাকে বাংলাদেশ ক্রিকেট কে সবার কাছে নতুন করে তুলে ধরার জন্যে নিজেকে এত কষ্ট দিয়েও দলকে এত কিছু দেওয়ার জন্যে আবার ধন্যবাদ,NoAG,0
নোয়াখালীগে ছাত্রলীগ সন্দেহে একটি বাড়ি ঘিরে রেখেছে শিশুরা,NoAG,0
এই দোকান আশা তারা কিনতে তারা কী বিক্রি করছে একমাত্র জায়গা উপর ব্যাংকিং করা হয় ক্যাশিয়ার এ  না শুধুমাত্র নাক উঁচু এবং অকেজো কিন্তু নিচে ডান খারাপ আচরণ করেছে এটা তোলে  আমি জানি ক্রিসমাসের সময় খুচরো কর্মীদের জন্য শক্ত কিন্তু আমি অনেক অন্যান্য খুচরা দোকানে এ আজ ছিল এবং তাদের  ও কর্মচারী অত্যন্ত বন্ধুত্বপূর্ণ ছিল আমি প্রায়  ঘন্টা ব্যয় অ্যাসো যারা খুব বন্ধুত্বপূর্ণ এবং সমস্ত ভাল ছিল না হওয়া পর্যন্ত আমি  সাথে নিবন্ধন পেয়েছিলাম এবং আমি কিছু ক্রয় ছাড়া ওয়াকআউট শেষ পর্যন্ত একটি বিক্রয় এ কথা বলেন আমি তখন আমার গাড়ী কাছে গিয়ে যখন এই  অনেক হরতাল পছন্দসই আইটেম ক্রয় আমি জানি ব্যবসা বছরের এই সময় ভালো এবং হয়ত এই কোম্পানি ব্যবসা সবসময় ভাল কিন্তু পোস্ট অফিসে এবং সিয়ার্স এছাড়াও রাজা ব্যবহার করা হয় আমি পরিস্থিতির সব ঘটনা ব্যাখ্যা হতে পারে কিন্তু আমি যেমন আমি নিশ্চিত এই দোকান সংস্কৃতি  নিশ্চিত এটা কোন পার্থক্য করতে হবে না,NoAG,0
উল্টাপাল্টা করলে এমনই হয়রে পাগলা,NoAG,0
মানুষ বড়ই অদ্ভুত হয়ে যাচ্ছে দিন দিন,NoAG,0
তোর ট্যাব তোর পুঁটকি দিয়া ঢুকামু,AG,1
আর তুই ভার্জিন হয়েই মরবি বাল,AG,1
তোরে পাইলে মাইরা ফালাম মাদারচদ,AG,1
আওয়ামী লীগের এমপি থেকে বিএনপি নেতা,AG,1
ওনার চেহেরাতেই ফুটে উঠেছে উনি সমভ্রান্ত পরিবারের সন্তান এনারা কোন দিন চাকরির কথা চিন্তা করে না উনি নিজে এই ভিডিও আপ দিয়ে বলেছে শুরুটা আমি করে দিলাম বাকিটা আপনাদের দায়িত্ব,NoAG,0
এডমিন শুরুতে আন্তর্জাতিক লিখে নাই দালালির গন্ধ পাচ্ছি,NoAG,0
গাধার বাচ্চা গাধার জাত তোদের আল্লাহ নবী গাধা ছিল তাইতো ওই বিজ্ঞানীর বালচোদা লিখে গেছে,AG,1
আমরা রোববার আউট  চেক করা খোলার পরে মাত্র কয়েক দিন সমস্ত সততা আমি অন্যান্য পর্যালোচনায় অনেক সঙ্গে একমত আছে যদিও তারা নতুন এই জিনিস নির্ধার্য তাই আশা প্রতিক্রিয়া উপযুক্ত শিরা মধ্যে গ্রহণ করা হবে ভবন খুব শান্ত এবং  একটি হাসিখুশি রবিবার সকালে অনলস ছিল সেখানে ওয়েটার একটি প্রাচুর্য ছিল কিন্তু তারা গ্রাহকের একটি বাস্তব ফোকাস ছাড়া বিভ্রান্ত এবং ফ্যানাটিক করা লাগে মেনু খুব সীমাবদ্ধ এবং আমাদের সার্ভার আইটেম অধিকাংশ না খাওয়া ছিল তিনি ব্যাখ্যা করতে সংগ্রাম ছিল আমাদের পানীয় আরো  মিনিট সময় নেয় যদিও আমরা তাদের সমগ্র সময় জন্য বার এ বসে থাকতে দেখলাম পৌঁছা আমাদের পানি শুধু অদৃশ্য হয়ে গিয়েছেন তারপর খাদ্য আমি ভাজাভুজি পনির আদেশ ক বিরল আচরণ এবং যখন আমি এটা অর্ডার আমি এটা ভাল চান এটা তোলে ঠাণ্ডা এবং ভারী রুটি অভিভূত পনির গলানো হয় নি আমি এটা ফেরত পাঠানো এবং তারা শুধু এটি  এবং এটি আনা কিনতে হত আমাদের ছেলে একটি কিডস চীজ বার্গার চেয়েছিলেন ও কর্মচারীদের আসছে পশ্চাতে ছেড়ে দিয়েছে এদিক ওদিক নিশ্চিত না হলে একটি একক বার্গার বা বাচ্চাদের জন্য স্লাইডার ছিল পরে তৃতীয় ব্যক্তি বেরিয়ে আসেন এটা হাস্যরসাত্মক হয়ে ওঠে আমার স্বামী বিভিন্ন অতিরিক্ত  সঙ্গে একটি স্যামন অমলেট আদেশ দেন ডিম বক্স ডিম মত লীঢ় এবং এটি নিষ্প্রভ এবং রূচিকর সুগন্ধহীন ছিল আমরা এমনকি সময় ব্যবস্থাপনার প্রতিক্রিয়া প্রদান করতে লেগেছিল তবে আমরা একটি দুর্বল হাসি এবং পেয়েছিলাম ফিরে আসা এবং আমাদের আবার চেষ্টা করুন সে করে কিছু অধিকার হয় স্বাদ অন্য কিছু  বা ফিরে আসা একটি উদ্দীপক প্রদানের মাধ্যমে কোন প্রচেষ্টা চালায় অত্যধিক রেস্টুরেন্ট শহরে এক যে মাঝারি কম যেতে হবে হয় তরুণ ভিড় বার  এটা দেয় তা ভোগ করতে পারে কিন্তু রবিবার সকাল উপর টেবিল সংখ্যাগরিষ্ঠ পরিবার বা মধ্য বয়স্ক ছিল এবং আমরা অন্যান্য টেবিলে অনুরূপ প্রতিক্রিয়া দেখেছি,NoAG,0
এক্সগার্লফ্রেন্ড উচ্চতর পড়াশোনার জন্যে বিদেশ যাচ্ছে,NoAG,0
আসিফের সবচেয়ে বড় অপরাধ উনি জাতীয়তাবাদী রাজনৈতিক মতাদর্শে বিশ্বাসীসবই রাজনৈতিক প্রতিহিংসা,NoAG,0
এই মেয়ের দোশ আছে,AG,1
নুসরাত ফারিয়া বর্তমান চলচ্চিত্রে সব চেয়ে ফিট নায়িকা রুপ চর্চার পাশাপাশি ফিটনেস দিক থেকেও বেশ সতেচন নিয়মিত জিম করে জিরো ফিগার রাখার চেষ্টা করে যেটা বলিউডের নায়িকারা করে থাকে চলচ্চিত্রে আসার পর থেকে ই খুব অল্প সময়ে দুই বাংলায় আলোচিত সমালোচিত নায়িকা হিসাবে নাম লেখান অল্প ক্যারিয়ারে দুই বাংলার ছবিতে সমান তালে কাজ করতে থাকেন সফলতা ব্যর্থ রয়েছে তার ক্যারিয়ারে দেশি নায়কদের থেকে কলকাতার নায়কদের সাথে বেশি ছবি করছে দেশী নায়কদের মধ্য একমাত্র আরফিন শুভর বিপরীতে তার ছবি মুক্তি পায় সম্প্রতি ঢালিউড কিং শাকিব খানের বিপরীতে শাহেনশাহ ছবিতে চুক্তিবদ্ধ কাজ করছেন এই ছবিতে তার লুক ফিটনেস সবার নজর কেড়েছে যা সত্যি প্রশংসনীয় বিগত ছবিগুলো তে তার ড্রেস নিয়ে ব্যাপক সমালোচিত হয়েছেন সেখান থেকে বের এসে শাহেনশাহ ছবিতে নতুন এক নুসরাত ফারিয়া পাওয়া গেছে আগের নুসরাত ফারিয়া থেকে এই নুসরাত ফারিয়াকে দেখতে ভীষণ ভালো লাগছে আশা করি এই ভাবে সামনের দিনে ড্রেসআপ সচেতন হয়ে নিয়মিত চলচ্চিত্র অভিনয় করবেন অনেক ভালোবাসা নুসরাত ফারিয়া,NoAG,0
মেজাজটা খারাপ হয়ে যায় ভাইসাধারণত আমি কমেন্ট কম করি কিন্ত আজ নিজেকে আটকাতে পারলাম না,NoAG,0
ভালো কাজ করা লোকগুলো কেন যেন পৃথিবীতে বেশি দিন থাকে না,NoAG,0
এরা ডেইট ওভার মালএদের দিয়ে আর ভালো কিছু হবে না ,NoAG,0
তবে এসব কথাগুলো তারা যদি আগএ জানতে পারত তাহলে আগেই বাড়ি ছেড়ে চলে যেতঅরুণকে মরতেও হতো নাসে আজ বেঁচে থাকত হতাশায় ভেঙে পড়লেন অঘোরনাথবাবু আর তার স্ত্রীঘর তাদের খালি হয়ে গেল,NoAG,0
ধন্যবাদ আপনার মহতী প্রচেষ্টার জন্য,NoAG,0
কখনও আবার   আমি এই অবস্থানে বার কয়েক হয়েছে আমার বন্ধুরা এই জায়গা ভালোবাসি এবং আমি সত্যিই এটা পছন্দ অন্তত চেয়েছিলেন কিন্তু এখানে আমি আমার পর্যালোচনা টাইপ এবং আমার ডেস্কে ট্র্যাশ করতে পারেন উপর দ্বিগুণ আবেগ যুদ্ধ বসতে আমি শেষবারের মত আমি এত অসুস্থ অনুভূত মনে করতে পারেন নাগত রাতের ডিনার সম্পর্কে কিছু জিনিস লক্ষণীয়  নেতিবাচক হিসেবে কিন্তু আমি ইতিবাচক যা পর্যালোচনা   তারা থেকে  দিয়ে শুরু করবধণাত্মকআমাদের ওয়েট্রেস খুব বন্ধুত্বপূর্ণ এবং  ছিলনেতিবাচককিন্তু হায় এটা যথেষ্ট ছিল না আমরা   রোলস এবং অনুরোধে বোম্বারদের  উম দুয়েক আদেশ  কিন্তু শট গ্লাস কাচ মাপসই করার পক্ষে অত্যন্ত বড়  যাতে কোন ওয়েট্রেস জিজ্ঞাসা যদি আমরা একযোগে আসা সবকিছু চেয়েছিল অথবা যদি সে তাদের আনা উচিত হিসাবে তারা প্রস্তুত ছিল  আমরা আধুনিক বেছে নেওয়া হয়েছে  আমরা আমাদের  কখনো পেয়েছি এটা  মিনিট লেগেছিল আগে প্রথম রোল বেরিয়ে আসেন কোন ওয়াসাবি বা আদা  সঙ্গে পরবর্তী  রোলস একটি অতিরিক্ত  মিনিট গ্রহণ এবং  র্থ রোল যে পরে  মিনিট সম্পর্কে ছিল  মসলাযুক্ত  রোল   স্পষ্টত পরিণত করেছে এটা খারাপ মাছ যা আমি দুর্ভাগ্যবশত পর্যন্ত এটি ইতিমধ্যে আমার মুখের মধ্যে এটি পথ তৈরি করেছে বুঝতে পারছি না মত গন্ধ পাই  আমি সঙ্গে সঙ্গে অসুস্থ অনুভব করেন এবং অধিকার হয়েছে না তারপর থেকে যার মানে আমি এমনকি  রোল স্বাদ উপভোগ করার কারণ আমি এটা আর বিশ্বাস করা হয়নি পাই নিধণাত্মকতিনি আমাদের বিল  যা মত এটি একটি কোন  হবে বলে মনে হয় বন্ধ  নেন কিন্তু আপনি এই দিন জানি নানেতিবাচকআমাদের খারাপ মাছ ভজনা জন্য কোন ক্ষমা এবং কর্তব্যরত  যা একটি রেস্টুরেন্টে স্ট্যান্ডার্ড অপারেটিং পদ্ধতি হওয়া উচিত কোন স্বীকৃতিএছাড়াও শ্রবণশক্তি কথোপকথনের কোন ধরণের থাকার সহায়ক নয় সঙ্গীত একটি শালীন পর্যায়ে ছিল কিন্তু কিছু কারণে স্থান শুধু সত্যিই অট্ট হয়এবং পরিশেষে এবং এই ব্যক্তিগত পছন্দ ব্যাপার হল আমি আসনবিন্যাস ব্যবস্থা একটি পাখা নই এটি তাই একটি উপায় সেট আপ যে আপনি অন্য পক্ষের সাথে ছেঁড়াখোঁড়া মার্জন এবং তাদের সব  এইড আপ হওয়া এড়াতে করতে অক্ষম ধণাত্মকমুহূর্ত জন্য আমি এখনও বেঁচে আছি যা একটি নেতিবাচক মত ডান এখন মতানুযায়ী কিন্তু আমি যে বমি বমি ভাব এই বর্তমান তরঙ্গ শেষে পড়বে আশা করছি,NoAG,0
ভগবান শ্রীকৃষ্ণ নিজের বোন সুভদ্রার রূপে কামুকী হয়ে অপহরণ করেছিল,AG,1
তোরে বিমানের উপর ফালায়া গোয়া মারা উচিৎ,AG,1
দেউলিয়া প্রতিষ্ঠানকে ঋণ দিয়ে বিপাকে পড়েছে নতুন প্রজন্মের এনআরবি কমার্শিয়াল ব্যাংক এনআরবিসিবি ৬টি ননব্যাংক আর্থিক প্রতিষ্ঠানকে প্রায় ৮৯ কোটি টাকা ঋণ দিয়েছে ব্যাংকটি এর মধ্যে ৪ প্রতিষ্ঠানকে দেয়া প্রায় ৪৫ কোটি টাকাই মন্দমানের খেলাপিতে পরিণত হয়েছে,NoAG,0
গুজবে কান দেয়ার কিছু নাইআমি কোথাও যাচ্ছি না এয়ারপোর্টে মাঝ রাতে ঘুরতে মন চাইলোতাই চলে এসেছি আর কি,NoAG,0
বাইনচোদ কুত্তার বাচ্চা,AG,1
শালার পুতেরে গুয়া মার ওর বউরে গুয়া মারতে হবে,AG,1
রোববার সকাল থেকেই ঢাকার বাতাস ছিল অত্যন্ত অস্বাস্থ্যকর বিশ্বের বায়ুমান পর্যবেক্ষণকারী আন্তর্জাতিক প্রতিষ্ঠান এয়ার ভিজ্যুয়ালের তথ্য অনুযায়ী আজ রাত পৌনে আটটার দিকে বিশ্বের দূষিত বায়ুর শহরের তালিকায় ঢাকার অবস্থান ছিল দ্বিতীয়,NoAG,0
আফসোস এদের এক কুত্তা কুত্তিকেও আমরা মারতে পারলাম না,AG,1
দুইদিনেই রাজাকার হয়ে গেলো আমারে আমির বানাইলে ও দেখা যাবে এই জানোয়ারের বাচ্ছারা আমাকে রাজাকার বলবেআসলে সাংবাদিক আর আওয়ামী লীগ হলো সেলিম ওসমানের ভাষায়,AG,1
আওয়ামী লীগ নিয়ে বাজে কথা বলবেন না কারণ তারা এখন অলি আউলিয়ার পর্যায়ে চলে গেছে,AG,1
হিন্দুদের বেদ ও অন্যান্য ধর্মগ্রন্থে ভুল,AG,1
মুসলিম দের করোনা হয় না কোন বাইনচোদ জানি বলছিলো,NoAG,0
১৫ আগস্ট এত নেতা কোথায় ছিলেন সবাই ভারতে বেশ্যারসাথে হোটেলে অবস্থান করছিল,AG,1
সত্য কথা বললেইত কারন আওয়ামীলীগ আল্লাহকে বিশ্বাস করেনা কি তোরা এ সংসদ সদ্যসের কথা বিশ্বাস করবেসরকার দল দূনীতি করলে ঐ টা হচ্ছে বাতাতাই সাধারণ জনগন বুঝে না,NoAG,0
এই জন্যই তা্হসান এত জনপ্রিয়শিক্ষার গুন উনার কথায় ফুটে উঠে,NoAG,0
ফুটপাতে ঘুমন্ত মানুষগুলোর পাশে চুপি চুপি নতুন কাপড় বা শীতবস্ত্র রেখে যাওয়ার ব্যাপারটা আমাকে সবচেয়ে বেশি আলোড়িত করেছে,NoAG,0
মাশাআল্লাহ এটাতো ২০১৫ সালের ওয়াজ তখন তিনি নতুন করে ওয়াজ করা শুরু করতেছেন,NoAG,0
আমি আর সহ্য করতে পারলাম না অজ্ঞান হয়ে পড়ে গেলাম সেখানেই তারপর কি হলো আর কিছু মনে নেই,NoAG,0
এ মাতারি চুদা খাবি না কি,AG,1
আরে বেটাআমরা তো একাত্ববাদী খোদাকে মানিআর তোরা কৃষ্ণ মিষ্টি মিষ্ট বগমানআরোও তাল গাছ আম গাছ বট গাছ চন্দ্র সৃর্য ইত্যাদি সকলেই মানছ,AG,1
﻿তাদের আচরণ ভাল ছিল  এবং তাদের খাবারও খুব ভাল ছিল  রেশমি কাবাব এবং বারবিকিউ আর ফ্রাইড রাইস সুস্বাদু ছিল  আমরা আবার আগামী সপ্তাহে আসছি,NoAG,0
যতো অসুন্দ ও বেঢক নারী আছে তারা কারো সঙ্গী না হতে পেরেই কিন্তু নারীবাদী হয়ে উঠে৷,AG,1
ওরে মূর্খ হিন্দু বলে কোন ধর্ম নেইএটা বিকৃত ধর্ম যা তোদের মতো মানুষ করেছে,AG,1
কারন হলো ক্ষমতার বাইরে গেলে টাকা কামানো আর দূর্নীতি করা যায় না,AG,1
পুলিশ আজ জোর করে আপনার পকেটে ইয়াবা ঢুকিয়ে দিবে আপনি সাথে সাথে বলে দিবেন “আমার বাড়ি কিন্তু গোপালগঞ্জ ভুল পোস্টে গোল দিসেন বস”,NoAG,0
সূর্য্যকে ম্লাণ করে দিয়ে বৃষ্টি ভেজাচ্ছে জাগতিক নৈসর্গ এই মুহর্ত্তে ঘর থেকে বেড় হওয়া দুস্কর তারপর ও বিরক্তিকর ছুটা ছুটি,NoAG,0
আমি অন্যদের মতো এই জায়গাটি আপনার কেন যেমন একটি ভাল সামগ্রিক পর্যালোচনা আছে হিসেবে লোকসানে আছি বিস্বাদ এবং ভয়াবহ,NoAG,0
তিন বছর আগে হোলি আর্টিজান বেকারিতে জঙ্গি হামলা ও নৃশংস হত্যাযজ্ঞের ঘটনায় করা মামলার রায় আজ বিচার শুরু হওয়ার এক বছরের মাথায় বহুল আলোচিত এই মামলার রায় ঘোষণা করতে যাচ্ছেন ঢাকার সন্ত্রাসবিরোধী বিশেষ ট্রাইব্যুনাল,NoAG,0
বাইনচোদ রা সাহস থাকলে ঢাকার রাজপথে পুলিশ ছাড়া একদিনের জন্য নামদেখ তোদের কি হাল হয়,AG,1
﻿খুব চমৎকার জায়গা খাবার এত সুস্বাদু ও ফ্রেস ছিল  সজ্জা এত সুন্দর  হ্যাঙ্গআউটের জন্য চমৎকার জায়গা ,NoAG,0
মনডায় চাইতাসে মোবাইল বাইব্রেশন কইরা তর পুটকি দিয়ে ডুকাই দেই হ্লা নাটকির বাচ্চা,AG,1
মাথায় কাফন বেঁধে নাও মুসলিম জাতি চলো জিহাদের ময়দানে নারায়ে তাকবির আল্লাহু আকবার,AG,1
চিরচেনা সেই রাত জাগা নির্ঘুম সেই ভোর দেখা সব আগের মতইশুধু কারণগুলোই কেমন যেন বড় অচেনা,NoAG,0
শক্তি আর চাপা দিয়ে শহিদ জিয়াউর রহমান কে বাংলার মানুষের অন্তর থেকে মুছে ফেলতে পারবে না সৈরাচার আওয়ামী লীগ,AG,1
ও যে কাহিনী করছে আমি ওখানে প্রতিযোগি হলে ওখানেই ওরে মারতাম তার পর জেল জরিমানা যা হয় দেখা যেত জাজমেন্ট গীরি আজীবনের জন্য ঘুছায় দিতাম,NoAG,0
ধর্ষন আলীগের পুরানো ঐতিহ্য সেখের আমলে তার ছেলেরা কলেজইউনিভার্সিটির মেয়েদের তুলে নিয়ে ধর্ষন করতো ব্যাংক ডাকাতি করতো আর এখন তা ছাত্রলীগ করছে পুরানো ঐতিহ্য ধরে রাখতে হবে তো,AG,1
হাসিনা আর কত মিথ্যা বলবে,AG,1
তোমার কি অনেক ভয় লাগছে আমার ভীষণ ভয় লাগছে,NoAG,0
মহিলারা বেশি লোভি তাই বুজতে পারে নাই,AG,1
জোস হয়েছে এখন আ লীগ বাদেপুলিশের বিরুদ্ধে রুখে দাড়াতে হবেতা না হলে এসব বর্বর নির্যাতন হত্যাকান্ডহয়রানি হতেই থাকবে,AG,1
মদ খা মদ না হলে তোদের মাথায় বুদ্ধি হবেনা মদ খা,NoAG,0
আর কতো চুদি মুদি খাইবি হালারপু,AG,1
আওয়ামী কুত্তা লীগ এবং আওয়ামী পুলিশ লীগের পতন হবে ইনশাআল্লাহ,AG,1
ইসলাম ধর্মে নারীদের নিকৃষ্ট জীব হিসেবে মনে করা হয় কাজেই এই ধর্ম আমার জন্য নয় হতে পারে এই ধর্ম আপনার মা বোনের জন্য,AG,1
ও আমার ‘রাশিয়া’ বন্ধুরে,NoAG,0
হে আল্লাহ বর্তমানে সৌদি রাজ পরিবার কে ঈমান দাও,NoAG,0
পাকিস্তানি সংবাদমাধ্যম জানিয়েছে লাহোরে বাংলাদেশ দলকে নিরাপত্তা দিতে মোতায়েন করা হবে ১০ হাজার পুলিশ বিসিবি সভাপতি জানিয়েছেন শুধু পাকিস্তানি নিরাপত্তাবাহিনী নয় বাংলাদেশের দুটি গোয়েন্দা সংস্থার সদস্যরাও দলের সঙ্গে থাকবেন,NoAG,0
জামাত ছাড়া বি এনপি ফলহীন বৃক্ষের মতো,AG,1
বিএনপির এজেন্ট হলেই তো তাকে আওমীলীগের পোলাপান নির্যাতন করে  আর বিএনপিকে তো কোনো নির্বাচন প্রচার প্রচারনা করতে দেওয়াই হয়না,AG,1
আমি থাকবো না হয়তো চলে যাবো ঐ দূর ঠিকানায় তুমি ডাকলেও আর আমি আসবোনা তখন আমার ঠিকানা হবে ছোট্ট একটা ঘর ঘুমিয়ে থাকবো একা নিরবে,NoAG,0
বন্ধু তুমি শুধু খালি খানকির পুলা না এতো বকুন চুদাই তুমি শুধরাইলানা,AG,1
মাদারচোদ তুই একটা জংগ্গী তোদের ধর্মে তোদের জংগ্গী শিক্ষা দে,AG,1
 বা আশির দশকে যারা আমরা জন্মেছিযা খেয়েছিযা দেখেছিযা শুনেছিযা অনুদাবন করেছি যে আবেগ ভালোবাসা আমরা পেয়েছি ইতিহাসে তা কখনো আর কেউ পাবে না,NoAG,0
আমি জে আয়াত গুলি দিএছি আগে তার উঃ দিন সূর্য্য কি করে প্রদিপ হয় 😀এইটা বিজ্ঞানীদের কাছে কিয়ে বলবেন সূর্য্য হোলো প্রদীপ ভূমি হোলো বিছানা 😃র্পবতমালা হোলো পেরেক এই পেরেকের জন্য পৃথিবী হেলে পরেনা 😁😁😁😄 জাও ভাই আপনার মিথ্যা কালনিক র্ধম নিএ সংশার করুন কারন আপনারা মিথ্যা কে সত্য বলে মনে করেন,AG,1
অই মাগীর ঘরের মাগী বাইর হ নইলে দরজা ভাইঙ্গা কেমনে বাইর করি তরে দেখ সারাদিন এই পাড়া ওই পাড়া ঘুইরা তোর মন বরে না এহন তুই রাইতের বেলাও নষ্টামি শুরু করছস ,NoAG,0
কিন্তু হিন্দু ধর্মে অনেক দেবতা মায়ের সাথে সম্পর্ক করেছে কেন আগে নিজের ধর্মের ছিঃ ছিঃ আটকানপরে রক্তের সম্পর্কের তফাৎ বুঝবেন,AG,1
নিহতদের আত্নার মাগফেরাত কামনা করছি আহতদের সুস্থতা কামনা করছি,NoAG,0
ভাই এতো সুন্দর গানটারে তোমরা খুব বাজে করে গাইলাবালাম ভাই তোমার গাওয়াতে কোন দরোত পাইলাম নাতাহাসান ভাইরে গাইতে দিলা নাআর আদিত তো গানটারে নস্টো করছেতোমারা আমার খুব প্রিয় তাই বল্লাম,NoAG,0
এইটা আজ দুপুরে দেখছি ভাল করছে কিন্তু কোন লাভ নাই ,NoAG,0
বডি ভালো ঠিকাছেতাই বলে বেশিরভাগ সময় খালি গায়ে থাকা লাগবেএটা কি ধরনের অসভ্যতা😑,NoAG,0
কিরে মাদার ফাকারতুই নাস্তিক সেটা তোর আর তো বউ এর হোগার ভিতর ভইরা রাখ,AG,1
আজ মাইডেতে যার নামে এত গুনগানক্যাম্পাসে এতদিন গালিসহ তার গোষ্ঠী উদ্ধার করতে দেখছি,NoAG,0
কাদের খামা খামি কয় নাই বিএনপি মাজা বাংগা দল,AG,1
এই একটা গাধার বাচ্চা পাওয়া গেসে এই সব আবালদের জন্য আজকে দেশের এই অবস্থা এদের মত মন মানষিকতার দেশ থেকে অবাঞ্ছিত করা হোক,NoAG,0
আমি কাল চলে যাব বলে দুই বান্দা ট্রেন থেকে নেমে ডিরেক্ট আসছে আমার সাথে দেখা করতে😍😍 এত ভালবাসা কই যে রাখি🙄🙄 নতুন নামের আকিকাও দেয়া হয়ে গেল😁😁,NoAG,0
মাদারচোদ একটা তোর খাই না তোর পরি,AG,1
পূলিশের মারে ছোদি,AG,1
বন্ধু ইমরানের চৌদ্দ্যগুষ্টি উদ্ধার করতে লাগলাম বার বার ঘড়ি দেখতে ছিলাম সেকেন্ডের কাটা গুলি যেন ঘন্টার কাঠা হয়ে গেল সময় কাটতে চাইছিল না,NoAG,0
তর কোন যোগ্যতা ই নাইমূসলিমদের সাথে কথা বলারতুই এতোটাই কুলাংগার বেজন্মা মালাউনের বেজন্মা বাচ্চা,AG,1
কুত্তার বাচ্ছা পুতুল পূজা করিস তোরা হিন্দুধর্মের লুকেরা,AG,1
ওয়াও এত অসাধারণ মুভি এগুলা সিনেপ্লেক্স এ শো করেনা কেনো,NoAG,0
লক্ষ করে দেখেছি আমি যখন কোন কাজে ব্যাস্ত থাকি ঠিক তখনই হয় কলিংবেল নয় ত টেলিফোন বাঁজতে থাকেসেই শব্দে কিন্ত আর কাউকে ব্যাস্ত হতে দেখা যায় না,NoAG,0
অাসলেই ছোটখাটো দিকগুলোতে যদি একটু নজর দি তাহলেই অামরা সুস্থ থাকতে পারি,NoAG,0
এই মহিলাটা খুব লোভী	,AG,1
﻿আমরা কিছু বিশেষ মুহুর্ত  রোমান্টিক মুহূর্ত  কাটিয়েছি সেখানে ,NoAG,0
হিন্দু ধর্মটি দেব দেবীদের অসংখ্য নগ্নতা আর ব্যাভিচারে ভরপুর  আর তাদের ইবাদত বা উপাশনা হোল নরবলি  দেব দেবিকে খুশিকরতে অঙ্গ বা রক্ত অর্পন করা  ধর্মীয় যজ্ঞ বা উপাশনার নামে পৈশাচিক বিকৃত সব আচার অনুষ্ঠান এবং বিকৃত যৌনাচার ,AG,1
ওরে সাগর এই শুয়োরের বাচ্চাটাকে তোর ঢেউ দিয়ে মেরে দে,AG,1
এসব গুজব ভাই কেউ প্লিজ গুজবে কান দিবেন না ,NoAG,0
আমি ইতিহাসে এম এ পাশ মহানবী হজরত মহাম্মদ নিজেই ছিলেন মহাচোদনবাজ আল্লাহ নিজেই বড় শয়তান ও ধর্ষকদের মহাগুরু  প্রমানিত জয় শ্রী রাম,AG,1
তেত্রিশ কোটি দেবতারা নাকি গরুর ভিতরে😆,AG,1
এমন বেহাইয়া সরকার আওয়ামিলীগ,AG,1
ভালবাসা সপ্নের এক ঠিকানা যার খোজ পাওয়া সহজ কিন্তু সঠিক মনের মানুষ পাওয়া কঠিন ভাল তো সবাই বাসতে পারে কিন্তু ভালবাসা কি সবাই বুঝতে পারে,NoAG,0
এই একটি গে অবলম্বন জন্য একটি দু খিত অজুহাত পাম স্প্রিংস একটি বেহাল সংস্করণ মত সাজান আমরা জেন ইয়ার্ড আপ মেরিল্যান্ড এভিনিউতে একটি উন্নততর আশেপাশে অনেক অমায়িক অভিজ্ঞতা হিসাবে ভাল পাওয়া যায় নি জেন ইয়ার্ড বিশেষ করে যুক্তিসংগত বন্ধঋতু হার এবং হোস্ট যারা তাদের গেস্ট সিস্টেমের জন্য আসলে আছে উল্লেখ না পাশাপাশি পূর্ণ রিসর্ট অন্তর্ভুক্ত উষ্ণ সহায়ক হোস্ট সঙ্গে একটি অনেক ভালো মান হয়,NoAG,0
বেদ লাথি মারলে কোরানেও লাথি পড়বে,AG,1
কিছু নেগেটিভ বিষয় ও লক্ষ্য করলামযা আসলেই ইসলামী জীবনব্যবস্থার বিপরীত,NoAG,0
আজ থেকে চিনি খাব না৫ তলা থেকে উঠতে নামতে সিড়ি ইউজ করব ইনশা আল্লাহ,NoAG,0
আজকে থেকে প্রতিজ্ঞা রক্ষা করার চেষ্টা করবএই অভ্যাসটাই হোক আমাদের আগে,NoAG,0
এই আওয়ামিলীগ চোরের দল দেশ টা শেস করে দিলো,AG,1
মাগীর দালাল নাকি রে প্রতিমাসে কতজনে হোগা মারে তরে সেটা দেখস নি,AG,1
তুই শালা নাস্তিক হিন্দু,AG,1
এই কোম্পানী সম্পর্কে সবকিছু  ওয়ালমার্ট ভয়ঙ্করভাবে তাদের গ্রাহকদের এবং কর্মীদের একইরূপে আমি ভয়ঙ্করভাবে মানে তারা সম্প্রদায়ের যা তারা বসতে ধ্বংস কম দামের  আমি কাজ করছি কখনো এখানে কেনাকাটা আবার আমি কেয়ার করি না কিভাবে সস্তা কিছু হতে পারে একটি উচ্চ মূল্য আছে ,NoAG,0
স্বামীর কারনে প্রবাসে | আল্লাহ তুমি বিচার কইরো চারটা নারির জিবন নষ্ট করলো আমার স্বামী,AG,1
জয় কুত্তা শ্রী রামের মারে চুদি,AG,1
কোবির গরীবি কথা,NoAG,0
এই মর্মান্তিক সড়ক দুর্ঘটনায় আমাদের নিষ্পাপ একজন সহকর্মী প্রান হারায়,NoAG,0
এখন কার আওযামিলীগ অনেক বেশকম আছেএখন দেশে মানুষ আওযামিলীগ করে নাআর যারা আওযামিলীগ করে তারা ভাল মানুষ নয এখন আওযামিলীগ করে চোর বাট পার,AG,1
আমার ভাগ্যে একটি ছোট শেল ছিল যা আমি আউট করেছি,NoAG,0
বিশ্বে প্রথমবারের মতো পুরুষদের জন্য জন্মনিরোধক ইনজেকশনের সফল পরীক্ষা চালিয়েছে ভারত,NoAG,0
ধোন কাঁটা হলো একটা উপকার যাদের ধোন উচু কোটির বড়ো জাঙ্গিয়া তে ধরেনা তাঁদের মুসলিম ধোন কেটে দাও জয় বিষ্ণুমাতা ,AG,1
মুসলিমদের হাত থেকে ভারতকে বাচাতে দেশকে এখনই হিন্দুস্তান করতে হবে,AG,1
এই  পার্লার  এর  মহিলা  গুলা  ১নং   ডাকাত  কারণ  এরা  সব  সেবার  এতো   প্রাইস  রাখে  তা  বলার  মতো  না উচিত  হয় নি   এই  মহিলাকে  রোডে  এই  ভাবে  অপমান  করা ,NoAG,0
এই জানোয়ারগুলোকে গ্রেফতার করে কেটে টুকরো টুকরো করে যদি কুকুর শিয়াল কে খাওয়ানো হয় তাহলে আশা করি ভবিষ্যতে এ ধরনের অপরাধ কেউ করার সাহস পাবে না,AG,1
ফাঁসি  চাই  কুত্তার  বাচ্চাদের সবার সামনে ফাঁসি দিয়ে মারা উচিত,AG,1
দালাল কোথাকার তর য দি লজ্জা থা কে ঐক্যের বেপা রে একটা কথা বল বি না ,AG,1
পড়ালেখার পাশাপাশি প্রেম করা ভালো,NoAG,0
পরিবেশ চমৎকার ছিল কিন্তু সেবা টাই মহান ছিল না,NoAG,0
আরে ভাই আওমীলীগ বাশঁ ছারা অচল তারা বাশঁ নিয়েইত বেচে আছে,AG,1
হলদে বাতাসে ওড়ে খসে পড়া পাখির পালক স্মৃতি জাল হাতড়ে মরে কোন এক বিষণ্ণ বালক আজ সে কোথায় আছে কোথা সে রঙের শহর সেখানে কী গাঢ় রাত হয় নেমে আসে কাকভোর,NoAG,0
মাহি ও বি চৌধুরী কাদাপানিতে আটকে গেছেন ,AG,1
আপনি বোধ করি আমার কথার মর্মার্থ ধরতে পারেন নিযাই হোক ওটা নির্বুদ্ধিতার পরিচয় আপনি এদেশে সংখ্যা লঘু দের ওপর অত্যাচার এর কিছু তথ্য প্রামাণ্যচিত্র দেখলেই জানতে পারবেন,NoAG,0
আওয়ামি লিগ খুনি মির জাফর তারাই বঙ্গবন্ধুকে মেরেছেএখন দোষ দিচ্ছে জিয়ার উপর  আর আওয়ামিলিগের দলেই সবচেয়ে বেশি রাজাকার যা  এই প্রকাশ করেছে,AG,1
বান চুদের বাচ্চা খানকির পুতে,AG,1
ওয়াক থু ছিঃছিঃ সরম তোমরা শুধু এই কামটাই ভাল পারো এছাড়া  তোমরা নাস্তীক আবালরা আর কিছু পারোনা,AG,1
মোরারজি দেশাই এর মুখে থু থু ফেলি ঐ শুয়োরের বাচ্চার   জন্য পাকিস্তান আজ পারমাণবিক শক্তির আধিকারী   ,NoAG,0
খানকিরপোলা মূর্খচোদা তুই অামার হেডার যুদ্ধা,AG,1
চীনের হুবেই প্রদেশের রাজধানী উহানে করোনাভাইরাসের প্রাদুর্ভাবের খবর সংগ্রহ করা হচ্ছিল করোনার প্রাদুর্ভাবের সময় একজন চিকিৎসক অন্যদের সতর্ক করার চেষ্টা করছিলেন কিন্তু সে সময় পুলিশ তাঁকে দমিয়ে দেয় এক মাস পরে সেই চিকিৎসকই সবার কাছে হিরো হয়ে ওঠেন,NoAG,0
কার বিচার কে করবে এমপি মন্ত্রী সাংবাদিক প্রশাসনের কর্মকর্তারা সবাই দোষী,AG,1
প্রায় ৪ বছর আগে মাস্টার্সের সার্টিফিকেটের জন্য আবেদন করেছিলাম ঐ সময় সিন্ডিকেট মিটিং না হওয়ায় সার্টিফিকেট হাতে পাই নি তারপর বাইরে চলে আসা কেউ কি এই সার্টিফিকেট টা তুলে দিতে সাহায্য করতে পারবেন হার্ড কপির প্রয়োজন নেই আপাতত একটা ছবি হলেই চলবে,NoAG,0
এটি এক ব্রুকলিনের সর্বাধিক উৎকৃষ্ট রেস্তোরাঁ,NoAG,0
হোগার পোলার পাছার মধ্যে বড়শি ডোকাইয়া তিমি মাছের আদার হিসেবে ব্যবহার করা উচিত,AG,1
সাকিব আল হাসান চুরি করার মানসিকতার কারনে আই সি সি তাকে দুই বছর নিষিদ্ধ করেছে না হলে জুয়াড়ির ইনফরমেশন সে কেন লুকিয়েছিল শালা চোর,NoAG,0
নোবেল মানষিক ভারসাম্যহীন হয়ে গেছে তাকে পাবনায় পাঠানো হোক,NoAG,0
আর তোরা সবকে সব চিতার দাউ দাউ আগুন জলবি  আমি গর্বিত যে আমি একজন মুসলিম মা এর গর্ভে জন্ম গ্রহণ করেছি,AG,1
আগে ছিল কাফের লীগ আর এখন হল রাজাকার লীগ,AG,1
তার কথার চেয়ে  আপনাদের কিছু মানুষের কমেন্ট বেশি জঘন্য সেই আপনারাই আবার অন্যজনকে খারাপ বলেন আগে তো নিজেকে ভাল দেখান তার পর না হয় অন্য জনের ভুল ধরেন,NoAG,0
আমি এর আগে এই রাস্তা দিয়ে আর যাওয়া আসা করি নাই রাত্রি বেলা আমি রাস্তা দিয়ে ভয়ে ভয়ে এগুচ্ছি,NoAG,0
তুই মিরপুরে বস্তির আগুনে পুইড়া মরলিনা ক্যান হেডারপুত,AG,1
কত এমপিমন্ত্রী যে ওরে ছি ছি ছি নারীর জাতির কলঙ্ক,AG,1
আপনি যদি ব্র্যান্ড ম্যানেজমেন্ট সেক্টরে কাজ করে থাকেন তাহলে নিশ্চয়ই ‘ব্রুজো’ শব্দটি শুনে থাকবেন স্প্যানিশ ভাষায় ‘ব্রুজো’ শব্দের মাধ্যমে উইচ ডাক্তারদের বোঝানো হতো যাদের আরেক নাম শামান তাহলে ‘’ শব্দ দিয়ে কী বোঝানো হয় একটি ব্র্যান্ডের ডাক্তার বা একজন শামান যে কিনা ব্র্যান্ডের সব ভালো দিকগুলোর দাবিদার বাংলাদেশি ব্র্যান্ড জগতে এমনই একজন মাস্টারমাইন্ড ইশরাক ঢালি,NoAG,0
এদেশে ধর্ষণ বৃদ্ধির প্রধান কারন হিন্দু,AG,1
তোর ভোদাটা আমি কেটে মা কালীর গুদে ঢুকায় দিমু,AG,1
পুজার পর ওদের মা হয়ে যায় ঝন্জাল,AG,1
﻿ফাল্টু হোম ডেলিভারি সিস্টেম অর্ডার করলে ঠিকানা চিনি না এখানে না ওখানে না বেশি দূর  খারাপ সেবা,NoAG,0
চিত্রজগতের তিন নায়িকা আঁচল আঁখি বিপাশা কবির ও রোমানা নীড় এবার তাঁদের নামের আগে যুক্ত হচ্ছে নতুন পরিচয় উদ্যোক্তা,NoAG,0
আগে দেখতাম ভিআইপি গাড়ির পেছন পেছন গিয়ে সাধারণ মানুষরা সিগনাল পার হওয়ার চান্স নিতো কিন্তু দিনতো দেখি বদলায়া গেছে এখানে দেখি সাইকেলের পিছনে লুকিয়ে চান্স নেয়ার চেষ্টা করছে ভিআইপি কার,NoAG,0
এমন একটা পাইলে এক কম করে হলেও এক রাতে চারটি সট দিতাম ,AG,1
একদিকে চিল্লাবে যে নাস্তিকের কেন ইসলাম নিয়ে এত চুলকানি অন্যদিকে সারাদিন এরা নারীবাদীসেকুলারদের নিয়ে পড়ে থাকবেওদের ভুল খুজতে থাকবে সেকুলারদের পোস্ট রিপোর্ট করে নামিয়ে দিবে,AG,1
যদি আইনের সঠিক প্রয়োগ হয় তাহলে এই আইন ১০০ সমর্থন করি তবে আমাদের দেশের প্রেক্ষাপট চিন্তা করলে অপপ্রয়োগ হওয়ার ঝুকিটাই বেসি দেখা যায়,NoAG,0
সবচাইতে বাজে ফলাফলের জন্য নিজেকে মানসিকভাবে তৈরী রাখার পাশাপাশি সবচাইতে ভাল ফলাফলের জন্যে আপ্রাণ চেষ্টা করে যাওয়াটাই সত্যিকারের প্রস্তুতি,NoAG,0
নোবীচি হেফাজত করতে পারলো না  কি  এর নোবী,AG,1
অত্যন্ত আশাব্যঞ্জক খবর হলো এই প্রবণতা এখন কাটতে শুরু করেছে বেসরকারি উদ্যোগে রাজধানীর কয়েকটি হাসপাতালে নারীর স্বাভাবিক প্রসবের হার বাড়ছে দেখা গেছে এ বছর এসব হাসপাতালে ১০০ জনের মধ্যে ৬৫ জন গর্ভবতী মায়ের স্বাভাবিক প্রসব করানো হয়েছে,NoAG,0
তুই মরলে আমি মসজিদে দশ টাকা দিমু,AG,1
আসলে ২৩ জন মিলে কোথাও ঘুরতে গেলে হয়ত সত্যিকার অবকাশযাপন হয় প্রকৃতিকে আরও নিগুঢ়ভাবে অনুভব করা যায় কিন্তু আনন্দ করতে চাইলে বেশি মানুষের কোন বিকল্প নেই যত হৈ চৈ তত আনন্দ,NoAG,0
আপনাদের মতো মুশরিকদের বিতাড়িত করার যুদ্ধ,AG,1
বাংলায় সাহিত্যিক জন্মালেও সেটা সাহিত্য বা জাতির কল্যাণে জন্মায় না  জন্মায় কিছু সাহিত্যকর্ম রচনা করে এবং অবশেষে মরে যায় কেবল বিসিএস এর কিছু প্রশ্ন হতে  অমুক লেখক জন্মগ্রহণ করেন কত সালে  অমুক লেখকের উল্লেখযোগ্য সাহিত্যকর্ম কোনটি  অমুক লেখক মৃত্যুবরণ করেন কত সালে প্রমথ চৌধুরী বলেছিলেন যে দেশে গুণীর কদর নাই সেই দেশে গুণী জন্মায় না প্রমথ চৌধুরী এই যুগে থাকলে বলতেন যেই দেশে গুণীর পরিচয় কেবলমাত্র কিছু সংখ্যা দিয়ে সেই দেশে গুণী জন্মায় না বিস্তারিত দেখুন প্রথম কমেন্টে,NoAG,0
পরিস্থিতি নিয়ন্ত্রনের বাহিরে হয় এখনো কোন মন্ত্রী এমপি ডেংগুতে মারা যাওয়ার সংবাদ পাওয়া যায় নাই অধীর আগ্রহে এমন নিউজের অপেক্ষা করছি৷ এই দেশে আমজনতা লাখে লাখে মরলেও পরিস্থিতি নিয়ন্ত্রণে থাকে,NoAG,0
তুই আগে প্রমাণ করখ্রীষ্টান সত্য ধর্ম শালী বস্তি ঈসা নবী ইসলাম প্রচার করতে আসছেআর জানোয়ার খ্রীষ্টানের দল তার ধর্ম আর কিতাব দুইটারেই পরিবর্তঅন করে ফেলসে,AG,1
আমি বোবা না তাও আমার ফলোয়ার নাই,NoAG,0
পিছের বিল্ডিংটা তোর পুট্কি দিয়া হান্দাইতে পারলে শান্তি পাইতামরে,AG,1
সৈনিকটির মুখে সব কথা শােনার পর সারা গ্রামে আতঙ্ক ছড়িয়ে পড়ল এমন কি দিনের বেলাতেও আর কোন সাহসী লােক ঐ বাড়ির দিকে পা বাড়াতাে না,NoAG,0
সরকার এর কি কোনো লজ্জা নাই ছাত্রলীগ আব্রার কে হত্যা করলো আর আওয়ামীলীগ অন্য দলের নেতাদের আবরার এর বাসায় যেতে দিলো না এটা একদম বেশি বেশি হইয়েগেসে লজ্জাজনক,AG,1
আমাদের এলাকায় অথচ এই পাতা সম্পর্কে আমিই জানিনা দেখি এবার বাড়িগিয়ে খোজ নিতে হবে,NoAG,0
মজুদ না করার জন্য বলতে গেলে মারতে আসে  গুটিকয়েক ছাড়া বাকি মানুষদের থেকে ভালো কিছু আশা করা যায় নাভাই,NoAG,0
ওরা বাংলায়য় কথা বলে আর আমাদের দেশের বিশ্ববিদ্যালয় এর উপাচার্য গুলো বক্তৃতা দে ইংরেজি তে😰😰😰😰,NoAG,0
আজকের ছাত্রলীগ মুজিব পুত্র ধর্ষক শেখ কামালের উত্তরসূরী,AG,1
বুঝলাম না এইরকম একটা  এ  আসে কি করেআফসোস😔  তামাশার  রা এখন ও শিক্ষিত আর অশিক্ষিত এর মধ্যে পার্থক্য খুঁজে পেল না,NoAG,0
২০১৪ সালে অনুষ্ঠিত রিয়েলিটি শো ‘ফেয়ার অ্যান্ড হ্যান্ডসাম’ প্রতিযোগিতার প্রথম রানারআপ রিয়াদ রায়হান হচ্ছেন কবরীর নতুন সিনেমার নায়ক,NoAG,0
মাদারী রে কী তুই মারতে পারছ না,AG,1
জীবন্ত লাশ হয়ে অনেক বেশিদিন বাঁচতে পারে না,NoAG,0
তরা হলি জারজ সন্তানের দল ভারত যদি মাত্র একবারের জন্য আমার হাতে চলে আসে আমি তদের মত হিন্দুদেরকে লিংগতে লাথি মেরে শিব রাম এদের ভুত ছাড়াতামশালা বেঈমান অশান্তির সিস্টকারি তরাগরুর মুতখোর,AG,1
হিন্দু মানেইতো পুতুল কে পূজা করে,AG,1
বেয়াদব হিন্দুর বাচ্চা নিজেকে হিন্দু বলে পরিচয় দিতে লজ্জা পাস,AG,1
ভারতের নয়াদিল্লিতে ঘটে যাওয়া সহিংসতা এবং দেশের ধর্মনিরপেক্ষ চরিত্র বদলে দেওয়ার প্রয়াস সম্পর্কে খ্যাতিমান লেখক ও সাম্রাজ্যবাদের কঠোর সমালোচক অরুন্ধতী রায় বলেছেন ‘এটি আমাদের সংস্করণের করোনাভাইরাস আমরা সবাই অসুস্থ,NoAG,0
লোকটা বলল ধুরো মরা তাতে আমি কী করমু ঘাটে ঘুমাইয়া পড়েন সকালে যাইয়েন,NoAG,0
আমরা দিরিলিস প্রেমী দীর্ঘ ১সিজন থেকে দেখা শুরু করে ২সিজন এ এসে থেমে আছিআপনারা দিরিলিস রাত প্রচার করতে না পারলে দিনে করুণ দিনে না পারলে সন্ধ্যায়,NoAG,0
বাপ মেয়ে মা ছেলে এক সাথে এই গুলোর পুজো করে হায়্য রে কি ধর্ম ওদের  শয়তানের কার খানা,AG,1
আমি তিনটি পিজা  অবস্থানে চলেছি এবং আপনার ডিভাইসে এক একেবারে উড়িয়ে  কারন একটি রাজধানী এস আমি সার্ভিস আগের দিন তৈরি রিজার্ভেশন আউট লাঞ্চ একটি খুব বড় গ্রুপ আমন্ত্রণ জানিয়েছে ওয়েট্রেস অভদ্র অভদ্র অভদ্র এবং সম্পূর্ণরূপে অযোগ্য ছিলেন যখন কেউ জিজ্ঞাসা কত বড় টুকরা ছিল সে নিয়মিত উত্তর আমরা তার উপহাস বা হাসা জন্য অপেক্ষা রাখা কিন্তু সে কখনো করিনি এটা নিষ্কাশিত নিয়মিত ছিল তার উত্তর সমস্তকিছু ঠিকঠাক আমাদের সম্পর্কে  আমরা এখন ব্যবহার নিয়মিত অফিসে কোনো ঘরোয়া উপহাস করে তিনি আমাদের চেক জন্য অন্তত একটি ঘন্টা এবং একটি অর্ধ অপেক্ষা কখনো রাখা এবং মূলত সমগ্র খাবার সময় একটি মরীচিকা ছিল খারাপ সেবাযদিও আমি সম্মত এটি  বিবেচিত হতে পারে খাদ্য ভাল ছিল কিন্তু যে সম্পূর্ণরূপে ভয়ঙ্কর পরিষেবা দ্বারা ঢেকে দিল করা হয়,NoAG,0
﻿সাশ্রয়ী মূল্যের খাদ্য মূল্যের সাথে চমৎকার জায়গা  সত্যিই খুব ভালো সার্ভিস দিয়েছে  আমি এটা খুব পছন্দ করেছি,NoAG,0
ছাএলীগ কোন নাম নয় একটা গালির নাম😆😆😆আরে ইলিয়াস ভাই কি বললো রে সেই হইছে,AG,1
এগুলা ঠিক না নিজের প্রচারের জন্য অন্যের নাম বিকৃতি করা,NoAG,0
আপনার মা কালী ছাগলের চোদন থেকে নিজেকে বাঁচাতে পারে না 😁😂,AG,1
সালাম ভাই তোকে খাটি সত্য কথা বলছিস ভাই তোর মত হিরো আলম প্রতিটা ঘরে ঘরে দরকার সেলুট ভাই তোকে,NoAG,0
বিচার ব্যবস্থা সবার জন্য সমান হওয়া উচিত কারো বিচার হবে আর কিছু মানুষ দিনের পর দিন অপরাধ করে পার পেয়ে যাবে এ কেমন বিচার ভাই,NoAG,0
একজন সাংবাদিক অন্যায় করলে অন্যরা তার দায় নেন না একজন জজ দোষ করলে তার দায় সকর্মীরা নেন না একজন পুলিশ অপরাধ করলে তার দায় ডিপার্টমেন্ট নেয় না তাহলে বিএমএ কেন কিছু ডাক্তারের অপরাধের দায় নিচ্ছে অপরাধীর সাথে যোগ দিয়েছে,NoAG,0
চমকে উঠলাম আমি নিচতলার সদর দরজাটা খুলে ফেলেছে কেউ মরচে ধরেছে কলকব্জায় যতই আস্তেই খোলা হোক না কেন আওয়াজ পাওয়া যাবেই,NoAG,0
এই সহরে কৃষ্ণচূড়া ফোটে ড্রেনের জলে ভেসে যায় আমি জানি তোমার এ শহর আমার জন্যে নয়,NoAG,0
পারিবারিক শিক্ষার অভাবে এমন ধরনের পশুর জন্ম হচ্ছে,NoAG,0
আওয়ামীলীগ মানে ভারতের পা চাটা গোলাম,AG,1
পিঁয়াজের মূল্য ২০০২৫০ টাকা কেজি এই হঠাৎ মূল্যবৃদ্ধির একটি কারণ হলো ভারত আমাদের দেশে পিয়াজ রপ্তানি বন্ধ করে দিয়েছে আজ যদি ভারত চাল রপ্তানি বন্ধ করে তাহলে চালের দাম কত হবে একটু ভেবে দেখুন,NoAG,0
একজন তাস্কিন ফ্যান আর আরিফ আর হোসেন ফ্যান এর ঝগড়া,NoAG,0
বিষাদ ছুঁয়েছে আজ মন ভালো নেই মন ভালো নেই ফাঁকা রাস্তা শূন্য বারান্দা সারাদিন ডাকি সাড়া নেই একবার ফিরেও চায় না কেউ পথ ভুলকরে চলে যায় এদিকে আসে না আমি কি সহস্র সহস্র বর্ষ এভাবে তাকিয়ে থাকবো শূন্যতার দিকে,NoAG,0
তোদের পৃজাও বন্ধ রাখা হোক,AG,1
ওর সাদিয়ারে চুদে মেরে ফেলবো আমাকে কী করবে শালা খানকিরপুত ষোয়ারের জন্মা,AG,1
তুই মাইয়া কবেত্তে আগে তো আছিলি হিজরা বাবা তাবিজ্জা,AG,1
হাসিনা বাংলাদেশের রাজনীতি কে এমন নষ্ট করেছে যা বলে শেষ করা যাবে না,AG,1
এমন মায়া কান্না করিস না সালা  মালাউন ,AG,1
তোমার হোগায় অনেক কারেন্ট,AG,1
তুমি বেঁচে থেকো তোমার সকল ভালোলাগার কারণগুলো নিয়ে আমি না হয় বেঁচে থাকবো তোমার সকল অতীতকে আঁকড়ে ধরে,NoAG,0
বাংলাদেশ সরকার ধর্ষকদের কে লাগামহীন ভাবে লালন পালন করছে,AG,1
এই ইলিয়াস বদমাইস বুদ্ধিজীবি হলো কবে  শেখ হাসিনার সমাবেশে বোমা হামলা করে  লোককে বিএনপিরা হত্যা করেছিল সেদিন এই তিন নম্বর শ্রেণী বুদ্ধিজীবি কোথায় ছিল  কৃষককে সার দিতে না পেরে গুলি করে হত্যা করেছিল সেদিন এই তিন নম্বর শ্রেনীর লোক কোথায় ছিল ,AG,1
হায়রে মানুষ শ্রেষ্ঠ জীব হয়েও মুর্তির কাছে মাথা নত করে মুর্তি কখনো নড়বেও না বিশ্বাস না হলে মুর্তির গায়ে একটা তেলাপোকা ছেড়ে দেখ,AG,1
মারে শালারে আমার এলাকায় জদি পাইতাম,AG,1
দুর কুত্তার বাচ্চা নাস্তিকের ঘরের নাস্তিক,AG,1
ধারণক্ষমতা সঙ্গে সঙ্গে চলে গেছে,NoAG,0
বিদ্যার দেবী সরস্বতী এক চোদাতেই গর্ভবতী,AG,1
ইসলামের দৃষ্টিতে মেয়েরা শয়তান কুকুর ও ঘোড়ার সমতুল্য,AG,1
এলিস্টার কুক অবসর নিয়ে ফেলায় বাবুর্চি সংকটে ভুগছে ইংলিশ ক্রিকেট দল,NoAG,0
আমি জার্মান খাদ্য ভালোবাসি এবং যতদূর খাবারের  পয়েন্ট যাচ্ছিলেন তখন লোকেরা কিছু ভাল  ছিল  শুধুমাত্র  কারনেই আমি রেস্টুরেন্টে দিচ্ছি এক দুইটি তারকা পরিবর্তে খাদ্য তাদের  খুব ভাল ছিল এবং লাল বাঁধাকপি এবং  ছিল চমৎকার কিন্তু খাদ্য মান খারাপ সেবা দ্বারা অল্পাহার ছিল এটা খারাপ যথেষ্ট যে আমি ফিরে না হবে এবং অবশ্যই অন্য কাউকে এটা না করার পরামর্শ দিচ্ছি ছিল এমনকি একটি চিহ্ন বলছে আপনার নিজের সীট  অন্যদের উল্লিখিত আছে কোন এক অভিবাদন অথবা আমাদের সীট ছিল আমাদের ওয়েট্রেস আমাদের টেবিল থেকে এটি তৈরি করতে আমাদের ড্রিংক অর্ডার গ্রহণ করা একটি দীর্ঘ সময় গ্রহণ এবং যখন সে সে কিছু সম্পর্কে অভিযোগ করা হয় এবং করাআউট সাধারণভাবে লাগছিল আমার স্ত্রী একটি বিয়ার আদেশ করেন তখন ওয়েট্রেস তাকে জানান যে কারণ এটি আলতো চাপুন উপলব্ধ ছিল না আরো ব্যয়বহুল হবে এখন যে দরকারী তথ্য হতে পারে কিন্তু যা পদ্ধতিতে সে আমার স্ত্রী বলেন বেপরোয়া বদলে সহায়ক ছিল বিশ্বাস করুন আমরা তার তাই টক করার কোন কারণ দিলেন  তার চাকুরী বা জীবনের সঙ্গে কিনা এটা বলা কঠিন  এটি পরিষ্কার যে এই বিশেষ ওয়েট্রেস পরিষ্কারভাবে অসুখী হন এটা খুব খারাপ সত্যিই কারণ খাদ্য   ভাল ছিল কিন্তু কেন যে কেউ একটি রেস্টুরেন্টে যার শ্রমিকদের পারেন কোথাও না হয় পাওয়া যাবে অথবা দু স্থ খাওয়া করতে চান আমি না,NoAG,0
আমাকে ভুলে যাওয়াটা অস্বাভাবিক কিছু নয় প্রয়োজন ফুরালে মানুষ সৃষ্টিকর্তাকেই ভুলে যায় আর আমি তো অমানুষ,NoAG,0
আমার পরিবারেও আছে একটা ডাইনি	,AG,1
প্রথম ওয়েটার যারা আমাদের পরিবেশন এবং আমাদের বিশেষ বিশেষ গূণ পূরণ করতে অবহেলা করে  আমি যা বেছে নিই হবে এবং আমি তাদের সম্পর্কে জানেন,NoAG,0
তাদের পুরো পরিবার যেনো ভেঙে পড়লো তাঁদের বেঁচে থাকার কারণটাই যেনো তাঁদের চোখের সামনে মারা গেলো আর তারা কিছুই করতে পারলো না,NoAG,0
বিশ্বের দীর্ঘতম সমুদ্র সৈকত কক্সবাজারে ধর্মীয় ভাবগাম্ভীর্য নানা আয়োজন উৎসাহউদ্দীপনার মধ্য দিয়ে সনাতন ধর্মাবলম্বীদের প্রতিমা বিসর্জন সম্পন্ন হয়েছে এই উপলক্ষে সৈকতে নেমেছিল লাখো মানুষের ঢল ছিলেন বিদেশি পর্যটকরাও সনাতন ধর্মাবলম্বীদের প্রধান ধর্মীয় উৎসব দুর্গাপূজা শেষে আজ মঙ্গলবার ছিল প্রতিমা বিসর্জন,NoAG,0
বিনপি যদি আওয়ামী লীগ এর মত একটানা তিন বার খমতাই থাকতো দেশ অনেক খারাপ হত,AG,1
আমার তো ঘৃনা লাগে ইসলাম ধর্মর উপর এক তো ছোট ছেলে মেয়ের ধোন ও ভোদা কেটে দেয় জোর করে তার পর বিয়ে করে আবার বিদেশী মৌলবী দারা হালালাফের আবার জন কে দিযে নিজের মেয়েকে ধানদায় নামিয়ে দেওয় ইত্যাদি ইত্যাদি অনেক ঘটনাজা প্রকাশ করা জায়না,AG,1
নারী লুবী লীগ হাছিনার সোনার ছেলে ৷ মজিবের আদেশ ছেলে৷ ভোট চুর,AG,1
এই সব চুদ মারানির পুতগো আমি পাইলে ওর পুতার বিচি দরজার চিপায় চাপ দিয়া ওরে চোদাইয়া লাইক লাগবো,AG,1
জাকির নায়েক নামি কুত্তার বাচ্চার বক্তব্য কেউ শুনবেন না,AG,1
এ দেশের সবথেকে বড় শত্রু এখন পুলিশ এদেরকে গুন্ডায় পরিণত করেছে বর্তমান সরকার এরা হলো সরকারি গুন্ডা,AG,1
ফ্রেঞ্চ  কিস  ইন  বাংলা  সিনেমা  তাও  আবার  ৯০স  এর  মুভিতে 😳  এইটা  কোন  মুভির  ক্লিপ  ভাই,NoAG,0
বেসিস সফটএক্সপোর অ্যাপে নিবন্ধন করে মেলায় বিনা মূল্যে প্রবেশ করা যাবে প্রথম ২৫ হাজার নিবন্ধনকারী দর্শক পাবেন ২০ টাকার টকটাইম এছাড়া নিবন্ধিতদের জন্য লটারির মাধ্যমে আছে নানা পুরস্কার,NoAG,0
বৌদ্ধ নামটি এসেছে গৌতম বুদ্ধের বুদ্ধ নাম থেকে তাই এটা ভুয়া,AG,1
এভাবেই একটু একটু করে সাহিত্য ধ্বংস হচ্ছে আর ছেলেমেয়েরা বিকৃত সাহিত্যমনা হচ্ছে,NoAG,0
কারন এরপর দিন আমার জীবনে যে ভয়াবহ ঘটনাটা ঘটে ছিল তা হয়ত আমার প্রানটাই কেড়ে নিত আর ছিন্ন ভিন্ন করে দিত আমার এই দেহ,NoAG,0
লিখার সাথে পেইজের নামের কোন সাদৃশ্য নেই অনেক দিন থেকেই বাংলাদেশিজম কে ফলো করি বাট ইদানিং এখানে রাজনৈতিক সম্পৃক্ততা মূলক লিখা হচ্ছে ক্ষমতাশীন দলের অনুগ্রহ পাবার একটা চেষ্টা করা হচ্ছে এটা এই নামের পেইজের সাথে যথেষ্ঠ বেমানান,NoAG,0
আজ সতীদাহ বাদ যাচ্ছে কাল দেখা যাবে মুর্তি পুজা বাদ দিবে,AG,1
জানোয়ার বাইবেলের প্রথম পেইজ শুরু হইসে আবাল চোদা কাহিনী দিয়া পুরা বাইবেল জুড়ে আবালচোদা কাহিনি,AG,1
তুমি একটা বাল খানকির পোলামাদারচোদ,AG,1
এখানে খাওয়াবেন না যদি না আপনি থাই খাবারের জন্য ক্ষুধার্ত থাকেন এবং আপনি পরের দরজায় কাজ করেন,NoAG,0
ওনি তো চোরওনি তো এতিমের টাকা লুটপাট করে খেয়েছে তাহলে রিমঝিম বৃষ্টির মাঝে আইন শৃংখলাবাহিনী এভাবে  জোরে দৌড় দিয়ে তার মাথার উপরে ছাতা ধরার মানে কি  ওনাকে এক নজর দেখার জন্য হাসপাতালের নার্স ডাক্তাররোগী সাধারন মানুষ কেন জানালার কাছে এসে দাঁড়িয়ে আছে  বেগম জিয়ার প্রতি সাধারন মানুষের ভালবাসা পরিমাপ করতে টাকা খরচ করত হয়না অল্পতেই বোঝা যায়,NoAG,0
যদি জামাত ছাড়ে তাহলে বিএনপি মাঠে পাওয়া যাবে না আর জামাত বরশা করে আল্লাহর উপর জামাত থাকবে ইনশো আল্লাহ,AG,1
মিথ্যা ঘোষণা দিয়ে সোডিয়াম সালফেটের বদলে দেদার আমদানি করা হচ্ছে সোডিয়াম ক্লোরাইড বা ভোজ্যলবণ,NoAG,0
বিএনপি এর দুর্নীতির আমল নামা প্রকাশ পায় ক্ষমতা হারানোর পর ঠিক তেমনই আওয়ামী লীগের দুর্নীতি প্রকাশ পাবে ক্ষমতা হারালে ক্ষমতা থাকাকালীন সময়ে তো শেয়ার বাজার লুট ব্যাংক ডাকাতি রিজার্ভ চুরি এর তথ্য প্রকাশ পায় না জানি ক্ষমতা হারালে কি হয়,AG,1
জীবাণু যাতে না ছড়ায় সে কারণেই করমর্দন করবেন না রুটরা ‘আমরা একে অন্যের সঙ্গে করমর্দন করছি না ওটা না করে আমরা “ফিস্ট বাম্প” করব আমরা নিয়মিত আমাদের হাত ধুচ্ছি আমাদের ঘরের মেঝে অ্যান্টিব্যাকটেরিয়াল কাপড় দিয়ে পরিষ্কার করছি,NoAG,0
বাংলাদেশ এর অনেক নারী ও পূরুষ তাদের মায়ের চেয়েও নেত্রীদের বেশী ভালো বাসে,NoAG,0
আওয়ামী লীগ ক্ষমতায় আসার পর সব খেয়ে শেষ,AG,1
আগামী ১৫ মার্চ থেকে রপ্তানি নিষেধাজ্ঞা প্রত্যাহার কার্যকর হচ্ছে ন্যূনতম রপ্তানি মূল্যের যে শর্ত ছিল সেটিও প্রত্যাহার করা হয়েছে অর্থাৎ ভারতীয় ব্যবসায়ীরা এখন যে কোনো মূল্যে পেঁয়াজ রপ্তানি করতে পারবেন,NoAG,0
সে তো বরিশালের ছেলে কিন্তু কেমন করে নিজের বিভাগকে হারিয়ে দিল সে তো বড় রাজাকার সাবিবর,AG,1
ভুটকি পুটকি আর সুটকি একলগে পাগল বালের দল,AG,1
অস্বাভাবিকতা আর লোভে ভরে গেল দেশ আমারভালো কিছু হয় কদাচিৎআর মন্দটা অহরহ,NoAG,0
ঈদ আসলে গাড়ীর ড্রাইবার হেলাপার গুলো পাগল হয়ে যাইভাড়া অতিরিক্ত  নিবে আবার গাড়ী চালাবে উল্টা পাল্টাএই ব্যাপার সরকার কে কোন উদ্যেক নেওয়া জরুরী,NoAG,0
এটা কোন বেপার না এটা করতেই পারে তারা একটু করলে কি হয় তারা কত টাকা  নস্ট করে কত কস্ট করে তারা ভোটে জিতছে আমাদের না বাঁশ দিবে আমরা মেনে নিবো,NoAG,0
বাংলায় জঙ্গি দেবী দুর্গার যে মূর্তিটি সাধারণত দেখা যায় সেটি দশ হাতে মারাত্মক অস্ত্রে সজ্জিত জঙ্গি দুর্গার মূর্তি,AG,1
জাহালমের আটক থাকার ঘটনাকে ন্যাক্কারজনক বলে সমালোচনা করে বিএনপির সিনিয়র যুগ্মমহাসচিব রুহুল কবির রিজভী বলেছেন তার জাহালম দীর্ঘদিন কারাভোগের ঘটনায় দুদকের ভূমিকা নজীরবিহীনভাবে ন্যাক্কারজনক,NoAG,0
অমা সেদিন ও না মানুষটাকে দেখলাম সুস্থ সুন্দর ভাবে হাটছিল কি যে হল আজ সে শয্যাশায়ী,NoAG,0
মাস আগে এখানে খেয়ে ফেলতাম উত্তেজিত ছিল পরিশেষে ফিনিক্সের সুশি ঘটনাস্থল খুঁজে পেতে এবং এক যে সুশি খাবারের জন্য একটি উপ যেমন বাদামী চাল দেওয়া যাইহোক এই আমাকে উদ্ধৃত না যেহেতু এটি অনেক মাস হয়েছে এবং আমি অন্য ঘটনাস্থল প্রত্যাহার হতে পারেএকটি আইটেম আমাকে প্রভাবিত করেনি এবং যে প্রশংসাসূচক এপেটাইজার যে সম্ভবত একটি স্কুইড সালাদ টপিং সঙ্গে  চিপ গঠিত হয়েছিল  আমি শুধু এই আরেকটি ভজনা আদেশ থাকা উচিত পরিবর্তে আমি একটি আও  মিশ্র পানভোজনবিলাসী আদা সঙ্গে সবুজ শাক এবং একটি সুশি রোল   বাদামী চাল চেষ্টা করেছি আধুনিক আমি ভেবেছিলাম মূল্য দেওয়া খুব ছোট অংশ বিবেচনা করা হয়েছিল আমি তাই তার  স্বাদে দ্বারা ততটা গুরুত্বপূর্ণ হয়েছিল যে আমি এমনকি প্রত্যাহার না আমি রোল কি ধরনের চেষ্টা করেছে বেশ দু খিত আমি জানিবললাম আমাকে একাই ফিরে যেতে পারবে না কিন্তু আমি হানা বন্ধুদের একটি দলের সঙ্গে সম্ভবত লাঞ্চ এবং  অথবা ডিনার জন্য অন্য ব্যবহার করে দেখুন এবং অ্যাপ্লিকেশানগুলি এবং ওয়াইন  অনুরোধে আছে চাই,NoAG,0
কে এই মাদার চোত খানকির পুলা ও তো বনদুর জগ্যো না,AG,1
এফডিসিবি ও ইউনিলিভারের হেয়ার কেয়ার ব্র্যান্ড ট্রেসেমের আয়োজনে ফ্যাশন কিউয়ের শুরুতে একঝাঁক মডেল মঞ্চ মাতিয়ে তোলেন,NoAG,0
কুক্তার লেজ সজা হবে হাসিনা হবে না,AG,1
জানোয়ার বিএনপির ভিতর ও অনেক মুক্তি যোদ্ধা আছে কিন্তুু সে দলে তো মুক্তি যোদ্ধা আছে কিন্তুু দেশ বিরোধী দের সাথে নিয়ে তো তাদের মাথা নিচু হোয়ে যাচ্ছে,AG,1
সরকারই তো দুর্নীতি করে টিকে আছে এরা কী দুর্নীতি দমন করবে,AG,1
দীর্ঘদিন ধরে বিশ্বে পোশাক রপ্তানিতে দ্বিতীয় অবস্থানে বাংলাদেশ তবে সেই মুকুট আর কত দিন থাকবে তা নিয়ে শঙ্কা তৈরি হয়েছে কারণ বাংলাদেশের ঘাড়ে ভিয়েতনাম নিশ্বাস ফেলতে শুরু করেছে যেকোনো সময়ে দেশটি বাংলাদেশকে ছাড়িয়ে যেতে পারে,NoAG,0
ইসলাম ধর্মে মুসলমানরাই নিরাপদ নয় ইসলাম দ্বারা অন্য ধর্ম ক্ষতিগ্রস্ত হয়  ইসলাম মুসলমানদেরও ক্ষতি করছে  কিন্তু ধর্মান্ধ মুসলমান সেটা উপলব্ধি করতে পারে না ,AG,1
এটি তাই প্রতিশ্রুতি হচ্ছে গ্রেট বিশেষ জট্টিল স্থান টিভি সর্বত্র আছে ফুল দণ্ড ভাল খাবার আগে ও একটি বসন্ত প্রশিক্ষণ খেলা পরে কিছু বিয়ার দখল করতে দারুন জায়গাকিন্তু সেবা  আমি বুঝতে পারছি না কেন আমি দরজার ধুনিত রঙ্গীন করা হবে ধুনিত রঙ্গীন টেবিলে তারপর বার এ ধুনিত রঙ্গীন আছে সেখানে সমগ্র জায়গায়  গ্রুপ ছিল এবং আমরা এখনও ধীর এবং ন্যক্কারজনক সেবা পেয়েছিলামআমি ভাল জিনিষ বলার ছিল কিন্তু সত্যিই  অভিজ্ঞতা সম্পূর্ণরূপে এই স্থান সম্পর্কে ভাল জিনিস ,NoAG,0
ভারতে যেমন ধর্ষণের বিরুদ্ধে গণজাগরণ হয়েছিলো তেমন কিছু হলেই কেবল এর বিচার পাওয়া সম্ভব বলে আমি মনে করি,NoAG,0
ইসলাম কখনো বিলুপ্ত হবে না তুমিই একদিন বিলুপ্ত হয়ে যাবে এতো সুন্দর পৃথিবী চন্দ্র সূর্য এই মহাবিশ্ব কেউ সৃষ্টি না করলে এমনি এমনি সৃষ্টি হয় নাই,AG,1
আমরা প্রথম ভুল করেছি এদেশে দেদারসে প্রবাসীদের আসতে দিয়ে মানুষ খাল কেটে কুমির আনে আমরা খাল কেটে হাঙর আর অ্যানাকোন্ডা নিয়ে এসেছি,NoAG,0
সব গুলাই তো হিন্দু হাতে বালা৷৷ এদের পরকালের ভয় নেই তাই এমন নোংরা	,AG,1
ক তাহসান ভাই   ❤,NoAG,0
হিন্দু ধর্মের গোড়াতেই মারাত্মক ভুল,AG,1
যান  আইজকাত্তে কন্ডেন্স মিল্কের চা খাওয়া ছাড়ান দিলাম হুদা রঙ চা নাইলে গ্রিন টি,NoAG,0
ওরে হিজ্রা রে,AG,1
এই  জিহাদি  মোল্লা  জাত আসে  সব  মাদারচোদ  গুলো  কে  গুলি  মারতে  হবে  সবার  সামনে 	,AG,1
মেগাহেদের ভাষ্যনুযায়ী পুরাতন রাজবংশীয় কবরগুলোতে মৃতদের নিজের ছবি থাকার ব্যাপারটি অভাবনীয় কারণ তা সাধারণত দেখা যায়না,NoAG,0
কোরআন শরীফ কোনো ধর্ম শাস্র নয় ওটা কাম শাস্র,AG,1
ইসলাম হচ্ছে জঘন্য একটা মতবাদ যা মানবজাতির ইতিহাসে চিরবর্জনীয় হবেই,AG,1
স্থানটি সামান্য আঁটসাঁট এবং ঠান্ডা দিনে প্রবেশপথের আসনটি বেশ সুন্দর হতে পারে,NoAG,0
এমন কোন আওয়ামীলিগ নেতা নাই জে নেতা জনগণের টাকা মাইরা খাই নাই আর ছাত্রলীগের তো কুন কথাই নাই ধরসনলিগ,AG,1
চেষ্টার অবশিষ্ট যখন আর কিছু নেই তখন আশা ছেড়ে দেয় ঝিনু কান্নাও আসে না এখন আর তার মেয়ে শাওন খালি বারবার করে জিজ্ঞেস করে বাপী কোথায় বাপী ফিরবে না কী উত্তর দিবে ঝিনু তার মেয়েকে ভেবে পায় না বলে দেবে তার বাবা মারা গেছে আর ফিরবে না কিন্তু মৃত্যু কী জিনিস তাও তো বোঝে না এখনো তার চার বছরের মেয়ে,NoAG,0
আওয়ামী লীগ ধ্বংস হক গণতন্ত্র মুক্তি পাক ও বাকস্বাধীনতা মুখে মুখে ফুটে উঠুক,AG,1
এতো মানুষের এতো ক্ষতি করার পর ও এখনো প্রদীব কে ফাঁসি দেওয়া হয়না অথচ সাধারণ মানুষকেও রাজাকার বলে জেলে এবং ফাঁসি দেওয়া হয়,AG,1
বিগত চার মাস আগে একবার গ্রিলড চিকেন তন্দুরি খেয়েছিলাম এরপর থেকে চিকেনের উপরে বিরক্ত চলে আসছে এত বাজে ছিল এত বাজে,NoAG,0
খানকির পুতের বডির চেযে  মাথা বড় শালা জন্মের আচুদা,AG,1
তোর মার বোদা চাটবো আমি,AG,1
ভাল লাগছে এই জায়গা নতুন মালিকানা আছে  আমি সম্ভবত নিচে আসলেই কঠোর পর্যালোচনা মুছে ফেলা আবশ্যক এবং নতুন প্রতিষ্ঠার প্রযোজ্য নয় তোমাকে সতর্ক করা হইছে   সংক্ষিপ্ত পর্যালোচনাএই জায়গা বাজে কথা লং পর্যালোচনাআমরা শনিবার রাতে খসড়া হাউসে এখানে একটি বন্ধুর সাথে দেখা করার কথা ছিলো আমরা তার একটি সময় হয়েছে  একটি তারিখ মত অভিজ্ঞতার উপর আউট হতে উত্তেজিত হয় আমরা ডিনার জন্য আমার শ্বশুরবাড়ির কাছে গিয়ে তারপর খসড়া নেতৃত্বে  আমি জানতাম একদিন আমরা যখন ফালা মলের মধ্যে টানা সঙ্গীত শব্দ থেকে আকর্ষণীয় হতে যাচ্ছেসঙ্গীত গুড সঙ্গীত সম্ভবত এই স্থান সম্পর্কে শুধুমাত্র ভাল জিনিস  আপনি একটি হিপ হপ ফ্যান আছেন সকল হিপহপ সারা রাতভিড় ঘেটো সব পথ প্রভূত সবাই মত মনে হয় সেখানে প্রয়াত  কারো নির্দেশ চলে না  পুরানো  এবং কিছু পুরাতন ভিড় সর্বত্র সিঁচিত এবং কেউ আর তার না  উপলব্ধি জাল অনেক কথা একটি লা দা ব্রঙ্কস এবং অপভাষা পদ অপব্যবহার অনেক শুনতে আশা যতক্ষণ না এটা বিরক্তিকর হয়ে ওঠে এটা রসাল হয় ওহ এবং মানুষ আপনার আসন চুরি করতে বা আপনাকে বলতে তারা সংরক্ষিত হয় হবে  ইসসবায়ুমণ্ডল ছোট ভীড়  ছোট নাচ মেঝে এক দম্পতি পুল টেবিল কিন্তু এক পেতে আশা করবেন না কিছু টিভি বিভিন্ন ক্রীড়া যা আমি এই জায়গা যোগ্যতা অনুমান একটি ক্রীড়া কাফে হিসাবে বাজানো পরিষেবা  এর আমরা প্রতিটি এবং লাইন ট্যাবে বাইরে প্রতিবন্ধী হয়  মিনিট ধরে এক বিয়ার ছিল দৃষ্টিশক্তি কোন লাইন শুধুমাত্র সেই সব ব্যক্তিদের একসঙ্গে গাদাগাদি লাইন সামনে পেতে চেষ্টা উহু এবং উচ্চহাস্য  বার দরপত্র মোট নির্বোধ হয় তাদের মধ্যে একজন তার ন্যক্কারজনক ডগা এবং অপরের সম্পর্কে কিনা তারা রাম এবং  বা  এবং ভদকা আদেশ তার গ্রাহকের সঙ্গে যুক্তি সম্পর্কে আমাদের পরবর্তী লোক অভিযোগ লোক ইতিমধ্যে রাম এবং  করেছিল এবং প্রস্রাব তিনি ভুল বুঝেছি যে এই কোন আপনাকে আকৃষ্ট করে যদি এটি আপনার জায়গা তার বন্ধু দেন না এবং আমরা কিছু পুকুর খেলতে এড়িয়ে এন জানুয়ারী এর যাচ্ছে শেষ পর্যন্ত হে আমরা সেখানে একটি মহান সময় ছিল হে,NoAG,0
আওয়ামী লীগ সরকার মানি চোর,AG,1
বাঙালি একসময় জ্বলে পুড়ে মরে ছারখার হলেও মাথা নোয়াবার ছিল না বাঙালি এখন জ্বলে পুড়ে মরে ছারখার হলেও বালপাকনামি বন্ধ করার নয়,NoAG,0
ছাত্রলীগ কখনো মাদকের পৃষ্টপোষক ছাত্রলীগ কখনো চাঁদাবাজ ছাত্রলীগ কখনো নারীর সম্ভ্রম হনণকারী,AG,1
গতকাল রাত ২০০ টা থেকে সব পোস্টে নির্বিচারে হাহা দিয়ে যাচ্ছি ,NoAG,0
প্রতিটি লাইনের পরের লাইন অনেক আগ্রহের সহিত পড়েছি সত্যিই অতুলনীয়,NoAG,0
আওয়ামীলীগ একটি সন্ত্রাসী দল এ কথা ১০০ সত্যি,AG,1
মিড নাইটে ভোট চুরি করে অবৈধভাবে ক্ষমতায় এসে যতই সরকার গঠন কর তবে একটা কথা ক্ষমতা কারোর চিরস্থায়ী নয় 👍 ভোট চোর হাসিনাও চিরদিন থাকবেনা,AG,1
দাদাএত ক্ষ্যাপতাছেন কেন,NoAG,0
আওয়ামী লীগ নেতারা সবাই চোর,AG,1
লাইনে দাঁড়িয়ে সবাই হেতিকে পোঁদ মেরে যাও,AG,1
প্রতিবছর ই শীতার্থ দের জন্যে আপনার যে প্রচেষ্টাতা দীর্ঘ জীবি হোকআপনার সুস্বাস্থ কামনা করছি,NoAG,0
বি এন পিকে রাজনৈতিক মাঠ থেকে হিজড়া করে রেখেছে পাল্টিবাজ বৈঈমান ডঃ কামাল গংরাজামায়াতকে বি এন পি থেকে দুরে রাখার মুল ষড়যন্ত্র কারি ডঃ কামালআ স ম আঃ রব সহ কিছু বামধারার রাজনীতিবিদ,AG,1
আমাদের নিজেদের ভাই বোন বাবা মাকে যদি এভাবে কেউ পশুর মতো জবাই করতো তাহলে আমরা যতোটা ব্যাথিত হতাম উইঘুর কাযাখ ভাইবোনদের জন্য কী তার এক কানাকড়িও ব্যাথা বেদনা অনুভব করি আমরা,NoAG,0
আল্লার মনোনিত ধর্ম মানেটা কি  সেই আল্লা যে কিনা মুহাম্মদের মাগীর দালাল ছিল  মরার পর কি বুঝবে  আপনে মইরা বুঝছেন নাকি নাকি মরার পর কবর থেকে উইঠা কেউ বইলা গেছে ,AG,1
আমি  বছর মতো ওরেগানো এর না ছিল তারা সর্বাঙ্গে জেড এখানে এখন আমার বন্ধু শহরের বাইরে থেকে ছিল এবং তিনি চেষ্টা চেয়েছিলেন পপিং আপ হবে বলে মনে হয় কেন নয়আমি আপনাকে কেন নয় বলব  আমরা দুই পাতলা ভূত্বক পিজা হয়েছে  এবং আমি এমনকি তাদের যে কল ঘৃণা করি আরো  গলানো পনির এবং কিছু  সঙ্গে বাদাম কাটিবার যন্ত্রখারাপ অজুহাত  এর আমি কখনও করেছি কিছু ছিল এবং আমি পছন্দ করি না এ সব বিতরণ পিজা  ফাস্টফুড বিতরণ পিজা আমি বিটের এটি ছিল থাকেন অধিকাংশইহয়তো প্যান পিজা চেয়ে পাতলা ভূত্বক  দেবতা এটা খারাপ হতে পারে না ভালোএটা শুধুমাত্র দাবী ভাল সেবা  যেটা ছাড়া অন্য জন্য একটি করে তারা অন্য উপসমাবস্থা অস্বাভাবিক বেশি দামে পানভোজনবিলাসী পিৎজা যুগ্মআপনি ব্যয়বহুল এবং ভাল চান পিজা অনেক ভাল বিকল্প আছে  পিজা  গ্রিমাল্ডি এর ইত্যাদি,NoAG,0
আর্জেন্টিনার সমর্থক হয়ে ভুল করিনি আমরা বিশ্বকাপের আগেই বিশ্ব জয় করলাম মেসি তোমাদের কে ভালোবাসি,NoAG,0
আওয়ামী লীগের পতন ঘটানো হবে ওদের ভিতরের মুরগি চোর ছাগল চোর ধর্ষণ কারী লুঠ পাঠকারী যত সব তাদের মধ্যে লুকিয়ে আছে,AG,1
এভাবে একশ বার করার পর তর পুটকিতে ঘা করে মেরে ফেলি,AG,1
অনেক দিন পর অন্য রকম অনুভূতি হচ্ছে  কেননা আমার সদ্য পাশ করা শিক্ষার্থীর মত এখন আমিও বেকার বেকার পরিচয় দিয়ে আম্মার কাছ থেকে আজ পঞ্চাশ টাকা ডাকাতি করলাম ,NoAG,0
শেখ তরিকুল ইসলাম তন্ময়মুখের ভাষার এমন অবস্থা কেন ভাইপরিবারে আদব শেখানোর মত কেউ বেঁচে ছিল না বুঝিআহা রে,NoAG,0
সবাই এই স্থান পরিদর্শন করতে হবে,NoAG,0
এখানে বহুত পন্ডিত আছেন দেখতেছি মেসি যেখানে নিজেকেই রাখেনি ক্রিস্টিয়ানোকে রাখবে কেনো,NoAG,0
বিশ্বকাপ মানেই ব্রাজিল কিছু আবাল আছে কিছু আজাইরা দল নিয়া পকপক করে যে গুলো নাকি অনেক কষ্ট করে বিশ্বকাপে উঠেছে,NoAG,0
না বে তবে একবার একটা কুত্তায় গাধাকে চুদেছিলো আর ঐ গাধাটার পেট থেকে একটা শুয়োর পয়দা হয়েছিল সেই শুয়োরটার নাম রাখা হয়েছিল মোহাম্মদ,AG,1
আর সরকার তো ধর্ষকদেরকে পালতাছেউনি কি আর কইব উনার সাথে এই কাজ হইলে মনে হয় ভালো হতো তা হলে বিচার কারে কয় তা কুঝতে পারতাম,AG,1
পোস্টারগুলো ল্যান্ড ফিল্ডে ফেললেও তা তাড়াতাড়ি পচবে না পরিবেশদূষণের কারণে এগুলো পোড়ানোও যাচ্ছে না,NoAG,0
গত দুটি আসরে এসএ গেমসে অংশ নিয়েও কোনো সোনা জেতেননি শুটার আবদুল্লাহ হেল বাকি কিন্তু কমনওয়েলথ গেমসে জিতেছেন টানা দুবার রুপা,NoAG,0
যেই তাপস এতো সেনাবাহিনী হত্যা করল সেই কুত্তা তাপস আজকের ঢাকা দক্ষিণের মেয়র,AG,1
এই দুনিয়ায় এই ভুল দ্বিতীয় বার করিস না তুই কাউকেই যা কিছু করবি করসন্তুষ্টি তাদের আসবে না দুনিয়ার এটাই নিয়ম কারো মন জয় করে চলার চেষ্টা করাই বৃথা,NoAG,0
অনূর্ধ্ব ১৯ ক্রিকেটে ৮০ প্লেয়াররাই বয়স চুরি করে,NoAG,0
জালেম সরকারের এই রকম আারো দেখতে ছাই,AG,1
ওদের জন্যই তো এ কোয়ার্টার আমাকে দিয়েছে ফোন দিয়েছে আমি জানি কিছু হলে আমাকেই আগে অ্যারেস্ট করে নিয়ে যাবে,NoAG,0
বেলজিয়াম দারুন টিম কিন্তু বড় ম্যাচের চাপটা নিতে পারল না,NoAG,0
কুওাপুলিশ আর জরমো নানেয়,AG,1
তার ছিরা স্টাইল ছামার পো,AG,1
অসাধারণ ভাই  আপনার বুদ্ধির তারিফ করতেই হয়,NoAG,0
এই শরতেরই সন্ধ্যায় তুমি নেই বলে সময় আমার কাটে না কাশফুল কেনো ফুটে না ছুয়ে ছুয়ে যায় না মেঘের ভেলায় ভাসেনা ভেসে তুমি কেনো আসো না,NoAG,0
কিন্তু পুলিশ নিজেও যদি গোপালগঞ্জের হয় তখন ইয়াবাটা সিদ্ধডিমে পরিবর্তন হতে পারে কিন্তু ,NoAG,0
নবি বোকাচো খুন করে দিল,AG,1
ছাত্রলীগ এর সাথে যারা জড়িয়েছে তারাই সন্ত্রাসী হয়েছে,AG,1
এবার সাহিত্যে সামগ্রিক অবদানের জন্য এ পুরস্কার পেয়েছেন কথাসাহিত্যিক রাবেয়া খাতুন,NoAG,0
নাস্তিকতার কোন নৈতিকতা নেই তাই তারা সমাজে অনৈতিক কাজে লিপ্ত এদের জীবন যেমন হয় ছন্নছাড়া তেমনি হয় হা হুতাশে ভরপুর এদেরকে বয়কট করুন,NoAG,0
আসলে এলাকার কুত্তা গুলা যা করে আর কিহোগার নিচে দিয়া রঙিন আকাশ দেহে তোবাইরের এলাকাত যাইয়া করুকহোগা  মাইরা ছাদে তুইলা দিবো,NoAG,0
আমি আজ অনেক খুশি  অনেক ধন্যবাদ রাশেদ ভাই  আজাদীকেও অনেক ধন্যবাদ আমার অনেক দিনের ইচ্ছেটাকে প্রকাশিত করার সুযোগ করে দেয়ার জন্য জন্য ,NoAG,0
মুসলমান মেয়েদের গোপনাঙ্গ কেটে ঝুলিয়ে দাও,AG,1
করোনার কারণে দেশের পাঁচ তারকা হোটেল ব্যবসায় ধস নেমেছে রাজধানীর পাঁচতারকা হোটেলগুলো বলতে গেলে এখন প্রায় অতিথিশূন্য হয়ে পড়েছে,NoAG,0
আপনার হাজারটা বন্ধু থাকলেও সমস্যা নেইএকটা মেয়ে আপনার যে পরিমাণ সময় বা টাকা নষ্ট করে দিবে হয়ত হাজারটা বন্ধুও তা পারবে নাএক কথায় একটা মেয়ে আপনার লাইফের ১২ টা বাজিয়ে দিতে যথেষ্ট,AG,1
এ ই কুত্তা তোদের পূজা বন্ধ কর তোরা শুয়োরের বাচ্চা কোথা কার,AG,1
এমোন কুদরুত জদি আল্লাহ দেখাতো গুম থেকে জেগে জদি সুনতাম হাসিনা করুনায় আক্রান্ত হয়ে মারাগেছে এই দুরবোগএরসমায় বাংলা জাতি ইদএরচেও বেসি খুসি হোত বোলতো লোকে একটা পিসাষনি মারা গেছে,AG,1
এই শালা ভিখারি  আসল  ভিখারি  বানায়া দাও 	,AG,1
রানু  মণ্ডলকে  জুতো  খুলে  মারা  উচিত 	,AG,1
যা নাযিল তাই ফাজিল  দুই কলম পড়ে ইসলাম গ্রহন করা  তার মানে এটা কোন ভাবেই অল্লা তল্লার বানানো নয়  কারন এক লোক আরেক লোককে মুসলমান বানাচ্ছে  কখনও লোভ দেখিয়ে  কখনও ভয় দেখিয়ে  এটাই তো ইসলামের ইতিহাস  আবার ঐ আসমানী জাহান্নামী কেতাবে কে এক ভুঁইফোড় অল্লা লোকদের সম্বোধন করছে যে ইসলাম নেবে তার জন্য জান্নাত অপেক্ষা করছে আর যারা নেবে না তারা সোজা জাহান্নামে  কি থিয়োরী  আহা মরি মরি ,AG,1
মুসলিমরা কেনো বুঝেনা ইসলাম কোনো ধর্ম নাএটা মানুসের মানবতা কেড়ে নেয়  জান্নাতের লোভে পরে তারা খুনি হয়ে যায়,AG,1
বেশ্যা মাগির পোলা,AG,1
বিএনপির দালাল রা কি বলবে দেশে যত চাদাবাজি সন্ত্রাসী করেছে সেটা কি ভুলে গেছি আমরাবিএনপির দালাল রা ভুলতে পারে,NoAG,0
দেশটাতকে সেষ করে দিল আওয়ামী লিগ,AG,1
বাংলাদেশ এ সরকারের সময়ে ক্রান্তিলগ্ন পার করছে কারন বিচার ব্যবস্থা নেই বলে,AG,1
শিপ্রা ধড়ফড়িয়ে উঠলো খাট থেকে নেমে এগিয়ে গেলো বেডরুমের দরজার দিকে মা আমার খুব ভয় করছে আমিও যাবো তোমার সাথে–মাম্পি উঠে দাঁড়িয়েছে,NoAG,0
ফ্যাসিবাদের মূখে গনতন্ত্রের কথা মানায় না,AG,1
যারা আমার কলিজার নবীকে নিয়ে কটুক্তি করবে তাদের ফাঁসি চাই,AG,1
বিএনপির শাসনামলে তাদের দুর্নীতির কারণে আজকে জনগণ তাদের পাশে নেই তাই রাস্তায় কেউ নামে না আওয়ামী লীগ ক্ষমতায় হারালে অপজিশন পর্যায়ে চলে গেলে এরা জনগণকে পাশে পাবে না কারণ এরা জনগণের ভোটে নির্বাচিত না,AG,1
সারা বাংলাদেশকে রক্তে রঞ্জিত করে গণতন্ত্র মুক্ত করা হবে ইনশাল্লাহ আল্লাহ আমাদের সহায় হোক ডাইনি হাসিনা ধ্বংস হোক,AG,1
ইন্ডিয়ান  সব  শালা কুত্তা  এরা  বিশ্ব সমাজ  নষ্ট  করার  মূল  কারিগর 	,AG,1
যে এই মেয়েকে বিয়ে করবে সেই তো দোজোগ বাসি হতে পারে কারন এই মেয়ের কোনো ইজোত সমান নেই ফালতো মেয়ে কেউ তাকে বিয়ে করবেন না,AG,1
শিক্ষক তাঁর ছাত্রীকে বিবাহ করেছেন এমনটা অহরহ শোনা গেলেও শিক্ষিকা তাঁর ছাত্রকে বিবাহ করেছেন এমনটা এত শোনা যায় না কেন আমরা সমতাভিত্তিক সমাজ প্রত্যাশা করি গাহি সাম্যের গান,NoAG,0
অমানুষ গুলি মানুষ হয়ার কথা ছিল কিন্তু এখন দেখি মানুষ গুলি দিন দিন জানোয়ারে পরিনত হচ্ছে হায়রে বাংলাদেশ,NoAG,0
ডিবালার মত ৬ষ্ট প্রজন্মের জিনিয়াস খেলোয়াড়কে যে সাইডলাইনে বসিয়ে রেখে আর্জেন্টিনাকে লজ্জায় ডুবাইতার প্রতি বিশ্বের সকল মেসি আর্জেন্টিনা ভক্তের তীব্র ঘৃণা বর্ষীত হবেএটাই স্বাভাবিক,NoAG,0
কিন্তু ঘুমাতে যাওয়ার পর বিগত কয়েকদিনের ঘটনা মনে করে আর ঘুমাতে পারলাম না অনেক অসহায় লাগছিল ভেতর থেকে কান্না করে নিজেকে কিছুটা হালকা করতে চাইলাম,NoAG,0
জানিনা সবাইকে কেমন আপ্যায়ন করতে পেরেছি বাট তোরা এসেছিস এতেই খুশি,NoAG,0
আসিফুল  ইসলাম  ওই বলদগুলো থেকে আমাদের জুনিয়রগুলো অনেক ভালোআজকে ফাইনাল খেলার যে টেম্পারমেন্ট দেখাতে হয় তার সবই দেখাচ্ছে,NoAG,0
তোর আপন ভাইরে পুটকি মারতে পারলে ভালো লাগতো শালার পুত,AG,1
মানুষের আবেগ নিয়া খেলিস না হালারপুত তোর সুড়ঙ্গ দিয়া ডিম ঢোকায়া চোখ দুইটা খুইলা হোগায় লাগায়া দিমু সারাদিন খালি হলুদ হলুদ  দেখবি,AG,1
ওরা নাস্তিক দুনিয়াতে জাহান্নামের সার্টিফিকেট পাইয়া গেছে ওদেকে আল্লাহ তায়ালা দেদায়াত দান করুন,AG,1
আমরাই শ্রেষ্ঠ  অন্যেরা কাফের,AG,1
তথ‍্য মিথ‍্য‍্যক আবাল জালেম মন্ত্রী কে বলছি সাবধান হও আল্লাকে ভয কর,AG,1
এমন ছেলেকে ভালবাসা গেলেও সব মেয়ের কপালে এমন ছেলে সত্যিই জুটে না,NoAG,0
হয়তো উচ্চ পদস্থ কেউ না হলে সেনাবাহিনী কেন ধামাচাপার চেষ্টা করছে কার হুমকিতে তবুর পরিবার সেনানিবাস থেকে পালাতে বাধ্য হয়েছে,NoAG,0
আমি সম্প্রতি একটি ভাল বন্ধু আমি কার অল্প সময়ের মধ্যে দেখেনি সঙ্গে প্রথমবারের ব্রেকফাস্ট ক্লাব গিয়েছিলাম এটা একটা কাজের দিন ছিল এবং তাই যখন এটি এখনও ব্যস্ত ছিল আমরা বসতে পারার জন্য অপেক্ষা করতে হত না খাবার ভাল ছিল কিন্তু সামান্য ওভার দামের রেস্টুরেন্টে সঙ্গে আমার সবচেয়ে বড় সমস্যা  সেবা তারা আমাদের পানীয় ও খাদ্য প্রদান করা ধীর ছিল এখনো একবার আমাদের খাদ্য এসে তারা প্রায় মৌমাছির মত প্রতি পাঁচ মিনিট আমাদের প্লেট নিতে তাই আমরা সেখান থেকে পেতে পারে  হয় আমি অনুভূত মত তারা সত্য যে আমি একটি ভাল বন্ধুর সঙ্গে একটা চমৎকার সকাল চাপ ছিল কিন্তু এর পরিবর্তে বেতন ছুটি আমাদেরকে চেয়েছিলেন জন্য এ সব গ্রাহ্য করে নি পরে আমরা মাত্র একটি ঘন্টা এবং পনের মিনিটের জন্য হয়েছে সেখানে আউট ওয়েট্রেস আসলে টেবিল ছেড়ে যাতে তারা অন্যান্য গ্রাহকদের সীট পারে আমাদের কথোপকথন বাহিরে শেষ করতে আমাদের বলেছেন আমরা ক্ষুব্ধ হয় আমি কখনোই আমার জীবনের একটি রেস্টুরেন্টে ছেড়ে চলে যেতে বলা হয়েছে বলাই বাহুল্য তারা আমার সাথে একটি বিশ্বস্ত গ্রাহক জিততে চায়নি,NoAG,0
মুসলিম জাতির বিরাট অংশ অ মানুষহিংস পশুমনভাবাপন্নএদের ইতিহাস দেখুন ৭২৫ সাল থেকে হিংসাপরাযন নারীলোলপতা এদের রক্তেচোখে,AG,1
এই সব বীর পুরুষকে নেতা বলা যায় এদের সামনে আসলে আওয়ামী লীগের কাউয়া কুলাঙ্গারদের পেশাব চুটবে,AG,1
কিছু কিছু ঘটনা আমাদের উজ্জিবিত করে আমরা পজেটিভ ভাবে নিতে পারলেই হয় আর কিআবার পজেটিভিটির আড়ালে নেগেটিভ নিয়ে টানা হ্যাচড়া করলে ফলাফল জিরো,NoAG,0
সালমান খানকে দোষ দিয়ে কোন লাভ নেইকারণ সে অতিথি এবং সে এন্টারটেইনার তার প্রফেশন এটা তার কাজ এটাসুতরাং আওয়ামী পন্থী বলাটা যুক্তিযুক্ত নয়,NoAG,0
আওলীগের কেন্দ্রীয় নেতারা রাজাকার তাদেকে আইনের আওতায় আনাতে হবে,AG,1
ছিঃ ছিঃ ছিঃ নি লজজ একটা দল আওয়ামীলীগ নিজেদের দল নিজেরা মারামারি সামিম ইসলাম খূনি  মানুষের প্রিয় নায়িকা এমন একটা দল করে বাঝে রুচি  সন্ত্রাসী দল লুটপাট ডাকাত হিংসা দল নায়িকা হয়ে সবার প্রিয় মানুষ হয়ে থাকা ভালো ছিল,AG,1
মানুষ বড় বিচিত্র প্রাণী তাঁর হাতে একটা লাঠি দেন দেখবেন সে লাঠি দিয়ে কিছু না কিছু খোঁচাবে একটা কাঁচি দেন দেখবেন সে কাঁচি নিয়ে চুপ করে বসে থাকবে না কিছু না কিছু কাটতে চাইবে একটা বন্দুক দেন কেউকে না কেউকে সে গুলি করতে চাইবে,NoAG,0
বিশ্ব নবীর গনিমত এর মাল ভাগাভাগি আর দাসীদের শয্যা সঙ্গী বানানোর বৈধ আইন উপভোগ কারী আগা কাটা জন্মান্ধ মুসলিম করবে দেবদেবীর বর্ননা,AG,1
ওরে হোগার পোলা খানকির পোলা,AG,1
ভাই কোরান যদি সৃষ্টি কর্তার হতো তাহলে সৃষ্টি মানুষ দেরকে মারতে অনুমতি দিতো না এবং কোরান ভুল ও থাকতো না,AG,1
হিন্দু মুক্ত বাংলাদেশ চাই,AG,1
গভীর রাতে এখনো আমার ঘুম ভেঙ্গে যায়  তাকিয়ে থাকি অন্ধকারে  কিছুই দেখি না  তবু মনে হয় কিছু একটা তাকিয়ে আছে আমার দিকেভয়ানক কিছু একটা হওয়ার প্রতীক্ষায় আমি দিন গুনছি ,NoAG,0
শোন খানকির ছেলে তোর মা চুদবো রে টেররিস্ট চোদা,AG,1
সাম্পাওলি আপনার উপর ভরসা রাখছি একটি সুন্দর পরিকল্পনা করে দলকে এগিয়ে নিয়ে যান ,NoAG,0
ইসমাইলের বাবা নতুন পাঞ্জাবি পড়ে সেই ভিড়ের মধ্যে ছুটাছুটি করছেন ‘ছেলে যে আমার এত বড় সম্মান নিয়ে এলো এত মানুষ আসছে দেখতে তাদের তো আপ্যায়ন করা লাগে,NoAG,0
বেশ্যা মাগি তোরে উল্টা ঘুরে পুটকি মারমু ,AG,1
ওর মত মেয়ের থেকে পাড়ার নটি ভালো রাস্তার কুত্তা ভালো,AG,1
ভারত থেকে হিন্দু ধর্মের গোড়া উপরে ফেলবো সকল হিন্দুদের হত্যা করে বস্তায় ভরে বঙ্গোপসাগরে ফেলে দেওয়া হবে,AG,1
এমনকি এই একবিংশ শতাব্দীতেও কোনো পথচারী পারতপক্ষে বেলুচিস্তান প্রদেশের আশেপাশে ঘেঁষতে চান না বেলুচের স্থানীয় গোত্ররা আতিথেয়তা করলেও মরুভূমির তীব্র গরম সহ্য করতে পারেনি আলেকজান্ডারের সৈন্যরা,NoAG,0
জেগেছে তরুণ তরুণী বেঁধেছে জোট দেবে তারুন্যের প্রতিক নতুন প্রজন্মের অহংকার শেখ তন্ময় ভাই কে নৌকায় ভোটজনবন্ধু  গোলাম মনির হোসেন ভাইয়ের সালাম  নিন নৌকায় ভোট দিন,NoAG,0
এখানে দুইটা মাগির পুলার মধ্যে একটারে দেখতে পেলাম আর অন্যটা ক্যামেরা ম্যান মাগির পুলাপতিতালয়ে জন্ম নিলে যা হয় আরকি,AG,1
দীর্ঘ এত বছর বিএনপির রাজনীতির সাথে যখন জড়িত ছিল এবং ক্ষমতায় গিয়ে যখন মন্ত্রী রাষ্ট্রপতি বানানো হলো তখন জিয়ার হত্যাকারীর কথা মনে পড়ল না বিএনপির রাজনীতি ৪২০ রাজনীতি আরে জানোয়ার তুই আজকের কথা বলতাছত কেন জিয়া ভাল মানুষ হলে তার হাড়মাংস কেন বন্দুকের বুলেটে দ্বারা ঝাজরা করে দিয়েছে বাংলাদেশের মানুষ,AG,1
তার বাকপ্রতিবন্ধী স্ত্রীর জন্য খুব খারাপ লাগতেছে একজন বাকপ্রতিবন্ধী কে নিজের স্ত্রী করে সব অধিকার দিয়েছিল সে তার জন্য ভগবানের কাছে প্রার্থনা করি এই জঘন্য ঘটনা একমাত্র ইসলামেই সম্ভব,AG,1
মুভিটা মুক্তির আগে যতটা এক্সাইটেড ছিলাম দেখার পরে ঠিক ততটাই ডিসাপয়েন্টেড,NoAG,0
মাদারচুদ তুই আমাদের এলাকায় আই তরে মেরে কুকুরকে খাওয়ামু ,AG,1
অবশেষে এটি পাওয়া যায় যেআমি নিউইয়র্কে একটি রেস্টুরেন্টের জন্য সত্যিই কঠোর পরিশ্রম করছিলাম যেখানে আমি সত্যিই অবাঞ্ছিত এবং উপেক্ষা করে থাকি ,NoAG,0
ডিভোর্স সহ্য হয়আর ১৪০০ বছর আগে আল্লাহ সুন্দর সমাধান মেনে নিতে বাধাকি গোমূত্র সেবন করলে যা হয়,AG,1
আমার প্রিয়তম তাই ঠিক এই জায়গা  কল্পনানুসারে কারণ তারা  যে আভাকাডো এবং এটি একটি অর্ধ রান্না ডিম দিয়ে আসে না   ঠিক আছে তিনি যখন পরিশেষে আমাকে এখানে টেনে নিয়ে যাওয়া বুঝলাম তিনি সম্ভবত এটি লেগেছে কারণ মাথা রাখো তাকে আঘাত  যদি আপনি এই পড়া করছি তারা কিছু একটা টিপ জন্য চেষ্টা করবো কিছু আমি  ডিমের সাদা অমলেট যা  পেঁয়াজ এবং  সব আমার প্রিয় উপাদান ছিল পেয়েছিলাম কিন্তু যদি তারা বার্গার যে শুধু ভাজাভুজি বন্ধ এসে থেকে  মধ্যে সবজি  ছিল তা সামান্য আস্বাদ ওহো স্থূল এই একা দুই তারার রেটিং নেয় এবং আমি এমনকি একটি সুপারকঠোর নিরামিষ নই এটা ঠিক বিরক্তিকর ইংরেজি মাফিন এই অদ্ভুত সামান্য হকি দুষ্টু ছেলে যে সত্যিই সুস্বাদু সাদাসিধা খুবানি সংরক্ষণ যে পাশ এসে জন্য একটি বাহন হিসেবে পরিবেশন করা ছাড়া অন্য কোন উদ্দেশ্য উপাসনা করতেন চকলেট চেরি   ছিল এবং কফি বেশ ভালচালাঘর আমাদের কাছে পরবর্তী তিন   দুই পুরুষ এবং একটি কুক্কুট ডাউনিং  এখনও আগের রাতে থেকে বরবাদ যিনি এটা মজা উচ্চ ভলিউম তাদের সেল ফোন এবং  অথবা আইপড খেলতে চিন্তা অনুষ্ঠিত হয় শুধু বিষ্ঠা হিসাবে বিরক্তিকর পরবর্তীতে যখন আমি চট্পটে বাথরুম পরিদর্শন আমি মেয়ে লবিতে ক্রন্দিত আউট দেখেছি  ভাল শেষ করা হয়নি অনুমানআমি ফিরে যাব তাই আমার তাই তার অহং হাত বুলিয়ে ও তার কলেস্টেরল উত্থাপিত পেতে চালিয়ে যেতে পারেন কিন্তু আমি ভাজাভুজি থেকে কিছু থেকে দূরে থাকার করছি ,NoAG,0
সামান্য ইটের ঘুরা চুরির দায়ে মৃত্যুর আসামির থেকে বেসি কঠিন ভাবে বাধতে পারে সুধু আমাদের দেশেই কিছু মানুৃষ নামের জানোয়ারদের জন্যই সম্ভবছেলেটা কতটা অসহায় চেহারা দেখেই বুঝা যায়এখন কম্মেন্ট পরেও দেখলামঅনেকে ছেলেটার বিরুদ্ধেও বলছেহায়রে আজব মানুষ,NoAG,0
মাহি কোন চেটের বাল মেম্বার হওয়ার যোগ্যতা  আসেনি শাওয়ার  পুতের,AG,1
তোদের হিন্দু সম্প্রদায়ের ওয়ালে হিসু তো দূরের কথা হাগু ও করতে যাবার মন করেনা আমার কারন আমি আমার ইসলাম এ আনন্দিত ও খুশি  তোরা হিন্দু সম্প্রদায়ের মালুয়া রা আমাদের ইসলাম এর ওয়ালে কি করিস হে ,AG,1
এটা একটা খানকির পোলা,AG,1
যতদিন পৃথিবীতে কোরআন আছে ততদিন পৃথিবীতে শান্তি নেই,AG,1
আমাদের দেশে এই রকম সিনেমাগ্রাফি😮😮,NoAG,0
যেই আমরা রিকশায় উঠতে যাব দেখি যে খাবার এর পাকেট এ কয়েক ফোটা রক্ত সাথে সাথে আমার হাসবেন্ড এর দিকে তাকায়ে দেখি ওর সারা পাঞ্জাবি তে রক্ত,NoAG,0
‘বিয়ের আগে জীবন ছিল অর্থহীন’ শুনলে হয়তো অনেকে একটু অবাক হবেন সত্যি কি এই কথা জাস্টিন বিবার বলেছেন এটাই সত্যি কথাটি জাস্টিন বিবারই বলেছেন বিয়ের পরেই তিনি জীবনের অর্থ খুঁজে পেয়েছেন,NoAG,0
কোনো একটা দেশের ফুটবল দল সাপোর্ট করা আর হাজার হাজার টাকা দিয়ে সেই দেশের পতাকা কিনে সেই পতাকা নিয়ে মাতামাতি করা ভিন্ন ব্যাপার,NoAG,0
কুত্তালীগের কাছে আমার প্রশ্ন পুলিশ মরলে জনগন এত খুশি হয় কেন,AG,1
রেফারেন্স চুদে দিয়েছি মিলিয়ে দেখ,AG,1
বিবিসি’র মাথা খারাপ হইয়া গেছে আর কিছু পায় নাই দেখনোর জন্য,NoAG,0
এরপর সে হাত দিয়ে যে সিন্ডিকেট বা বিক্রেতা দাম বাড়িয়েছে তাদেরকে কানের নিচে দুইটা থাপ্পড় দেবেন,NoAG,0
কিন্তু আমরা সেইদিনটা চাই যেদিন আর এরকম বিড করতে হবেনা,NoAG,0
পানি সহ কাচা তরকারিফল রুম টেম্পারেচারের নিচে রাখলেও সংরক্ষণ করতে পারবে না আর রান্না করা খবারও না তবে পচন একটু আস্তে হবে,NoAG,0
নোয়াখালীর সোনাইমুড়ী উপজেলায় যাত্রীবাহী বাসের চাপায় মোটরসাইকেলের তিন আরোহী ঘটনাস্থলে নিহত হয়েছেন আজ রোববার রাত সাড়ে দশটার দিকে আফানিয়া এলাকায় কুমিল্লানোয়াখালী আঞ্চলিক সড়কে এ দুর্ঘটনা ঘটে,NoAG,0
আওয়ামীলিগ কিন বা বি এন পি নয় সকল মুসলিম এক হোও এমন সৈরাচারি সেখ হাসিনা থেকে ক্ষমতা হটাও,AG,1
হিন্দুরা হলো সংখ্যালঘু জাতি আপনাদের নিজেদের হিন্দুধর্মের কারিগর আপনারা নিজেই এসব আপনারা নিজেরাই বানিয়েছেন,AG,1
লোক দেখানো সম্মান দিয়ে কি আচার বানাবো এতোই যদি সম্মান তাহলে তাহলে মুসলিমরা জঙ্গী হয়ে ওঠে কিভাবে আল্লা গু আকবর বলে গলা কাটা কি চাকুকে সম্মান দিতে,AG,1
সময়টা প্রাচীনকাল আর দেশটা গ্রীস হলে শাব্বির ভাইকে দেখা যেতো গায়ে একটা সাদা কাপড় পেঁচিয়ে লাইসিয়ামে বসে প্ল্যাটো অ্যারিস্টটল সক্রেটিস এদেরকে ফিলসফি শিক্ষা দিচ্ছে,NoAG,0
তোরা সাংবাদিক কুত্তার বাচ্চারা এর কোনো প্রতিবাদ করস না কেনবাংলাদেশের খানকির পোলা মিডিয়া চুপ করে আসেজারজমিডিয়াযদি একটা হিন্দু মরত তাহলে কুত্তার বাচ্চা মিডিয়া ঘেউ ঘেউ করে কাঁদত,AG,1
মাগির পুলারে আমগো এলাকায় পাইলে দেখামু কেডারগিরি চুদমারান্দির পুলাএকটা নিরহ্ ছেলে কে ফোন করে ডেকে এনে মারা চুদাও,AG,1
﻿ জন মানুষের জন্য একটি বার্থডে পার্টি করেছিলাম ভাল সেবা প্রদান করেছে এবং ভাল খাদ্য ধন্যবাদ,NoAG,0
এই অহেতুক মন্তব্য মাতব্বরদের দেখে বুঝলাম বাংলাদেশে করোনার থাবা যতোই ভয়ানক হোক এই দেশ মানসিক রোগীদের হাত থেকে মুক্তি পাবে না,NoAG,0
দরজায় কোলিং বেল দিলো 📼দরজাটা খুললো স্টুডেন্টবর বাবাজি কতক্ষণ হতভম্ব হয়ে তাকিয়ে থাকলোকারণ যেই মেয়েকে এতদিন সে খুঁজে বেরাচ্ছিলো সে আজ থেকে তার ছাত্রী,NoAG,0
কি আর বলব দেশ তো আমাদেরই যা কিছু যাচ্ছে সব কিছু প্রশাসনের ওপর যাচ্ছে,NoAG,0
জ্ঞান ফিরার পর নিজেকে নিজেকে আবিষ্কার করি এক অন্ধকার প্রকোষ্ঠে পুরো ঘরে কোনো জানালা নেইএকটি মাত্র প্রবেশপথসেটাও বাহির থেকে তালাবদ্ধ,NoAG,0
শেখ হাসিনা যা করছে অার অাওয়ামীলীগ যা করছে তার জন্য এদের একদিন মাসল দিতে হবে,AG,1
মানসম্পন্ন কোচ পেয়েই বিশ্বকাপের বাছায় পর্ব থেকে প্রায় ছিটকে গিয়েছিল,NoAG,0
রেডিও তে পাঠক হিসেবে ঘোষণাপত্র পাঠ করে যে শুধু স্বাধীনতা অর্জন করা যায় না সেটা ফিলিস্তিনীরা হাড়ে হাড়ে টের পাচ্ছে পতাকা স্বাধীনতার মর্ম শুধু আত্নপরিচয় সংকটে ভোগা মানুষই জানে ,NoAG,0
সবরিমালায় ঢুকতে ধর্ম কোনো বাধা নয় শুধু লিঙ্গ বাধা মুসলিম পুরুষ ঢুকতে পারে,NoAG,0
নিজের ইসলামের গুজামিল আগে নিজে দেকেন,AG,1
এই ভিডিওটা কে করছে সে ও ঐ মেয়েকে চোখ দিয়ে ধর্ষণ করছে অসভ্য ভাবে ভিডিও করছে আর মেয়েটার চেহেরা দেখানো উচিৎ হয়নি,NoAG,0
তোদের হিন্দুদের জন্য সবকিছু হালালএমনকি মাকে চুদাও হালাল,AG,1
ভারত আবার প্রমাণ করলো হিন্দু ধর্ম জঙ্গি ধর্ম,AG,1
কেবলমাত্র ভালবাসা অর্থ এবং সাফল্য নয় উপমার ক্যাফে ভারতীয় সংস্কৃতিকে বিশ্বের কাছে পৌঁছে দেওয়ার ক্ষেত্রে এক অভিনব উদ্যোগ ,NoAG,0
আরে কুত্তা লীগ মাইর খাইছিস চুপচাপ শুয়ে থাক আবার লাইভে এসে ফুটানি করিস ক্যান ছাত্রলীগ কখনো মানুষের উপকার করে না এরা বারো মাসই এরকম খারাপ ,NoAG,0
খানকির পোলা গাজা খোর নাকি,AG,1
যে দিন বি এনপি জামাতের সাথে জোট করেচিলো সেই দিন বি এনপি কে আমি ঘৃনা করি কারন এই দলটি বাংলাদেশ বিরুধী দল রাজাকার এবং এরা ইসলামের নাম করে নিজেদের কে রাজনিতী হিসাবে ব্যবহার করে আসছে,AG,1
হিন্দু শেষ হতে বেশিদিন বাকি নেই হিন্দুরা নির্লজ্জ বেশির ভাগ,AG,1
সালা মাদার চোদ মাগির পোলা,AG,1
অসুস্থ নির্বাচনকে চিকিৎসার জন্য এমব্যোলেন্সে নেওয়া হচ্ছে এতে আপনাদের অসুবিধা কি,NoAG,0
একদল মানুষকে আপনি সব কিছু উজাড় করে দিয়েও খুশি করতে পারবেন না,NoAG,0
বেজন্মা নেড়ি কুত্তাদের কাজই হচ্ছে প্রমান ছাড়া ঘেউ ঘেউ করা তুই যে আমাদের নবীর নামে এইসব কথা বললি এই কথা গুলোর প্রমান দিতে পারবি তোর জন্মের ঠিক থাকলে প্রমান দিয়ে দেখা আজ পর্যন্ত একজন মালুও আমার কাছে নিজের জন্মের পরিচয় দিতে পারেনাই তোকেও একটা সুযোগ দিলাম,AG,1
আল্লাহর কসম তোদের আর ছেড়ে দেওয়া হবে না তোদের এত বড় আস্পর্ধা,AG,1
কারে চুইদা মাতাল হইছেআরে বোকাচুদি ঢাবির ভিপিরে মাতাল বলিস তোর ১৪ খবর নেতুই আসলে কোন লেভেলের বোকাচোদা,AG,1
মুহাম্মদ এর চামচা সয়কাৎ ইসলাম ধর্ম তো বানানো ধর্ম ইসলাম যদি এতই ভাল ধর্ম তো মুসলিম কেন সনাতন ধর্ম গ্রহণ করছে,AG,1
কুত্তার দাম আছে আপনাদের হিন্দুধর্মের কোনো দাম নাই,AG,1
সবাইতো ভাই আপনার মত না শুধু একবার ভেবে দেখেন বাংলাদেশের সিজারিয়ান রোগীর সংখ্যা কত ,NoAG,0
তর জুনায়েদের মায়েরেচুদি খানকির পোলা,AG,1
জীবন যুদ্ধের সর্বক্ষেত্রে সফল এই ভাইটি সাংসারিক জীবনেও সফল হবেনএই কামনা করি,NoAG,0
এই সরকারের পতন হবে ইনশাআল্লাহ স্যার আপনারা চালিয়ে যান সব সময়,AG,1
খুব ভালো করেছো  এভাবেই এগিয়ে যেতে হবে মেয়েদের অভিনন্দন তোমাকে,NoAG,0
আরমান আলিফ কে আগে অতিথি হিসাবে আনা উচিত ছিল তারপর টুম্পা কে কারণ টুম্পা কে সবাই চিনলো আরমানের জন্যে,NoAG,0
অবাক হওয়ার কিছু নেই কাঠের গুঁড়ি মনে হলেও আসলে তা নয় এটি একটি ফিমার বা পায়ের উপরের অংশের হাড় সবচেয়ে বড় হাড় হাড়টি প্রায় দুই মিটার লম্বা,NoAG,0
বালি দিয়া চুদমু তরে খাঙ্কি মাগী,AG,1
এই হল নাজায়েয দলের রাজনীতি ২৪ জন মানুষ সাথে সাথে মারা গেল অন্ধকার মোশারফ বলে এটা নাকি একটা দুর্ঘটনা এই জন্যই আজকে তোদের এই অবস্হা,AG,1
সভ্যতা শিখুনসভ্য কোন মানুষ অসভ্যতাকে সাপোর্ট করতে পারেনা,NoAG,0
তোর মুসলমান জাতি যে একটি বর্বর জাতি তা প্রমাণিত হয়ে গেছে  ধর্ষণখুন লুণ্ঠন এসব ছাড়া মুসলমান জাতির আর কোন কৃতিত্ব ই নেই  আর হিন্দু জাতির অবদান বর্বর মুসলমানদের বুঝবার ক্ষমতা নেই  এক কথায় মানব সভ্যতার ভিত্তি গড়ে উঠেছে হিন্দুদের আবিষ্কারের উপর ,AG,1
ইসলাম পৃথিবীকে ১৪০০ বছর পিছনে নিয়ে যাওয়ার চেষ্টা করছে  ইসলামে শান্তি নেই  শান্তি থাকা সম্ভব নয়,AG,1
বাংলাদেশ আমাদের রাজ্যে এই রাজ্যে আমরা সবাই রাজা  আমাদের রাজ্যে কেউ আঘাতের চিন্তা করলে তার চৌদদগুষটঠির ভবিষ্যত্ অন্ধকার করে দিবো ,AG,1
এতো কিছুর পরেও যদি কোন মুসলিম যদি আওয়ামীলীগ করেন তিনি আর মুসলিম নেই,AG,1
প্রতিটি দুর্ঘটনা সত্যি মর্মান্তিকআর বাংলাদেশেতো প্রতি ঈদে দুর্ঘটনা নৃত্যদিনের সাথীতাই এই ঈদে জনসাধারনের ঈদযাত্রা যেনো সুন্দর হয় তার জন্য হাইওয়ে রাস্তাঘাট সংস্কার করা সরকারের উচিত,NoAG,0
খালেদা বেটা তারেক আন্ডার ইন্টারমিডিয়ে লোক বাংলাদেশের তৃতীয়তম ধনী হলো কেমনে  কুত্তার দল সন্ত্রাসীদের দল বিএনপিজামাত ক্ষমতায় থাকাকালীন সময় বাংলাদেশকে একটি সন্ত্রাসী রাষ্ট্র বানিয়ে গিয়েছিল সেটা কি জানা আছে,AG,1
পুলিশলীগের দিন শেষ,AG,1
আমার ডেলিভারির জন্য রেস্টুরেন্ট অর্ধেক অর্ডার ভুলে যায়,NoAG,0
গাঁজা খাইয়া ওয়াজ চোদাচ হ্লা মাদারচোদ,AG,1
চুদানাল্লা উট এর গু মুত ধন চুষা কোন  টাই বাদ দেয় নি তোদের চুদন মুহাম্মদ,AG,1
দুর্ভাগ্যবশত এটা শুধুমাত্র আমাদের আপনার  সঙ্গে হতাশা জন্য সেট আপ করুন,NoAG,0
ঐ চুতমারানি লুইচ্চামির আর জায়গা হাতড়ায়া পাইলি না,AG,1
বিএনপির এমপিরা কথা বলতে গেলেই হইচই ফেলে দেয় আঃলীগের বে আদব এমপি গুলোজনগণের ভোটাধিকার ছিনিয়ে নিয়ে লজ্জা শরমও খেয়ে নিয়েছেন আপনারাছি ছি,NoAG,0
মাধুরী দীক্ষিতের ১৯৯৪ সালের সাড়াজাগানো সিনেমা হাম আপকে হ্যায় কৌন মাত্র ৪ কোটি ২৫ লাখ রুপি খরচ করে বানানো এই ছবি তুলে এনেছিল ১২৮ কোটি রুপি,NoAG,0
রিভার প্লেট সমর্থকরা সেটা নিয়ে গেলেন লজ্জার এক ঘটনায় বোকা জুনিয়র্সের খেলোয়াড়দের বহন করা বাসে ন্যাক্কারজনক হামলা চালিয়েছে তাদের সমর্থকরা,NoAG,0
এই  মহিলা পাগলের  পাগল 	,AG,1
দাদা এটা কোথাকার জায়গা বলুন আমাকে চুঁদতে হবে	,AG,1
জঙ্গী ও ইসলামের আসল রসায়ন যা ভন্ড মুমানরা অস্বিকার করে,AG,1
আসিফ একটা কুলাঙ্গার,AG,1
এটি একটি সালাদ এবং ছোট  এর   মূল্য ছিল একেবারে না খারাপ সেবা হয়তো বলছি ঠাকুরমা আমি জানি না মৃত্যু হয় আমি তোমাকে বলতে সত্যিই কি অভিজ্ঞতা সম্পর্কে আমাকে পাগল বানিয়ে চাই আমরা ছোট পিজা এবং সালাদ অর্ডার এবং বলছি কম যত্ন নিত পারতেন এবং আমাদের  গ্রহণ এবং আমরা বসলেন আমরা প্রায় খুঁজছেন সেটা এবং হুম একটা চিহ্ন বলছে  বড় পিজা এবং বৃহৎ সালাদ শুধুমাত্র   আছে বাহ দারুণ হয়েছে যদি লোক আমাদের যে বলেন হবে আমি ক্ষুধার্ত ম্যাড এবং অসন্তুষ্ট বাকিমালিকে আপনার কর্মীদের  এবং বিশেষ কহন এর মান শেখান কিছু এত ছোট প্রভাবিত করতে পারে একটি গ্রাহকদের নেতিবাচকভাবে অভিজ্ঞতাআর তোমার স্যালাডে গুরুতরভাবে  হয়যদি না আমি মরিয়া আছি ফিরে যেতে হবে না,NoAG,0
বাংলাদেশের পুলিশ বাহিনী পাপিয়ারে মাইরে কুত্তা দিয়ে খাওয়া,AG,1
অবৈধ সরকার সাধারণ মানুষের কথা চিন্তা না করে বিএনপি কখন কি করলো এখন কি করছে এটি নিয়ে দিনরাত শুধু বকবক আরে আসছে এদের কথা শুনলে মনে হয় বিএনপি রোগে ধরেছে ওদের,AG,1
﻿সুন্দর জায়গা  সুস্বাদু খাবার  ভালো সার্ভিস ,NoAG,0
এরাই সেই চোর আওয়ামীলীগে কোন একটা ভালো মাুনষ নাই সবিই মিথ্যেবাদ সব নাস্তিক,AG,1
বাহ কি দেশ মুক্তিযোদ্ধার সন্তান মারা যায় আর ক্রিমিনালরা বেঁচে থাকে বহাল তবিয়তে,AG,1
বাজারের এই দশার জন্য অন্যতম দায়ী ব্যাংক খাতের দুরবস্থা ক্রমবর্ধমান খেলাপি ঋণের কারণে ব্যাংক খাতে তারল্য–সংকট আছে ব্যাংকের আর্থিক ভিত্তি নিয়েও মানুষ সন্দিহান ফলে ব্যাংকের শেয়ারের পতন হয়েছে,NoAG,0
চীনের জিনজিয়াং প্রদেশের মুসলমানদের উপর চীন তার দমননীতি বন্ধ না করা পর্যন্ত চীনা কর্মকর্তাদের ভিসা বন্ধ করার ঘোষণা দিয়েছে মার্কিন যুক্তরাষ্ট্র মার্কিন পররাষ্ট্রমন্ত্রী মাইক পম্পেও মঙ্গলবার এক টুইটবার্তায় এই ঘোষণা দেন খবর এএফপির,NoAG,0
গাই গরু মা দরা গরু তুদের বাবা,AG,1
আপনাদের ঈশ্বর মিথ্যা বলল কেন মানে গীতাতে এসব লেখা আছে আর বেদে এর উল্টোটা লেখা আছে এত্ত গড়মিল কেন,AG,1
ধন্যবাদ আপনাকে স্যার নিজের ব্যাপারে সত্য স্বীকার করার সৎ সাহস সবার থাকেনা আপনার সেটা আছেসবাই নিজেকে মহামানব হিসেবে প্রতিপন্ন করতে চায় নিজের দুর্বলতা লোকের সামনে বলার সাহস সবার থাকে না,NoAG,0
রওশন অাপা কি এখন এরশাদ সাহেবের সাথে থাকেন না অার সিএমএইচ কি এরশাদ সাহেবের রেষ্টহাউজ জাতি জানতে চাই এরশাদ সাহেবের নির্বাচন কেন্দ্রিক রাজনীতির এই অসুস্হতার নাটকের অবসান কি অাদৌ শেষ হবে,NoAG,0
কোনো প্রমাণ আছে আল্লাহর অস্তিত্বের  জন্নত এবং জাহান্নামের অস্তিত্বের কোনো প্রমাণ আছে  দোজখের আগুন কি করে জ্বলে তাতে কোন ধরনের ইন্ধন ব্যবহৃত হয়  সর্য কি কোরে কর্দমাক্ত পাঁকে ডোবে ,AG,1
৫৭ সেনা অফিসা যে দিন মেরেছে সে দিন আজিজ মার্কা কোথায় ছিল,NoAG,0
গে খানকির পোলা দুইটা এক হইছে অনেক দিন পর শালা সমকামী,AG,1
দ্বিজেন্দ্রলাল সেই অবসরে হারমোনিয়াম নিয়ে বসলো এবং চাবি টিপতে লাগলো কিছুক্ষণ পরে কার্তিক চন্দ্র ফিরে এসে শিশু পুত্রের কান্ড দেখে অবাক  ছেলে তার গাওয়া কঠিন গানটি ঠিক ভাবে শুরু করে গাইছে,NoAG,0
আল্লাহ পাক প্রাথমিক বিদ্যালয় পাশ করেন নাইকী আশ্চর্যজনক আপনার পাণ্ডিত্য ,AG,1
যত্ন করে কাঁদানোর জন্য খুব আপন মানুষগুলোই যথেষ্ট,NoAG,0
ওর বাসায় যাওয়ার পর ওর রুমে আমি একটা আশ্চর্য জিনিস দেখেছি তাহলে ডিজিটাল নামাজের টাইম টেবিল,NoAG,0
আমি কি বলসি আমি বলসি সেই লোক মাদক ব্যাবসায়ী হলেও তার ফেয়ার ট্রায়াল এর মুখোমুখি হওয়ার রাইট আছে,NoAG,0
সময় আর বেশী দিন নাই এই ইহুদি সরকার দের পতন ঘটবে,AG,1
আওয়ামিলীগের সবাই মিলেও শিবিরের একটা জুতাও বহন করতে পারবে না,AG,1
সেনাবাহিনী কে আর দেশপ্রেমিক বলা যাবেনা তারা এখন আওয়ামী প্রেমিক টাকার কাছে নিজের শপথ কে বিক্রি করেছে,NoAG,0
শুভ জন্মদিন কৃতি বাবার কৃতি সন্তানরা যেন সবসময় ভালোই থাকে,NoAG,0
সিলেক্সানে খাড়াইতে গেলে ইরাম এট্টু আটু হইতেই পারে রাজনীতির কিছু নাই,NoAG,0
﻿স্বাদ ভাল ছিল পরিবেশ গড় মানের ছিল,NoAG,0
এদিক থেকে আশা করি তালাকের চিন্তা মাথায় আনতে হবে না আমার কারণ তোমার ভাবি আর আমার গরমঠান্ডা জনিত বিরোধ তেমন একটা নাই তবে খাওয়াদাওয়া শুরু করলে উনার এসি অফ করন লাগে এইটাই একটু ইয়ে আর কি,NoAG,0
জীবনের কষ্ট গুলো যদি বেঁধে রাখা যেত  তবে তা যত্ন করে বেঁধে রাখাতাম কারন কোন একসময় যদি ফিরে আসো তাহলে দেখাতাম  তুমি চলে যাওয়া তে কতটা কষ্টে ছিলাম আমি,NoAG,0
বলির পাঠারা সব সময়েই ধারন করেছে মানুষের অত্যাচার দুর্নীতি আর কষ্ট করবার হিংস্র প্রবণতাকে মুক্তি দেয়ার রহস্যময় ক্ষমতা,NoAG,0
﻿  একেবারে আশ্চর্যজনক খাবার আমার দ্বিতীয় প্রেমের বার্গার এবং হ্যাঙ্গআউটের জন্য মহান পরিবেশ বন্ধু এবং পরিবারের সময় সঙ্গে বার্গার জন্য অবশ্যই সেরা জায়গা খাদ্য  মূল্য  সেবা  স্থান এবং পরিবেশ ,NoAG,0
সৈয়দ আশরাফ এমন কথা বলে নাই৷ এভন্ড প্রতারক হুজুর সৈয়দ আশরাফের উক্তিটি বিকৃত করেছে৷ একে যতো তাডিতাডি সম্ভব গ্রেফতার করা হোক৷ আপনারা সবাই দ্রুত শেয়ার করে প্রশাসনের দৃষ্টিতে দিন৷ তাহলে দ্রুত এই ভন্ড গ্রেফতার হবে৷,NoAG,0
তুই পাক্কা খানকির ছেলে  তোদের বাড়া হাফ,AG,1
অসুস্থ হতে কেউই কিছু বলত না কিন্তু তুমি তো রীতিমত সুস্থ গটগট করে পিংক সিটির গেটের দিকে হাঁটা দিলে যাবার আগে পিছের কাউকে একবার হাত তুলে একটু সরিও বললে না তাতেও না হয় বুঝতাম তোমার কিছুটা হলেও সেন্স আছে,NoAG,0
উভয় পক্ষের জবাবদিহিতা থাকতে হবে আর যেকোন সরকারের সমালোচনা শুনার মত ধৈর্যশীল হওয়া জরুরি,NoAG,0
নরমাল ডেলিভারির মাধ্যমে আমি এখন এক কন্যা সন্তানের মা আলহামদুলিল্লাহ্‌ আমার বাবু হওয়ার পর ডেলিভারি নরমাল হয়েছে শুনে সবাই অবাক হয়েছে,NoAG,0
আহারে দেশ কি অবস্তা স্কুলে পড়ে বাচ্চাছেলেদের উপর পুলিশি নোংরা আচরন,NoAG,0
কারাগারে মৃত্যু একধরেন অনুভূতি হয় আর হাসপাতালে মৃত্যু অন্য ধরনের অনুভুতি হয় কেন যেন মনে হচ্ছে কেউ দ্বায় এড়ানোর চেষ্টা করছে ফলাফল হয়তো নিকটেই পাওয়া যাবে,NoAG,0
চিড়িয়াখানায় তোদের ভগবান কিন্তু বেশ জনপ্রিয়আর মুখ পোড়া হলেতো কথায় নেইআমরা কাউকে গালি দিলে কুত্তা বানরহনুমান বলে গালি দিআর তোরা তাদের ভগবান মানিসতোদের সাপ ভগবান দেখলেই আমরা পিটাইতোরাও তো ভগবান পিটাইতে ছাড়িস না,AG,1
নিজের বেস্টফ্রেন্ডের মৃত্যুতে কষ্ট ঐ মেয়েটাও পেয়েছে বরং আন্দোলনকারী সবার চেয়ে বেশি আঘাত পেয়েছে আনুশকা রয় কিন্তু বন্ধুত্বের অনেক বড় দৃষ্টান্তও সে দেখিয়ে দিয়েছে এই একটা মেয়ের সাহসিকতায় আশ্বস্ত হয়ে শত শত মেয়ে বাবামা সহ ছুটে এসেছিল আন্দোলনে অংশ নিতে আন্দোলনকারীরা নিজচোখে দেখে নিয়েছিল এতো কষ্টের মাঝেও কিভাবে শক্তভাবে নেতৃত্ব দিতে হয় সবদিক সামাল দিতে যেয়ে মেয়েটা সবাইকে ভুলিয়ে দিয়েছিল তার কষ্টটা সবচেয়ে বেশি এবং চাপটাও তার ওপরই বেশি আর এসবের মাঝে নিজের দিকে খেয়াল করার সময়টুকু সে পায়নি এতো এতো প্রেস এর সামনে কথা বলার অভিজ্ঞতা নিয়ে আন্দোলনে নামে নি আনুশকা তাই একটা শব্দ তার ভুল হয়েই গিয়েছিল ,NoAG,0
১০ দিনের সঙ্গমে তোর মত এক একটা জারজ জন্ম দিয়া গেছে  তোদের মত চুতমারানির পুতেরে পাইয়া জাতী খুব লজ্জিত ,AG,1
এই দুইটি দল যে দিন বিলুপ্ত হবে সেই দিন আসবে গনতন্ত্র এবং মুক্তি পাবে আঠার কোটি মানুষ আর পরিবারতন্ত্রের কবর হবে ইনশাআল্লাহ,AG,1
ভাই ভিডিও গুলো একটু ছোট করেন এত বড় ভিডিও দেখতে মাঝে মাঝে বিরক্ত লাগে😑,NoAG,0
হিন্দু ধর্ম পাগল,AG,1
পুটকিতে বাশ দিমু আবাল চোদা,AG,1
অটোস্কলেরোসিসের চিকিৎসা কী এখন পর্যন্ত এমন কোনো ওষুধ আবিষ্কৃত হয়নি যা দিয়ে এই রোগ থেকে পুরোপুরিভাবে আরোগ্য লাভ করা যায় অল্প যে কয়েকটি ওষুধ আছে যেগুলো ব্যবহার করে এই রোগ যাতে আর না বাড়ে বা দুই কানেই যাতে না হয় সেই চেষ্টা করা যায়,NoAG,0
বিএনপির এই অবস্থার জন্য এই গ্রেনেড হামলা দায়ীবিএনপি এই কাজ না করলে এমন দিন বিএনপির আসত না,AG,1
ভাই হিন্দু ধর্মে যদি ভেদাভেদ নাই থাকে তাহলে হিন্দু ধর্মে ৪ বংশের কথা বলা হয়েছে কেন আর হিন্দু ধর্মে উচু বংশ নিচু বংশ হলো কেন,AG,1
ভাই বিসিবির যে এত টাকা কাদের জন্য হইছে খেলোয়ারদের জন্য হইছেখেলোয়ারা আছে বলেই বিসিবি স্পন্সর পায়টিভি সত্ব বিক্রি করে টাকা পায় আইসিসি থেকে টাকা পায়তাই খেলোয়াড় দের টাকা খেলোয়াড় দের দিসে নো প্রবলেম,NoAG,0
হিন্দু আস্তিক আর মুসলিম আস্তিকদের ধর্মযুদ্ধ এটাকে বলা যেতে পারে উগ্র সাম্প্রদায়িকতা সাম্প্রদায়িক দাঙ্গা এভাবেই শুরু হয়,NoAG,0
এক বিজ্ঞপ্তিতে গ্রামীণফোন জানায় বাংলাদেশের স্বাধীনতার এই অনবদ্য দলিল সব বাঙালিসহ সারা বিশ্বের মানুষের কাছে এক অনুপ্রেরণা হয়ে আছে,NoAG,0
অসম্ভব পর্যায়ের প্রতিকূলতা আর অপর্যাপ্ততা কে সঙ্গী করেআফসোসএরা যদি উপযুক্ত পরিচর্যা সম্মান আর সম্মানী পেত,NoAG,0
শিগগিরই বিএনপি সিদ্ধ ডিম খাবে,AG,1
বাংলাদেশে যত সৃষ্টিশীল মানুষ আছে এদের মধ্যে ফাহমি ভাইকে অন্যতম মনে করতাম ভাবতাম একটু পাগল টাইপ তবে আসলেই ভাল মনের মানুষ,NoAG,0
অত্যন্ত ধীর সেবা আমাদের এক আইটেম কেবব চাল জন্য  মিনিট অপেক্ষা করেছেন স্বাদ প্রত্যাশা নীচের ছিল,NoAG,0
বিচার চাইতে আসছিলো পুলিশ বিচার করে  হাসপাতালে পাঠিয়ে দিয়েছে ,NoAG,0
চিৎকার করো হে নারী যতদূর গলা যায় আমাদের শুধু মোমবাতি হাতে নীরব থাকার দায়,NoAG,0
ধরষোকদের ধর্ম হিন্দু,AG,1
সোরকার আবার কি গয়া মারলো হাসিনা সোরকার আসে বলে আজো বাছে আসিস নামাজ পরিসনা খালি সোরকারের দোস তাইনা মাদার চোদ,AG,1
সবচাইতে খারাপ দরম হিনদু,AG,1
এতদিন মুসলমান সরকার ছিল দিল্লিতে এইবার হিন্দু সরকার দেখ কি হয়,AG,1
মাগির বাচ্ছা বাড়ি কই তর কুত্তার মত পিটামু তরে,AG,1
হিন্দু কুত্তার বাচ্চাদের উচিত বিচার করতে হবে,AG,1
ধুরও কুত্তার বাইচ্চা শালা কুত্তা,AG,1
তোরা নিজেরাই বা কিসের সম্মান দিস পুজার আগে দেবীর ন্যাংটা দেহ দেখিস কয়দিন কাপড় পরিয়ে আবার পা দিয়ে ফেলে দিস পানিতে তোদের মত ডান্ডিদের কি বা সম্মান আছে যাকে পুজা করিস তার গায়েই পা তুলিস,AG,1
নোংরামি অশুদ্ধ বাক্যগঠন যেই ভাষার জন্য প্রাণ দিলো এত তাজা লোক যেই মহান শহীদদের স্মরণে আয়োজিত হয় বইমেলাসেখানেই ভাষার এত কুৎসিত ব্যবহার আমায় গভীর ভাবে ভাবায় এ নিয়ে সুশীল সমাজ এমনকি গণ্যমান্য ব্যক্তিবর্গ কেও কিছু বলছে না,NoAG,0
মানুষ এত বেক্কল হতে পারে আমি আজ প্রথম দেখলাম,AG,1
পুলিশ ছারা মাঠে নামুক এক দিন টিকতে পারব না শেখ হাছিনা,AG,1
ডাক্তার বিরুধী স্টেটাস দিয়ে দুটু লাইক কামিয়ে নিন দ্রুত এ সুযুগ সিমিত সময়ের জন্ন,NoAG,0
ধর্মীয় যেকোন সংস্কার কু তখনই হয় যখন সেটা মানবজীবনে বা সমাজে কুপ্রভাব ফেলে এখানে কি ভাবে কু্প্রভাব হলো সেটা যদি কেউ ব্যাখ্যা করলে খুশি হবো,NoAG,0
আমি নিজেই জানি যে সাবান দিয়ে হাত ধুতে হয় কিন্তু ট্রাস্ট মি আমি কোনদিন ভাত খেতে বসার আগে সাবান দিয়ে হাত ধুই না,NoAG,0
আপনে বলেছেন ইসলামের কিছু হবে না … হবে নাইতো  পৃথিবীতে লুচ্চা ফেরেকবাজদের সংখ্যাই বেশি আগাছার বৃদ্ধি বেশি সবাই জানে,AG,1
মুসলিমরা নামাজের সময় গালাগালি করে আবুলাহাবকে অমুসলিমদের ওটা নাকি ইশ্বরের কাছে পার্থনা,AG,1
সিবিলের এই অবস্থা দেখে ক্ষিপ্ত হয় ডরিয়ান তার সাথে সম্পর্ক ত্যাগ করে সে,NoAG,0
সেলাইহীন কাপড় পরব এবার পুলিশ যে কায়দাই করুক গাঁজা কিংবা ইয়াবা ঢুকাতে পারবে না,NoAG,0
নিশ্চয় মহিলাটার স্বভাব দোষ ছিল,AG,1
এক দিন ঠিকিই ইসলাম প্রিথীবি থেকে বিলুপ্ত হয়ে যাবে,AG,1
এই দোয়া আল্লাহর কাছে তিনি যেনো আপনার সন্তানদের মাধ্যমে আপনাকে আপনার সন্তানের পিতা হিসেবে সর্র্বোচ্চ শান্তি বরাদ্ধ করেন,NoAG,0
ছি এসব মূর্খ সেনা প্রধান আমাদের দেশ পরিচালনা করে,AG,1
জামায়াতের কিছুই হবে নাবিএনপিই শেষ হয়ে যাবে,AG,1
আসলে  সে  একজন  খুব  খারাপ  অকৃতজ্ঞ   মানুষ 	,AG,1
ভন্ড কাদিয়ানী থেকে সাবধান এরা আস্ত খানকির ছেলে ,AG,1
প্রথমত বলব তুই হিন্দু কেন মাদ্রাসার ব্যাপারে নাক গলাবি,AG,1
আমরা ব্রাজিল আর্জেন্টিনা বুঝি না৷ আমরা সবার খেলা এনজয় করিভাল দলের প্রশংসা করি এবং দুর্বল দলের জন্য শুভ কামনা জ্ঞাপন করি৷,NoAG,0
সব মিলিয়ে সেপ্টেম্বর থেকে এখন পর্যন্ত দেশের মানুষকে অত্যন্ত চড়া দামে পেঁয়াজ কিনতে হয়েছে একসময় দেশি পেঁয়াজের কেজি ২৫০ টাকায় ওঠে যা স্মরণকালের মধ্যে সর্বোচ্চ,NoAG,0
সিনহার হত্যা হয়েছে সরকারের অনুমতি  হাছিনার বিচার হবে  আল্লাহর দরবারে,AG,1
শহরের কৃত্তিমতার নিদারুণ চাপে শীতের সকাল প্রকাশ পায় না তার নিজস্ব রূপে গ্রামের মত নেই এখানে কুয়াশার স্নিগ্ধ জৌলুস ছদ্মবেশী মানুষের ভীড়ে শীতও যেন পরে আছে খোলস,NoAG,0
হিন্দুরা বাংলাদেশের শত্রু এরা এদেশের খায় পড়ে আর ইন্ডিয়ার সাপোর্ট করে শালা হারামীর বাচ্চা,AG,1
হিন্দুরা বিশ্বাস করে বহু দেব দেবীতে  মহাভারতে ও দেবদেবীদের ধর্ষণ তো রয়েছে ,AG,1
হিন্দু ধর্ম সবচেয়ে বড় অযোক্তিক ধর্মআর হিন্দুরা সবচেয়ে কট্টরপন্থী মুর্খ বাচাল জাতি,AG,1
বাঙালি এমনই এক বোকাচোদা জাত যে ডাইরেক্ট চোদা না খাইলে বুঝেই না চোদন কি জিনিস,AG,1
শালা  বাটপার  বলস  একটা  দেখাস  আরেকটা 	,AG,1
ছিঃ এটা কি কোন ধর্ম হতে পারে,AG,1
﻿সুস্বাদু পাস্তা  আনন্দদায়ক পরিবেশ  এটা পছন্দ করেছে ,NoAG,0
অনুপম  দেয়  আর  কত হতাশ করবে কোটি ক্রিকেট প্রেমী বাংলাদেশীকে😞,NoAG,0
কয়েকজন প্রতিবন্ধী ব্যক্তি ও তাঁদের পরিবারের সদস্যরা বলেন শহরের জনসমাগমস্থলে শৌচাগারের সংখ্যা কম যেগুলো আছে তার সব কটি প্রতিবন্ধীবান্ধব নয় এতে জান্নাতুল নাঈমার মতো প্রতিবন্ধীদের ভোগান্তি পোহাতে হয়,NoAG,0
আরেকজন নিজেকে গোপনে রেখেছে কারণ আপনি যে ভয়ে সত্য বলেন নাতিনি সেই ভয় থেকে বেঁচে থাকার জন্য গোপনে আছে,NoAG,0
খানকির  বাচ্চা  এই  সব  দেখানো  উচিত  নয় 	,AG,1
মালু গো চুদা মুদির জারজ সন্তান তোর দিদিরে কিন্তু চুইদ্দা মাইরা পালামু খানকির পোলা,AG,1
শালার পো শালা,AG,1
মাদারচোদ তুই সামনে আয়তরসালা তর দাত বাগমু,AG,1
করোনাভাইরাসের প্রাদুর্ভাব বাড়ায় বিশ্ববাজারে জ্বালানি তেলের চাহিদা কমছে চাহিদা কমায় দামে নেতিবাচক প্রভাব পড়ছে,NoAG,0
যদি দূখ দাও তবে মনে করবো তোমার ভালোবাসা ছিলো মিথ্যা কিন্তু এত দুখ দিয়েছো আমায় ছেড়ে সারা জীবনের জন্য চলে গেছো মাটির কবরে,NoAG,0
শুভ জন্মদিন প্রিয় প্রিয় এবং প্রিয় সালমান শাহ আপনি যেখানেই থাকুন ভালো থাকুন আপনার আত্মার মাগফেরাত কামনা করি আমিন এবং সাথে এটাও কামনা করি যারা আপনার অকাল মৃত্যু ঘটিয়েছে তাদের এই দুনিয়াতেই যেন শাস্তি হয় আর আখিরাতের শাস্তি তো থাকবেই মিস ইউ,NoAG,0
সব সরকারের আমলেই বিটিভি শুধু উন্নয়নের জোয়ার দেখায়,NoAG,0
প্রভু গনেশ হলো ডোনাল্ড ট্রাম্পের ১মাত্র জারজ সন্তান,AG,1
আচ্ছা বুঝলাম তোর সৃস্টিকর্তা কে তুই আর কি করবি তুই মুফার সাথে চু চু করমুফা বান্দরের জন্মদিনে গান শুনা,AG,1
আওয়ামীলীগের কঠিন শাস্তি বাংলার মাটিতে হবেই ইনশাআল্লাহ,AG,1
কত বাজে বিমপি আর জামাত ছি৷ ধিক্কার জানাই,AG,1
আমি বুঝিনা নাটক সম্পর্কিত  বাদ দিয়ে আজাইরা প্যাচাল পাড়ে কেন,NoAG,0
ধর্ষণ শুধু কি নারীর ক্ষেত্রেই প্রযোজ্য তবে পুরুষযুবকছেলে অন্য কোন পুরুষনারী কর্তৃক এমন অবস্থায় পরলে সেটাকে কি বলা হবে ,NoAG,0
বয় নাম একটি   আমি যদিও কিন্তু আমি একটি সময়ে লিখছি ছিল এই রেস্তোরাঁর সত্যিই জীবন পরিবর্তন ছিল পরিষ্কার করা চেষ্টা করব তাই অনেক যাতে আমি রান্নাঘর একটি ডাইনিং রুম টেবিল অতিরিক্ত গিয়ার কিনছি এবং কোন শৃঙ্খল গতাগতি না যখন আমি এই অভিজ্ঞতা শক্তির উপর ভিত্তি করে আমার নিজ শহর আছি এমনকি মন ভালো এই জায়গাটির  ভঙ্গ হবে না আমার মেজাজ ভালো নেইটেক্সাস পনির ফ্রাই সুন্দর বিস্বাদ  স্টেক ফ্রাই যে মন্টেরি জ্যাক চেডারপনির এবং বেকন হতে বোঝানো হয় এর জগাখিচুড়ি উভয় ক্ষেত্রেই পনির নিজেই একসঙ্গে মিশিয়ে সত্যিই ভাল বা যে আমি যা ছিল না বেকন মিমি মাংস পদাঙ্গুলি পেরেক সংবাদপত্রের কাটিয়া রাখা অংশ এটি উপরে শেষ পর্যন্ত একটি খুব উদার মেয়াদ হয় অনুগ্রহ সংরক্ষণ করা হচ্ছে শুধুমাত্র  একটি আদেশ ক্রম করা হয়কিড এর খাবার পবিত্র বিষ্ঠা শুকনো এবং  গাজর সবচেয়ে জেনেরিক বান সবচেয়ে মৌলিক হট ডগ চিন্তনীয় অনুষঙ্গী কোন রিফিল কোন খড় পারেন ড্রিংক এই সময় দেওয়া এ পর্যন্ত সবচেয়ে কঠোর বাচ্চার খাবার করে আমি পূরণ করেছি অবশ্যই একটি লাভ করতে কিন্তু প্রস্রাব ধরছে না টাটকা গাজর করতে কঠিন তাদের উপর সাদা ফিল্ম সঙ্গে নয়  দুঃখিত আপনি শুধু একটি  তারা অর্জন করেছেন উচিত গিয়েছিলাম আউট না করেছি éকাজুন স্টেক দাবি মশলা মধ্যে  করা যে আমি খুঁজে পাইনি তারা ওদের রেসিপি প্রক্রিয়া একটি ছবি দেখানো হতে পারে কিন্তু আমি এটা খুঁজে পাইনি বিরল মাঝারি হতে বোঝানো কিন্তু এক দিকে মাঝারি বিরল অন্যদিকে বন্ধ যদিও ছিল দাবনা স্টেক অনুরোধ রান্না একটি বিট উপর পাকাপক্ষের দুবার বেকড আলু আপনি কি কখনও একটি লবণ খনি খুলুন চান এই লোক আপনার জন্য এটা করতে হবে আপনি এটিকে কি নামে এর জমিন ছিল একটি ধারণা চাও দুবার চিবান একটি ভাল নাম হতে হবে বেকন বিটের সাথে উষ্ণ বমন একটি সামান্য আরো রঙিন এবং গাঁট্টাগোট্টা শব্দটি হবেভাজা পেঁয়াজ যাই হোক না কেন ভাজাভুজি তারা এসেছিল  মাশরুম শুধু আশানুরূপ সুস্বাদু যেমন ছিল ছিল আটকে ছিল এসেছিলেন তারা তাকিয়ে খুব সামঞ্জস্যপূর্ণ যদিও টিনজাত কিছু মনে করবেন তারা ভোজ্য ছিলস্টেক স্যুপ সত্যিই আরো একটি স্ট্যু কিন্তু লীঢ় প্রশংসনীয় ভাল সার্বিক সেবা  কিন্তু টয়লেট দুইবার কর্মীদের শুধু তারা কোথায় যেতে এবং আমার সামনে পায়খানা করিডোর আপ শক্তিশালী হাঁটার জন্য গ্রাহ্য না চেয়েছিল পেতে চান করলো করতে ছাগলছানা হাঁটা ছিল যে শুধুমাত্র এই অনুষ্ঠানের জন্য এর গত দুই বার ছাগলছানা জন্য মহান মজা হয়েছে গাজর  বৃত্তাকার,NoAG,0
হিন্দুর থেকে ভন্ড ধর্ম দুনিয়াতে আর নেই,AG,1
কে এই নোবেল পাবনা মানসিক হাসপাতালে অবিলম্বে যোগাযোগ করার জন্য বিনীত অনুরোধ করা হলো,AG,1
জামাতে ইসলামী দলের আমীর হিসেবে একটা কলা গাছেরও যদি দায়িত্ব দেয়া হয় তবুও মানবতাবিরোধী আপরাধের দায়ে তাকে ফাসিতে ঝালানো হবে এটা আওয়ামীলীগের পেশা ও নেশায় পরিনত হয়ে গেছে,AG,1
আমাদের দেশে ঢাকা মেডিকেলে করোনা সন্দেহ করে সামনেই  ভিড়ে না রোগী এমনেই  মরে যায় আর মহামারী হইলে দেশ ছেড়ে  পালাবে ওই ডাক্তার গুলা,NoAG,0
খারাপ সময়খুব খারাপ সময় ,NoAG,0
একটু পরে ঘড় থেকে একটা মেয়ে বের হলতাকে দেখেই আমার বুকের বাম পাশটায় একটা মোচড় দিয়ে উঠলোআমি আড় চোখে তন্ময়ের দিকে তাকালামদেখি ও হা করে অপলক দৃষ্টিতে তাকিয়ে আছেএকটা মেয়ে এতো সুন্দর হয় কি করে,NoAG,0
পুলিশকে গণ পিটানো দেন তাহলে ঠিক হয়ে জাবে ইনশাআল্লাহ,AG,1
কেন্দ্রীয় সরকার যদি তাঁর রাজ্য সরকার ভেঙে দিতে চায় দিতে পারে তবুও সংশোধিত নাগরিকত্ব আইন সিএএ এবং জাতীয় নাগরিক নিবন্ধন এনআরসি মানবেন না বলে ঘোষণা দিয়েছেন ভারতের পশ্চিমবঙ্গের মুখ্যমন্ত্রী মমতা বন্দ্যোপাধ্যায়,NoAG,0
বোন তো মায়ের ছায়ার ন্যায়  দিনরাত ঝগড়া আর দিনশেষে বোনই ভরসার আরেক নাম যার একটা বোন নেই সে পৃথিবীর অনেক বড় নিয়ামত থেকে বঞ্চিত  বোন ভালোবাসার আরেক নাম  যত্নে লালন করা কলিজার টুকরো,NoAG,0
বালাম ভাই আপনার জন্য কার পায়ে নূপুর এ গান গুলো ই ভালো ঈর্ষা তাহসান ভাইয়ের ই থাকুক না হয়,NoAG,0
সব কিছু ঠিকঠাক থাকলে একটা বড় ধামাকা হতে যাচ্ছে 😍😍😍😍 পেইজের এর মাধ্যমেই সব আপডেট জানা যাবে,NoAG,0
ওই মাদারচোদ ক্ষমতা থাকে তো আমার সঙ্গে আয়,AG,1
হিজরা নুসরাত ফারিহা আস্ত মাগীর মতো দেখতে লাগে শালিরে ,AG,1
ভাই হয়ত সে মাদ্রাসার ছাত্র টা কপি মারছে তাই বলে আপনি তার সাথে এই রকম করবেন খুব ই খারাপ ভাই মনে রাখবেন আপনি যখন মারা যাবেন এই মাদ্রাসার ছাত্র রাই আপনার কাজে আসবে আমি আপনার অনেল বড় একটা ফ্যান ছিলাম ঙ্কিন্তু এখন আমি আপনাকে ঘৃণা করি,NoAG,0
এই বেডি মন্দিরে আসার আগে কাঞ্চনা মুভি দেখে আসছে,AG,1
এন্ড স্যাড রিয়েলিটি ইজ সপ্তাহভর্তি সিটির পড়া না পড়ে কালকে স্টুডেন্টকে কি পড়াবো ওইটা দেখতেসি,NoAG,0
তোমার ছুটির দিনগুলি যেন ভরে ওঠে অনেক অনেক ভালো সময়ে মিষ্টি স্মৃতিতে যেন সেজে ওঠে তোমার নতুন বছর আর বড়দিনের আশীর্বাদে তোমার জীবন যেন হয়ে ওঠে আলোকজ্বল শুভ বড়দিন,NoAG,0
সময় টিভি বিএনপি বিরুধে মিথ্যা চার করছে সময় টিভি,AG,1
অবন্তি আপু আপনার শিষ আমার কাছে এতো এতো এতো ভাল লাগছে যে অনেক বার আমি শুনেছি কেউ বিশ্বাস করবে কি না আমি জানি না  আমি রাত ৯ টা থেকে শুনছিলাম শুনতে শুনতে কখন যে রাত ১২ টা বেজে গেলো বুঝতেই পারলাম না,NoAG,0
জাহাজ নির্মাণ ও মালিকানায় বিশ্বসেরার তালিকায় বাংলাদেশ নেই তবে জাহাজ ভাঙায় বিশ্বের সব দেশকে ছাড়িয়ে গেছে বাংলাদেশ ২০১৮ সালে বিশ্বে যত জাহাজ ভাঙা হয়েছে তার ৪৭ দশমিক ২ শতাংশই বাংলাদেশে ভাঙা হয়েছে,NoAG,0
তারা যৌনপল্লিতে আশ্রয় নিছে,AG,1
নির্দেশ পালন করা হইল,NoAG,0
এই রকম মডেল আমি বহুত আগে দুচি দিছি স্লা মডেলিং চোদাও,AG,1
শিবের বাড়া কে শান্তির প্রতীক হিসেবে ভাবা হয় 😂😂😂,AG,1
বড় বড় চুল আর গোফ দেখলে হার্টবিট বন্ধ হয়ে যেতে পারে,NoAG,0
একজনের  টা বউ নিজের বোন রে চোদে বিয়া করে নবি তার বোন রে চোদে ফতেমারে  বছর বয়সেছেলের বউরে নিয়া পালায়,AG,1
মা যেমন খানকি মেয়ে কেও তেমনি খানকি বানাইছে,AG,1
মেয়েরা কি পুরুষদের গোলাম হয়ে থাকবে নাকি,AG,1
ভাই আপনি ফেসবুকে পোষ্ট করা ছাড়া কি প্রতিবাদ করেছেন,NoAG,0
 রে ভারতের উচকানির মধ্যমে আমরা ভাই ভাই যুদ্ধে লিপ্ত হলাম,AG,1
পৃথিবীতে সবচেয়ে সুখ হল মায়ের আঁচল দিয়ে চোখের জল মুছা,NoAG,0
সরকার এমন নোংরামি করতেছে কেন বুঝলাম নামানব বন্ধন করতে গেলেও অনুমতি নিতে হবেতাহলে তো কিছু দিন পর বলবে হাগু করতে গেলেও অনুমতি নিতে হবে,AG,1
অনুদীপ  বোকাচোদার বাচ্চা বেয়াক্কল এর মতন কাজ করলি 	,AG,1
তরে গালি না দিলে মানুষ আমারে কারাপ মনে করভ তাই বাদ্ধ হয়ে গালি দিলাম গুরুছুদা মাদারছুদ কানকির পুলা,AG,1
এরা সব এক একটা বেটিচোদ এদের কে গন পিটুনি করে মেরে ফেলা দরকার,AG,1
উপদেশ থাকবেতবে কেউ অনুসরণ করবে কিনা সেইটা তার ব্যাপার,NoAG,0
আমি পুরোপুরি শাস্তি দেয়ার বিরোধী শিক্ষকরা শিশু দের আচরণ গত পরিবর্তন আনবেন তাদের কে ভালো কাজে উৎসাহিত করার মাধ্যমে ভয় ভীতি ধমক পেটানো এসব করা যাবে নাকিন্ত সমস্যা হচেছ শিক্ষক রা বেশিরভাগ সময় বিরক্ত হয়ে থাকেবাচ্চা কে স্কুলে পাঠিয়ে আমরা নিশ্চিন্তে থাকতে চাই আবার দৃষ্টি কটু ভাবে একটা জিনিস খুব খেয়াল করেছি একই ক্লাসে শিক্ষক দের কারো বাচ্চা থাকলেতার সাথে নরম ব্যবহার তার মানে হলো অন্য বাচ্চাদের প্রতি কোন মানবিক বোধ নাই,NoAG,0
এগিয়ে যাও বাংলাদেশ টাইগার বাহিনী  ১৮ কোটি মানুষ আপনাদের পিছনে আছে  তোমরা ভয় কর না জয় করো,NoAG,0
আমি হিন্দু ধর্ম বিশ্বাস করি হিন্দু ধর্ম ও মুসলিম ধর্ম যৌনসঙ্গমে ভরা,AG,1
ভালোবাসার ক্যাটাগরির গুলার ভালোবাসা দেখলে বিশ্ববিদ্যালয় পড়ুয়া যেকোনো ছেলে মেয়েরই সংসারী হতে ইচ্ছা করবে,NoAG,0
ঐক্যফ্রন্টের মাধ্যমে এই শাওয়া সরকারের পতন হবে পতন করে ছাড়বো ইনশাহআল্লাহ ,AG,1
এই মোহামেডান মাথা নিচু হয়ে ক্লাবে ফেরা এক দল যারা সমর্থকদের বুকের হাহাকার বাড়িয়ে চলে এক দশকের বেশি সময় মোহামেডানে দেশের শীর্ষ ফুটবলারদের দেখা যায় না অখ্যাতদের নিয়ে অল্প টাকায় কোনোমতে একটা দল গড়ে সেই দল যেন পেছনের বেঞ্চের ছাত্র গভীর সমুদ্রে খড়কুটো ধরে বেঁচে থাকা মানুষের মতো,NoAG,0
পাগলের রাজত্ব কায়েম হইলে এইরকম রামছাগল মারকা মন্ত্রী তো দেশে আসবেই,AG,1
মেয়েটা খারাপ তাকো ছেড়ে দেও ডিভোর্স দিলেই তো ঝামেলা শেষ,AG,1
আল্লাহ ও কোরান মুহাম্মদ এর দ্বারা সৃষ্টি,AG,1
ভাই যারা আওয়ামীলীগ বা হাসিনা আপা কে নিয়ে কথা বলছেন তারা আর আছেন দেশে যারাই কথা বলে তারাই গুম বা খুন হয়ে যায়এই দেশে তো বাক স্বাধীনতাই নাইবিরোধী দলের মিছিল তো দূরের কথা ,AG,1
সাংঘাতিক ভাই ঐ বুড়োটাকে সহ মেরে দারুন কাজ করেছেন উচিৎ ছিলো ঐ বুড়োটাকে সহ যেই কুলাঙ্গার এই মাসুম বাচ্চাটাকে এইভাবে বেঁধেছে তারে সহ দুজনকে এক রশিতে বেঁধে লাঠি দিয়ে বরাবর একঘন্টা পিটানো উচিৎ ছিলো,NoAG,0
ইসলামের বর্বর রুপআমরা জানতে চাই ইসলাম ধর্ম হতে পারে না √ ইসলাম কোন্ ধর্ম নয়,AG,1
আওআমিলিগের পতন একদিন হবেই,AG,1
আমরা যদি নিরবে সহ্য করে যাই তাহলে আগামী ১০বছরেও এই রীতির পরিবর্তন হবেনা,NoAG,0
দুর্ভাগ্যবশত খাদ্যের কিছু সম্পর্কে কাজ করতে কিছু ছিল না,NoAG,0
আর কত খেইল দেখাবি ইন্ডিয়া আর আইসিসিব্রোকে আউট করার জন্য বাইরেও স্ট্যাম্প পুঁতা লাগে এত ভয় পাস তোরা ইম্রুল ব্রোকে নেক্সট ম্যাচে পুরা মাঠে স্ট্যাম্প লাগায়া খেলিস,NoAG,0
চুদির পো ব্রাজিল টা রে খাইয়ে দিলি  রে,AG,1
সব পাগল পুগলের কারখানা হিন্দুদের মাঝে ১ হাত জিববা বের করে আছে দেকলেই তো ভয় লাগে জাকে দেকলে ভয় লাগে সে কখনো মানুষের কল্যানে আসতে পারে আমি বিশ্বাস করি না সবি নাটক আর কিছু না,AG,1
ভালো মানুষ মুসলমানরা যদি হিন্দু বা অন্য ধর্মের লোকদের প্রতি সহানুভূতি দেখায় তাহলে জিহাদিদের হাতে তাদের প্রাণটা সপে দিতে হবে,AG,1
যাদের নাই জন্মের ঠিক তারাই করে আওয়ামীলীগ ও ভারতের দালালি যারা আওয়ামিলীগ করে তারাই প্রকৃত রাজাকার,AG,1
ঢাকা আন্তর্জাতিক বাণিজ্য মেলার ডিআইটিএফ সময় আরও দুই দিন বাড়ল মেলা শেষ হবে ৬ ফেব্রুয়ারি বৃহস্পতিবার,NoAG,0
এই শালির বোধার মাঝে মুড়িচ লাইগার দরকার,AG,1
আশা করি প্রথম আলো তার আলাপন অতিথি সম্পর্কে পাঠক এবং দর্শকশ্রোতাদের আগ্রহের মাত্রা টের পেয়ে গেছে,NoAG,0
 ইউরোপজুড়ে ছড়িয়ে থাকা নাৎসি কন্সেন্ট্রেশন ক্যাম্প থেকে টাকা পাসপোর্ট দলিল জালিয়াতের অভিযোগে গ্রেফতার ইহুদিদের খুঁজে বের করেন,NoAG,0
বিপিএলে কাল অবিশ্বাস্য ইনিংস খেলেছেন আন্দ্রে রাসেল চট্টগ্রাম চ্যালেঞ্জার্সের বিপক্ষে যখন ব্যাটিংয়ে নেমেছিলেন তখন রাজশাহী রয়্যালস ৮০ রানে হারিয়েছে ৪ উইকেট ফাইনালে যেতে তখনো ৬৪ ওভারে ৮৫ রান দরকার ক্যারিবিয়ান তারকা ম্যাচটা শেষ করেছেন ৪ বল হাতে রেখে ২২ বলে অপরাজিত ৫৪ রানের ঝোড়ো এক ইনিংস খেলে,NoAG,0
সরকারি কর্ম কমিশনের পিএসসি সকল পরীক্ষা ১৮ মার্চ থেকে ৩১ মার্চ পর্যন্ত স্থগিত করা হয়েছে আজ সোমবার পিএসসির এক সভা শেষে এ সিদ্ধান্ত নেওয়া হয়,NoAG,0
তারা হালবের বিল্ডিং এর দরজার কাছে বসে খেলতে ছিল আর হঠাৎ আকস্মিক বিমান হামলায় তাদের জীবন যায় আল্লাহ তাদের জান্নাতে নিয়ে গেছে কিন্তু আমরা তাদের রক্তের প্রতিশোধ অবশ্যই নিব,NoAG,0
হযরত ছিল ডাকাত লুণ্ঠনকারী ধর্ষক সেই জন্য কেলানি খাবার ভয়ে মদিনায় পালিয়ে গিয়েছিল,AG,1
এখানের ভাল ছেলের সকল গুণাবলী কম বেশি থাকলেও সে সব ভাল বলে গ্রহণ করার মত মেয়ে আদৌ আছে কি না সন্দেহ,NoAG,0
বিএনপি জিন্দাবাদ চোরের মার বড় গলা বাঁধা সিংহ কে সবাই গুতা দিতে পারে,AG,1
ওরে নবীর ভক্ত তোদের নবী জন্মাবার হাজার হাজার বছর আগে থেকেই আমরা মূর্তি পূজো করে আসছি আল্লা নামে ডাকতে শুরু করলি জিসাসের জন্মেরো ছয়শো বছর পর আর আমাদের বিশ্বাস যিশুর জন্মের হাজার হাজার বছর আগের আমরা ঈসা মুসা রাসূল কে জন্মাতে দেখেছি সেদিন আল্লা নামে কোনো জিনিস ছিল না এদেশের মানুষ উপাসনা করত বিষ্ণু আর শিবের,AG,1
সবাই তো নয় সব পেশায়ই উত্তমমধ্যমঅধম আছে আপনি উত্তম সেটা নানান বিচারে বিশ্বাস করি তবে অধমও যে আছে—সেটা নিশ্চয়ই অবিশ্বাস করেন না ,NoAG,0
এই কুকুর পার্ক পায় এক  কারণ শেষ সময় আমি গিয়েছিলাম বিষ্ঠা কিছু টুকরা পার্কিং লট প্রতিটি গাড়ী প্রায় ফেটে পড়লেন চুরি করতে যাই হোক না কেন তারা  অনেক সর্বত্র ভাঙা পাশ জানালা থেকে কাচএটা এই ঘটনার আগে ঠিক হয়ে যাবে ব্যবহৃত হয়েছে কিন্তু  দিবালোক এবং অপেক্ষার মধ্যে কিছু শকুনি মিথ্যা একটি ব্যস্ত পার্কিং লটহ্যাঁ আমি এখানে কাজ করছি,NoAG,0
এই মুহুর্তে জামাতশিবির ক্ষমতায় আসুক কে কে চান জান বাজী রেখে লড়াই হবে,AG,1
অন্ধকার থেকে একটা ৪৫ বছরের মেয়ে হুট করে আসলোগায়ে দুধের মত সাদা জামা তবে শরীরটা কেমন ঝলসে যাওয়াহাতে একটা আগুনের কুণ্ডলী ভয় পাচ্ছিলাম তবে তাকিয়ে ছিলাম,NoAG,0
বির্ধমিরা বেদকে মানে কিন্তু বেদের শুল্ক কে গুরুত দেইনা ভাপতেও লজ্জা লাগে ভাই আপনি বেদের পক্ষে এতোকিছু বলছেন আর গীতাকে মিথ্যা বলছেন এটাই বুঝেছি আপনার গ্যান কতোটা সিমিত ভাই শামবেদের জে শুল্ক টি দিএছি ওটি পরে আপনি কি বুঝেছেন সেটা বলুল,AG,1
ফজলে রববি চোর হাছিনা দালাল,AG,1
জৈব পদ্ধতিতে বানানো কেঁচো সারের ব্যবহার বাড়ানো গেলে রাসায়নিক সার ও কীটনাশকমুক্ত ও পরিবেশবান্ধব কৃষিব্যবস্থা গড়ে উঠতে পারে এতে চাষের খরচের পাশাপাশি স্বাস্থ্যহানির ঝুঁকিও কমে যাবে,NoAG,0
সারা পৃথিবীতে ধর্মের নামে মুসলমান যত মানুষ মেরেছে তার কথা বলনা কেন,AG,1
দোয়া করি হাসিনা বেঁচে থাকুক হাসিনার বিচার এই বাংলার মাটিতে হবে ইনশাআল্লাহ,AG,1
তোদের আল্লাহ কে তো রোজ চুদি আমি চোদা আল্লাহ😂😂,AG,1
এরকম অভিযোগে বুধবার রাত ৩টা থেকে বিশ্ববিদ্যালয় ক্যাম্পাস উত্তাল হয়ে উঠেছিল এসময় ক্ষুব্ধ শিক্ষার্থীদের বিরুদ্ধে ছাত্রকল্যাণ পরিচালকের কার্যালয়ের জানালা এবং নেমপ্লেট ভাঙা বিশ্ববিদ্যালয়ের বিভিন্ন বিভাগের তালায় সুপার গ্লো লাগিয়ে দেওয়ার অভিযোগ উঠেছে,NoAG,0
ভারতবদ হলেই খোঁজে পাব নাগিন ড্যান্সের সার্থকতা,NoAG,0
আজ মানুষেরা চিড়িয়াখানায় যেতে হবে না কারণ আওয়ামী লীগের জানোয়ার গুলোকে দেখলে মনের তৃপ্তি আসবে আওয়ামী লীগ সেই আসল জানোয়ার চিড়িয়াখানার,AG,1
নোংরা তোদের হিন্দু ধর্ম পরিষ্কার হলে ভারত ও পরিষ্কার হত,AG,1
তুই ভারতে বসে আছিস বলে এতখন বেচে আছিসতোর সাহস থাকলে বাংলাদেশ এ এসে এগুলো বলতোকে সবার সামনে হত্যা করব,AG,1
তাহসিন বস আজ আপনার নবেল ম্যানকেনিয়ে বানানো ভিডিওটা দেখলাম আসলে আপনার সব ভিডিও গুলাই আমার খুব ভালো লাগে সব ভিডিওই আমি দেখি তবে রাবিন্দ্রনাথকে নিয়ে আপনার বলা সব কথা গুলাই ঠিক আছে,NoAG,0
কুকুরের বাচ্চা তর জন্মের ঠিক নাই মাদার চোট একটা,AG,1
বাংলাদেশ যদি জল চায় তাইলে পশ্চিম বঙ্গ দিতে পারে কিন্তু সেটাতো চায় না তাইলে দেব কি করে ,NoAG,0
কিছু কিছু গান যেনো সারাজীবন জীবিত থাকেযেমনটা এই গানযতই শুনি কখনো পুরনো হয় নাধন্যবাদ এটা আবার  করার জন্য,NoAG,0
মাটির ঠাকুরের কি দাম আছে,AG,1
তার আচারআচরণে স্পষ্ট যে সেও পাহাড়ি সন্ত্রাসীদের একজন এজন্য তাকে পাহাড়ি সন্ত্রাসী বলতে আপত্তি নাই,NoAG,0
ছিঃ ছিঃ ছিঃ ছিঃ ছিঃ ছিঃ ছিঃ ছিঃ ছিঃ ছিঃ ছিঃ ছিঃ ছিঃ ছিঃ ছিঃ ছিঃ ছিঃ ছিঃ ছিঃ ছিঃ ছিঃ ছিঃ ছিঃ ছিঃ ছিঃ ছিঃ	,AG,1
দেশে করোনাভাইরাসে আরও তিনজন আক্রান্ত হয়েছেন তিনজনের মধ্যে দুজন শিশু একজন নারী সরকারের রোগতত্ত্ব রোগনিয়ন্ত্রণ ও গবেষণা প্রতিষ্ঠানের আইইডিসিআর পরিচালক অধ্যাপক মীরজাদী সেব্রিনা আজ সোমবার এই তথ্য জানিয়েছেন,NoAG,0
খানকি  তুমি  যেখান  থেকে  এসেছো  চলে  যাবে  খুব  তাড়াতাড়ি 🙏🙏🙏🙏ওরা  ভিখারি  তো  তুই  কি  ছিলিরে  বল  আগে 	,AG,1
ঐ আপনি মানুষ না আওমলীগ♦ আওমলীগ একটি হিংস্র প্রানির নাম♦ আওমলীগ দেশ ও জাতির জন্য ক্ষতিকর ভাগ সিংহের থাবায় অনেক পশু বেচে যায়কিন্তু আওমলীগের থাবায় মানুষ সব কিছু হারায়তাই এরা হিংস্র প্রাণী ওরা মানুষ নয় ওরা হল আওমলীগ প্রাণী,AG,1
গরীবের হজ্বের দিনের পি মাইরা দিলিরে গোয়াঞ্চুদ,AG,1
আরেহ বলদ বাংলাদেশ ক্রিকেট বোর্ড যে জিম্বাবুয়ের সাথে জিতায়া দেশের জনগন কে বলদ বানায় এইটাও বোঝো নানিজের বলদ হওয়াতে খুব গর্বিত মনে হচ্ছে তোমারে ছাগল কথাকার,NoAG,0
আপনারা যারা আওয়ামীলীগ এর একনিষ্ঠ অংশ যারা সত্যি দেশ ও দলের ভালো চান তারা কি পারেন না এইসব রক্তচোষা জোঁকদের একঘরে করতে,NoAG,0
খানকির ছেলে বেশি ফ্যাক ফ্যাক করিসনা তো বাল,AG,1
যারা ত্রাণের চাউল  চুরি করলো তাদের বিরুদ্ধে কি ব্যবস্থা নিলেন তা কিন্তু  বললেন না সেটা জাতি জানতে চায়,NoAG,0
এই দুটি দলকে বাংলাদেশে নিষিদ্ধ করে দিয়া জনগনের উচিত নতুন দল গঠন করা,AG,1
এখন জান্নাতে যাইতে হলে কি বিএনপি করতে হবে,AG,1
তোরাই নিশ্চিহৃ হয়ে যাবি কয়েকদিন পরেতোরা অবৈধভাবেই ক্ষমতায় থাকবি কারণ তোদের জনসমর্থন নাই বিএনপির ঠিকি আছে তাই তারা কখনো ভোট ডাকাতি করে নাই,AG,1
আমার এই আচরণের জন্য সে মোটেও প্রস্তুত ছিলো না বিরক্তি ভাব নিয়ে জিজ্ঞেস করলো ওমর হাসছিস কেনো মৃত্যুর ভয় নেই,NoAG,0
রাজধানীতে অভিযান চালিয়ে নব্য জেএমবির দুই সদস্যকে আটক করেছে ঢাকা মহানগর পুলিশের ডিএমপি কাউন্টার টেররিজম অ্যান্ড ট্রান্সন্যাশনাল ক্রাইম ইউনিট সিটিটিসি,NoAG,0
পূজা বনধ করে দেয় ৷,AG,1
ছিড়ে ফেলেছি আমি ডাইরির পাতা সেথা লেখা ছিল হাজার স্বপ্নের কথা ছিড়তে পারিনি আমার মনের পারা যেখানে জমে আছে জীবনের অনেক ব্যথা,NoAG,0
আরে বাবা আমরা নিজেরাই নিজেদের পচাতে ব্যাস্ত  কেনো ওরা কি ইন্ডিয়া থেকে আসছে বাহিরের ওরা দেখে আমাদেরকে নিয়ে হাসে আমি একটা কলকাতার পেজ এ এইটা দেখসি ওরা আমাদের নিয়ে যঘন্য রকমের কমেন্ট করতেসে সেটা কি ভালো দেখায় মাঝে প্রেশারের সময় আপনিও পাগলের মত প্রলাপ করবেন তাই বলে কি আপনি পাগল ভাবতে অবাক লাগে বিশ্বের উন্নত দেশ গুলো আমাদের মত এতো ইংলিশ নিয়ে পড়ে থাকেনা ওনারা নিজের ভাষা নিয়ে তুস্ট  আর আমরা বাংগালী ইংলিশ না জানলে মনে হয় মানুষের কাতারেই পড়িনা কেনো রে ভাই বাংলা ভাষা কে সম্মান করুন  আমরা প্রতিনিয়ত ৪০  ইংলিশ বলি কেনো আমরা এমন এক জাতি নিজেরাই নিজেদের নিয়ে হাসি ঠাট্টা তে মসগুল এই সব বাদ দিন নিজেকে পরিবর্তন করুন দেখেন সোনার বাংলাটাই পরিবর্তন হয়ে গেছে❤,NoAG,0
ইসলাম মোটে ই আর পাঁচটা ধর্মের মতো নয়  জলজ্যান্ত বিপদ ,AG,1
কলকাতার কালী মন্দিরের চেহারা তো আরো ভয়ঙ্কর সেখানের সাধুরা মেয়েদের ন্যায় মাথায় লম্বা চুল রাখে আর সমস্ত শরীরে ছাই মেখে উলঙ্গ হয়ে পড়ে থাকেটা সম্পুর্ণ একটা কুসংস্কার ভ্রান্তপথভ্রষ্ট হওয়ার একটা সহজ মাধ্যম,AG,1
তবে একজন নিরপেক্ষ ত্রিকেট ফ্যান হিসিবে  এর  র গায়ে প্রায় বল মেরে দেওয়া এবং আউট করার পর  এর গালি দেওয়াটা খুবই দৃষ্টিকটু লেগেছে,NoAG,0
অনেক সুন্দর কাভারেজ আর এক শিল্পী আরেক শিল্পীর সাথে মিলিত হয়ে গান রিকভারি করাটা অনেক সম্ভাবনাময় শুভকামনা,NoAG,0
আমিও বলতে পারতাম আজকে থেকে ৫০ দিন ভাত খাব না,NoAG,0
তোর  গুষ্টির  পোদ মেরে  দিবো  সুদীপ,AG,1
বুদ্ধি প্রতিবন্ধীও তো না কারণ ঠিকই তো গাড়ি থেকে নেমে এদিক ওদিক হারিয়ে না যেয়ে পিংক সিটির গেটের দিকেই হাঁটা দেয় সামাজিক প্রতিবন্ধীই হবে,NoAG,0
গনেশ এর নাক কেন হাতির ও সব তোদের ধর্ম এর বিষয় কিন্তু তোরা তোদের ধর্ম এ সন্তুষ্ট নয় বলেই অন্য ধর্ম এ ঢু মারতে আসিস আরে বাবা আমাদের আল্লাহ নবী নিয়ে তোদের এতো মাথা ব্যাথা তো প্যারাসিটামল খা গিয়ে আর গুনতে কৃষ্ণের বউ কয়টা ছিলো গুনতে গুনতে চিতায় উঠে যাবিতবু গুনে শেষ করতে পারবি না,AG,1
তুর মা যে চামড়ার ব্যাবসা করে তুকে জন্মো দিছে সেইটার পরিচয় এখানে দেওয়ার দরকার নেই,AG,1
এরকম মেয়ে দের কারণে দেশের সব মানুষ খারাপ হবে,AG,1
আঞ্চলিকতা মানেই সংকীর্ণতা নয় অনাধুনিকতা নয় আঞ্চলিক ভাষার মাঝেই আছে আত্মপরিচয় এই ভাষাতেই কথা বলেন আমাদের মায়েরা তাই কথা বলায় যে আঞ্চলিকতার টানই থাক না কেন তা তো মায়েরই ভাষা নিজের শেকড়ের ভাষা আসুন আলিঙ্গন করি নিজের মায়ের ভাষাকে জোর গলায় বলি মায়ের ভাষায় কথা বলতে লজ্জা কিসের চলুন ফিরে যাই শেকড়ের আহ্বানে মায়ের কাছে মায়ের ভাষার কাছে ভাষার মাসে এই হোক আমাদের অঙ্গীকার,NoAG,0
হিন্দু তথা সনাতন বৈদিক ধর্ম সম্পর্কে অর্ধ শিক্ষিত ও বামমার্গীদিগের দ্বারা রচিত কপোল কল্পিত রচনা সামগ্রিককে মুসলিমরা এবং কিছু সংখ্যক ভারত বিরোধী কমিউনিষ্টরা প্রামান্য গ্রন্থ বলে মনে করে কারন এই সকল গ্রন্থে উল্লেলিত বক্তব্যগুলো আব্রাহামিক ও কমিউনিষ্টদের চরিত্রের সাথে হুবহু মিলে যায় তাই ওরা সেক্স খুনোখুনি লুচপাট বিপরীত মতাবল্মীদের কল্লা কাটা লাভ জিহাদ অথবা জোরজবরদস্তি করে অন্য ধর্মাবল্মী মহিলাদের সাথে কুকর্ম করে নিজেদের সংখ্যা বাড়ানো এইসব অমানবিক কর্মকাণ্ডকে আদর্শ বলে মনে করে,AG,1
স্কোর ১১ হয়ে গেছে এবার ১২০ মিনিট চুপচাপ বসে থাকা,NoAG,0
নাহ আমি ওনার কথা মানতে পারলাম নাদেশ তো স্বাধীন করছে আওয়ামী লীগ আর রেন্ড়িয়ার ছেলেরা‌ বাকি সব তো রাজাকার আফসোস স্বাধীন দেশ আমাদের,AG,1
পুলিশ না বলে এদেরকে মাফিয়া লীগ কুত্তালীগ বললে ভালো হবে,AG,1
আমি পুরোপুরি স্তব্ধ কে এই মেয়ে কিছুই বুঝে উঠতে পারছিলাম না আপনি আমাকে এতক্ষণ জ্বীন পরী ভাবছিলেন নাকি,NoAG,0
রণবীর কাপুরও মাধুরীর ভক্ত ছোটবেলায় মাধুরীর প্রেমে পড়ার কথা জানিয়েছিলেন তিনি এখনো নাকি প্রায়ই হাবুডুবু খান প্রেমে,NoAG,0
শাউয়া হ্যাভ সাম হোগামারা  তুই এত বেহায়া কেন রে,AG,1
বাংলাদেশের নাস্তিক কেন ইসলাম বিদ্দেষী উঃকারন ইসলাম পৃথিবীর সবচেয়ে অসভ্য বর্বর জংগীদের ধর্ম এবং এই ধর্ম মিথ্যা কথা দারা প্রতিষ্ঠান পেয়েছে,AG,1
মানুষের উচিত ছিল এই বেস্যা মাগি খানকি নটি শুওরের পুটকি দিয়া পয়দা হওয়া চুদানির পুতটারে অইখানেই মাইরা ফেলা,AG,1
তর মারে পাঠাইয়া দিছ একটু টেস্ট করে দেখমু মাল্ডা কেমন,AG,1
এতক্ষনে চেতনার জাগ্রত হলোএটাত কালই সবই দেখে চুপ ছিল,NoAG,0
ওই শুয়োরের বাচ্চা থাপড়া দিয়া এক্কেবারে কানশা ফাটায়ে দিমু,AG,1
যদিও সেবাটি দরিদ্রমূল্য যুক্তিসংগত ,NoAG,0
পর্দা করে সব কাজ করা যায় না তাই নারীর বাইরে যাওয়াটাও দরকার নাই,AG,1
বিএনপি চাই না একটা ইসলামিক দলকে চাই,AG,1
এ জন্যই তো আমি আপনাদের গাঁজাখোর বলি😂 গরুর মুতশুকরের মাংসমদগাঞ্জা খাইয়া চলেন🤣 আপনি আপনার হিন্দু ধর্মের দেবদেবীর অবৈধমিলন ও ধর্ষনের কাহিনি গুলো জানেন এখনই  সহ দিয়ে দেব,AG,1
সাম্প্রতিক কয়েকটি ঘটনায় নিজের মনের ক্ষতগুলো যেন জেগে উঠল ২৩ অক্টোবর প্রথম আলোর অনলাইনের এক খবরে প্রকাশ রাজধানীর একটি ইংরেজি মাধ্যম স্কুলে চেহারার ধরনসহ নানা বিষয়ে সহপাঠীদের বুলিং সইতে না পেরে স্কুলে যাওয়া বন্ধ করে দিয়েছে ১৫ বছর বয়সী এক কিশোরী,NoAG,0
আর আমরা বাংলাদেশে তার উল্টো ডাক্তারা ছুটি নিয়ে বউ নিয়ে হানিমুনে করতে গেছে ঘৃণা হয় এইটা কে নিয়ে আবার বলে ডিজিটাল করবে,NoAG,0
আমাদের শিক্ষামন্ত্রীর অবস্থা টা এমন হয়েছে যে  আমি বিপদে নেই আমি নিজেই বিপদ,NoAG,0
তামিম শুধু একজন ভালো খেলোয়াড় নয়একটি ভালোবাসার নাম তামিম ইকবাল যারা দেশের জন্য নিজেকে উৎস্বর্গ করতে পারে তারা আমার কাছে মহামানবআর তামিম আমার কাছে একজন মহামানব যতদিন ক্রিকেট শব্দটি এই পৃথিবীতে থাকবে তত দিন তামিম তোমায় স্মরন করবে এই বিশ্ব,NoAG,0
আল্লাহ তুমি আওয়ামী জাহেলিয়াত থেকে কখন মুক্তি করবা,AG,1
নিহা দ্বীপ কে দেখে ভয় পেয়ে যায় আরো বেশি ভয় পাই তখন যখন দেখে দ্বীপের হাতে তাঁর নিজের ফোন নিহা ভয় পেয়ে জড়োসড়ো হয়ে যায়,NoAG,0
অসাধারণ বস তাহসান ২জনের অভিনয় কিন্তু সেই হয়েছে,NoAG,0
আমি আর্জেন্টিনার সাপোর্ট হয়ে এবার বিশ্বকাপ চাই না কারণ আর্জেন্টিনা কাপ জিতলে নেইমার কে সারা জীবন চিরকুমার থাকতে হবে কারণ বান্দবী বলেদিয়েছে নেইমার এবার বিশ্বকাপ জিতলে তাকে বিয়া করবে না হলে করবে না,NoAG,0
আপনার ভালো লাগলে পোস্ট করবেন আর একজন এর খারাপ লাগলে পোস্ট করতে পারবে না কেন জ্বলে ভাই,NoAG,0
আবেগের আর্থিক মূল্য থাকলে কবিরা হতেন পৃথিবীর সবচেয়ে উচ্চবিত্ত শ্রেণী আর ধনীরা হতেন সবচেয়ে নিম্নবিত্ত শ্রেণী,NoAG,0
রাস্তায় পুট পাতে তর মারে চুদে জাতির জুতা মাগির ছেলে মাগির পোলা,AG,1
জানোয়ার তোর তো ফাঁসি হওয়া ইচিত তুই কি জানিসমুফতি কাজী ইব্রাহীম কে কাদের নিয়ে তুই মিথ্যাচরণ করিসজানোয়ার কুত্তাবিড়াল তুই একটা পাপিষ্ঠ মানুষ নামের জানোয়ার,NoAG,0
হঠাৎ বিকট শব্দে ট্রেনের হুইসেল শুনি পরক্ষণেই প্রচণ্ড ধাক্কা,NoAG,0
সালা তুই কেমন মাদার ছোদ যে তুই ভিডিও করতাছত,AG,1
টেলিযোগাযোগ কোম্পানিতেও এদেশীয়দের যোগ্যতার প্রমাণ দিচ্ছেন বাংলাদেশি মাহতাব উদ্দিন সাফল্যের স্বাক্ষরও রেখেছেন বড় ধরনের লোকসানে থাকা রবি এখন লাভের মুখ দেখছে,NoAG,0
প্রথমে বাংলাদেশ কোরিয়া টেকনিক্যাল ট্রেনিং সেন্টারে যান গিয়ে আইটি সাপোর্ট কোর্সের ব্যাপারে জেনে মনোযোগ দিয়ে একের পর এক করতে থাকুন  ইনশাআল্লাহ জীবনে অন্তত চাকরী হোক আর শেখার জন্য হোক দুটোতেই লাভবান হবেন সরকারী সনদ তো আছেই,NoAG,0
এমন দেশটি কোথাও খুজে পাবে নাকো তুমি সকল দেশের রানী সে যে আমার জন্মভুমি,NoAG,0
ক্যাম্পাসে কিছু হেডম ওয়ালা কর্মচারী থাকে  এদের ভাব স্যারদের থেকেও বেশি মনডা চায়   নিয়া এগুলারে  করি,NoAG,0
চুতমারানি সালা শূয়ার তোকে খুব মারব,AG,1
আজকা সবাই লাইনের মারে চুদেন শালারে সবাই গালি দেন,AG,1
যেকোন দেশে অন্য ইসলাম ছাড়া ধর্মের কেউ এঁদের মঝে থাকলে সন্ত্রাসের ধর্ম গ্রহণে বাধ্য হয় নতুবা দেশ ছাড়া,AG,1
﻿সত্যি কথা বলতে আমি একজন ক্ষুধার্ত লোকের মত খেয়েছি ঢাকায় এখন পর্যন্ত সবচেয়ে ভালো খাবার উদ্বোধনী অনুষ্ঠানে আমাদের আমন্ত্রণ জানানোর জন্যে মঞ্জুর চাচাকে ধন্যবাদ তাই আমি আবার এসেছি ,NoAG,0
তকে এমন মারার দরকার যাতে দাড়ায়তে না পারিস,AG,1
বিশ্বের নারী নেতারা নারীদের প্রতিনিধি নয় তারা সবাই রুগ্ন পিতৃতন্ত্রের প্রিয় সেবাদাসী,AG,1
তর মারে ছুদি খানকির পোলা বাইনচোদ এর বাচ্চা তো সামনে,AG,1
আজ বাতাসে সুবাসিত স্নিগ্ধতা পাখিরা সারি সারি গাইছে গান প্রকৃতি হেলে দুলে হয়েছে রঙিন ফুলেরা সব ফুটেছে বাগানে আজ আমার কাছের প্রিয় মানুষের জন্মদিন,NoAG,0
তোমার চামরা গোটানোর দরকার শালা ভিডিও করো তোর মার মতোই রে ওই মহিলা	,AG,1
আওয়ামী লীগ রাজাকাদের গডফাদার,AG,1
সিল্কের পাঞ্জাবী হাতে ভুটকা লোকটা নিশ্চয় আরিব্বাই এজন্যই এটা নিয়া কোন কথা নাই কিন্তু হ্যাশট্যাগ ঠিকই আছে ,NoAG,0
দোয়া করি ঠেসমূল দুটি মূল মূলের আকার ধারন করা পর্যন্ত সৃস্টিকর্তা মূল মূলকে অক্ষত রাখুন,NoAG,0
করোনাআতঙ্কে বিক্রি কমছে দুশ্চিন্তা বাড়ছে,NoAG,0
কুত্তালিগ ছাড়ো আগে পুলিশ কুত্তাদের সায়েচতা করো,AG,1
সব বলদের বলদা মার্কা প্রশ্ন,AG,1
আমি আর বাবা এটা নিয়ে অনেক মজা নিচ্ছিলাম যদিও ক্লাস শুরুর পরে বুঝতে পারি ব্যাপারটা সিরিয়াস খুব কারণ আমাদের ফার্স্ট ইয়ারে ক্যাম্পাসে ছেলে মেয়ে কথা বলা নিষিদ্ধ ছিলো যেটা খুবই ফ্রাসট্রেটিং 😑,NoAG,0
জিয়াউর রহমান কে যারা নেতা বলে দয়া করে তাদের মুলার জুস দেন ভাই,AG,1
আল্লাহ জান্নাতে  টি বেশ্যা আর দুইটি বউ সাপ্পাই দেবে সেই আশায় এই পৃথিবীকে  আর তালিবানিদের হাতে তুলে দিয়ে নরক বানাও,AG,1
দেশের বর্তমান আতংকের নাম কিশোর গ্যাংকিশোর অপরাধ কমাতে অপরাধী কিশোরকে লাই দেওয়া যাবেনা ছোট বলে একেবারে কিছু বলা যাবেনা এরকম না,NoAG,0
সম্ভবত আবার যেতে হবে না ,NoAG,0
আসলে মানুষ এখন ঘরে বসে ইউটিউবে ছবি দেখেআর এখন সময় এর মূল্য দেয় মানুষ ৩ঘন্টা ছবি দেখার মত সময় কারো নেইছবি যত ভালই হোক,NoAG,0
গানের রাজা’ প্রতিযোগিতার প্রথম আসরে চ্যাম্পিয়ন হতে পারেনি শফিকুল ইসলাম সে হয়েছিল প্রথম রানারআপ ওই সময় সামাজিক যোগাযোগমাধ্যমে তা নিয়ে অনেকেই নানা মন্তব্য করেন চ্যাম্পিয়ন না হতে না পারলেও সেই শফিকুল ইসলামের প্রথম মৌলিক গান ‘ভাবতে ঘেন্না লাগে’ সাড়া ফেলেছে ইউটিউবে গানটির ভিডিও প্রকাশের ৩৬ ঘণ্টার মাথায় ১১ লাখ ৫৮ হাজারবার দেখা হয়েছে,NoAG,0
ভয় পেলে মানুষের শিরদাঁড়া বেয়ে কি যেন নেমে যায় জানেনই তো আমিও তাই অনুভব করলাম,NoAG,0
ভোট চোর দুর্নীতিবাজ খুনি মুনাফিক হাসিনার পতন ঘটিয়ে দেশপ্রেমিক সেনাবাহিনী এক্ষুনি বাংলাদেশের দায়িত্ব নিয়ে জাতীয় সরকার গঠন করে জনগণকে বাঁচাও,AG,1
আমার মানিব্যাগ এ এক হাজার টাকা ছিল  অমা দুদিন যেতে না যেতেই সব কিভাবে খরচ হয়ে গেল,NoAG,0
আওয়ামী লীগ নেতারা জানে পাস করতে নেতা হইতে ভোট লাগে না,AG,1
এই মোল্লা তোরা নামাজ পড়ার সময় মাথা নিচু করে পোদ উচু করে কী বলিস যে আল্লাহুকবার না আল্লা হোগা মার,AG,1
কুরআন যারা পড়ে তারা মানসিক রোগী,AG,1
 বছর বয়সে মুহাম্মদ ধনী বয়স্কা বিধবা মহিলা খাদিজা দেবীকে বিয়ে করেন খাদিজা দেবীর মৃত্যুর পর গরীব ঘরজামাই মুহাম্মদ অগাধ সম্পত্তির মালিক হইয়া বছরে বারটি বউ চারটি স্থায়ী যৌনদাসী আর গনিমতে পাওয়া দাসীদের ভোগ করিয়া বাষট্টি বছর বয়সে এন্তেকাল করিলেন খাদিজা দেবী জীবিত থাকিতে  বছরের সাংসারিক জীবনে মুহাম্মদ দ্বিতীয় বিয়া দূরের কথা অন্য নারীর দিকে কূনজরে তাকাইবার সাহস পান নাই,AG,1
সালের সংসদে যা করছে বি এন পি আজ তার খেসারত হিসেবে দিতে হচ্ছে তিলে তিলে তার আওয়ামী লীগের রাজনীতি হল জনগণের হয়ে সংসদে কথা বলা,AG,1
ইহুদি মেয়েরা জাপানি খাদ্য ভজনা চীনা শহিদুল হবে যে বিভ্রান্তির জন্য একটি রেসিপি নয় আমি কি জানি নাএটা খুব খারাপ সত্যিই কারণ যখন তারা প্রথম খোলা তারা একটি বাস্তব জাপানি শেফ এমন একজন শ্রদ্ধেয় কর্মজীবন ছিল এবং প্রকৃত জাপানি রান্না করতে চেষ্টা করেন তিনি স্বাভাবিকভাবেই গত দীর্ঘ এই  সিউডোএশিয়ান থিম পার্ক পরিবেশে না মনে রাখবেন আপনি যখন থেমে থেমে করার জন্য ব্যবহৃত মালিক নিচে পর্দা ড্রপ এবং গত বছর থেকে  সিস্টেম এবং খেলার চলচ্চিত্র ট্রেলার জ্বলা রাঁধুনি এমনকি তাদের হাত দেখতে পাচ্ছিলেন না এখন আপনার অগ্রাধিকার সেটিংস রয়েছেশুভ ঘন্টা এবং নিশুতি বহিঃপ্রাঙ্গণ অন্যদের জন্য আমার জন্য নয় এই স্থানের সঞ্চয় করুণা হয় কিন্তু এটা তাদের মিথ্যা বিজ্ঞাপন দোষী করতে এতদূর জাপানি খাবার  সুশি থেকে এসেছে খাদ্য অভিজ্ঞতার উপর একটি অনুরূপ নিতে আমার  পর্যালোচনা দেখুন আপনি চাল ব্যর্থ হয় তাহলে আপনি সুশি ব্যর্থ হয়,NoAG,0
কঠুর আন্দোলনের মাধ্যমে সইরাচারি আওয়ামিলীগকে পত্যান করতে হবে ৷,AG,1
ততক্ষণে বুঝে গিয়েছি কি ভুলই না করেছি আমিনিজে হাতে জ্বীন্ ডেকে এনেছি মনে মনে নিজেকে সাহস যোগাচ্ছিসামাল দিতে হবে,NoAG,0
হিন্দু জাত খুবই অবুঝ কোন সময় নিজের ও নিজের পরিবার অন্যের সুরক্ষার কথা কখন চিন্তা করে না,AG,1
হলুদ কোথায় হে স্বর্ন দিয়ে বাঁধিয়েছি,NoAG,0
এখানে কিছু অতি শিক্ষিত লোক আছে যারা খালি সাদা চামরা খুজে তাই আজে বাজে কমেন্ট করতেছে,NoAG,0
অই মাগিকে লাথি মার সহ্য হচ্ছে না আর,AG,1
ইনশাআল্লাহ কড়া আনদোলনের মাধ্যমে সরকার পতন হবে,AG,1
আমি কলা  কাপকেকের উঠে কলা কাপকেকের রুটি মত ভালোবাসি যাইহোক তুষারকণা উপায় খুব মিষ্টি এবং কাপকেকের এর কলা গন্ধ ছাপিয়ে অনেক সমালোচক ইতিমধ্যে উল্লেখ করেছি যে কাপকেকের এছাড়াও   প্রতিটি ওভার মূল্য নির্ধারণ করা হয় আকার এবং সৃজনশীলতার অভাব জন্যস্কটসডেল অনেক মরুভূমি  জলখাবার জায়গায় আমি এখানে ফিরে আসুন সম্ভাবনা কম নই,NoAG,0
নবনির্মিত পায়রা কয়লাভিত্তিক বিদ্যুৎকেন্দ্রের প্রথম ইউনিট ৬৬০ মেগাওয়াট গতকাল রোববার উৎপাদনে গেছে উৎপাদিত বিদ্যুৎ পরিবহনে ব্যবহার করা হচ্ছে সম্প্রতি তৈরি হওয়া পায়রাগোপালগঞ্জ ৪০০ কেভির ১৪৭ কিলোমিটার সঞ্চালন লাইন,NoAG,0
হিন্দু বিয়ের আচারের এই হলুদ অংশটা আমার খুব ভালো লাগে এই শুট আমার করার কথা ছিলো না কি মনে করে যেন আগের রাতে ঠিক করি আমি যাবো এবং ঠিক হলো সাথে চিত্রগল্পের নতুন সদস্য জুবায়ের কেও নিয়ে যাই নতুন কিছু দেখলো এবং বুঝতে পারবে কাজ শেষে ভাবছিলাম কি করে একটু অন্যভাবে দেখানো যায় জিনিষটা জুবায়ের ও পছন্দ করলো আইডিয়াটা বললাম বানিয়ে ফেলো কি আছে জীবনে নতুন কিছু ট্রাই করতে দোষ কি এর ফলশ্রুতিতে এই কাজ,NoAG,0
আমার একটা তুমি আছেআর সৌভাগ্য তার তুমি এই নন আটপৌরে নন ট্রেন্ডি আমিআমার তুমিটা আমার আমিকে নিয়ে খুব সুখী আর আমিও আমার তুমিকে নিয়ে,NoAG,0
আপনার কাছে হজরত মহম্মদ মহা নবী হতে পারে কিন্তুু আমাদের কাছে নরকের কীট ধর্ষক একটা হজরত মহম্মদ খুনি সেই জন্যতো মুসলিম মানে জঙ্গী তার বড়ো উদাহরণ পাকিস্তান,AG,1
এই ধরনের মাদ টাইপের রাইডারদের ভিডিও প্রকাশ করাটাও মাদ এর কাজ,NoAG,0
হাসিনা কখনো দিনে ভোট দিবে না আর ক্লিন ইসি দিব না,AG,1
﻿এর সবগুলোই ভাল  সামনে টেবিলে বসে আরামদায়ক  বার বার যাব এখানে ,NoAG,0
তোর চৌদ্দ গোস্টির চ্যালেন্জপারলে মামুনুলদের সামনে এসে কথা বল,AG,1
দেশে গত দুই দশকে বেশ কিছু শিল্প গ্যালারি গড়ে উঠলেও প্রতিটি গ্যালারি রয়েছে অস্তিত্ব সংকটে ছবি বিক্রি করে এসব গ্যালারি টিকে থাকতে পারছে না বাংলাদেশের শিল্পীদের শিল্প প্রদর্শনের ক্ষেত্র সৃষ্টি করা শিল্পকলাকে মানুষের কাছে জনপ্রিয় করে তোলা এবং শিল্পের বাজার প্রতিষ্ঠায় এসব গ্যালারি গুরুত্বপূর্ণ ভূমিকা রাখলেও তাদের নিজেদের অস্তিত্বই সংকটের মুখে,NoAG,0
বাংলাদেশের ৯৯ হিন্দুরা তারা নিজের গ্রন্থ সম্পকে জানেনা সেখানে মূতি পূজা নিষিদ্ধ,AG,1
ইসলামের জন্ম তলোয়ারের মাধ্যমে আর ইসলামের ধংশ হবেই তলোয়ারের মাধ্যমে শুধু মাত্র সময়ের অপেক্ষা,AG,1
বাংলাদেশ ব্যাংকের নিয়ম অনুযায়ী বাংলাদেশের যেকোনো নাগরিক ট্রাভেল কোটার আওতায় এক বছরে ১২ হাজার ডলার পর্যন্ত খরচ করতে পারে এ জন্য পাসপোর্টে প্রয়োজনীয় ঘোষণা দিতে হয় এর ফলে বিদেশে যাতায়াতকারী বাংলাদেশিদের ডলার খরচ এখন আগের চেয়ে সহজ হলো,NoAG,0
গুদ মারবো তোদের মা কে তাই প্রাথনা করি ভাই,AG,1
এই কমেন্টের মধ্যে দেখি মানুষের সংখ্যা কম আর গাধা সংখ্যা বেশি একজনের কথা বলার ভাষা শুনে আমি শিহরিত,NoAG,0
এসব সরকারের একটা জালিয়াতি দেশের মানুষ গুলো মরে গেলে তাদের কিছু যায় আসে না,AG,1
আমি প্রত্যেকবার লাদেম বোমা কিনি চাঁদ রাতে ফাটানোর জন্য এইবারও কিনছি,NoAG,0
আপা আমার কোমরে ব্যাথা ও সবসময় বুকে কফ লেগে থাকে কোন প্রতিকার আছে কি জানাবেন কিন্তু,NoAG,0
মা কেবোনকে চোদা তোদের কাজ না হলে অতগুলো করে ছেলে মেয়ে হয় কীভাবে,AG,1
ফ্যামিলির শিক্ষার একটা ব্যাপার আছে যাদের ফ্যামিলির ঠিক নাই তারা কি আর বিহেভিয়ার শিখবে  ,NoAG,0
যে ঠকে যায় সে তো ঠকেই গেলো তার সবকিছু ওখানেই শেষ আর যে ঠকায় সে প্রতিনিয়তই এক মানসিক যন্ত্রণা নিয়ে দিন কাটিয়ে দেয় এই ভেবে যে না জানি সে কখন ঠকে যায়,NoAG,0
আওয়ামীলীগের সন্ত্রাসীরা বাংলাদেশকে ধংশ করে দিল,AG,1
দাম প্রায়ই উপায় খুব বেশী হয়,NoAG,0
কুত্তার  কথা  শুনলে  জুটিতে  ইচ্ছা  হয় হালার  গান  এক  বারই   শুনেছি 	,AG,1
বিষসাধারণ একটা লিখা কিন্তু পুরো টা পড়ার রুচি হলো নাআপনি আন্তর্জাতিক বা পশ্চিমা মিডিয়াতে সাক্ষাৎকারদেন না জেনে বুকটা দুই ইঞ্চি ভিতরে ঢুকে গেছেযাই হোক আল জাজিরা যতদূর জানি কাতার ভিত্তিক সংবাদ মাধ্যম পশ্চিমা না তবে তারা গর্তের ভিতরের বীরদের খুব ভালো চিনে তাই এখনো হয়তো আপনাকে নক করেনি সাক্ষাৎকারের জন্যআর হ্যা ভালো কথা শহিদুল আলম বা হিরো আলম বা অন্য যে কারো যে কোনো ছবি দেখে আপনার কখনোই আতংকিত হওয়ার কিছু নাই জাতি কে এই পর্যন্ত যে পরিমান বমি বর্ধক উপাদান দিয়ে রেখেছেন আপনার রক্ষকরা তার প্রতিদান দিবে আরো বিষ বছরচালিয়ে যান,NoAG,0
উনি এক জন সাবেক রাষ্টপতি জাতীয় নেতা উনার দলে হাজার হাজার নেতা কর্মী আছে এছাড়া এখন নির্বাচনের মৌসম চলছে তিনি ত এখন দিন রাত ২৪ ঘণ্টায় ব্যস্ততা দিন যাবার কথতিনি এতই নিঃসঙ্গ কি করে এটা পাপলিকেই ভাল করেই বুজে,NoAG,0
যে বাসায় দাওয়াত খেতে গেছি সেখানের লিফট হুট করে নষ্ট হয়ে গেলো ৫ তলা থেকে ঘামতে ঘমাতে নিচে নেমে দেখি উনি নিচে দাঁড়িয়ে আছে গাড়ির জন্য,NoAG,0
যে দেশে প্রধানমন্রী জনগণের কাছে মিথ্যা কথা বলতে পারে সেদেশে সবকিছু সম্ভব,AG,1
এর  সাথে  আমার  সফর  জাস্ট  রাগ  পর্যন্ত  রাগ  এর  পর  দীপন  আমার  সাথে  মেয়েটি  করতে  পারবে  না  আমার  সাথে  আগের  মতো  হ্যাংআউট  এ  যাবে  না,NoAG,0
এইবারের মত বিদায় প্রিয় চট্টগ্রাম,NoAG,0
মিডিয়াতে যতো প্রচার করা হোক না কেন তবুও আসল হোতারা থেকে যাবে ধরা  বাহিরে এ  জন্যই আমদের উন্নতি নাই ,NoAG,0
কখনো আর্জেন্টিনার সার্পোট করতাম না তবুও ইসরাইলের সাথে ম্যাচ বাতিল করার জন্য ধন্যবাদ জানালাম,NoAG,0
নিজের টাকায় কোরান কিনেছি কেন জানিস আমি পায়খানা করার পর ওই কোরান বইটা শুধুমাত্র আমার টয়লেট পেপারের কাজ করে,AG,1
বৌদ্ধ ধর্মে যদি মোহাম্মদের নাম থাকে তাহলে বৌদ্ধ ধর্ম সত্যি মনে করতে হবে আর গৌতম বৌদ্ধ সৃষ্টি করতায় বিশ্বাস করতো নাজাকির নায়েক গাজা খাইছে,AG,1
মোটিভেশনাল স্পিচ না বরং জীবনের অভিজ্ঞতা শেয়ার হিসাবেই আসুক ভিডিও গুলো অপেক্ষায় থাকলাম,NoAG,0
দুর্নীতির মাধ্যমে ভোটে নির্বাচিত আওয়ামী লীগকে প্রাণঢালা অভিনন্দন ঢাকা চুইসসা নাই কইরা ফেলাবে,AG,1
জামাত দেশবিরোধি একাত্তরের রাজাকার ছিল,AG,1
থেরেসা মে ব্রেক্সিট বাস্তবায়নের চেষ্টা করলেও বার বার পেছাতে থাকে এর সময়সীমাব্যর্থতার দায় নিয়ে গত বছর পদত্যাগ করেন থেরেসা মে,NoAG,0
এরা সারাদিন বসে বসে খবর দেখে আর এইসব ম্যসেজ পাঠায় কেন রে বাবা আর কোন কাজ নাই জীবনে যত্তসব নিজেরা শান্তি পায় না অন্য রে ও শান্তি তে থাকতে দেয় না,NoAG,0
অন্য দেশের জাতীয় পতাকা নিয়ে লাফালাফি আমাদের চূড়ান্ত মানসিক দৈন্যের লক্ষণ জাজ সাহেব সহী রায় দিয়েছেনকিন্তু যে দেশের বেশিরভাগ মানুষ ছ্যাবলামিতে অভ্যস্ত তাদের জন্য এটা দুঃসংবাদ বটে,NoAG,0
মাদার চুদার বাচচা জিবরা কেটে পেলে দিবো,AG,1
দুই দিন আগে করা একটি দরজার বাইরের কাজ মীম আপু এবং তাজবিদ ভাইয়ার আপুর হাসি এত মিষ্টি  যে আমার ফ্রেম আলোর কাজ সব আপুর হাসির কাছে হার মেনে গেছে আশা করি আপনাদের ও ভালো লাগবে,NoAG,0
নাটকের কাহিনী টা খুবই সুন্দর  কাহিনীর মধ্যে শিক্ষণীয় বিষয় আছে,NoAG,0
আমরা এটি বিশেষ আদেশ  গ্রিলটি  খাওয়া কঠিন যেহেতু হাড়ের সঙ্গে  ,NoAG,0
সংবর্ধনা দিলেই সব সর্বনাশ হয় আর খেলল ওরা আর ফুল পেল কে কোন দরকার নেই সংবর্ধনার,NoAG,0
মুজিব বর্ষে ব্যক্তি ও প্রাতিষ্ঠানিক পর্যায়ে নানা ধরনের অভিনব কর্মসূচি নেওয়া হয়েছে বলা হচ্ছে সমাজ ও রাষ্ট্রের বৃহত্তর কল্যাণে গুরুত্বপূর্ণ ভূমিকা রাখাই এসব কর্মসূচির মূল লক্ষ্য,NoAG,0
ওই ছেলেটার বন্ধু যদি আমি হতাম তাহলে তোরে মাইরে রাস্তাই শুয়াই রাখতাম খাককির পোলা,AG,1
আমার বাড়ি এশিয়া সাপোর্ট করি ক্রোয়েশিয়া,NoAG,0
“আমার বাড়ি কিন্তু গোপালগঞ্জ ভুল পোস্টে গোল দিসেন বস বলতে গিয়ে যদি আপনার কথায় বরিশালের টান বের হয়ে আসে তবে নিজের গোলপোস্টেই বলটা ঠেলে দিলেন বি কেয়ারফুল,NoAG,0
তুইতো জারজ সন্তান শালা,AG,1
খালেদা জিয়ার আমল বলেতে ছিল হত্যা গুম চুরি ব্যাংক লুট ছাড়া আর কিছু নাই বললে চলেবাংলাদেশের রাজনীতিতে রাজাকার যুদ্ধাপরাধী আগুনসন্ত্রাসীসহ অপশক্তি টেনে আনা ও হত্যাখুনসাম্প্রদায়িকতাসহ সব অপকর্মের রাজনীতির হোতা জিয়াখালেদাবিএনপিক্ষমতায় থেকে বেগম খালেদা জিয়া দেশকে কিছু দিতে পারেনি ছেলেকে দিয়ে ধ্বংস করেছেকোন মুখে এত বড় বড় কথা বলেন আপনাদের লজ্জা করে না,AG,1
ভাইরে ওদের গুলি করে মেরে পেল,AG,1
আর এই ছবিতে আপনারে হিজরার মত লাগে,AG,1
হয়তো অনেক ছেলেও রয়েছে যাদের চিন্তা ভাবনা সমাজকে শুধু অন্যায়ের দিকে ঢেলে দেয়  একটা ছেলে আরেক জনের বৌয়ের সাথে অবৈধ সম্পক্ করে এরাই আসল শয়তান ,NoAG,0
আমাদের এখনে দেখলাম যারা সারাদিন মোমবাতি জ্বালানোর বিরোধীতা করলো অথচ রাত হতেই বাজি ফাটাতে আরম্ভ করলো এরা জানোয়ার ছাড়া  আর কিছু না,NoAG,0
এই মাদারচোদ থাকে কই,AG,1
আমি রিজার্ভেশন করার চেষ্টা করেছি কিন্তু উভয়ই সময় হোস্টেলে আমার নাম ছিল না,NoAG,0
বাইনচুদেরে একটু ঠিক কইরা দিলাম,AG,1
তোর জন্মের ঠিক নাই খানকির পোলা,AG,1
সম্পূর্ণ পাগলের প্রলাপ এই ভাবেই হিন্দু ধর্মে ধ্বংসের দিকে এখনই,AG,1
অতিত কুকুর থেকে সাবধান বর্তমান  ছাত্রলীগ থেকে সাবধান ,AG,1
এভাবে মহাভারত লিখতে সময় লেগে যায় তিন বছর আর এরই মাঝে গণেশ নিজের দুটো দাঁতের একটি হারান,NoAG,0
এইদেশ কখনো পিছেয়ে যাবেনাযেখানে আরিফ আর হোসাইন এরা আছে এগিয়ে যাবেই বাংলাদেশ,NoAG,0
আর  সহ্য  হচ্ছে  না  দাদাভাই  এই  রাস্তার  কুকুরটার  এতো  বার  সহ্য  হচ্ছেই  না,AG,1
তারেক সবসময়ে উদ্ধতপূর্ণ আচরণে অভ্যস্ত তারেক সবসময়ে স্বল্পশিহ্মত অশিহ্মিত টাউট বাটপারদের সাথে চলাফেরা করতে অভ্যস্ত যার কারণেই আজ বিএন পির এই অবস্হা,AG,1
মাফিয়া হাসিনা আন্তর্জাতিক মানের কিলার বাংলাদেশ চারিয়ে এখন বিদেশীদের মুখেও মানুষ হত্যা সুনাম,AG,1
তুই ত আওয়ামী এর চামচা,AG,1
যদি তুমি ধার্মিক হও তবে অন্যের ধর্মকে সম্মান কর অন্যেরাও তোমার ধর্মকে সম্মান করবে,NoAG,0
মোশাররফ করিম বললেন বিয়ের আগের ভালোবাসাটা পেঁয়াজ–রসুন ছাড়া বিয়ের পরেরটা এগুলোসহ যেখানে বাস্তবতাও থাকে,NoAG,0
শুয়োর টা কে প্রচ্চুর মারতে হবে মারতে মারতে মেরে ফেলতে হবে,AG,1
যেটা আমাদের ছেলেরা এতকাল ধরে পারে নাই সেটা আমাদের মেয়েরা পেরেছে  এই ম্যাচ থেকে অনেক কিছু শিখার আছে সাকিবমুশফিক বাহিনীদের ,NoAG,0
হিন্দুদের সাথে মুসলমানের পাথক্য হল মুসলমান ধমে আছে তরবারির নিচে জান্নাত হিন্দরা বলে ভালবাসার নিচে স্বগ চারটি বিয়ে করার পরও দাসীর সাথে যৌন সঙ্গম করার অনুমতি দেই হিন্দুরা বিয়ে ছাড়া কার সাথে সঙ্গম করা পাপ,AG,1
নিপাত যাক ইসলামের মুসলীম,AG,1
পথ খুঁজে যায় পথের সীমানায় আমার ঝাপসা চোখের বারান্দাতে দীর্ঘ শ্বাসের জল আমার মুঠোয় বন্দী এখন শুধুই স্মৃতির শতদল,NoAG,0
মাইয়্যাগুলার উওরগুলা শুনে আমার স্কুল জীবনের সৃজনশীল বানিয়ে বানিয়ে লিখার কথা মনে পড়ে গেল,NoAG,0
নাউজুবিল্লাহ সব তার ছেড়া ঘৃণা করি হিন্দু জাতি ধর্ম তোদের,AG,1
আদম ছিলেন একজন শয়তান আল্লাহ নিজেই ছিলেন মহা শয়তান,AG,1
বিএন গড়ার কারিগর অলি আহমদ বদরুদ্দোজা চৌধুরী বিএনপিতে নেই কেন অলি আহমদ সাহেব একটা কথা বলেছেন ভেজিটেবল মার্কা লোক যদি দায়িত্ব পায় তাহলে দলের অবস্থা ও ভেজিটেবল এর মত হবে ,AG,1
বেশ্যার পেটে বেশ্যা হবে এটাই সাভাবিক,AG,1
রোজা রমজানের দিনে মুখ খারাপ করাইস না মাগীর পোলা,AG,1
সময় বর্জ্য আমি এমনকি সেখানে আজ পেতে করতে পারে না কারণ সেখানে একটি ফুটবল খেলা ছিল আমাকে পার্কিং করার জন্য   দিতে চেয়েছিলেন কিভাবে যে বোকা  দিন ক্রিসমাস আগে আমি লক্ষ্য করেছি সকল মূল্য একই এবং মাঝে মাঝেই ইউজিন আরো অন্য কোন মলের চেয়ে ছিলেন  এবং ভাল  আমি ভাল কিছু আমার সময় এবং অর্থ সঙ্গে কি আছে,NoAG,0
যারা নিজের বিবেক বুদ্বি হারিয়েছে তারাই মূর্তি পূজা করে ,AG,1
হালার ঘরের হাল দুনিয়া ফেইল আর ও আইছে ২৫ হাজার কোটি টাকা নিতে তোর থিওরি পুটকি দিয়ে ডুকায়া রাখ বলদ,NoAG,0
আচ্ছা তুমি কি ভাই অন্ন ধর্মের প্রতী নুন্নতম স্রদ্ধা থাকা উচিত  মুসলিমদের ব্যাবহৃত শব্দের সাথে এরকম অশ্লীল বাক্য জোড়ার মানে কি  আমি ও তো চাইলে দুর্গা  কালি নিয়ে গালি দিতে পাড়তাম কিন্তু আমি তোমার মত সেন্স লেস মূর্খ না  মূর্খদের হাতে স্মার্ট ফোন গেলে যা হয় আরকি  আর পগবাকে নিয়ে কে লাফালাফি করসে ,AG,1
ফালতু একটা দল বি এন পি,AG,1
পুলিশ ছাড়া আয়রে বেটা দেখি তোর বুকের পাটা,AG,1
সব পড়বেন ভাইবাংলা ইংরেজি দুটাইচেষ্টা করেন আস্তে আস্তে ক্লাসিক পড়তে থ্রিলার পড়ে বেশিদূর আগাতে পারবেন না,NoAG,0
একটু পজিটিভলি চিন্তা করে দেখেন তো সা রে গা মা পা এর মতো একটা গানের শো এ যখন কোনো বাংলাদেশী কেউ অনেক ভালো কিছু করে ফেলে তখন এটা কী আমাদের গৌরবের বিষয় নয়বাংলাদেশ থেকে কেউ যখন অন্য কোথাও গিয়ে আই মিন অন্য কোনো দেশে গিয়ে সুনাম অর্জন করে সেটা কী বাংলাদেশের অর্জন নয় কী আর আপনি মনে হয় জানেন এই না যে মিরাক্কেলে বাংলাদেশী আবু হেনা রনি কতটা জনপ্রিয়তা অর্জন করেছিলোযাই হোক আর বেশি কিছু বললাম না,NoAG,0
আপনারা এখন জয়শ্রীরামের নেশায় আছেন আশা করি শুভ বুদ্ধির উদয় হবে,AG,1
এমন তুমিদের নিয়ে কাব্য রচনা করা যায় যার নেই সে তুমি তুমি করে গলাও শুকিয়ে ফেলতে পারে কিন্তুযারা পায় তারা অবহেলাটাই বেশি করে,NoAG,0
একটি কথা চরম সত্য যে কাউকে ভালবাসলে ঘৃণা তো আর করা যায়না  আর কাওকে ভালবাসলে তার থেকে সুখ আর দুঃখ নেয়ার মাঝে কোন পার্থক্যও নেই ,NoAG,0
আমার মনে হয় না বাংলাদেশে বিচার হবেকিছুই হবে না হয়তো কিছুদিন জেলে থাকবে ২ এক বছর পরেই বের হয়ে আসবেবাংলাদেশে কোনো বিচার নাই,AG,1
মুসলিম রা যে নিজের মা বোন এর সাথে সেকস করে তা পৃথিবীর সব জাতি জানে আর হিনদু রা কেমন তা পৃথিবীর সব জাতি জানে,AG,1
চট্টগ্রামের আগ্রাবাদে সেনাকল্যাণ সংস্থার ২০তলা ভবনে যাত্রা শুরু করেছে আন্তর্জাতিক ব্র্যান্ডের হোটেল ‘বেস্ট ওয়েস্টার্ন’ আজ সোমবার দুপুরে লোগো উন্মোচন করে চার তারকা মানের হোটেলটির কার্যক্রম চালু করা হয়,NoAG,0
পুলিশ এবং ছাত্রলীগ ভাই ভাই  দুজনই ছাত্রলীগের,AG,1
তুমি তবু্ও আওয়ামী লীগকে সাপোর্ট করবেমরবা না মরার পর বুঝবা,AG,1
ইসলাম একটি ডাকাত দল ভিন্ন অন্য কিছু ই নয় পার্থক্যডাকাতরা একটি সীমিত ভূখণ্ডে তাদের কাজ চালায় আর ইসলাম গোটা দুনিয়া জুড়ে তাদের কাজ চালাচ্ছে এবং এটা চলবে যতদিন না গোটা পৃথিবী জুড়ে খিলাফত অর্থাত্ ইসলামী শাসন কায়েম হয়,AG,1
আল্লাহ হজরতের দেওয়া একটা ফেক মিথ্যা নাম  ঐ ফেক মিথ্যা নাম নিয়ে হজরত যত খুশি মেয়ে ভোগ কোরেছে  হজরতের নারী সেক্সের মজার নাম আল্লাহ ,AG,1
সবাই পালায় কেন পুলিশ কে মারতে পারনা লাটি দিয়ে সবাই মিলে,AG,1
আল্লার কোনো আকার নেই ছবি নেই নেই কোনো শক্তি যদি থাকতো তাহলে যে মসজিদে তোরা নামাজ পড়িস সেখানে বোম্ব ফেটে মরিস কেন,AG,1
রক্তের গ্রুপ + একটি কিডনি দান করতে চাই,NoAG,0
খেলোয়াড়দের যাদের এখনো বিয়ে হয়নাই সব গুলারে বিয়ে করিয়ে দেন বৌয়েরা তাদের ওপর নজর রাখবে তাতে কিছুটা হলেও লুচ্চামি বন্ধ হবে,NoAG,0
আর্জেন্টিনার মুক্তিযুদ্ধের একেবারে শেষদিকে পাকিদের পক্ষ নিয়ে আমাদের জয় বিলম্বিত করতে অপচেষ্টা করেছে এ কারণেই হয়ত তারা ৩২ বছর ধরে শিরোপা জয় থেকে বঞ্চিত ইশ্বরের বিচার ,NoAG,0
অন্যের ফাসি নিয়ে কতটা ভয়ংকর হয়ে উঠেছিল এই দিয়াজ আজ সে নিজেই ফাসিতে ঝুলতে হল পাপে বাপ কে ছাড়েনা বুঝলেন,AG,1
ওসিবদি একজন ইহাবা ব্যবসায়ী আরেক জন ইহাবা পাচার কারী হায়রে চোরের বাংলা,AG,1
মেকআপ ছাড়া রীয়া এমনিতেই অনেক অনেক সুন্দর  স্বাভাবিক সৌন্দর্যের অসাধারন ছবিগুলো দেখে মন জুড়িয়ে গেলআশীর্বাদ রইল রীয়ার জন্য,NoAG,0
মুসলিমদের কে আঘাত কোরলে মুসলিম রা তার পালডা আঘাত কোরবে,AG,1
মুসলিম হাটাও ভারত বাচাও,AG,1
আমারা বাঙ্গালি হয়ে ও শুদ্ধ ভাষা বলতে পারি নাতাকে দেখে শিক্ষা নেওয়া দরকার,NoAG,0
আল্লাহ নিজেই জীব প্রকৃতি রক্ষা করবেন তবে মানুষকে এর জন্য বড় খেসারত দিতে হবে,NoAG,0
কাউকে মেরে ফেলতে চান তাহলে তাকে খুব ভালোবাসুন তারপরে আস্তে আস্তে অবহেলা করতে শুরু করুন তার পর হঠাত করে হারিয়ে যান দেখবেন সে জিন্দা লাশ হয়ে গেছে,NoAG,0
এখন দেশের জনগণের সবার মুখে মুখে একটাই শ্লোগান চোর চোর ভোট চোর শেখ হাসিনা ভোট চোর সবাই বলেন ঠিক কিনা,NoAG,0
এত দিন এ আপনার ভালো একটা কাজ দেখলাম,NoAG,0
রকিবুলও কম যাননি ভারতীয় বোলারদের বোলিংতোপগুলো সামলে তিনি অধিনায়ককে সঙ্গ দিয়ে গেছেন অসাধারণ কৃতিত্বে দলকে জয়ের বন্দরে পৌঁছে দিয়েই মাঠ ছেড়েছেন এ দুজন,NoAG,0
এরে বাংলাদেশে এনে আগে গনধোলাই তারপর ফাসি দেওয়া দরকার,AG,1
বাংলাদেশের কল্লা মোটা মন্ত্রিদের জন্য জনগন ভোগবেকোন কিছুর যথা সময়ে সঠিক সিদ্ধান্ত নিতে পারেনাউল্টাপাল্টা কাজ যতসব,NoAG,0
৭০ এর নির্বাচন এ বাংলা‌দেশ সকল আস‌নে জয়লাভ কর‌লো তা হয়‌তো জা‌তি হি‌সে‌বে আমা‌দের জন্য আনন্দদায়ক কিন্তু কতটা ফেয়ার হ‌য়ে‌ছিল তা একগুচ্ছ প্রশ্ন রে‌খে যায় আস‌লে অ‌নিয়ম এর সূচনা কিন্তু সেখা‌নেই  বাবার পকেট হ‌তে চু‌রি করা যেমন চু‌রি তেম‌নি আ‌রেক জ‌নের প‌কেট মারাও চু‌রি,NoAG,0
শুধু না বলএই জায়গা সত্যিই ভয়াবহখুব খারাপ এটা মনরো মূল্যবান স্থান নিচ্ছে,NoAG,0
এটা হাসিনার আদালত,AG,1
হতাশ আমি জার্সি থেকে আছি আমার পরিবারে সবাই জার্সি মাইক সম্পর্কে  এবং তারা জার্সির সব আছে প্রথমত আমি ইতালীয় সাব যে কাজ  বিভিন্ন মাংস দিয়ে আসে এবং প্রভোলন পনির সঙ্গে আসা অনুমিত হয় আদেশ দেন আইনজীবীরা  পেয়েছেন বাড়িতে শিখতে আমার স্যান্ডউইচ কোন প্রভোলন পনির ছিল না যে একজন ইতালীয় সাব বন্ধ কাল স্বাদ ছোঁড়ার আমার দ্বিতীয় হতাশা মাংস ছিল একটি প্রস কাছে ভোটাধিকার চুক্তি জার্সি মাইক এর লেবেলের অধীনে তাদের সমস্ত ঠান্ডা কাট করতে কিন্তু মাংস নিউ জার্সি শেখ ডেলি মাংস  এর গন্ধ নেই বোর হেড  এর পাসে আসে না কিন্তু আমি বোর হেড নেব যখন অন্য কিছুই পাওয়া যায় তৃতীয় স্থান  এবং ওয়াটসন চলে যায় পিটার  মাইক সিইও সত্যিই বজায় রাখে থাকলে তিনি তার মাংস অন্যত্র পাবেনস্টাফ খুব বন্ধুত্বপূর্ণ ছিল রেস্টুরেন্ট পরিষ্কার ছিল সেখানে প্রয়োজন  ছবি উড়িয়ে দেয়া হয়  খাঁড়ি এবং সার্ফারদের আউট শিরোনাম সঙ্গে  এর জেটি ফিরে বাড়ির একটা চমৎকার স্পর্শ কিন্তু যে শ্রেষ্ঠ আমি বলতে পারি এর মনোজ্ঞ পাশ স্টাফ তাই সুরূপ আমি তাদের একটি টিপ যদিও তারা আমার পনির ভুলে গেছি রেখে দু খ প্রকাশ না করেন আমি শুধু ইচ্ছুক আমি ফিরে যান এবং তাদের আবার দেখতে একটি ভাল কারণ ছিল,NoAG,0
আমি আওয়ামী লীগ বিএনপি বা কোন রাজনৈতিক দল করিনা কিন্তু দেখছি আওয়ামী নেতাদের জনপ্রতি কত টি মুখ আছে কারণঃ এরা এক মুখে এতো কথা বলে কিভাবে ,AG,1
হাছিনা সরকার কে নিরমুল কর আর দেশ ও দেশের মানুষ কে বাঁচাও,AG,1
এমন এক দিন আসবে সে দিন আওয়ামীলিগের নাম বাংলাদেশে থাকবে না ইংসিআল্লা,AG,1
এ ছাড়া পুলিশি নির্যাতনের শিকার হয়েছেন ৯ জন এর মধ্যে ২ জন নিহত হয়েছেন নিখোঁজ হয়েছেন ৩৪ জন এবং অপহরণের শিকার হয়েছেন আরও ৩১ জন,NoAG,0
তোদের শান্ত প্রিয় আরব রা তো তোদের নারীদের শস্যক্ষেত মনে করে আর সেই ধর্মে তোরা আছিস যেখানে নারী দের সমান মর্যাদা দেয় নাতোদের ভাইবোন এ বিবাহ হয়শিশু ও নারী দের ক্রীতদাস হিসেবে বিক্রি করা হয় আরব সমাজে,AG,1
এ মাদার চোদ তোর বাড়ি কোথায মাদার চোদ তোর এখন পায়লে তোর যে কি কততাম মাচার চোদ তুই জানিস পরে ফ বলে মাদার চোদ,AG,1
কোন ভ্রমণ নথির মাধ্যমে বিশ্বের সবচেয়ে বেশিসংখ্যক দরজা খোলা যায় উত্তর—জাপানের পাসপোর্ট সম্প্রতি প্রকাশিত হেনলি পাসপোর্ট ইনডেক্সে জাপানের পাসপোর্টকেই বিশ্বের সবচেয়ে শক্তিশালী পাসপোর্ট বলে উল্লেখ করা হয়েছে,NoAG,0
সৌদি যুবরাজ ইচ্ছা করলে ফিলিস্তিন সমস্যার সমাধান করতে পারে কিন্তু শালা তাদের কেনা গোলাম হয়ে গেছে,NoAG,0
বাইরের বৃষ্টির শব্দ আর রাতের নিঃসঙ্গ নিজর্ণতা মিলে ভৌতিক পরিবেশ সৃষ্টি হয়েছে আমার গা ছমছম করছিল ভয় পাচ্ছিলাম মনে হচ্ছিল অচেনা পৃথীবিতে চলে এসেছি আমি,NoAG,0
মাইরা মালাউনগরে বর্বর জাতিদেরকে গাধার বাচ্চার থেকেও অধমদেরকে ,AG,1
চুতমারানির পোলা মাগীরপোলা বাইনচোদ,AG,1
মৃত্যুর পর আবার কিসের জন্য হিসাব নেওয়া হবে  জানতে চাই ,NoAG,0
সে ভয়ে ভয়ে তার বাবার কবরের সামনে গিয়ে দাঁড়ালো এরপর ধীরে ধীরে তার বাবার কবরটা খুড়তে থাকলো তার মনের ভয় যেনো আরো বেড়ে যাচ্ছিলো,NoAG,0
নর্তকির পোলা চ্যাটের বাল,AG,1
খন্দকার মোশারফ হাছিনার বর্তমান সামী,AG,1
স্বপ্ন কারো সাথে বেঈমানি করে না বেঈমানি ত করে সেই স্বপ্ন দেখানো মানুষগুলো,NoAG,0
কাঠবিড়ালি তোমার কপাল ভাল যে ফরমালিন মেশানো আম খাইতে হয় না,NoAG,0
ভাই আওয়ামীলীগ হল এমন একটি দল যাদের অসৎ গুন ছাড়া সৎ কোন গুন নাই,AG,1
ভাই আওয়ামীলীগের শাটের থেকে পকেট বড়ো,AG,1
আমি সব খরচ এড়াতে বলছিখাদ্য সামগ্রিকভাবে ভয়ানক ছিল,NoAG,0
ভাই আগে কোরান কে সম্মান করতাম কিন্তু এখন ঘৃণা করি কারণ আমি কোরান পড়ি,AG,1
একটি ম্যানিকিউর জন্য দ্বারা বাদ এবং যত তাড়াতাড়ি আমি বসলেন আমার হস্তপ্রসাধন দ্রুত ভিয়েতনামী মধ্যে কথা বলা শুরু তাই আমি সে আমাকে কথা বলছিল আমি তার হেডসেট না দেখতে পারে কিন্তু স্পষ্টত সে ছিল না আসলে সে কখনো বাজ দ্রুত ম্যানিকিউর সময় আমার দিকে তাকিয়ে বিভ্রান্তি ছাড়া যখন বলেছি আমি তার আমার  কাটা চাইনি  শুধু তাদের ফিরিয়ে ধাক্কা তিনি সত্যিই যে বুঝতে পারে না এবং আমাকে ভাঙা ইংরেজিতে কেন আমি একটি ম্যানিকিউর পেয়ে ছিল কিন্তু পাচ্ছেন না আমার  কাটা তিনি এটা সম্পর্কে একটি মনোভাব ছিল না কিন্তু সত্যিই বিভ্রান্ত হয় আমি যে বিনিময় পর তিনি বলেন যে কেহ এটি সম্পর্কে তার ফোনে ছিল মনে হয়আমিও ভেবেছিলাম এটা অদ্ভুত যে তিনি আমাকে একটি  হাত ম্যাসেজ দান পরে আমার হাত ধোয়া করতে বলা ছিল  নষ্ট সাজানোর প্রথম স্থানে আমার হাত থেকে লোশন প্রয়োগের উদ্দেশ্যপুরো অভিজ্ঞতা গতানুগতিক ছিল কিন্তু আমাকে একটা ম্যানিকিউর জন্য ফিরে অনুপস্থিত ছেড়ে না একটি মহান নখবিদ জন্য জিজ্ঞাসা করা হয় নি কিন্তু এটা ভাল হত যদি সে আমার নখ করছেন চেয়ে আমার অন্যান্য অস্তিত্ব স্বীকার এবং সবচেয়ে গুরুত্বপূর্ণভাবে যদি সে কিনা তা জিজ্ঞাসা আমি আমি তাদের বৃত্তাকার চেয়েছিলেন তাদের বৃত্তাকার বা বর্গ কাটা চেয়েছিলেন আমি তার আমার পক্ষপাত জানাতে তার ফোন কথোপকথন বিঘ্নিত হতো কিন্তু সে আমার হাত ভেজানোর থালা ফিরে তরল খাদ্যে চুবিয়ে যে আমি দেখতে পাইনি তারা যা মতো লাগছিল এত দ্রুত হয়ে গেল,NoAG,0
পৃথিবীর প্রধান ৫টি ধর্ম হল ইসলাম খ্রিস্টান হিন্দু বৌদ্ধ ও ইহুদী ধরে নিলাম এই ৫টি ধর্মের মধ্যে যে কোন একটি হল সত্য এবং বাকি ৪টি হল মিথ্যা,AG,1
আমার অফিস ৬ তলা আর বাসা ৫ তলায়  আমি সিডি দিয়ে উঠি  কারন একদিন বাসার লিফটে আটকা পরে যা ভয় পেয়েছি  তার চেয়ে সিডি কষটা ভাল লাগে,NoAG,0
হাসিনার পরকিয়ার ভিডিও ভারতের কাছে💃তাই হাসিনা ভারতের গোলামি করতেছে ভিডিও প্রকাশের ভয়ে পাপিয়া যেমন এমপি মন্ত্রীদের আটকিয়ে রাখলো,AG,1
শেরেবাংলা উচ্চবিদ্যালয়ের মাঠে গভীর নলকূপের পাইপ দিয়ে গতকাল বৃহস্পতিবারও দ্বিতীয় দিনের মতো প্রবল বেগে গ্যাস বেরোনো অব্যাহত ছিল ইতিমধ্যে বিদ্যালয়ের শহীদ মিনারটি ধসে পড়েছে বিদ্যালয়ের একটি ভবনও ভেঙে পড়ার আশঙ্কা দেখা দিয়েছে,NoAG,0
নারায়ণগঞ্জ শহরের ইসদাইর এলাকার বাজারে পাশে অবৈধভাবে গড়ে ওঠা একটি বস্তিতে ভয়াবহ অগ্নিকাণ্ডের ঘটনা ঘটেছে আগুনে ওই বস্তির প্রায় ৬০টি ঘর পুড়ে গেছে,NoAG,0
আমার শৈশবটা কেটে গেছে দুঃখমেশানো আনন্দেআনন্দে যতই দিন যাচ্ছে সেই আনন্দের পরিমাণ কমে আসছে আমি জানি একসময় আমার সমস্ত পৃথিবী দুঃখময় হয়ে উঠবে তখন যাত্রা করব অন্য ভুবনে যেখানে যাবতীয় আনন্দ বেদনার জন্ম,NoAG,0
প্রথমত ভারতের হিন্দুরা মুসলিম মারে গরু হত্যার জন্যে আবার তারা পৃথিবী ৩য় বৃহত্তম রাষ্ট্র যারা গরুর মাংস রপ্তানি করে মানে টাকার জন্যে মাকেও ছাড়ে নাশুধু অন্যরা কিছু বললেই দোষ,AG,1
তরা আওয়ামী কুত্তালীগরা ১৩ বছর ধইরা যা করতাসোস অইটা কি ঠিক তরাও ফল ভোগ করবি সামনে তোদের গণচোদা দেওয়া হবে রাস্তায় ফেলে কুত্তালীগ,AG,1
আমাদের মিনি পাকিস্তানেও পঞ্চায়েত ভোটের আগে এইরকম হয়েছিল সত্যি কত্ত মিল বেগমের পাকিস্তান আর জীন্নার পাকিস্তানের সাথে,NoAG,0
ভুস্কি মাগির খানকির  পোলারে কেউ গালি দিবেন না প্লিজ,AG,1
ঝাঁটা  আর  জুতো  পেট করা উচিত  বেঈমানকে,AG,1
গত বছর নিউজিল্যান্ডের ক্রাইস্টচার্চের একটি মসজিদে একজন বন্দুকধারীর গুলিতে ৪৯ জন নামাজরত মুসলমান নিহত হন এখনও বন্দুকধারীদের হামলার আতঙ্ক রয়েছে গোটা বিশ্ব,NoAG,0
আবাল্য আওয়ামী লীগ মুজিববর্ষের আদর্শ পালন করছে এত একমাত্র আওয়ামীলীগ ছাত্রলীগ যুবলীগ কর্মী লিগ আকাম লিগ এরাই করতে পারে অন্য কেউ পারবেনা কি ঠিক বলছি না ওদের সাহস আছে ভাই বলতে হবে,AG,1
এই মহিলার মতো জঘন্য অভিনয় আমি দেখিনাই এমন আরো কিছু অপদার্থ হুমায়ুন আহমেদ রেখে গেছে মিডিয়া তে এরা ভাড়ামী ছাড়া আর কিছুই পারেনা তাও ঐ হুমায়ুন আহমেদ টাইপ ভাড়ামী ছাড়া,NoAG,0
ধর্মের নাম এ মুসলিম শাসকরা কিভাবে অত্যাচার করেছে তার জন্যে শম্ভুনাথ শিবাজী আর গুরু গোবিন্দ সিংহ এর জীবন কাহিনী পড়লেই যথেষ্ট,AG,1
ভাই  যদি উত্তর বঙ্গের কয়েকটা জেলায় কনসার্ট করা যেত তবে সেখানে হয়তো এত ঝুঁকি থাকতো না  আমরা কুড়িগ্রাম থেকে চেষ্টা করব,NoAG,0
আম্মু কোনো কাজ করতে বললে পড়ালেখার বাহানা দিয়ে চলে যাওয়াও একটা আর্ট  যা আমি একটু বেশিই করি তারপর টেবিলে বসে ইচ্ছে মতো মোবাইল টিপা,NoAG,0
ভাই হিংদুরা সব জানে সববোঝে কিনতু মানেনা ওজেবলে চোখথাকিতেও অনধো আরওরা মনেকরে আবার বাবা করেছে আমিকরলে সমোস্যাকি আমার দাদা করছে আমিও করি কিনতু নিজেদের কিতাবের কথাই মানেনা এগুলোআসোলে মালুদের সব নাটক আরকিছুনা,AG,1
হিন্দু ধর্ম না থাকলে পিথীবি শান্তি তে থাকতো,AG,1
তাইলে কতো সালে মুজিবের সাথে হাসিনার বিবাহ হয়ে ছিলো তাপ্রকাশ করলে ভালো হবে ৷ তাই আমরা হাসিনা ও শেখ মুজিবের বিবাহ বার্ষিকী পালন করতে পারবো,AG,1
আজকে আমারে বলসে এরপর ক্যাম্পাসের অন্য মেয়েদের বলবে এ ধরনের নোংরা মেন্টলিটির পোলাদের কাছে কোনো মেয়ে ফ্রেন্ড সেইফ না,NoAG,0
তোর দুর্গ কে তো তোর চুদাবান ঠাপাতে পারে না আমি ওরে সুখি করবো চুদে,AG,1
ছাগল দুইডা একসাথে আড়িপ্পা আর মাহসান দুটাই এক জাতের ছাগল,AG,1
প্রথমবার আজকের জন্য এই চেষ্টা করা হয়েছে যদিও আমার  ফরাসি টোস্ট বিস্ময়কর ছিল এবং  তাদের খাবার আস্বাদিত আমার বিস্কুট এবং রসা অনেক বেকন গ্রীস এবং ময়দা মত আস্বাদন করেছে এটা ফেরত পাঠানোর এবং অন্য কিছু চেষ্টা আমি কি করতে পছন্দ করেছেন কী করেছেন কিন্তু সার্ভারটি আমাদের উপর চেক করতে পর্যন্ত আমার পরিবারকে তাদের খাবার সঙ্গে সমাপ্ত হয়েছে ফিরে হয় না মালিক ক্ষমাপ্রার্থী করেনি এবং তাদের ব্যবহার করে দেখুন আবার দিতে আমাদের জিজ্ঞাসা হয়তো আমি যদি কর্মীদের কিছু প্রশিক্ষণ পায় সবাই সম্পূর্ণরূপে মুগ্ধ করলো এটা খুবই খারাপ  আমি ব্রেকফাস্ট জন্য বাইরে যাচ্ছে ভালোবাসি,NoAG,0
হিংসা ও ঘৃণাকে দূরে সরিয়ে সাম্প্রদায়িক সম্প্রীতির হাত বাড়িয়ে দেয়ার আহ্বান জানান এই তারকারা,NoAG,0
আমাদের দেশ যদি এইরকম ফেভারিট টিম হয়ে বিশ্বকাপ খেলতো আমাদের দেশেরও ফ্যান থাকতো আমাদের দেশের প্লেয়ারও অন্যদের আইডল হয়তো আমাদের পতাকা অন্য দেশে উড়তো,NoAG,0
তুই তো মাগির পোলা আর এক মাগির জন‍্য তো খারাপ লগবে,AG,1
বিরক্ত হয়ে আমিই উঠলাম দরজা খুলে দেওয়ার জন্যদরজা খুলে বিরক্তি আরও বাড়লোনিতান্তই অপরিচিতো একজন লোক দাড়িয়ে আছেহাতে ছোট সাইজের একটা ব্রিফকেস,NoAG,0
আমি উত্তেজিত কন্ঠে একদমে বলে চললাম মা দেখো এ খামটা আমি কয়েকদিন আগে হাসপাতালে চাকরির জন্য যে নিয়োগটা দিয়েছিলামসেখান থেকে এ এপোয়নমেন্ট লেটার টা এসেছে আমার চাকরিটা হয়ে গেছে মা কাল জয়েন করতে বলেছে,NoAG,0
পাপিয়া নরসিংদী জেলা যুব মহিলা লীগের সাধারণ সম্পাদকের পদে থাকা অবস্থায় বিদেশে পালিয়ে যাওয়ার সময় ২২ ফেব্রুয়ারি হজরত শাহজালাল আন্তর্জাতিক বিমানবন্দরে আটক হন ধরা পড়ার পর তাঁকে দলীয় পদ থেকে বহিষ্কার করা হয়,NoAG,0
ডাক্তারের কাছে তো টেস্ট করিয়ে আসলাম  এখনো রিপোর্ট আসে নাই  কোনো বিপদের আশঙ্কায় দিন গুনিছি এখনো ,NoAG,0
তোর মাকে কৃষ্ণ চুদেছিল তুই কৃষ্ণের জারজ অবৈধ সন্তান,AG,1
প্রধানমন্ত্রী হলেন সব চোরের মাসি বিচার করবে কে,AG,1
মন ভরে গেল এত সাবলীল অভিনয় এবং কাহিনি দেখে এই জুটির আরও নাটক চাই,NoAG,0
আমাকে তারা দেখতে পারে নাআমি যেন থেকেও নেইআব্বু আর ভাইয়া কেউই আমার খবর রাখে নাআম্মু মারা জাওয়ার পর থেকেই আমাকে আব্বু আর রাফি ভাইয়া কেউই দেখতে ও সহ্য করতে পারে নাআমি তাদের দুই চোখের বিষ,NoAG,0
আমরা একটি শুক্রবার রাতে এখানে এসেছিলেন আমার স্বামী একটি মলিন মার্টিনি আদেশ এবং এটা এত মলিন ছিল সেটা বের হয়ে এল তার মধ্যে কিছু রেশম ও পশম মেশানো সঙ্গে জলপাই রস এক গ্লাস মত খুঁজছি  এটা আসলে লাল ছিল   এটা তার জীবনে প্রথমবার তিনি কিছু ফেরত পাঠানো ছিলেন ওয়েট্রেস এটি সম্পর্কে ছিল শান্ত যদিও তিনি হতে হয় সে চক্ষুগোলক খুব হয়েছে আমরা মজারেলা এবং বংশগত দায় এপেটাইজার টমেটো আদেশ দেন এটা ঠিক আছে কিছুই বিশেষ ছিল আমি একটি পোষা অপমান যদিও আছে  আমি বংশগত দায় এবং বংশগত দায় টমেটো আশা যদি আপনি বলে বংশগত দায় তারা ছিল না তারা মৌসুম যে জরিমানা না হন তাহলে কিন্তু যখন তারা অর্ডার মানুষ বলতে এর পরে আমরা সসেজ সস দিয়ে  বিশেষ ছিল আবার বিশেষ কিছুই এখানে পদাঘাতকারী এর  তারা রুটি বিশেষ না রুটি শুধু সাধারণ ওল রুটি এবং পারমায় তৈয়ারি পনির পনির জন্য চার্জ আপনার পাস্তা উপরে লাগাতে  সততা তারা আপনার পাস্তা সঙ্গে রুটি এক টুকরা দিতে হবে কেন কিন্তু আপনি কোন চান আপনি   পরিশোধ করা হয় গুরুতর হতে দিন  রেস্টুরেন্টে নাম পাস্তা বার হয় এবং আপনি  পনির জন্য চার্জ  এটা একটা সুশি রেস্টুরেন্টে গিয়ে এবং সয়া সস সস বা বার্গার স্থানের জন্য পরিশোধ করা এবং কেচাপ জন্য পরিশোধ মত একটি পার্শ্ব হিসাবে মেনুতে পনির আসলে তুমি কি আমার সাথে মজা করছো আমরা বিশেষ  পনির কথা বলছি না এটা একটা সবুজ মিক্সারে বোতল থেকে পণ্যদ্রব্য মতো লাগছিল আমি আমাদের এপেটাইজার কিছু লবণ যোগ করতে চেয়েছিলেন কিন্তু টেবিলের উপর কেউ ছিল না কারণ আমার ভয় তারা যে জন্য খুব চার্জ চাই ছিল আমি কোন জিজ্ঞাসা করা হয়নি আমি আসলে তারা একটি পার্শ্ব হিসাবে মেনু তে এটি ছিল না বিস্মিত করছি আমরা ফিরে যাচ্ছেন করা হবে না,NoAG,0
আমার এই আচরণের জন্য সে মোটেও প্রস্তুত ছিলো না বিরক্তি ভাব নিয়ে জিজ্ঞেস করলো ওমর হাসছিস কেনো মৃত্যুর ভয় নেই,NoAG,0
মোল্লা ধর্ম হচ্ছে শুয়োরের ধর্ম তোদের হিজড়া মোহাম্মদের মা একটা শুওরের সঙ্গে শুয়ে যৌনসুখ নিয়েছিল তারপর ওই শুওরের ঔরসে হজরত মোহম্মদ জন্মেছিলো মানুষ যেমন মানুষ খায়না ঠিক সেই কারণেই তোরা শুয়োর খাসনা কারণ তোরা নিজে শুয়োর,AG,1
ওকে গুছিয়ে কেলানো দরকার	,AG,1
এলাকায় আধিপত্য বিস্তারকে কেন্দ্র করে কক্সবাজারের মহেশখালী উপজেলায় গলা কেটে এক যুবককে হত্যা করা হয়েছে সোমবার রাত আটটার দিকে এ হত্যাকাণ্ড ঘটে এ সময় সন্ত্রাসীদের ছররা গুলিতে আহত হয়েছেন চার পথচারী,NoAG,0
জঙ্গিদের ধর্ম হিন্দুই হয় তা আবারো প্রমাণিত,AG,1
ইহুদি মিডিয়ার সৃষ্টি তিনি তার মা এর পর্দা সম্ভ্রম রক্ষার জন্য তাকে ঘরে রেখেছেন এই খবর ইহুদি ষড়যন্ত্র ইসলামের রক্ষকের বিরুদ্ধে অপমান জাতি মেনে নেবে না,NoAG,0
আমাদের লাল সবুজের পতাকাকে এমনি ভাবেই নিয়ে যাও অনেক অনেক উপরে সেই দোয়া তোমাদের জন্য রইলো,NoAG,0
ইহুদীরা মানুষ খারাপ ওরা সারাজীবন মুসলমানদের খারাপ করে আসছে ,AG,1
ইসলাম হলো দুনিয়ার সবচেয়ে নিকৃষ্ট ধর্ম তাই ইসলাম বর্জন করে নাস্তিকতার পথে আসুন,AG,1
মেথরের জারজ মাগির পোলা বন্ধু আমার খানকির পো,AG,1
এই ভোটবিহীন সরকারের মন্ত্রী এমপি আমলারা দেশের হাজার হাজার কোটি টাকা তারা বিদেশে পাচার করেছে জনসেবার নামে তারা জনশোষণ করতেছে চাল চোর তেল চোর তাদের বিচার হয় কিন্তু বড় বড় ডাকাতদের বিচার হয় না যারা শেয়ার মার্কেটে ডাকাতি করেছে যারা বাংলাদেশের ব্যাংক গুলো ডাকাতি করেছে তাদের বিচার আল্লাহ করবে,AG,1
হায়রে মাগি কেমন করে  বেশ্যাদের মতন করিস না সব জায়গায় চুদা খাবি মাগি ,AG,1
সাবাস আমীর হওয়ার সাথে সাথে হয়ে গেল রাজাকার আহারে বাংলাদেশ ,AG,1
আমাদের নতুন টিভি চ্যানেল ‘নাগরিক’ যখন শুরু হবে তখন আমরা তাকে ব্রেক দেব,NoAG,0
উনি নাটক করতে সবসময় ওস্তাদ অবসর থেকে শুরু করে মানবতা সব কিছুতেই বস শুধু আসল জায়গায় একটু খাবি খাচ্ছে ,NoAG,0
এই ফকির নটির মুখে থু থু দিলাম সালা মাগি নেমক হারাম,AG,1
খানকির পোলা তোর গুষ্টির মারে চূদি মাদারচোদ,AG,1
তোরে আফ্রিকার জুলু উপজাতির খচ্চর গুলো দিয়ে বলাৎকার করা উচিত খবিশ,AG,1
প্যান্ট পড়া মাল টার পাছা জোচ,AG,1
ভিজা বিড়ালের মতো পালিয়ে গেলো দেখে আরও ভালো লাগলো,NoAG,0
আগামী ১৮ নভেম্বর ঢাকায় প্রীতি ম্যাচে প্যারাগুয়ের মুখোমুখি হবে আর্জেন্টিনা প্যারাগুয়ে ফুটবল অ্যাসোসিয়েশনের অফিশিয়াল টুইটার পেজে খবরটি নিশ্চিত করা হয়েছে আর্জেন্টিনার সংবাদমাধ্যম ‘মুলো আলবিসেলেস্তে’ এ প্রীতি ম্যাচে লিওনেল মেসির খেলার সম্ভাবনা রয়েছে বলে জানিয়েছে ঢাকায় মোট দুটি প্রীতি ম্যাচ খেলবে প্যারাগুয়ে,NoAG,0
এখন কার দিনে ছেলে মেয়েদের লজ্জা উঠে গেসে প্রায় বিলুপ্ত লজ্জা জিনিস টা 😑 আর লজ্জা যখন উঠে যায় তখন মানুষ পশু থেকেও অধম হয়ে পরে,NoAG,0
আরে এরা তো  জেনেটিকালি  ছেচড়া,AG,1
কোন কথা নেই সবাই মিলে তাকে ফাঁসি চায় ফাসি দেয়া হোক,AG,1
 ডি  আক্ষরিক হয় ইতালীয় রেঁস্তোরা জাহান্নাম তুমি জানো কিভাবে সব বড় বাক্স চেইন রেস্টুরেন্ট আবর্জনা স্থান মনে মদ করতে একটি প্রয়াস দেয়ালে তোলা  ডি  আবর্জনা ও ছোটখাট  এবং মূর্তি এবং অন্য কিছু ইতালিয়ান তারা চীনা গুদাম মধ্যে খুঁজে পাইনি যেখানে তারা এই পণ্যের আপ লোড ছোঁড়ার এটা একটা ভয়ানক ভয়ঙ্কর জগাখিচুড়ি এবং আপনি ইতালিয়ান  একটি  বসে আপনার খুব স্নিগ্ধ পাস্তা খাওয়ার সময় শেষএটা তোলে  কীভাবে সত্যিই রূচিকর সুগন্ধহীন খাদ্য এখানে পাতলা আলফ্রেদো সস রূচিকর সুগন্ধহীন কি আমি  এ হিমায়িত অধ্যায় নামা করতে কম স্বাদ সঙ্গে  এর স্থুল স্ল্যাব আমি একটি বড় দলের সঙ্গে টেবিল স্নিগ্ধ খাদ্য জুড়ে গেলযখন তারা আপনার দলের  তারা তোমাকে রান্নাঘর যেখানে রান্না বরাবর খেলা এবং একটি হ্যালো স্বাগত বলতে মাধ্যমে আপনি গাইড ডীপ নিচে আপনি কি জানেন তারা এই ঘৃণা করি আমরা রান্নাঘরে কেন অবশ্যই এটা চমৎকার কিন্তু আমি বরং তাদের খাদ্য উপার্জন এবং এটি ভাল করে তোলার জন্য মনোযোগ আছে চাই অবশ্যই  ডি  এ খাদ্য পর্যন্ত ভাল চাকন ফিরে কোন বিন্দু অতিক্রম মনে করা হয় এটা ঠিক মারা গেছে ডেড খাদ্য কোন জীবন কোন গন্ধ না আবেগ আমি    এর হিমায়িত লাঞ্চ প্যাকেজ থেকে আরো গন্ধ পানকিছু খাঁটি ইতালীয় দাবি থেকে অনেক দূরে  ডি  এমনকি আউট রুটি কোন স্বাদ সঙ্গে পাম্প  এ খাদ্যাভ্যাস একটি সহায়তা জীবন্ত সুবিধা থেকে খাবার মত হল কোন লবণ কোন চিনি কোন মাখন কোন চর্বি এটা সব কিছু প্রতিম স্বাদ সঙ্গে বরাবর চলে গেছে নিশ্চিত  বিশাল অংশ আছে এবং সেটআপ বৃহৎ দল ও পরিবারের জন্য চমৎকার  কিন্তু সেগুলিও এর সাথে সাথে শুধু হিমায়িত অধ্যায় থেকে পরিবারের আকার পাস্তা প্যাকগুলি কিনতে এবং বাড়ীতে এটি সেকা পারে এমনকি যে ভাল হবে এবং তারা  টি বাধ্যতামূলক আনুতোষিক করতে হবে বলুন কি আপনি হবে  এর গ্রিল অথবা অলিভ গার্ডেন মত ​​সম্পর্কে অন্যান্য ইতালিয়ান চেইন  কিছু অন্তত তাদের খাদ্য স্বাদ,NoAG,0
বাংলাদেশের কোমর ভাঙ্গা মেরুদণ্ডহীন  টা ডিফেন্স সিস্টেম ই এখন এই মাইর ডিজার্ভ করেআগের ডিফেন্স আর যেহেতু নাই ওদের সম্মান বলতেও কিছু নাই আর,AG,1
সেও রাজাকারের কমান্ডার এটাই এখন ছলছে কিছুই করার নেই বিচারের মালিক,AG,1
মুসলিম যদি মাঠে নামে তাহলে তোরা কেউ বাঁচতে পারবিনা,AG,1
তুই একবার দেখতো হিন্দু ধর্মে ঠিক কতো জায়গায় নোংরামো ভরা তোরা যে চন্দ্রদেবের পূজা করিস সে তো লুচ্ছা,AG,1
সত্যি  একদম কি  চুতিয়া  মহিলা 	,AG,1
এসব ছেলেরা জন্মের পর মারা গেল না কেন,AG,1
এই  দামে ভবনের ভাল ছাদ  জল ক্লাবের জন্য জলের চেষ্টা করবে,NoAG,0
ইসলামে লেখা আছে জীবন বাঁচানোর জন্য একবার সামগ্রিক আহার যথেষ্ট  তাহালে তোমরা পেট ভরে দুই থেকে তিন বার আহার করো কেন জীবন বাঁচানোর জন্য  এটা কউ দেখছোনা,AG,1
কুওার বাচছা পুলিশে জনগনকে নিরজাতন করবে সেই সমচতো কুওার বাচছা পুলিশগো ছবি তুলে রাখবেন,AG,1
বাংলাদেশের মুসলিমরা পৃথিবীর সবচেয়ে ছোটলোক মুসলিম,AG,1
সে শত নারীর কথা বলেছে মনে রাখবেন আপনার বোন আমার বোন এরা সবাই নারী সমাজ কে প্রতিনিধিত্ব করে তাই অন্যায় কে সাপোট করবেন না,NoAG,0
এক খাল খনন প্রকল্পেই ভাগ্যের চাকা পাল্টে গেছে নওগাঁ জেলার দেড় লাখেরও বেশি কৃষকের আগে যেখানে জলাবদ্ধতার কারণে জমি আবাদ করতে না পেরে অর্থনৈতিক মন্দায় ভূগতেন ওই অঞ্চলের কৃষকরা সেখানে এখন গোলা ভরা ধানপ্রাপ্তিতে তৃপ্তির ঢেকুর তুলছেন তারা,NoAG,0
চট্টগ্রামের একটি ভিডিও বাইরাল হয়েছিল সে লোক কি বলেছিল যে কোনো রকমে ভোট নিয়ে বলে দিলে আঃলীগ জিতছেআর কিছে লাগবে না পুলিশ দিয়ে সবায় কে টিক করে পেলবোটিক সেটা ই করেছে,NoAG,0
ছাত্রলীগের মারে চুদি,AG,1
ক্ষমতায় থাকলে সবাই শিশুর মতো আচরণ করেতাই তারা কোনো নিয়মের তোয়াক্কা করে না,NoAG,0
বাপদাদার ভিটায় পলিথিনের ছাউনিযুক্ত ছোট ঝুপড়ি ঘরে কষ্টে দিন কাটত দিনমজুর ফয়েজ আহমেদ ও তাঁর পরিবারের সদস্যদের বৃষ্টি এলে ফুটো ছাদ দিয়ে পানি পড়ত তবে জীর্ণ বাড়িতে থাকার দিন এখন অতীত হয়েছে তাঁর নিজের এক চিলতে জমিতে পাকা বাড়ি করে দিয়েছে সরকার,NoAG,0
তোমাকে দেখে জেনে আর তারপর তোমাকে যাচাই করে ফলো করছি আর তুমি যতদিন এই তুমিই থাকবে ততদিন নিশ্চিত ফলো করবো,NoAG,0
আমি একদিন ডাক্তার হবো তখন আপনাদের পাশে আমি নিজে দাড়াব কথা দিলাম,NoAG,0
কিছু মনে করো না কিন্তূ মুসলিম পশুদের নামটা থেকেই কিরকম দুর্গন্ধ বেরোয়,AG,1
লা লিগার এল ক্লাসিকোতে বার্সেলোনাকে ২০ গোলে হারিয়েছে রিয়াল মাদ্রিদ রিয়ালের হয়ে প্রথম গোল করেন ভিনিসিয়ুস জুনিয়র দ্বিতীয় গোলটি করেন মারিয়ানো ডিয়াজ,NoAG,0
শুরু টা ২০১৬ সালের ২৫ শে ফেব্রুয়ারিঅনেকগুলো নতুন মুখের সাথে পরিচয় স্বভাবত চুপচাপ থাকায় আমার মানিয়ে নিতে প্রথম দিকে কষ্টই হচ্ছিল বলা যায় কিনতু খুব সহজে আপন করে নেওয়ার মতো আশ্চর্য ক্ষমতা থাকা এই মানুষ গুলোর জন্য ঠিক ই খোলস ছেড়ে বের হতে হলো এখন এদের সাথে চিৎকার চেঁচামেচি করে কথা না বললে আমার দিন ভালো যায় না সত্যি বলতে মানুষগুলো এখন আমার অভ্যেস কিনতু আর কয়েকটা দিন পর নাকি অভ্যেস টা পাল্টে যাবে,NoAG,0
আর আপনিও করুন আপনার যোনি পূজা অন্যদের দিয়ে করান পরে বলবেন আমাকে অমুক মুসলিম গায়ে ছুয়ে দিয়ে ধর্ষণ করছে,AG,1
ধুরু খানকির পুতখানকির পুত আমার বালের রেপার তুই,AG,1
বেশির ভাগ মন্তবা পড়ে মনে হচ্ছে আমাদের দেশের মানুষের কুকুর প্রেম যে মাত্রায় তার কিছুটা যদি মানুষের প্রতি থাকতো তা হলেতো সমাজের চেহারাটাই পাল্টে যেত,NoAG,0
মেয়েদের একা চলাফেরা করা য়াবে না,AG,1
দেশে পুরুষের আকাল পরছে কি মেয়েদের বাজারে কি সুন্দর পদক্ষেপ আফসোস দেশের মুসলমানদের জন্য,NoAG,0
শেখ হাসিনা কে পালিয়ে যাওয়ার সুযোগ দেয়া চলবে না যেকোন উপায়ে তাকে পাকড়াও করতে হবে,AG,1
এগুলো যে হিন্দুর কাজ তা  বুঝাই যায়,AG,1
আপনার এই কালপনিক কথাগুলি আমি পাচ্ছি নি দয়াকরে পারা নং গুলিএ দেবেন কারন আপনি সুধু সূরা ও আয়াত নং দিদেছেন এজ্যন পাচ্ছি না পারা সূরা আয়াত সবগুলি ভালোকরে লিখে দিন,AG,1
খালিদ সাহেবরা টিবিতে তো অনেক পাকা আর এখানে প্রশ্নটা করতে চেয়েও ভয়ে আসল প্রশ্নটাই হারিয়ে গেলো,NoAG,0
ব্যক্তিগত জীবনে সে আসলেই একটা ভাইরাস তারে খুব ভালো করেই চিনে সবাই এবং বাটপার হিসেবেই চিনে নিজেকে ভাইরাল করার জন্য এমন সব ভিডিও বানাচ্ছে,NoAG,0
মুঞ্চায় তরে আকাশে তুইল্লা উড়াইয়া উড়াইয়া পুটকি মারি চুদানির পোলা,AG,1
এই  লোক  এর  ফেস  এক্সপ্রেশন  তা  আজকে  দেখার  মতো  ছিলো 😐কেমন  জানি  চোর   চোর  ভাব,NoAG,0
জাতিসংঘের পরিবেশ কার্যক্রমের ‘বিলিয়ন ট্রি’ প্রচারের অনুরোধে করা সেই গবেষণায় পাওয়া গেছে যে পৃথিবীতে মোট গাছের সংখ্যা তিন ট্রিলিয়ন অর্থাৎ তিন লাখ কোটির বেশি এই গাছের প্রায় অর্ধেক আছে গ্রীষ্মপ্রধান অঞ্চলে প্রত্যেক মানুষপ্রতি প্রায় ৪২২টি গাছ আছে,NoAG,0
সালা তর কারণে জাতি এখন পান্জাবি গায়ে দিতে পারবেনা হিজলা হ্লার পুত,AG,1
সম‍য় টিভি আওমিলিগ,AG,1
টাকা পেলে মানুষ কতটা বদলে যেতে পারে রানা মন্ডল বলেচে তার জুতা দিয়া পিটানো দরকার	,AG,1
ম্যাচের আগে অশ্বিনকে আটকে রেখেছিল প্রতিপক্ষ দলের তিনচার সমর্থক তাঁর আঙুল ফেলে দেওয়ার হুমকিও দেওয়া হয়েছিল,NoAG,0
সাধারণ মাটির সাথে ৩ কেজি বেশ্যালয়ের মাটি মিশিয়ে তৈরী জাতীয় পতিতা দূর্গার পুটকির বাশ খুলে গু সুদ্ধ মুখে দিয়ে পোদে ধোন ভরে ঘুমিয়ে পর বেজন্মা ,AG,1
বিশাল চিহ্ন বাইরে   বলছেন দেখুন হাঁ যে শুধুমাত্র শার্ট জন্য আমি প্রহরীদের বন্ধ ছিল যখন আমি আমার স্কার্ট আনা এবং প্রায়   জন্য পেরেক দিয়ে গেল আমি দুঃখিতভাবে হস্তান্তর আমার   বিল হিসেবে কাউন্টারে ভদ্রমহিলা বললেন মানুষের অনেক তার বলেছিলেন তারা চিহ্ন বাহিরে দ্বারা বিশ্বাসঘাতকতা অনুভূত দুষ্টুমি করসি না আমি মূলত রিগাল   নগরী  যারা অর্ধেক পিক সময়ে একটি সূক্ষ্ম পেশা আছে উপর রাস্তার নিচে শিরোনাম হয়েছে  এখানে বিজ্ঞাপনে জন্য জাল মূল্য এটা শ্রেষ্ঠ করতে চেষ্টা আমি ভদ্রমহিলা অন্তত আমি শিখেছি চাই তারা একটি  নড়চড় পরিষেবা এবং হয়তো মূল্য একটি হরিণ হয়েছিল জানান আহ ওহ কাউন্টারে কিছু জার্সি শোরটাইপ কুক্কুট সঙ্গে কয়েক সপ্তাহ পরে আমার স্কার্ট তুলে নিলাম এবং আমি অন্য   অপরিশোধিত বলা হয় আমি ফ্ল্যাটআউট দুইবার দিতে অস্বীকার করে সে আমার দিকে চিৎকার আমাকে আমার গাড়ির সাথে ধাওয়া আমার লাইসেন্স প্লেট লিখে বললেন পুলিশ পরিদর্শন করা হবে এনইইবরফ,NoAG,0
এর আগে কখনো শুনিনি এখানের কোন পরীক্ষা বাতিল হয়েছে পরদিন সকালেই নোটিশ বোর্ডে লেখা দেখলাম গতকালের পরীক্ষা অনিবার্য কারনে বাতিল করা হয়েছে,NoAG,0
এই কুকুরের জাত  মুসলমান তুই কি মনে করেছিস তোদের লেখা পোস্ট আমি আর আদৌউ পড়ব তোর সাথে আদৌউ আর আলোচনা করব কুকুরের পেটে যে ঘি ভাত সহ্য হয় না সেটা তোকে না দেখলে বুঝতাম না,AG,1
ইসলাম ধর্ম ঈশ্বরের ধর্ম নয় এটা শয়তানের ধর্ম তাই এরা জঙ্গি আতংবাদি হয় নিরিহ দের হত্যা করে বেরায়,AG,1
দেশের বইরে কেন দেশে আসেন আপনাকে খুছে বাংলার জনগণ,NoAG,0
বলদ হিন্দুর বাচ্চা শূয়র তোদের ভগবান,AG,1
বঙ্গবন্ধু শেখ মুজিবুর রহমানের জন্মশতবার্ষিকী উপলক্ষে যুক্তরাষ্ট্র আওয়ামী লীগের উদ্যোগে গৃহীত বিস্তারিত কর্মসূচি ঘোষণা করা হয়েছে জ্যাকসন হাইটসের স্থানীয় একটি ভেন্যুতে ৭ জুলাই অনুষ্ঠিত সংগঠনের কার্যকরী কমিটির সভায় এ কর্মসূচি ঘোষণা করেন সংগঠনের সভাপতি ড সিদ্দিকুর রহমান,NoAG,0
ও মাগীর পোলা পুলিশ ছাড়া সামনে আসার সাহস থাকলে একবার এসেদেখতোদের কি অবস্থা হয়,AG,1
 সালে এসে এই আওয়ামীলিগ করোনা ভাইরাস পরিস্থিতিতে চাল চুরির যে তান্ডব শুরু করছে যদি বাংলাদেশের যুব সমাজ মনে থাকে কখনো আওয়ামীলিগ করবেনা,AG,1
আমরা খুব হতাশ ছিলাম,NoAG,0
আওয়ামীলীগের ও এক দিন পতন হবে,AG,1
আমি অপূর্ব ভাইয়ার অনেক বড় একজন ফ্যেন  আমার কাছে অপূর্ব ভাইয়ার সকল নাটক ভালো লাগে     ,NoAG,0
ঢাকা শহর এখন এক ভয়াবহ আতঙ্কের শহর ডেঙ্গু মহামারি আকার ধারণ করেছে সরকার মশা নিধণ করতে ব্যর্থ,NoAG,0
 কোন ক্ষমা এই সপ্তাহে রেস্টুরেন্টে ,NoAG,0
প্রবাসীরা নিজেদের স্বজন আর দেশকে ভালোবেসে কষ্টের টাকা পাঠান দেশে তাঁদের সেই রেমিট্যান্সেই আসলে টিকে আছে এ দেশ তাঁদের প্রশ্ন সেই প্রবাসীদের যখন পাসপোর্ট নিতে গেলে টাকা দিতে হয় এয়ারপোর্টে হয়রানি করা হয় ব্যাগ ধরে টানাটানি করা হয়—এটা কেমন সিস্টেম,NoAG,0
রাজাকারের সন্তানরা এটাই প্রমান যে আল্লা পাখ তাকে বাঁচিয়ে রাখবেন ইনশা আল্লাহ্র ,AG,1
কলিজায় জায়গা দেওয়া মানুষগুলোই একসময় কলিজায় আঘাত করে চলে যায় এটাই বুঝি বাস্তবতা,NoAG,0
সালমা আমাদের নবীজি সাঃ এর মেয়ের নাম এই নামকে কেউ গালি দেবেন না ভাই,NoAG,0
তুমি তো হিন্দু তুমি আর কি বুঝবে  তোমার চোখ তো অন্ধ বুঝেও তুমি বুঝনা,AG,1
ফাসি দিয়ে মারতে হবে শুয়োরের বাচ্চাদের,AG,1
“বড়দের সমালোচনা করার মতো তুমি কে তোমার কি মনে হয় তুমি তাদের চেয়ে ঘোড়া সম্পর্কে ভালো জানো” ফিলিপ তার ছেলেকে ধমকের সুরে বললেন,NoAG,0
কোনো প্রকৃত বিবেকবান মানুষ ভালো করে কোরান তো পড়েই এবং ইসলামের ইতিহাস ভালো করে জানলে বুঝা যাবে কত ভয়ংকর এবং মানবতাহীন এই ইসলাম,AG,1
চুদমারানির পোলায় মাল খাইয়া লইছে নাকি,AG,1
বি এন পি দলের জন্নঠিক নাই তাই জাদের জন্নঠিক আছে তারা কুনু দিন বি এন পি দল করেনা,AG,1
ডাক্তার নার্স ল্যাবটেকনিশিয়ানদের রোগনিরাপত্তা দেয়াটা সবচেয়ে বেশী জরুরী কারন তাদের আক্রান্ত হবার সম্ভাবনা অনেক বেশী তাদের মাধ্যমে রোগ ছড়ানোর সম্ভাবনা ও অনেক বেশী,NoAG,0
লুচ্চা মেয়েরাই পারে আরেকজনের সোন খেয়ে এক্স বয়ফ্রেন্ড কে সরি বলতেএসব মেয়েরা সমাজের ভাইরাস,NoAG,0
চুতামারানির পোলা আবার সেই কুত্তা পাডার পো পাডা ,AG,1
আগে যতোটা বেশি পছন্দ করতাম দুশ্চরিত্রা মিথিলা মুখার্জি কে এখন তেমনি সবচেয়ে বেশি ঘৃণা করি ওই পতিতা সদ্য হিন্দু হওয়া মিথিলা মুখার্জি কে,NoAG,0
এই কিছু কি বিরোধ পর্যালোচনা আবার আমি আশা তীক্ষ্ন চিতকার আমাদের একাধিক জিনিষ পর্যালোচনা করতে সম্ভব হবে কর্মীদের অত্যন্ত বন্ধুত্বপূর্ণ ছিল হয়তো একটি বাচ্চা খুব বাচাল অবস্থান সুন্দর এবং পরিষ্কার ছিল খাদ্য মহান লাগছিলপিজা ঠিক যে ভালো ছিল না এটা ঠিক উপায় খুব মিষ্টি আর যখন আমি মিষ্টি বলে এটা যে এটা তাদের পিজা সম্পর্কে অন্য কিছু ছাপিয়ে তাই চরম আছে এটা খেয়ে এত ভিন্ন এটা মনে মত ভুল সস ব্যবহার করা হয়েছিল তোলে আমি জানি এটা ছিল নাতাদের আমার ডিনার বাকি সঙ্গে দূরবর্তী অবস্থান থেকে ভুল আর কিছুই ছিল না আপনি মিষ্টি সস অন্য তারপর অর্ডার কিছু পছন্দ না হয় এটা ঠিক আমি  অন্যান্য ভাল পিজা সম্পর্কে ছিল না,NoAG,0
মেয়ে রা বেশী খারাপ	ওদের মাথায় সব কুবুদ্ধি ,AG,1
যালিম হাচিনার জন্যও তার বাপের পরিনতি অপেক্ষা করতেছে,AG,1
সালা আওয়ামী লীগের দালাল চুর সালারা আবার কথা কই ছিছি,AG,1
খৃষ্টান ধর্ম মানে বাজে জিনিস শিক্ষা দেওয়া আর আমরা কোথাও জঙ্গিবাদ শিখাই না এগুলো তোরা শিক্ষা দেছ তার প্রমান তোদের বাইবেল,AG,1
সব দোষ হাসিনা বাহিনির দেশ ধংস ভারতকে তোষামদ করেই তো বাচে না,AG,1
কোন ধর্মগ্রন্থেই  শাখা সিদুর ঢাক ঢোল অনুমতি নাইকিন্তু হিন্দুরা মানে না,AG,1
প্রথমত আমি আশা করি লা  ব্যবস্থাপনা এই রিভিউ পড়ে এবং তাদের রেস্টুরেন্টে উন্নত করতে পদক্ষেপ নেয় দ্বিতীয়ত আমরা ব্লাডি মেরি বার খুব মিস করি স্বামী  আমি ডিনার জন্য একটি শনিবার রাতে কয়েক সপ্তাহ আগে এলএফ পরিদর্শন করেন আমরা একটি বিয়ার সম্পর্কে ওয়েট্রেস একটি সাধারণ প্রশ্ন জিজ্ঞাসা এবং তিনি কিছু তৈরি যে হাস্যকর ভুল ছিল ঠিক আছে তিনি বিয়ার জানে না আমরা চিপ ও সালসা পছন্দ করেছে এটি একটি শুভ সূচনা ছিল তখন আমি আমার জল চুমুক দিলাম কি আমি জানি  কলের পানি কাণ্ডকীর্তি কি পছন্দ কর কিন্তু এই অদ্ভুত ছিল  আমাকে তৈরি ধামা ধরা আমি এটা পান করতে পারল না এমনকি তাতে লেবু একটি ফালি সঙ্গে হয়তো এটা বরফ ছিল স্বামী কার্যকরীভাবে সর্বত্র মুরগির  যা তিনি আদেশ আদেশ এবং এটা এত খারাপ ছিল তিনি তা শেষ করেন নি আমার খাবার পারেন স্মরণীয় ছিল না আমি এটা পছন্দ অন্তত বা এই জায়গা ভালবাসা চেয়েছিলাম আমরা সেখানে ভয়ঙ্কর হতাশ থেকে বেরিয়ে আমার সন্দেহ আমরা ফিরে যাব,NoAG,0
ভারতের বাহিরে ১টি মন্দির আমাকে দেখিয়ে দিন তা পারবেন না কারন মন্দির সব ভারতে ভারতের বাহিরে আপনাদের চিহ্ন নেই,AG,1
পিটানো দরকার ওদের সব কয়টাকে,AG,1
তাহলে সবাই মুসলিম ধর্ম ত্যাগ করে বৌদ্ধ ধর্ম গ্রাহন কর সেটাই একমাত্র পথ একনঅার কোন রাস্তা নেই,AG,1
বাসার ছয়তলায় থাকি কিন্তু মশার যন্ত্রণা থেকে নিস্তার নাই সিটি করপোরেশন কাজ করে বললেও সে কাজের ফল আমরা পাচ্ছি না,NoAG,0
সরকারের মুখ ভরা শুধু চাপাবাজী,AG,1
হাছিনা যে কত মিথ্যাবাদি এটা সবাই জানে কি হবে এদেশটার যদিনা ভালো মানুষ ক্ষমতায় আসে,AG,1
গত সপ্তাহে বিশ্বখ্যাত ফুটবলার ক্রিস্টিয়ানো রোনালদোর মালিকানাধীন দুটি হোটেলকে হাসপাতালে পরিণত করার জন্য দেশটির সরকার থেকে অনুরোধ করা হয়েছিল কিন্তু রোনালদো তাতে রাজি হননি,NoAG,0
এখনো সময় আছে আমাদের ঐক্যব্ধ হয়ে কুওালীগ এর বিরুদ্ধে রুখে দাড়াতে হবে,AG,1
ছাত্রলীগ নিষিদ্ধ করা হোক তারপর অন্য সব,AG,1
নবি চুদমারানী খুন করল,AG,1
আমি এখানে দুইবার লাঞ্চের জন্য চলেছি ঠিক আছে কিন্তু আমি ফিরে আসছে করা হবে না অংশ ছোট হয় আমি  এক ছিল এবং এটি ভাল ছিল কিন্তু আমি প্যাড থাই যা মেনু বলেন চিকেন এবং চিংড়ি রয়েছে ছিল না প্লেটের উপর একটি একক চিংড়ি সস্তা বেজন্মাদের নিম্ন মানের থাই রেস্তোরাঁ আমি থাই হাট পাশে ফিনিক্স করা চলেছি এক,NoAG,0
আমি এই জায়গা জন্য খুবই উচ্চ আশা ছিল পরে খুব ভাল রিভিউ ভাগ্য পেয়েছিলাম এবং যে  বুর্গোইন করা হচ্ছে কিন্তু আমি ভয়ঙ্কর হতাশ হয়েছিল আম পেঁপে বসন্ত রোলস মৌরি  যষ্টিমধু গন্ধ প্রাধান্য ছিল শু মাই  খুব একটা কঠিন ছিল এমনকি হার্ড কোর ইতালীয়রা বলেন না তারাও আল  ছিলেন কালো ড্রাগন মুরগির ভাল ছিল কিন্তু মহান না আমরা চলে যাবার পর আমরা লক্ষ্য করেছি ডিনার মেনু আরো অনেক কিছু ব্যাপক ছিল বিশেষ করে  ছাড়া হয়তো এখানে ডিনার অনেক ভালো অভিজ্ঞতা কিন্তু আমি নিশ্চিত নই আমি এমনকি এটা দুপুরের খাবার আমি এখানে ছিল পর করে দেখুন দিতে ইচ্ছুক হতে চাই বায়ুমণ্ডল এবং সাজসজ্জা জন্য  এমনকি আমাকে বাধ্য শুরু করবেন না হিপ হতে পারে খুব কঠোর চেষ্টা সম্পর্কে কথা বলুন বার এলাকায় ভেগাস নীল আলো ফিরে উত্তর পশ্চিম  শৈলী পুরানো সুদর্শন পালঙ্ক এশিয়ান প্রভাব  আমি না  সাজসজ্জা একটি প্রবক্তা নই কিন্তু এই জায়গায় বেশি ছিল  পরিষেবা মাত্র ঠিক আছে অত্যধিক ছিল আমি ফিরে যে কোনো সময় শীঘ্রই হবে না,NoAG,0
হিন্দু ধর্মে যৌন সঙ্গমে অনাআগ্রহহী নারীকে লাঠি দিয়ে প্রহার করে সঙ্গমের জন্য রাজি করানোর কথা বলা হয়েছে উপনিষদেফালতু ধর্ম,AG,1
সরকার বলার পরই যদি সব মানতে হয় তাহলে বিবেকটা কই রাখলেন বিবেক বিবেচনাবোধ বলতে কিছু একটা আছ তো,NoAG,0
মেধার জোরে আসে নাই স‍্যার সরকারের দালালি করে এখানে আসছে তাদের চেয়ে যোগ্য লোক বাংলাদেশে অনেক আছেসরকারের দালালি করতে পারে নাই বলে তাদের চাকুরী হচ্ছে না,NoAG,0
মেসে থাকা মেয়েরা একা ফেরদৌসি হয় এরা খুব একা হয় একাকিত্ব এদের জাপ্টে ধরে,NoAG,0
এই স্থানটি নোংরা এবং অট্ট ছিল খাদ্য সত্যিই মহান ছিল না এবং সালসা বার তিন বছর বয়সী করা এটি একসঙ্গে মতো লাগছিল সার্বিক শুধুমাত্র প্লাস  চিপ খাদ্য আগে বিনামূল্যে ছিলেন আমি ফিরে হবে না যদি না আমার এক বন্ধু আমাকে জন্য বহন করেনা,NoAG,0
সাথী আমার কাছে একটা প্রেমের সমুদ্র প্রেয়সীর জন্য নিজেকে বিলিয়ে দেওয়ার আরো একটি আখ্যান অবশেষে প্রেমিকপ্রেমিকার মিলন হল বটে যদি না হতো জানি না কান্না করতাম কিনা,NoAG,0
আপনি হয়তো আগে অন্যায়ের বিরুদ্ধে কথা বলেন নায় আপনি হয়তো আগে ভালো কাজের উতসাহ দেন নায় তাই বলে কি বর্তমানে অন্যায়ের বিরুদ্ধে কথা বলা আর ভালো কাজের উতসাহ দেয়া যাবে না,NoAG,0
ভাই তুমি এ কি জিনিস বানিয়েছ তোমার তুলনা নাই তুমি আরো এইরকম বানাও কি অদ্ভুদ বিচিত্র মুখভঙ্গি হনুমান বাঁদর ক্যাঙ্গারু কাক পেঁচা ঈগল মিশিয়ে এক্সপ্রেশন তুমি নিজের মুখ টাকে শুধুমাত্র দর্শকদের বিনোদনের জন্য সমস্ত লজ্জা বিসর্জন দিয়ে অতি উচ্চপর্যায়ে নিয়ে গেছ দারুন দারুন এই ব্যাপারে যদি কোনো নোবেল থাকত তবে শুধুমাত্র তুমিই তার প্রথম এবং শেষ প্রাপক হতে আর কি বলব ভাই কাল রাত্রি থেকে আজ এখনো অবধি আমি ১৫২০ বার দেখলাম তবুও আমার মন ভরল না আমি এটা সেভ করে রাখলাম তোমার জন্য ভালোবাসা রইল,NoAG,0
এমপি মিরা বেয়াদ্দব মহিলা কথা কিভাবে বলতে হয় নূর ভাইয়ের কাছ থেকে শিক্ষা নে দেহ ব্যবসা করে ক্ষমতায় আসা যায় সম্মান অর্জন করা যায়,AG,1
ঐ মাগির পোলারা তোদের কি শরম বলতে কিছু নাই,AG,1
ধর্ষণ মানুষ করে নিজের নোংরা বাসনা চরিতার্থ করতে প্রতিশোধের জন্য না প্রতিশোধের অনেক উপায় থাকে,NoAG,0
কফি অবশ্যই নিজ হাতে বানাননি রঙ চাই খেয়েছিলাম ঐ যে বলল কফির কৌঠা মে বি খালি ছিল,NoAG,0
কেউ  যদি  মুভির কোনো  ভালো  রিভিউ  করে  তবে  সবাই  কমেন্ট  বাক্স  এ  এসে  মুভির  প্রশংসা করে  চুদে  দেয়  আবার  কেউ  যদি  নেগেটিভ  রিভিউ  করে  ঠিক  তখন  তার  উল্টা  কাজ  করেন কেন  ভাই  আপনাদের  নিজের  কি  কোনো  মতামত নাই,NoAG,0
জামাত সাথে বেইমানী করেছে বিএনপি,AG,1
আমি মনে করেছিলাম প্রথম আলোই বড় বাঁচা বেঁচে গিয়েছেন,NoAG,0
আজ আপনাকে সরাসরি দেখলাম ভাইয়া সেরা আপনি,NoAG,0
নজরুলের সময়ে আমাদের ছিল দুখু মিয়া আর ফেসবুকের সময়ে এখন আমাদের আছে সুখু মিয়া,NoAG,0
সাধারণভাবে  শ্রেষ্ঠ সময়ে মাঝারি  আছে এবং তাদের  অত্যন্ত প্রক্রিয়া করা বলে মনে হচ্ছে আমি সাধারণত সব একসাথে কারণ কারণ তাদের খাদ্য সত্যিই একটি নাক ডুব গ্রহণ করেছে যেমন পরিষেবা রয়েছে  আপ দিয়েছি আমি সম্প্রতি এই অবস্থানটি দ্বারা বন্ধ কারণ আমি ও তাড়ার মধ্যে ড্রাইভিং ছিল এবং একটি  তারা সব পরে একটি  দোকান হতে অনুমিত করছি চেয়েছিলেন প্রথমত কোন লবণ  লবণ  মান এক নয় দ্বিতীয়ত আমি যেতে ক্রিম পনির ক্রিম পনির একটি   বিকল্প হচ্ছে সঙ্গে আমার  আদেশ এবং যে আমার বাস্তব ভুল ছিল যে কেউ  এমনকি সব  মাধ্যমে পথ যেভাবেই পরিচালনা করা হয়নি তৈরি এবং ক্রিম পনির একটি পরিমাণ আনুমানিক  এক অর্ধেক উপর মাখন স্তুতি সমতূল্য করা বাকী অর্ধেক মূলত শুষ্ক ছিল অবিশ্বাস্য বলা বাহুল্য আমি প্রায় বিরক্ত হয় যখন আমি কাজ পেয়েছিলাম এবং আমার  খোলা স্টিক  বা  মতো স্থানীয়  জয়েন্টগুলোতে কোন  তারা অনেক ভালো  আছে এবং তারা আপনার জন্য তাদের উপর ক্রিম পনির ইট ডাম্প হবে,NoAG,0
একটা পয়েন্ট বাদ পড়েছে ইনটক্সিকেট করে যদি সম্মতি আদায় করা হয় তাহলেও তা ধর্ষণ বলে বিবেচিত হবে,NoAG,0
তাই আমি কিছু কিছু কারণ এই বাজারে এখানে একটি অনিয়মিত খরিদ্দার   আমরা তাদের আভ্যন্তরীণ তৈরি ভূট্টা  ভালবাসেন তারা মেক্সিকোর অধিবাসী একইরূপে মেয়েছেলে রুটি এবং নারকেল বার এর একটি ভাল নির্বাচন আছে এবং যদি আমি প্রচলিত উত্পাদন কিনছি তাদের মূল্যের বীট হতে পারে না এছাড়াও তাদের প্যান  সত্যিই ভাল এবং সস্তা এবং তাদের কেক   সুন্দর অভিশাপ ভালঠিক আছে তাই এখানে যেখানে বিয়োগ  বড় মাইনাস আসেআমার স্বামী এবং আমি আমি সাধারণত অর্ডার সহজ   টাকোস মত সহজবোধ্য জিনিষ  একটি ভূট্টা  মাংস তুলনায় অনেক সহজ না চাই ব্রেকফাস্ট জন্য মাঝে মাঝে যেতাম  ভাল শেষ সময় আমরা এই কি আমি এ কাজের জন্য আমার মাংস  প্রস্তুত পাওয়া  অপেক্ষা করুন  রঙ নীল বেগুনে যাবে আমি কটা মাংস ছিল কিন্তু আমি এটা টুকরা যে নীল ও বেগুনি হয়ে যাও  কোনও  তামাশা ছিল আমি ভেবেছিলাম এটা চোখের একটি কৌতুক ছিল কিন্তু আমি ঘনিষ্ঠভাবে এটি এবং   পরীক্ষা যে বিষ্ঠা নীল বেগুনে ছিল আমি অবিলম্বে আমার থালা দূরে ছুড়ে ফেলে এবং তাদের রান্নাঘর দিক থেকে আদেশ মাংস যেহেতু আমি হবে নাযে হচ্ছে বললেন আমিও  একটি স্নোব মত শব্দ না এখানে মাংস কেনার আরো সতর্ক হয়েছি কিন্তু আপনি বাজি ধরে বলতে পারি আমি গরুর মাংস আমার পরবর্তী কাটা এখানে নেই কেনার করছি আমি তাদের রুটি এবং তাদের কেক এবং  এবং এই ধরনের সঙ্গে শীতল কিন্তু যদি এটা মাংস আসে আমি দরজা আউট করছিবাস্তব খামারবাড়ি বাজার  আমি অনেক প্রো এর খামারবাড়ি বাজার পছন্দ করে,NoAG,0
আমাদের সবাইকে বের করে দিতে পারতকেননা গৃহকর্ত্রী এবং ওয়েট্রেস অবিশ্বাস্যভাবে অবাধ্য ছিল,NoAG,0
আচ্ছা তোদের মত মুর্খদের কাছে একটা প্রশ্ন এই সরকার যদি অবৈধ হয় তাইলে বেয়াদপ রুমিনও কি মরা মানুষের ভোটে জিতেছে সেওতো এই সরকারের অধীনে নির্বাচনে জিতেই সংসদে গিয়ে গলাবাজি করে,AG,1
ফরিদপুরের ভাঙ্গা উপজেলায় পথে কুড়িয়ে পাওয়া এক লাখ টাকা তাঁর মালিকের কাছে ফেরত দিয়েছেন এক ভ্যানচালক রোববার বেলা ১১টার দিকে প্রকৃত মালিককে টাকা ফেরত দেন তিনি,NoAG,0
হ্লার ঘরের হ্লা তোরে জুতা খুলি মুজা দিয়া পিডাইতে মন চাইতাছে,AG,1
উদ্যোগটির পরিসর অত্যন্ত ছোট কিন্তু চেতনাগত দিক থেকে এর তাৎপর্য অনেক বেশি গ্রামাঞ্চলের সাধারণ মানুষকে ঠিকমতো বোঝাতে পারলে তাঁরা যে মহৎ কোনো কাজে স্বতঃস্ফূর্তভাবে অংশ নেন এ উদ্যোগের মধ্য দিয়ে তা স্পষ্ট হয়েছে,NoAG,0
খানকির পোলা এখানে মূর্তির মত দাঁড়ায় না থেকে তাবিজ্জারে তোর পাছাটা আবার দিয়ে আয়তোরে এখান্না রামঠাপ দেক,AG,1
মালুর বাচ্চা তোদের ধর্ম যদি সত্যি হয় তবে তাকে সরাসরি চ্যালেঞ্জ করতে পারিস না কেন,AG,1
তোর পূজা যেন বন্ধ থাকে কখনো মাইক বন্ধ হবে না,AG,1
বিনপি আসলে যে এ গুলো হবে না এটার কোনো গেরানটি বিনপি দিতে পারবে নি যারা দল চালাতে পারে না তারা দেশ চালাবে কি করে,AG,1
তোর পুটকি দিয়া নল ঢুকাইয়া মুখ দিয়া গুলি করুম,AG,1
হাসিনা সরে গেলে আলীগ তাসের ঘরের মতো ভেঙে যাবে ,AG,1
আশা করি ভালো ছবি তুলবেন আর এপ্রুভড হবেআর আশা করি সম্মান দিতে শিখবেননিজের ছবির নিজে জাজ না হয়ে অন্যকে জাজমেন্ট করতে দেন,NoAG,0
যাকে না দেখে ভালোবাসে  কোটি কোটি মানুষ তিনি তো  হলেন প্রিয় নবী হযরত মুহাম্মদ সাঃ,NoAG,0
ভালো করে দেখ বেদের স্লোকে লেখা আছেদেবদেবিদের নষ্টামি ও চোদাচুদিআন্ধা নাস্তিক,AG,1
এত স্পষ্ট ভাষা এত ভালো অভিনয় এত সুন্দর একটা ব্যাকগ্রাউন্ড মিউজিক এত সুন্দর একটা কাহিনী আমার মন থেকে ব্যক্তিগতভাবে অসংখ্য ধন্যবাদ সকলকে,NoAG,0
ওম চুদে মাগির পুত বালেরে 🤣,AG,1
বাঙাল জাত হিসেবে কেমন খারাপ আর কত খানি নীচে নামল তার ধারণা পেতে মাঝে মাঝে  সালমানের পোস্টের কমেন্টে আসিসেলুকাস কি বিচিত্র এ জাতি,NoAG,0
প্রথমত এই জায়গা  রোমান্টিক নয়  সিটিসার্চের সম্পাদকীয় পর্যালোচনা দ্বারা দাবি করা হয়েছে,NoAG,0
স্বাধীনতা মানে বেহায়াপনা নাআর জিন্স কেনো পড়তে হবেকোনো ছেলে কি বলে যে আমি সালোয়ার কামিজ পড়বোসবকিছুতেই ঢালাওভাবে ছেলেদের সাথে তুলনা করলে হবেতাহলে তার নিজস্বতা কি রইলোমেয়েদের কথায় কথায় অনেক ভুল ধরার স্বভাব অনেকেরই আছেআমি এটার ঘোর বিরোধী ঠিক ভুল বিবেচনা করে উভয়ের ক্ষেত্রেই সমান মুল্যায়ন করতে হবেযেটা অন্যায় সেটা সবার ক্ষেত্রেই যেমন সিগারেট খাওয়ার কথা বললেনএমন আরও আছে আর বললাম না,NoAG,0
ওইটা আপনাদের হীন্দুদের কাজ শুকরগরুর মূত্র খাওয়াআপনিই খানসেটাই ভালো হবে,AG,1
রোনালদোকে দেড় কোটি টাকার উপহার জর্জিনার,NoAG,0
ইসলাম বিরোধিরা এখনো সময় আছে ভালো হয়ে যাও,AG,1
তারপরেও মানুষ যদি নিজের চরিত্র না বদলায়   অন্যের ক্ষতি করা থেকে বিরত না হয়  তাহলে সে শ্রেনীর মানুষের না থাকাই ভালো,NoAG,0
তুই বাইনছুদ পুলিশ ছাড়া মাঠে আয় তুরে খাণকির পুলা কাইটা টুকরা করে দাকাতিয়া নদিতে বাসিয়ে দিবো,AG,1
আমি এদের বাংলার বাঘ ই বলবোএখানে বাঘিনী বলা মানায় না,NoAG,0
হিন্দুরা কত সিকুলার ঠিক হচ্ছে ইসলাম,AG,1
পাকিস্তান আমার বাল আমাদের বালের দেশ,AG,1
সরকারি লোক জনগনের টাকা অপচয় করে বিলাসিতা করে এর জবাব একদিন আল্লাহর  কাছ দিতে হবে আল্লাহ বিচার করো চোর দূর্নীতিবাজদের,NoAG,0
মুসলিম আর মানুষ দুটি সম্পুর্ণ আলাদা এরা পৃথিবীর এক অভিশাপ,AG,1
মামলা করবেন  ঐ খানেও তো ওদেরই পুলিশ বিচারক কোথায় যাবেনতারচেয়ে নাকে তেল দিয়া ঘুমানঘুম ভাঙ্গলে জয় বাংলা জয় বুঙ্গুবুন্দু বলবেন,NoAG,0
আজ বোনজামাই কে নিয়ে সিগারেট কিনতে দোকানে গেলাম বোন জামাই ভয় পাচ্ছে আজই আমার বাল্যবন্ধুকে ক্রসে দিসে কিনা ,NoAG,0
তুই তো টাকার কাছে তোর ধর্ম বিক্রি করছ তুই তো মানুষ নামের জানোয়ার হারে নাস্তিক,AG,1
আগে সবার সুন্দর সুন্দর রিভিউ দেখতাম এই সাদিয়াস চায়ের দোকানটা নিয়ে কিন্তু বুঝতে পারিনি এমন কিছু এক্সপেরিয়েন্স নিতে হবে,NoAG,0
এই চুদানীদের আব্বাআম্মা নাই,AG,1
ওম চুদে শিবায় রাধা মাগি ব্যাথা পায়,AG,1
বিয়ের প্রস্তাবে রাজি না হওয়ায় চট্টগ্রামে এক কলেজছাত্রীকে ভাড়াটে লোক দিয়ে পরিকল্পিতভাবে ছুরিকাঘাত করার ঘটনা ঘটেছে ঘটনার দুই দিন আগে ভাড়াটে লোককে ৫ হাজার টাকাও দেওয়া হয়,NoAG,0
একটি সারণি পেয়ে সৌভাগ্য কামনা করছি,NoAG,0
একবার নিজ দেশকে বিশ্বকাপে নিয়ে যাদেখ পতাকা তো দুরের কথা খালি গাঁয়ে পুরোটায় লাল সবুজ রং করে রাখব টানা একমাস,NoAG,0
কুত্তালীগও এভাবে হারতো ভালো ও পরিশুদ্ধ ভোট হলে,AG,1
আরে পাগল খোকা আমি যেটা সত্য সেটাই বলেছি আমি তো আর তোর মত ভক্ত নই তোরা হলি গে অন্ধভক্ত তোরা দেখবি শুনবি তাও বিশ্বাস করবি না,NoAG,0
এই মহিলা কে গরম তেলের বিতরে চুবানো উচিত,AG,1
ঐ নোংরা হিন্দু মালাউনের বাচ্চা  মুসলিমরা জঙ্গি নয় ইহুদীবাদী হিন্দুত্ববাদী কলাঙ্গারেরাই জঙ্গি,AG,1
মহান আল্লাহর কাছে প্রাথনা করি নিউজটা যেন সত্যি হয় এবং সাকিব যেন খেলতে পারে,NoAG,0
তুমি কি বোকা চোদা না কি পাগোল চোদা,AG,1
হাতের ডান পাশে সিঁড়ির শেষ মাথার ছাদের দেয়াল ঘেষে কে যেনো বসে আছে  ভয়ে আমার বুক তখন হাপারের মতো উঠা নামা করছে ,NoAG,0
লিভারপুলে খেলে মোঃ সালাহ যে অভিজ্ঞতা লাভ করেছে তা মিশরকে সামনে এগিয়ে রেখেছে তবে অভারঅল পারফর্ম্যান্সে এ উরুগুয়ে ফেভারিট,NoAG,0
আগে বাঘে গাধায় এক ঘাটে জল খেত এখন বাঘে কোবিতে এক ঘাটে জল খায়  অর্থ্যাৎ কোবি = গাধা প্রমাণিত,NoAG,0
ইহুদীরা আসলেই খুব বিপজ্জনক ,AG,1
ইসলামধর্ম শত সহস্র খুনীর জন্মদাতা  ইসলাম অশান্তির​ ধর্ম ,AG,1
সেখান দিয়ে যেতে যেতে দেখেনপাশের বাশ বাগানের ভিতর থেকে সেই মাথা কাটা লাশটা হাতের ইশারায় তাকে ডাকছে,NoAG,0
তবে এবারে জিউসের রাগটা গিয়ে পড়লো শুধুই প্রমিথিউসের উপর প্রচণ্ড ক্রোধের বশে জিউস প্রমিথিউসকে দিলেন ভয়ানক এক শাস্তি,NoAG,0
আমরা যখন সন্ধ্যায় নামলাম তখন আমরা বারে বসে ছিলাম কিন্তু যখন আমরা পিছন ফিরে দাঁড়ালাম তখন বার থেকে মুখ ফিরিয়ে নেয়ার সময়   জন আমাদের কাছে চলে আসেন,NoAG,0
আগামী একটা প্রজন্ম হয়তো এ কারণে হীনমন্যতায় ভুগবে যে  জীবদ্দশায় তাদের বাপদাদারা বইমেলা পেয়েও কয়েকটা বই প্রকাশ করতে পারেনি,NoAG,0
যতদিন বিএনপি থাকবে ততদিন বাংলাদেশে জঙ্গিবাদসন্ত্রাস থাকবে,AG,1
রোনাল্ড ইউরো জিতেছে সেটা উনি ভূলে গেছেন আর দেশের হয়ে রোনাল্ডো একাই মোটামুটি পর্তুগাল টিম টাকে টেনে নিয়ে যায়,NoAG,0
চীনসহ যে কয়টি দেশে করোনা ভাইরাস ছড়িয়েছে ঐসব দেশের সাথে অতি দ্রুত সকল ফ্লাইট বন্ধ করার জোর দাবি জানাচ্ছি দেশবাসীর পক্ষ থেকে সরকারের কাছে,NoAG,0
কেন স্পেশাল কোন ফোর্স নাই যে ২৪ ঘন্টার মধ্যে বিচার করা যায় করা যাবে না কারন সে আওয়ামীলীগ না ,NoAG,0
তুই শালা আওয়ামীলীগ দালাল আওয়ামীলীগ এর তোলা চাটস,AG,1
এই বালের জিনিস বারবার পাঠাস না তোর বিরক্ত লাগতেছে,AG,1
আমি অন্যদের এটি একটি সস্তা সুশি বিকল্প যে তার সাথে একমত হবে কিন্তু আমি মুগ্ধ হয় নি সাশিমি ছিল  বিস্বাদ এবং সিক্ত যেমন এটা শুধু  হয় এছাড়াও দেখলাম তারা ফিরে পাল্টা আগে থেকেই তৈরি করা রোলস ছিল চলো কিভাবে হার্ড এটি একটি তাজা রোল বানাতে হয়আমি তাদের  টি তারা দেওয়া হবে কিন্তু আমরা কি পেতে বিনামূল্যে মিসো এবং সালাদ এবং আমি মাছ থেকে অসুস্থ পাই নি আমরা কি আমরা জন্য অর্থ প্রদান পেয়েছিলাম,NoAG,0
ইসলাম মানুষকে পশু বানিয়ে দেয়,AG,1
তোদের আবাল লীগে কবে থেকে ভদ্রতা শিখলি ৷ মহিলাগো ধর্ষন করতের সময় ভদ্রতা কোথায় থাকে ৷ আর কি বললি দেশে খুন হবে খারাফি হবে আলজাজিরার কি ৷ দেশে খুন করবে মানে তাহলে কি তোর মা বোনে প্রত্রেক রাতে একটা করে বাচ্ছা দিতেছে যে খুন করবি খারাফিও করবি ৷ ঠিক থাপ্পরাইয়া ব্লাড গ্রুরুপ সেইন্চ কইরা পালামু ৷ দেশটাকি শুধু তোর আব্বার ৷ হিসাব করে কথা বলবি না হয় জুতাইয়া অন্ধ কইরা রাখুম,AG,1
 আমরা কি ভাবনার মধ্যে গিয়েছিলামআমাদের একটি  ছিল ঠাণ্ডা ঠান্ডা আবহাওয়া থেকে বেরিয়ে আসার জন্য অনুসন্ধান করলাম,NoAG,0
তবে একজন নিরপেক্ষ ত্রিকেট ফ্যান হিসিবে  এর  র গায়ে প্রায় বল মেরে দেওয়া এবং আউট করার পর  এর গালি দেওয়াটা খুবই দৃষ্টিকটু লেগেছে,NoAG,0
তোই হলি একটা মাগির ফোয়া,AG,1
আমি মুক্তিযুদ্ধের চেতনার সমর্থকসেই কারনে আওয়ামী মনে হয়কিন্তু এর কোন বিকল্প নাইএখন চুরি ব্যাঙ্ক লুট সহ বিএনপির ভাষায় যত গুলি অন্যায় আছেতার জন্য তো রাজাকার আল বদর দের অথবা সেনা বাহিনী সহ ইসলামিষ্ট সন্ত্রাসী কে উস্কানি দেওয়া যায় নাঅন্যায় অবিচারের জন্য রাজপথ খোলা আছেএতোই যদি আওয়ামী সরকার অন্যায় করতো তবে প্রায় দশ বছর টিকে থাকতো না জনরোষ থেকে বাঁচতে পারতো না,AG,1
আমি সরাসরি উপস্থিত ছিলাম সমাবেশে রামদা হাতে যেগুলা ছিল সবগুলো ছাত্রলীগ ও যুবলীগ,AG,1
এই মৌলানা গুলোর কথা শুনলে মনে হয় ইসলাম ধর্ম শয়তানের ধর্ম,AG,1
ভোট ডাকাতি শেখ হাসিনাই করেছে ছেলে মেয়ে লাগবে কেনরিজেন্ট সাহেদকে চিনেন ক্যাসিনো হোতাদের ভুলে যাবেন না কিন্তু আর হ্যালমেট বাহিনী তারা কোথা হতে এসেছিল,AG,1
কিন্তু আমাদের দেশের ডাক্তাররা শর্ত দিয়ে কাজে আসবে এটা কোন ধরনের যৌক্তিকতা মানবিকতাএই যুদ্ধ ডাক্তারদেরসবার যদি ক্ষমতা থাকতো এই যুদ্ধে লরার তাহলে কেউ বসে থাকতো না ১৯৭১ সালের মত,NoAG,0
এইটাই তো মন টা মানতে চায় না ভাইয়া খালি মন চায় আগের মত সব ঠিক হয়ে যাক আবার নতুন করে শুরু হোক,NoAG,0
আমার আপনার কাছে এটা হাস্যকর কিন্তু যারা করছে তাদের কাছে এটা ধর্ম মুক্তির পথ   আমার আপনার কাছে যেগুলো ধর্ম এবং মুক্তির পথ সেগুলা তাদের কাছে হাস্যকর  ৪২শ ধর্মের  ৪২লাখ নিয়ম সবাই সত্য দাবী করছে  কাকে ছেঁড়ে কাকে বিশ্বাস করব আর তাই  আমার পার্সোনাল অপিনিয়ন এমন যে আমরা অতি সাধারণ হিউম্যান বিয়িং সৃষ্টিকর্তা কে আছে বা নাই এসব নিয়ে মাথা না ঘামিয়ে বরং বেঁচে থাকা নিয়েই মাথা ঘামানোই উচিৎ ,NoAG,0
বিএনপি আমাদের কি দিয়েছে দিয়েছে শুধু জঙ্গিবাদ তোর আব্বুর মুখে শুনে নিসআর যদি তোর আব্বু অশিক্ষিত হয় তাইলে কিছু বলার নাই বাংলাদেশের সবচেয়ে বড় সমস্যা ভারতেত বীর্য আর পাকু বীর্য বেশি,AG,1
তোর জন্মের ঠিক নাই বাইনচুদ এর বাচ্চা  তোরে ১৪ গোষ্ঠী রে চুদুম বাইনচুদ,AG,1
ধর্ম আফিম ছাড়া আর কিছু না,AG,1
চমেক হাসপাতাল পুলিশ ফাঁড়ির পরিদর্শক জহিরুল ইসলাম বলেন ছাত্রলীগের দুই পক্ষ মারামারিতে লিপ্ত হওয়ার পর পুলিশ গিয়ে অ্যাকশনে যায় এরপর অতিরিক্ত পুলিশ ডাকা হয়,NoAG,0
গিতা গ্রন্থে হিন্দু শব্দটিও নাই জানো কি সতীদাহের মতো নিকৃষ্ট কাজ হিন্দুরাই করতো জানো কি তাহলে আসলে বিকৃত কারা,AG,1
একটি প্রাথমিক শনিবার সন্ধ্যায় ব্যান্ড ভিড় শুধু সর্পিলাকার শুরু হয়েছিল প্রতিদ্বন্দ্বিতায় অবতীর্ণ হয় ব্যান্ড যাদের অডিও রেস্টুরেন্টে চলাকালীন পাইপ ছিল উচ্চ ভলিউম এড়াতে একটি প্রয়াস আরও ভিতরে যাওয়া আমি ব্যর্থ হয়েছে আমি খুব শীঘ্রই বুঝতে পারেন যে আমি যেমন অপেক্ষার কর্মীদের সামনে পৃষ্ঠপোষকদের পানীয় ও খাদ্য প্রদান করা রান্নাঘর থেকে সুন্দর সরানো পংক্তিভোজন মাঝখানে  মিস হয়েছে আবশ্যক আমি কর্মীদের একটি সদস্য আমি ভুল এলাকায় বসা ছিল এবং শীঘ্রই সেবা অনুষ্ঠিত হয় জিজ্ঞাসা করুনখাদ্য বিশেষ কিছুই কিন্তু এটি একটি রেস্টুরেন্টে চেয়ে বারের বেশি যদিও বায়ুমণ্ডল অনন্য ছিল আমি একটি প্রশ্ন কেন ক্যামেরা বয়স রুমে ছিল আছে,NoAG,0
মদিনার ইসলাম আর মডারেট ইসলামকত পার্থক্য করেছি আমরা মুর্তি পাহারা দেয়ার পক্ষে কথা বলতে একটুও কলিজা কাঁপেনা,AG,1
আগে ওর ফাসি তার পরে অন্য কথা ,AG,1
খাংকির পোলা অভদ্র সন্ত্রাস,AG,1
আরো সাত বারো পুলার সাথে পরকীয়া করবে কেন,AG,1
এই সব চোর ডাকাত লুটেরা সরকার না ডাকলে সরকারের বাজেটের টাকা কে চুরি করবে কে ডাকাতি করবে কে লুটের মাল লুট করবে কে এদের কে তো সরকারের প্রোজন আছে,AG,1
শিবির থেকে পর্নো সাংবাদিক কে এই ইলিয়াস,AG,1
আসিফ আবার কার পাকা ধানে মই দিলোআসিফ বিএনপি করে বিধায় উনার উপর ব্যক্তিগত আক্রোশ ঢালা হচ্ছে আর এটাই আমার সোনার বাংলাদেশ,NoAG,0
সুপার ফোরে এসে তো আমরা জিতবই জানা কথা যদি গ্রুপ পর্বেও আফগানিস্তানকে আমরা হারাতাম তাহলে মানসিকভাবে ওরা কতটা ভেঙে পড়ত একবার ভেবে দেখেছেন,NoAG,0
স্পেন আজ পরর্তুগালকে দেখাই দিবে ৩টি গোল দিয়ে,NoAG,0
অচিরেই ফ্যাসিস্ট হিন্দুদের হাত থেকে ভারত মুক্ত হয়ে টুকরো টুকরো হবেএতে কোনই সন্দেহ নে,AG,1
আপনার শার্ট টা বাদে ভিডিওতে আর কিছু নাই দেখা বা জানার মতো শার্টটা কোথা থেকে কিনেছেন আর কত নিয়েছে পারলে জানায়েন,NoAG,0
সাধারনত হুজুরদের ব্যাঙ্গকরে বলা হতো মোল্লার দৌড় মসজিদ পর্যন্ত কিন্তু এটা বদলে যাওয়া বাংলাদেশ এখানে মোল্লারা শুধু মসজিদেই পড়ে নেইএখন মাদরাসায় ইংরেজীঅংকআইসিটি যুগের প্রয়োজনে সব শেখানো হয় ঢাকা বিশ্ববিদ্যালয়ের সুযোগ পাওয়ার সেরা ৫ জনের ৩ জন ই মোল্লা তথা মাদরাসার যুগে যুগে আলেমরা মসজিদে নামাজ পড়াতঅাজান দিত কিন্তু কোন সরকারী বেতন বা স্বিকৃতি ছিলনা সেটার জন্য শেখ হাসিনা সরকার দেশের ঈমামমোয়াজ্জিনদের জন্য সরকারী বেতনের ব্যবস্হা করেছেনআগামী জুলাই থেকে ইমামরা ১৫ হাজার ও মুয়াজ্জিনরা ১২ হাজার করে সরকারী বেতন পাবেন ১৯৭৫ পরবর্তীতে ঈমাম মোয়াজ্জিন নিয়ে কেউ ভাবেনি যারা সারাদিন ধর্মের কাজ করেদ্বিনের কাজ করে যারা ৯৩ মুসলিমের প্রতিনিধিত্ব করে তাদের কথা শুধু বঙ্গবন্ধু কন্যা শেখ হাসিনা ভেবেছেন,NoAG,0
এই মালু হিন্দু দের সাতে কথা বলে লাভ নেই,AG,1
হাওয়া ভবনরেও ফাঁসি দেওয়া উচিত ছিলো আওয়ামীলীগ সব পারে মরার ৯ মাস পরে মামলা,NoAG,0
শুয়ার জানোয়ার কুকুরের চাইতে নিকৃস্ট তোরা কুকুরের বিস্টা তুরা সকলে,AG,1
তোর বিচি তার মধ্যে ভইরা পানিতে ভেলা বানাইয়া তোর পিছন দিয়ে ভরে দিব শালা শূয়ার কোথাকার,AG,1
ছি ছি আবার নিজের মেয়ের বয়সি আয়েশা কে জোর করে ধর্ষণ এই যদি তোদের নবীর গুন হয় তাহলে বিশ্বাস কর জেলে গেলে অনেক তোদের নবী পাওয়া যাবে,AG,1
ভাই কুকুরের পেটে ঘি হজম হয়না এরা ব্যক্তিস্বার্থের জন্য দেশের বারোটা বাজাতেও পিছপা হয়না চারদলীয় জোটের আমলেই বাংলাদেশ দূর্নীতিতে বিশ্বচ্যাম্পিয়ন হয়েছিল সেটা ভুলে গেছে,AG,1
আওয়ামীলীগের মধ্যে আর আগের মতো আদর্শবান নেতা নেইচাল চোর তেল চোর ভর্তি,AG,1
হিন্দু রুপকথার ধর্ম ওইটাকে হিন্দুরা ছাড়া অন্য কেউ গনায় ধরে না,AG,1
হাহাহা তুই আসলেই একটা আবাল কামলা,AG,1
যদি তুই পোলা না হইয়া মাইয়া হইতি তাইলে তোরে চুদে আগে ভোদা তারপর পাছাআর তারপর তোর মায়ের ভোদা তারপর পাছা আর শেষ কালে মুখে চুদে মেরে ফেলতাম যাতে তোর মতো হিজরা আর না জন্মায়,AG,1
হিন্দু ধর্মগ্রন্থের সঠিক রেফারেন্স অনুযায়ী মূর্তিপূজা সম্পূর্ণ নিষিদ্ধকল্কি অবতার মুহাম্মদ সাল্লালাহু আলাইহি ওয়াসাল্লাম কে অনুসরণের কথা বলা হয়েছে হিন্দু ধর্মেগ্রন্থেতাকে অনুসরণ ছাড়া কেউ মুক্তি পাবে নাপরকালে তার স্থান হবে জাহান্নামে,AG,1
এই মাদার চোদ হিন্দুরা যে ভাবে পাঁঠা বলি দেয় তরে ঐই ভাবে বলি দেয়া হবে উপেক্ষায় থাক,AG,1
শেষ সময়ে এসে কিছু তিক্ত ঘটনা ঘটে গেলোকিন্তু এর জের ধরে নিজ নিজ ইগো নিয়ে যদি সবাই বসে থাকি তাহলে আজ থেকে অনেক বছর পর অবশ্যই পোড়াবে,NoAG,0
কি পরিমাণ উদার হইলে বছরের পর বছর হাজার হাজার ডিম সরবরাহ করা স্বত্বেও নিজেদের নাম প্রকাশ করে না ধন্যবাদ এবং ভালোবাসা জানানোর ভাষা নাই   শুধু চাই এমন কাজ অব্যাহত থাকুক,NoAG,0
হিন্দু ধর্মের রীতি নীতি একদম বাজে যেমন ব্রাহ্মণ কতৃক ধর্ষণকে পূর্ণের চোখে দেখা হয় ★তারপর সতীদাহ প্রথাযেখানে কোনো হিন্দু নারীর স্বামী মারা গেলে সেই নারীকেও জীবন্ত পুড়িয়ে মারা হতো😥কি নিষ্ঠুর নিয়ম,AG,1
মুসলমান রা মানুষ না অমানুষ,AG,1
মানবিকতা লজ্জা একদিকে  মানুষ  মারা  যাচ্ছে আর   আমাদের  দেশের  অতি  শিক্ষিত  মানুষেরা  উৎসব  করছে মরণ  উৎসব মানুষের  মৃত্যুতে  এরা  দিওয়ালি ও  সেলিব্রেট   করে,NoAG,0
আসলে হিন্দুর মৃতি পূজা বিশ্ব বিখ্যাত তাদের সেটা ভালো লাগেনা আর সবচেয়ে পুরোনো ধর্ম তারা এটাও মেনে নিতে পারেনা মাথা মোটার জাতো মুসলিম,AG,1
এটা কোনো ধর্ম নয়  এটা অধর্ম,AG,1
চরিত্র ছিরা লুইচ্চা ধর্ষক কৃশ্ন,AG,1
আমি এই জায়গা একটি বড় ফ্যান নই আমি এই সেন্টার যেখানে আপনি একটি পার্কিং গ্যারেজ এবং পার্কে বেতন পার্ক আছে ঘৃণা করি আমি ইতিমধ্যে দোকান ও  যেতে পরিশোধ করছি কেন আমি খুব পার্কিং করার জন্য টাকা দিতে হবে আপনার ব্যবসার ঘন করার  পেতে মূঢ় এবং একটি ভালো উপায় মনে হয় আমি বরং মরুভূমি রিজ  মার্কেটপ্লেস বা অন্য কোন এক যেতে চাই,NoAG,0
করোনা কালিন সময়ে শেখ হাসিনা গার্মেন্টসের শ্রমিকদের ৬০ বেতন দেওয়া অনুমতি দেয় এর কারন শ্রমিক হচ্চে সাধারণ জনগণ তারা সরকার কে কিছু বলতে পারবেনা দেশে সাধারন মানুষের কস্ট বুঝার দরকারী বলে মনে করেন না কি তিনি ,AG,1
তোর বৌ এর সামায় গন্ধ চুতিয়ার বাচ্চা,AG,1
আমি জিয়া রে দেখিনি কিন্তু তোদের মত জিয়া শয়তান দেখি রোজ,AG,1
মালাউন কি বলে জুতা মারেন,AG,1
হায় শাটল শাটল নিয়ে দিনকে দিন প্রহসন চলছে তো চলছেই এমন কোনো দিন নাই এই জিনিস নিয়ে কারও কোনো ঝামেলাঅভিযোগ আসে না শাটলের গৌরব ঐতিহ্য দিনকে দিন কমতেছে লজ্জাজনক দেশের একটা সর্বোচ্চ বিদ্যাপীঠে পড়েও আমাদের মস্তিষ্ক আজ অনুর্বরতায় ভুগছে কেউ বলে ব্যাগ দিয়ে সিট রাখা যাবেনা কেউ ব্যাগ দিয়ে রাখাই লাগবে কতজনের কত অভিযোগ কত সমস্যা এই হচ্ছে বর্তমান বিশ্বের একমাত্র শাটলের বিশ্ববিদ্যালয়,NoAG,0
৩৫ টাকার অফারটা ফিরে পেতে চাই,NoAG,0
রনি মাদারচোদ টাইপ লোক,AG,1
ওরা কোরান নিয়ে যে দাবি করে পুরোটাই ভন্ডামি আর লুচ্চামির অংশ,AG,1
হালার পোলারে দেখলেই মেজাজ খারাপ হইয়া যায় ছেসরা টাইপের চেহারা,AG,1
একজন সৈনিক ধরণের লােক সেই বাড়িতে এসেছিল রাত কাটাতে লােকটি ছিল অসম্ভব সাহসী   তার মুখ থেকে রাত্রির অভিজ্ঞতা যা শােনা গিয়েছিল তা ছিল রীতিমত ভয়াবহ,NoAG,0
আমার ডিপার্টমেন্টের প্রতি আমার তেমন টান নাই থাকার কারণও নাই  মানুষ হিসেবে আমি বড় বাইঞ্চোদ হওয়ায় আমার সাথে অনেকেরই কথা বন্ধ দেখতে পারে না এবং পারিনা ,NoAG,0
চোর বিএনপি আর বাটপার আওয়ামী লীগ,AG,1
আমার মাথার ছাদটা সরে গেলো আর নিজের আঘাতের খতটা যেনো তাজা হলো,NoAG,0
আপনার মত ভদ্র একজন মানুষের কাছ থেকে এই মনোভাবই  আশা করা যায় আপনি অসামান্য একজন মানুষ গায়ক ইন্ডিয়া থেকে আপনার একজন গুণমুগ্ধ❤️❤️,NoAG,0
খানকির  বাচ্ছা  মুসলিম  চোদা  গুলো,AG,1
শালারা সবগুলো মরনবী দিবস নামে দিবস উদ্বোধন,AG,1
ইসলাম ধর্ম পৃথিবীতে যত ধর্ম আছে তারমধ্যে জঘন্যতম ধর্ম ইসলাম ধর্ম,AG,1
এইসসব পতিতা তোদের মাগী বলবেনা চুদতে দিছ সবাই রে তো মাগী বলবে না তো কি ,AG,1
ওহ গড  আর  থাকে  তুমি  এই  ওয়ার্ল্ড  এর  সব  লেডিকে  ভ্যানিস   করে  দাও তাহলে  আর  কোনো  ক্রাইম  থাকবে  না,AG,1
২০২৫ মিনিট গুগল দেখে বিগ ব্যাং নিয়ে ভিডিও বানায় দেওয়ার এফেক্ট এটা এই পোলা সব সময় শোঅফ করে,NoAG,0
ইসলাম কেমন ধর্ম যার প্রবর্তক একজন খুনীসন্ত্রাসী ,AG,1
শালা তর দুরগা স্বরসতি কে স্বর্গে গিয়া চুদযা মইরা যা তাড়াতাড়িতকে দুরগার পাছায় ঢুকাইতাম যদি তরে একবার কাছে পাইতাম,AG,1
খানকি মাগি পো রাজনিতি বোজনা সালা হিলারি যোগ্য  নেতা,AG,1
ভাই আপনি ভারত এর রেপ করার জরিপ দেখুনহিন্দু রাই বেসি করসে😂😂,AG,1
আজকের এই মহান রাতেই কিছু মৃত মানুষ প্রাণ ফিরে পেয়ে কবর থেকে ওঠে আসবে কারণ আগামীকাল যে নির্বাচন,NoAG,0
গতিদানব সুজনের ছেলে ক্রিকেটে আসেনা ক্যারে,NoAG,0
তুই থাকতে মেয়েরা লেসবি হলো কেম্নে রে চুদির ভাই,AG,1
আমরা টুপি দেই মাথায় তাহলে হিন্দরা কি পুটকির মধ্যে কিছু পরে কারন সব যদি উল্টা হয়,AG,1
একটি আওয়ামী লীগ তুমি জাগ্রত জানোওয়ার সারা বিশ্বের বিস্ময়তুমি বাংলার কুলাংগার,AG,1
পৃথিবীতে দ্বিতীয়বার নিজ মেয়ের সাথে  করেছে কে উঃ প্রজাপতি দক্ষ বেশ‍্যা হিন্দু ধর্ম,AG,1
ইউরোপের কোনো কান্ট্রিতে এরকম হলে সোজা গাড়ি থেকে নামিয়ে ক্রেনে ঝুলিয়ে দিতো  আর বাসায় পৌছানোর আগেই ফাইন লেটার পৌছে যেত,NoAG,0
খানকির  বাচ্চাদের  কচুকাটা  করা  দরকার  ছিল  ধোন  কেটে  ফেলো  মাদারচোদদের 	,AG,1
লেখা হয়েছে ভদ্রমহিলা আমার মনে হয়না এইখানে ভদ্রমহিলা কেউ আছে যদি থাকত তাহলে এতগুলো পুরুষের সামনে ভদ্রমহিলা গুলি টাকা নেওয়া ও দেওয়া নিয়ে এই ভাবে সম্মান হানাহানি করতেন না,NoAG,0
আমি রাগ করি না কারণ আমি জানি আমার রাগের মূল্য নেই কারো কাছে,NoAG,0
ম্যাকডোনাল্ডে যান এবং আপনার ভিতরে প্রবেশ করুনযদি এটি একটি সমস্যা মনে হয়,NoAG,0
ওর কি এটা আসলেই মা নাকি অন্য কিছু হয়আর যদি মা হয় সিয়র পতিতা,AG,1
এই মহিলা খুব বাজে বিবেক বুদ্ধি কিছুই নেই বেইমান	,AG,1
হরে দরে হরে আস বগমান খানকি মাগির পুটকির ভিতরে ভর বাঁশ মাগিকে বাশ ভরে দিব,AG,1
এটা অনুমানের বাইরে ছিল এটা আল্লাহর অশেষ কৃপা আপনাকে পেয়েই ভাল লাগছিল,NoAG,0
নতুন করোনাভাইরাস নিয়ে বিশ্বের অন্যান্য দেশের মতো বাংলাদেশের নাগরিকেরাও উদ্বিগ্ন সরকারের দুই কন্ট্রোল রুম থেকে দুই রকম তথ্য পাওয়ার পর এখন প্রশ্ন উঠেছে বিমান স্থল ও নৌবন্দরে বিদেশ থেকে আসা সব যাত্রীর স্বাস্থ্য পরীক্ষা ঠিকমতো হচ্ছে তো,NoAG,0
শালাদের ফাঁসি চাই 	ফাঁসিতে ঝুলিয়ে মারুক ,AG,1
মাঝে মাঝে বুক রিভিউ নিয়ে আলোচনা করলে খুশি হবো কারন রিভিউ থাকলে বই চয়েস করতে সুবিধা হয় আর আপনার আলোচনা করার ধরন অনেক অনেক ভালো,NoAG,0
আমি এত তাড়াতাড়ি এই জায়গা মূল্যায়ন করেছি করা উচিত নয় তারা আমার এপার্টমেন্ট স্থানীয় তারা   জন্য প্রদান করা না কিন্তু আমি আমার প্রথম পর্যালোচনা যেহেতু  বার ফিরে গিয়েছিলেন এবং আমি এখানে  পেয়ে করছিকয়েক সপ্তাহ আমার ছেলেবন্ধুর ব্যাক এবং আমি একটু বাড়ীতে  পেতে তাই আমরা কিছু কীড়া বিলি নিউ ইয়র্ক রাস্তায় সিদ্ধান্ত নিয়েছে চেয়েছিলেন আমরা পাস্তা সংগে গেলেন আমার প্রেমিক মাংস বল দিয়ে স্প্যাঘেটি পেয়েছিলাম এবং আমি মাংস রাভিওলি পেয়েছিলাম আহ আমি সত্যিই এই বলতে ঘৃণা কিন্তু আমি শেফ  একটি ক্যান খাওয়া একটি ভাল সময় ছিল হবে আমি জানি না কি তাদের গরুর মাংস  সসেজ আপ কিন্তু এটা সবসময় এটি একটি মজার স্বাদ আছে কাইন্ড মত মাইক্রোওয়েভে হ্যামবার্গার যখন আপনি পুনরায় তাপ যে স্বাদ আমি কম অঙ্কিত চেয়ে ছিল সালাদ এটি সঙ্গে এসেছিলেন শালীন ছিল এবং আমি শুধু রুটি জন্য ফিরে যেতে চাই কিন্তু এমনকি একটি  এই সঙ্গে আমি আমার পাস্তা সেবন করা হয় নি প্রেমিক একমত এটা গন্ধ ইঙ্গিতও এবং বন্ধ ছিলতারপর গতকাল আমরা এই রাত আরেকটা আছে এবং পিজা না পরিবর্তে যেহেতু আমাদের পিজা ভাল প্রথম রাউন্ড ছিল করার সিদ্ধান্ত নিয়েছে আমি আমার উপর চিকেন এবং পেপারনি পেয়েছিলাম এবং তিনি সসেজ পেয়েছিলাম ওরা চিকেন জন্য অতিরিক্ত চার্জ উম  আমি সত্যিই বুঝতে পারছি না কেন মুরগির ্তত্তত্তত্তচ যে তারা শুধু টুকরা টুকরা করা পুরসহ ভাজা এবং পিজা উপর ছুড়ে ফেলে করা হয় আমি এ সব অঙ্কিত করা হয় নি আমার বন্ধু পিজা উপর সসেজ অদ্ভুত এবং মত  আমি জানি না কি এই জায়গা দিয়ে এর মিষ্টি লীঢ়তাই আমি তোমাদের বলছি তাদের পিজা এক সঙ্গে যেতে স্পষ্টভাবে মূলসূত্র করার জন্য একটি কুপন এবং লাঠি পেতে যাচ্ছেন পারেন আমি বেকন বা পেপারনি সুপারিশ,NoAG,0
শালা লুইচ্চা কুহানকার খালি মাইয়াগোর লগে ঘেঁষাঘেঁষি চুদাও তুমি ভায়াগ্রা খাইতে খাইতে তো এতদিনে তোমার লেওড়া শুকায়া যাওয়ার কথা আর কয়দিন খাইলে তোমার বিচি উঠে এসে তোমার দুধের বোটার পিছনে আশ্রয় নিবে,AG,1
আমি তোকে মরার পরে  হাজার বছর ধরে আগুনে পোরাব,AG,1
বাংলাদেশ ধর্ষণ লীগ নেতারা পুলিশ লীগের কারনে ধর্ষন লীগরা সারাদেশে বিরোধী অপকর্ম করছে আর দোষ চাপা ভালো মানুষের উপর,AG,1
ট্রেইলারে একশন আর একশন চারিদিকে শুধু গোলাগুলি আর ভাঙাভাঙি আর মারপিট ট্রেইলারে মুভির সকল বিষয় ই টুকটাক হিসেবমতো দেখানো উচিৎ শুধু একশন আর মারপিট দিয়ে তো মুভি চলবেনা তাইনা 🙂,NoAG,0
কালে কালে কতো কি দেখব,NoAG,0
কি একেবারে অসহ্য নীরস বিষ্ঠা একটি লোডপ্রতি একক এক তারকা পর্যালোচনা নিচের  দ্বারা লিখিত নিন এখানে তাদের  এবং আপনি কিছু আমি সঙ্গে আসা পর্যন্ত করতে চেয়ে এই স্থানের আমার অনুভূতি একটি অনেক বেশী বাক্যবাগীশ সারসংক্ষেপ থাকবেআমি কখনো এখানে আসতে কোন কারণ নেই অবশ্যই বিনামূল্যে করা হবে না এক সময় আমি এখানে এসেছিল আমি একটি বন্ধু যারা আরেকজন বন্ধু সাক্ষাৎ হয়েছিল দ্বারা বাধ্য করা হয়,NoAG,0
শেখ হাসিনা তার ব্যর্থতার দায় এখন তার খাস দালাল মুজিব বর্ষ পালনকারী স্বাস্থ্য বিভাগের উপর চাপাচ্ছে,AG,1
মেয়েদের আটাময়দা মাখা মুখটা না দেখেআকাশের চাদঁ দেখা অনেক তৃপ্তিদায়কভাব ছেলেরাও নিতে পারে বুচছছ ফালতু মাইয়ামেয়ে মানে নষ্টামি মেয়ে মানে ভনডামী,AG,1
তুই  আপু  নাস্তিকের বাচ্চা নাস্তিক 	,AG,1
ঝাড়ু পিটা করে অবৈধ হাসিনাকে বিদায় করতে হবে,AG,1
টেরীবাজার থেকে জনতার গনধোলাইর হাত থেকে বাচিয়ে চাটগাঁইয়া গালিবয় নুরা পাগলাকে পুলিশ হেফাজতে নিয়ে গেছে কোতোয়ালি থানা পুলিশ,NoAG,0
এটা ১০০ সত্য কথাবিএনপিতে পদ বানিজ্য খুবই বেশি এবং আসল কর্মীদের মূল্যায়ন করে না এবং ক্ষমতায় এলে অন্য দলের কর্মীদের সাথে দালালরা আপোষ করে,AG,1
কুত্তার বাচ্চা তোর মা কে কুত্তায় চুদে ছিলোমাদার চোদে গাজা খাইয়া ভাষন দিছে,AG,1
তারেক রহমান র বাবর র মতন নরদমার কিট র কারনে বি এন পি আজ বিল্লুপ্ত,AG,1
বাংলাদেশকে হিন্দু মুক্ত করা হবে ঘড়ির কাঁটার দিকে তাকিয়ে থাক সময় এলো বলে,AG,1
অন্ধকার মোশাররফ এর এমন লজ্জাজনক বক্তব্যই বিএনপির আজকের এই অবস্থার জন্য দায়ী ২৪জন মানুষ মারা গেলো গ্রেনেড হামলায় তার কাছে এটা কোন ব্যাপারই না এতেই বুঝা যায় বিএনপি আরো বেশী লাশের আশা করছিলো মরলো মাত্র ২৪ জন,AG,1
আমি কল্পনায় ভাসি তুমি ভালোবাসো বলে আমি সুখের মাঝে হারাই তুমি ভালোবাসো বলে আমার সকাল শুভ হয় তুমি ভালোবাসো বলে তাইতো তোমায় আমি জানাই শুভ সকাল,NoAG,0
ফাইনালি আমরা মজা করেছি সিনিয়র জুনিয়রদের দেখা সাক্ষাৎ হালকা আড্ডা উপভোগ করছি ক্যাম্পাসের এই মাথা থেকে ঐ মাথা উলালে দৌড়াইয়া পা ব্যাথা করে ফালাইছি,NoAG,0
তখন টনিক পাওয়া যায়নিঅবশেষে তিনি যখন জিন ও টনিক তৈরি করতে ব্যর্থ হন,NoAG,0
প্রায় রাস্তা দিয়ে হাটার সময় এক হিজড়া এসে আমার কাছে টাকা চাইতো আমার কাছে ছিলো না বলে আমি ওনার সাথে মিলিত হয়ে টাকা উঠাইয়া দেয় এরপর থেকে সে আমার কাছে আর টাকা চাইনা হেসে আদর করে চলে যায়,NoAG,0
মাঙের বেটা তোর মা কে চুদি,AG,1
ধর্ষণ পরকীয়া সব কিছুই তো তোদের ধর্মে বৈধ তারপরে ও দোষ টা মুসলিমদের ঘাড়ে দিতে লজ্জা করেনা খানকির ছেলে,AG,1
ভাই অনেক দিন ধরে আপনার চ্যানেল এর ভিডিও দেখছি কিন্তু এই ভিডিওটা আমাকে ইন্সপিরেশন পেলাম এখন থেকে আমি আমার সপ্নকে বাস্তবে পরিণত করার জন্নো এগিয়ে যেতে থাকব,NoAG,0
চোখের পানিই হল সব থেকে মূল্যবান পানি কারন কি জানেন পৃথিবীতে অনেক রকমের পানি থাকলেও একমাত্র চোখের পানিই বুঝাতে পারে কাউকে হারানোর কষ্ট,NoAG,0
বিরক্ত করাও সম্ভবত এক ধরণের ভালোবাসা এই ইগোয়িস্টিক সেল্ফ সেন্টার্ড মানুষের যুগে কয়জন আপনাকে বিরক্ত করে কোন কারণ ছাড়াই হাতে গুনেও বলতে পারবেন না,NoAG,0
এই হল আওয়ামী লীগ এর চরিত্র মনে নেই আপনাদের শেখ কামাল অন্যের স্ত্রীকে টানাহেঁচড়া করছে,AG,1
হিন্দু ধর্ম বানোয়ান এর কোন ভিত্তি নেইজিন্দা মায়ের সেবার চেয়ে বড় পুজা আর কিছুই হইতে পারেনা হিন্দুদের মধ্যে বড় বড় শিক্ষিত বেক্তি আছে ওনাদের দৃস্টি আকর্সন করে বলছি আপনারা এই পুজা অর্চনা পরিহার করুন,AG,1
পয়লা ফাল্গুন ও ভালোবাসা দিবসকে ঘিরে খাগড়াছড়ি পর্যটনকেন্দ্র ও আবাসিক হোটেলমোটেলগুলো হাজারো পর্যটকের ভিড়ে মুখর হয়ে উঠেছে,NoAG,0
স্থানটি সর্বাধিক চেয়ে কম বলে মঞ্জুরিপ্রাপ্ত এটি এমনকি   বৃহত্তম রেস্টুরেন্টে এমনকি আপনি পাবেন সেরা পরিষেবাস্থানটি সর্বাধিক চেয়ে কম বলে মঞ্জুরিপ্রাপ্ত এটি এমনকি   বৃহত্তম রেস্টুরেন্টে এমনকি আপনি পাবেন সেরা পরিষেবা,NoAG,0
পৃথিবীর দীর্ঘতম দীর্ঘশ্বাস জমে আছে যেই বুকে সেই বুকের মত পবিত্র স্থান আর নেই,NoAG,0
আমাদের মতো নামধারী মুসলমানদের উপর এমন গজব আসলেও হা করার মতো কিচ্ছু নাইচারদিকে যখন আমাদের ভাইবোনদের প্রতি নির্যাতন চালানো হচ্ছে আমরা তখন জাতীয়তাবাদ আর স্বার্থের গান গাইছি,NoAG,0
উই আর লুকিং ফর শত্রু কি ইংরেজি রে ভাই এরকম খবিশ আমাদের মন্ত্রী অসিল দুর্ভাগ্য আমাদের খালেদা এবং তারৗককা যে রকম তাদের মন্ত্রীগুলো সেই মার্কা,AG,1
ঢাকা মেডিকেল কলেজ হাসপাতালে এসে জানতে পেরেছেন এখানকার চিকিৎসক মকবুলের স্বাস্থ্য পরীক্ষার রিপোর্ট দেখবেন কাল সোমবার ঢাকায় তাঁদের কোনো আত্মীয়স্বজনও নেই হোটেলে থাকারও সামর্থ্য নেই তাই হাসপাতালের বাইরের বারান্দায় রাত কাটাচ্ছেন তাঁরা আর দিনের বেলা থাকছেন শহীদ মিনারের বেদিতে,NoAG,0
ব্র্যান্ডের কাপড় ছাড়া যিনি অহংকারে অন্য দোকানের কাপড় স্পর্শও করতেন না তাঁর কাফনের কাপড়টি কোন ব্র্যান্ডের দোকানে শেষ পর্যন্ত খুঁজে পাওয়া গেল না,NoAG,0
কত বড় সাহস বেয়াদবদের শিক্ষকদের নেইম প্লেট উপড়ে ফেলে দিছে কত আন্দোলন দেখছি চুয়েটে কাউকে কখনো শিক্ষকদের সাথে এমন আচরন করতে দেখি নাই যারা জড়িত সবগুলোকে অন্তত ১ বছরের জন্য বহিষ্কার করা উচিত,NoAG,0
এগিয়ে যাও বিবিসি বাংলা আমরা লক্ষ কোটি শ্রোতা আছি আপনাদের সাথে,NoAG,0
তোর মারে চোদ্দি ভারত কি করবে সালা ভারতের দালাল সালা মাদার চোদ্দো,AG,1
জনাব কত পার্সেন্ট ইঞ্জিনিয়ার ঘুষ ছাড়া কাজ করে সেই পরিসংখ্যান টা জানেন অন্যের চরকায় তেল না দিয়ে নিজের টা দেয়াই উত্তম,NoAG,0
জ্ঞানতাপস ডক্টর মুহম্মদ শহীদুল্লাহ সড়ক নামকরণ করা হয়েছে আনন্দবাজারের রাস্তাটির হায় রে বেহাল দশা মাদকের রাজ্যে বুড়ি চাঁদও সেখানে লজ্জা পায় ঢাকা বিশ্ববিদ্যালয়ের শহীদুল্লাহ হলের কতোজন শিক্ষার্থী জানে এই মহান মানুষটির সম্বন্ধে এ অজ্ঞতা আমাদের লজ্জা এবং আমরা নির্লজ্জের মতো একে ধারণ করছি,NoAG,0
চমৎকার একটা লেখা লিখছেন আফসোস কোন আর্জেন্টাইন সাপোর্টার ব্রাজিল নিয়ে কোন কথা বলবে না এই লেখাটা পড়ার পরও এটাই ওদের সাথে আমাদের পার্থক্য,NoAG,0
স্বৈরাচার হাসিনা অনেক খুন করেছে যেমন শাপলা চত্বরের গণহত্যা বিডিআর গণহত্যা লগিবৈঠা দিয়ে গণহত্যা ভোলার গণহত্যাসহ অনেক গুম খুনের মূল হোতা নব্য ফেরাউন খুনি হাসিনা,AG,1
মামা মামিরা সবাই বাসায় আসছে আজকে অনেক দিন পর আবার সেই আগের দিনের মত হই হুল্লোড়  মজা মামির হাতের মজার মজার রান্না  ভেবেই কত মজা লাগছে ,NoAG,0
কান্নাবিজড়িত আর্তনাদ মানুষের জন্য আমি বেকারঅধম কিছু দিতে পারলাম নাশুধু হৃদয় থেকে দোয়া করি সফল হোক এই দিনটা,NoAG,0
তুই শালা মরলে লাল কালারের কাফন পরাতে হবেহারামজাদা,AG,1
এ খানকি মায়ের বান্দির  পুত এই ভাব নিয়া মডেল সেদাও,AG,1
বেশ বড়সড় ধাক্কাই খেয়েছে বাংলাদেশ চতুর্থ দিনের প্রথম ওভারেই আউট হয়ে ফিরে গেছেন অধিনায়ক মুমিনুল হক,NoAG,0
তোর লেখা গ্রন্থ তুই পড়ে আনন্দ লাভ কর আগাকাটা জন্মান্ধ বর্বর মুসলিম,AG,1
ইনি হচ্ছেন নতুন ইবলিশের মাষ্টারসৌদিতে এখন আর ইবলিশ নেইসব ইবলিশ সৌদি ত্যাগ করেছে এই নতুন ইবলিশের ভয়ে,NoAG,0
আমি কষ্ট পেতে ভালোবাসি তাই তোমার কাছে ছুটে আছি তুমি চাইলে আমি দেবো অথৈ সাগর পাড়ি,NoAG,0
খাবার  উপস্থাপনা ভয়াবহ ছিল,NoAG,0
নারীকে বিশ্বাস না করে প্যাকেটে সাপ নিয়ে ঘুরাই উত্তম,AG,1
বি এনপি টিক অাছে অাওয়ামীলীগ দিশে হারা,AG,1
তোর পর্ন দেইখা শিওর হইলাম তুই হিজরা চুতমারানি,AG,1
কোরআন আল্লার বাণী হয় কি করে মোহাম্মদ নিজে ছিল মূর্খ অশিক্ষিত বর্বর একটা লোক সে যেটা বলে গেছে কোরানে সেটা আল্লার বাণী হয়ে গেল  বাঃ কি সুন্দর  মোহাম্মদের স্বভাব ছিল শুয়োরের মত  সব সময় পচা নর্দমার দিকে নজর ছিল,AG,1
এমন গল্প শত শত নাহ তারও অনেক বেশি এই গল্পগুলো প্রায় সবারই ঘোর অমাবস্যার দীর্ঘশ্বাসের গল্প,NoAG,0
যাও এখন আরো স্ফূর্তি করা বাকি আছে দেওয়ালী ভাইফোঁটা না জানে আরো কত কি,AG,1
অভিনন্দন বাংলাদেশ ক্রিকেট টিম,NoAG,0
 ভাতা‌রির ছাওয়াল ড় মাদারচোদ তুইতর সোনা কাটব,AG,1
দেশের সবচাইতে ঘৃণিত সংগঠন কিন্তু হাতুরী হেলমেট চাপাতির ভয়ে প্রায় সকলকেই বলতে হয় ছাত্রলীগের মত আদর্শ জনপ্রিয় পরোপকারী সংগঠন আর ২য়টি নেই,NoAG,0
আর্জেন্টিনা ফালতু দল তাই তারা বর্তমান রানার্স আপ,NoAG,0
একদম  ঠিক  দাদা  ভিখারির  বাচ্চা  ভিখারি   থাকে  জুতো  খুলে  মারুন 	,AG,1
মোছলমান জাতটা সুদু ডংস করতে জানে  পরকাল ভলতে কিছু নেই জাহবে বতমান এই টি সত্য ,AG,1
একটা নীতিতে থাকেন ভাই শুধু বর্তমান টাই দেখেন দুইদিন আগের কথাই এত দ্রুত কীভাবে ভুলে যান,NoAG,0
এইভাবে করতে করতে যখন হাসপাতাল থেকে আর একটু দূরে তখন সেই মানুষদের মধ্যে থেকে একজন এসে জানালায় ঘুষি মেরে গাড়ির কাচটা ভেঙে ফেলল ড্রাইভারকে মারধোর করে ফেলে রাখলো রাস্তায় আর আমাদের কাছ থেকে কেঁড়ে নিলো আমাদের বাবুটাকে কেঁড়ে নিয়েই ছুড়ে দিলো সামনের একটা জলাশয়ে সেই জলাশয় আমি কোনোদিন দেখিনি পুরো পানি কালির মতো কালো,NoAG,0
শাওয়া মারানি পাশের লোকটাকে যে গালি খাওয়ানোর জন্য ফ্রেমে নিয়েছিস সেটার তাৎপর্য ব্যাখ্যা কর ওই লোক যদি মানহানির মামলা ঠুকে তাহলে তো জীবনেও পাছা বেচেও পয়সা শোধ করতে পারবি না বে মাদারচোদ,AG,1
কাপ্তাই প্রোজেক্টের কেউ আছেন নাকি আমি আগে কাপ্তাইয়ে প্রজেক্টে থাকতাম কাপ্তাই ফায়ার স্টেশন এর পাশের বাড়িটা আমার ছিল সুইডিশ কলোনির পাশে বর্তমানে আমি সৌদি তে থাকি,NoAG,0
শালার শোক প্রকাশ করার লোকের অভাব হয় নাকিন্তু জীবন্ত মানুষ বাঁচার জন্য পাগল হয়ে গেলেও কানে সবাই যারা কিছু করার ক্ষমতা রাখে তুলা দিয়ে রাখে,NoAG,0
আবু হুরায়ারা শব্দের অর্থ বিড়াপের বাপ সাহাবীদের এমন বাজে নাম থাকতে পারলে আমার নাম নো নেম হলে সমস্যা কই,AG,1
খুনি হাসিনার পতন চাই,AG,1
আমার হৃদয়াপ্লুত ভালোবাসা গ্রহণ করো,NoAG,0
আমি যদি ঐখানে থাকতাম তাহলে হয়তো রনিসহ ওদের গাড়ির ভেতর রেখে জ্বালিয়ে দিতাম,NoAG,0
প্রায় সাড়ে পাঁচ মাস পর জম্মুকাশ্মীরে মোবাইল সেবা আংশিক চালু হয়েছে প্রিপেইড মোবাইলগুলোয় জনগণের জন্য ভয়েস কল ও এসএমএস সেবা চালু করেছে কর্তৃপক্ষ গত বছরের ৫ আগস্টের পর এই প্রথমবার জনগণের জন্য মোবাইল সেবা চালু করা হলো,NoAG,0
না কোন  জন্য আপনার পথ থেকে সরে যাচ্ছে অধিকারী হয় কিন্তু এই এক কুঁদন মূল্য সেবা আমি প্রতিটি সময় আমি চলেছি ভুগেছেন চমত্কার  দরিদ্র ও পানীয় সবসময় বেশ ঠান্ডা বলে মনে হচ্ছে,NoAG,0
প্রবেশপথেই হনুমানজির একটি বাঁধানো ছবি তবে সচরাচর এমন ছবি দেখা যায় না হনুমানজির দুটো ধারালো দাঁত বেড়িয়ে এসেছে মুখের দুদিক থেকে অস্বীকার করার উপায় নেই সুনির্মল বাবুর খানিকটা অবাকই লেগেছিল এমন হিংস্র ছবি বসতবাড়িতে কেন,NoAG,0
﻿গ্রাহক সেবা  ভিভ্যায়ার  মূল্য  খাদ্য ভাল পরিবেশ ভালো,NoAG,0
জারাই আগুনটা লাগাইছে বাসে না লাগাইয়া অবইদ সরকারের গদিতে লাগাইয়া দেওয়ার দরকার ছিল,AG,1
সারাদিন রীতিমতো যুদ্ধ শুধু মুছা মুছি  নিজ কর্মকান্ডে বিরক্ত হতে হতে সম্ভাবনা গুলোও ঝিমিয়ে ঝিমিয়ে ঘুমায়,NoAG,0
মাননীয় প্রধান মন্ত্রী আপনি যে ভাবে বলেন এ ভাবে যদি আপনার এম পি ও মন্ত্রী আপনার দিক নির্দেশনা মানত তা  হলে এদেশ সোনার বাংলা দেশ হত না মানার কারনে হয়েছে চুরের বাংলাদেশ,NoAG,0
প্রত্যেক দিনেই কৃতজ্ঞ থেকো আল্লাহর অপার করুনায় সকলের মঙ্গল হোক ,NoAG,0
চ্যানেল খোলার পর লিংক টা দিয়ে দিয়েন ভাইতাতেই হবে জানি খারাপ কিছু করবেন নাউপকারী কিছুই করবেন,NoAG,0
বলার কিছু নাই বিসিবি জেনেশুনে দেশের সম্পদ গুলো  নষ্ট করছে বাজে ফিজিও নিয়োগ করে,NoAG,0
ওনি হলো মাষ্টার ড্রইভার ওনি এক সময় ফোর হুয়ল ট্রাক পেট্রোল চালিত চালাতেন আমি ওনার সাথে আনোমানিক ১০ ১৫ দিন কাজ করেছি ওনার হেলপার হিসাবে ড্রাইভিং সিখার জন্যএবং ওনি গাড়ীর ভাল কাজ ও বুজেনভাল থাকেন মাষ্টার কাকা অনেক বছর প্রায় ২০ ২১ বছর পর এই অনলাইন বা মিডিয়ার উছিলাই কাকা কে দেখলামধন্যবাদ ভাই আপনাকে ও জিনি এই ভিডিও টা পোষ্ট করেছেনভাল থাকেন সবাই আল্লাহ হাফেজ,NoAG,0
এ পথ্য শিশুর অপুষ্টি দূর করতে সাহায্য করবে তা ছাড়া এটি অন্ত্রে এমন এক ধরনের উপকারী ব্যাকটেরিয়া তৈরি করবে যাতে শিশুর শরীর সহজে পুষ্টি শোষণ করতে পারবে দেশি উপাদানে তৈরি বলে শিশুর খাদ্যরুচি পরিবর্তন নিয়ে পুষ্টিবিদদের শঙ্কাও এতে দূর হলো,NoAG,0
বিশটার গায়ে আগে ছেপ পরে পেট্রোল দিয়া আগুন জ্বালাই দেও আগুন জ্বালানোর সময় কেউ আবার শ্লোগান দিও না,AG,1
আমাকে তুলি দেসনায় এরকম সুন্দর করে,NoAG,0
প্রেমিকা হেইলি ব্যাল্ডউইনকে গতবছরের ১৩ সেপ্টেম্বর বিয়ে করেন কানাডিয়ান পপ গায়ক গীতিকার ও সংগীত প্রযোজক জাস্টিন বিবার বিয়ের ১ বছর পর আবারো হেহইলি বাল্ডউইনকেই বিয়ে করলেন বিবার এর মাঝে তাদের কোনো বিচ্ছেদও হয়নি,NoAG,0
ধর্ম একটাই সনাতন বাকি সব অধর্ম,AG,1
কোথায় স্বর্গকোথায় নরক কে বলে তা বহুদূর মানুষের মাঝে স্বর্গ নরক মানুষেতে সূরাসুর,NoAG,0
ছাত্রলীগের হাতে পরলে লাগাইয়া ছাইয়া দিবো,AG,1
একাত্তরের রাজাকারদের যারা দেখেননি বলে আফসোস করেনতারা বর্তমান আওয়ামী দেখে রাজাকারদের না দেখানোর আফসোস মেটাতে পারেন,AG,1
সব  কয়টার  ফাঁসি  দেওয়া  উচিত  ছিল 	,AG,1
খানকির ছেলেজারোজের বাচ্চা তুইসামনে আশিস শালা মাদার চুত,AG,1
অশিক্ষিততোর মতো আবালগুলার জন্য ই আজ বিএনপির এ অবস্থা,AG,1
যেখান দিয়ে বের হইচ্ছতেল মরিচ মাখায় সেখান দিয়া ভইরা দিমু মাদারীর বাচ্চাফাজলামী চুদাইয়া ভিডিও বানাও তুই জুনায়েদ কোন খানকির ছেলে,AG,1
তোর মার বোদার মধ্যে আইক্কালা বাঁশ দিবো,AG,1
কিরে জারজের বাচ্চা পারলে তোর ইহুদি বাবাগো বাংলাদেশে এসে রাসূলে কে নিয়ে কটুকথা বলতে বল ধর থেকে মাথা আলাদা করে ফেলবো,AG,1
বিএনপিজামাতের মূর্খতার কোন শেষ নাই,AG,1
তাবিজ্জা চুদে উঠাইবে খাল চোদ চোদ হেইয়ো হা উ ইয়া,AG,1
হয়তো এটা শুধু একটি  ভুল ছিল কিন্তু আমি অন্যান্য রেস্টুরেন্টের সাথে একই অভিজ্ঞতা করেছি তাই আমি এই ধরনের অনুশীলন প্রশংসা করি,NoAG,0
বাড়ির সবাই অবাক হয়ে বলে মরা নদীতে তো নৌকা চলে না ও নদী শুকিয়ে গেছে কবে আশ্চর্য নদীটা আসলেই মরা নদীতে পানি নেই বললেই চলে,NoAG,0
কোটি কোটি মানুষ সাধীনতা যুদ্ধ করে দেশকে স্বাধীন করেছে কিন্ত  আওয়ামীলীগের কেউ যুদ্ধ করে নাই শেখ মুজিব সহ তার পরিবারের কেউ স্বাধীনতা যুদ্ধ করে নাই অথচ ইতিহাস বিকৃতি করে এখন স্বাধীনতা যুদ্ধ একটি পরিবারের ব্যাক্তিগত সম্পদ ও এই দেশের সবকিছুই এখন এই পরিবারের সদস্যদের ব্যাক্তিগত সম্পদ হয়ে গেছে  একদিন শুনবেন তাজউদ্দীন আহমদ রাজাকার ছিলেন এবং পাকিস্তানের চর ছিলেন ,AG,1
তোরা তো চুদতে পারস না তাই আমরা তোর মা বোনদের চুদে করি খানকির পোলা,AG,1
বাস্তবতা এটাই কেউ সারাজীবন সুখ চেয়েও পায় নাআর কেউ পেয়ে চায় নাহহায়রে আজব পৃথিবী,NoAG,0
মন্দিরের পিছনে গাঁজা ও ভাংগ এ দম দিচ্ছেহরিরাম ও হরে কৃষ্ণ বলে চিত্কার করে আকাশে ধোঁয়া ছড়াচ্ছেরাতে দেশি মদের মহাউৎসব ,AG,1
আওয়ামেলীগ কি ভাল রাজনিতীবিদ খুজে পায়না এই সব পাপি তাপি কোথায় পায়,AG,1
বিএনপি মাথা নষ্ট ‌পাফনা পাঠান হসপিটাল,AG,1
অনূর্ধ্ব১৯ বিশ্বকাপে প্রথমবারের মতো ফাইনালে বাংলাদেশ নিউজিল্যান্ডকে ৬ উইকেটে হারিয়ে স্বপ্নের ফাইনালের দেখা পেল যুবারা,NoAG,0
সাজু হালারে কেও ধইরা তেরে নাম এর পাগলা গারদ এ ভর্তি করায় দিয়ায়,AG,1
হিজরা মাগির পোলা তুই মরস না কেন,AG,1
 হাজার সালাম বীর জ্যাকুয়ে কে আর আমরা এদের সম্পর্কে জানবো কি ভাবে বলেনএক বংগবন্ধু ও তার পরিবার আর তাদের মালিক ভারত এর সম্পর্কেই তো জেনে শেষ করতে পারলাম না,NoAG,0
তুই মরবি হাসপাতাল নিয়ে যাবার জন্য সবাই কে ডাকবি কিন্তু কাউকে পাবি না সবাই ভাববে প্রাংক,AG,1
এটা কমিশনার এর মেয়ে খানকিমাগির মেয়ে,AG,1
কিরে বেজন্মা কৃষ্ণের কুত্তা আজ তোর মামীকে চুদছস তো নাকি তোর লিঙ্গ নাই তাহলে তোর মামীকে আমার কাছে নিয়ে আসিস তোরা তো আমাদেরই পালতু কুত্তা ছিলি,AG,1
এক মাইয়া যে কয়বার বউ সাজতে পারে তা এই বাল মার্কা সিরিয়াল না দেখলে বোঝা যেত না,NoAG,0
আর নিজ ধর্ম নিয়ে কথা বলতে লজ্জা পাওয়ায় মুসলিম নাম নিয়ে কমেন্ট করে নবীর স্ত্রী আয়েশা রাঃ নিয়ে কথা বলে অথচ এদের রাম ও শিবের কির্তি দেখলে বোঝা যায় প্রকৃত শিশুকামী বদমাইস কারা ছিলোশালা নেংটির দল,AG,1
হাসিনার নির্দেশ ছিলো হয় রাতে ব্যালট বক্স পুরাই রাখতে হবে নয়তো সবার সামনাসামনি নৌকাতে ভোট দিতে বাধ্য করতে হবে নাইলে তো তার ক্যাডারদের জানার কথা না কে কিসে ভোট দিলো তাই ভোটার দের ভোটের গোপনীয়তা নিশ্চিত করতে না পারাই সিইসি এবং ভোট জালিয়াতির প্রধান নির্দেশদাতা হিসাবে হাসিনার বিচার করতে হবে,NoAG,0
সিয়াম একটা পাডার পো পাডা খানকির পোলা,AG,1
মানুষ এর খারাপ চাইতে নাই বাট আই উইশ যাদের জন্য আজকে এই অবস্থা সবার সঠিক ব্যবস্থা আল্লাহ নিবে,NoAG,0
শুধু ৫৭ জন সেনা কর্মকর্তা নয় পারলে আওয়ামী সমর্থক ব্যতিত এদেশের বাকি জনগণ যা আছে সবাই কে হত্যা করে হলেও ক্ষমতার মসনদ ওদের চাইই চাই নীতি ওদের এমন ই অমরত্ব জীবন অমরত্ব ক্ষমতা,AG,1
সব ধর্মেতে একই অবস্থা বেদে তো অন্য ধর্মের লোকদের কাট মারো গনিমতের মাল বানাও,AG,1
মেয়েরা শুনছি অনেক সময় খারাপ হয় প্রচন্ড খারাপ হয় কিন্তু কোন বোন কখনো খারাপ হতে পারে না সেটা এক কাল্পনিক কথ্য শুধু,NoAG,0
ইতিমধ্যে মোট মৃত্যুর সংখ্যার হিসাবে সার্সকে ছাড়িয়ে গেছে করোনাভাইরাস ২০০২০৩ সালে মহামারি আকারে দেখা দেওয়া সিভিয়ার অ্যাকিউট রেসপিরেটরি সিনড্রোম বা সার্সে ৭৭৪ জন মারা গিয়েছিলেন,NoAG,0
ইসলাম ধর্ম অবল্বিরা যা করছে এইটা ওদের ধ্বংসের পথ,AG,1
আবালের বাচ্চারা এভাবে কেউ ছবির ট্রেলার বানায় অশিক্ষিত মূর্খ  আপনারা গিয়ে গুলিস্তানের ফুটপাতে কাপড় বিক্রি করেন,NoAG,0
আমার দরজায় থেকে ডিউক করার সবুজবেষ্টনী মাধ্যমে একটি পাঁচ মিনিট হাঁটতে হবে তারা একটা চমৎকার বহিঃপ্রাঙ্গণ আছে তারা সব প্রযুক্তি   এবং  এন বি এ গেম দেখানোর জন্য যথেষ্ট টিভি আছে তারা শাফলবোর্ড এবং পুল টেবিল প্রচুর আছে তবুও আমি শুধুমাত্র ডিউক এর কয়েক বার চলেছি এবং আমি ফিরে যাচ্ছি এই স্থানটি শুধু খারাপমিশ্র পানীয় সংক্ষিপ্ত ঢেলে যেমন  জন্য বোতলজাত টক মিশ্রণ হিসেবে সস্তা  ব্যবহার করছে তারা একটি প্রশংসনীয় মৌলিক বিয়ার নির্বাচন অফার আমি মনে করি  কলসী আরো নম্রভাবে দামের হতে পারে কিন্তু যে শুধুমাত্র হতে পারে যখন তারা আছেন বিশেষখাদ্য এমনকি বার খাদ্যের জন্য বেশ খারাপ হয় আর ব্যয়বহুল নিশ্চিত মেনু রাক্ষুসে এবং আমি বিভিন্ন আইটেম চেষ্টা করেছি কিন্তু আমি কিছুই ভাল খুঁজে পাইনি সবকিছু  করার হিমায়ক বা প্যাকেটজাত পণ্য থেকে তৈরি করা বলে মনে হয় আমি  করছি না বার্গার এবং প্রায়   ফ্রাই একটি পাতলা একটি থাবা বা সুপারমার্কেট ফ্রাই সঙ্গে পূর্বে হিমায়িত পুলি হয় আমি স্যালাডে স্যান্ডউইচ এবং পাঁজর সম্পর্কে যেতে পারে একই দাম পরিসীমা আপনি চার পীক বা  বা এমনকি শয়তান এর উকিল মেনু কিছু অনেক উন্নত সংস্করণ পেতে পারেনমালিকদের মধ্যে একজন কয়েক কয়েকবার ছিল না আমি মনিব হচ্ছে অনুমান এবং পানীয় তাঁর নিজের দণ্ড তার স্বপ্ন কিছু বাছাই করা হয় তিনি তার রাজত্ব মত স্থান একইরূপে তিনি পৃষ্ঠপোষকদের জিজ্ঞাসা করব কিভাবে সবকিছু এবং তাদের দেখে পাগল হও যদি তারা কিছু নেতিবাচক বলার আছে আমি সেবা কর্মীদের বাকি জন্য খারাপ মনে করেন তারা গড় উপরে হবে বলে মনে হচ্ছে কিন্তু এটা শুধু কোন ব্যাপার না যখন সামগ্রিক অবস্থা এই খারাপএই শহরে ক্রীড়া বার একটি তুচ্ছ একটি ডজন আছে আমি বরং অন্যত্র যেতে চাই,NoAG,0
খাঁনকির পোলায় আস্তা একটা মাদার চৌদ,AG,1
অাজ চলতে শিখে গেছিতোকে নেই কোনো প্রয়োজন তবু ভিষণ অপ্রয়োজনে তোকে খুজেঁছে অামার মন,NoAG,0
হাতের ওপর হাত রাখা খুব সহজসারাজীবন বইতে পারা সহজ নয়সহজ না হওয়ার কারণ ঐ একটাইভালোবাসা রং বদলায়,NoAG,0
মামুনুলহকরা মুতে দিলে বেসে যাবি রেপুলিশ ছাড়া মাঠে আয় দেকি কতখন টিকতে পারিছ মাঠে,AG,1
কেন ভাই কেন  তোর ফ্যামিলি আছে মা আছে বাবা আছে কেন তুই এমন রিস্ক নিতে গেলি ,NoAG,0
মানে শুক্রবার থেকে সরকারের অঘোষিত হরতাল ধর্মঘট চলবে সারাদেশের সাথে ঢাকার যোগাযোগ বিচ্ছিন্ন করার জন্যআমাদের মত সাধারণ মানুষের অবস্থা বেগতিক আর কি,NoAG,0
ভালবাসা হলো এমন একটি মায়া তুমি যত দুরে যাবে যাবে ততই কাছে টানবে যত ভুলে যাবে ততই মনে পড়বে আর যতটুকু হাসবে তার থেকে বেশি কাঁদবে,NoAG,0
বাংলাদেশ প্রকৌশল বিশ্ববিদ্যালয়ের বুয়েট ছাত্র আবরার ফাহাদ হত্যার ঘটনায় ২৫ জনকে আসামি করে অভিযোগপত্র চার্জশিট দিচ্ছে পুলিশ আসামি ২৫ জনের মধ্যে ২১ জনকে গ্রেপ্তার করা হয়েছে বলে জানিয়েছে মহানগর পুলিশের গোয়েন্দা শাখা ডিবি,NoAG,0
মাদারচোদ খানকির পোলারা সব জালিমের বাচ্চা,AG,1
মাগির ভোদা  অনেক বড় বেশ্যা মাগীর একেবারে ,AG,1
সুস্বাদু খাবার সুন্দর জায়গা,NoAG,0
এই ফখরুল সাহেব নিজেই রাজাকার ছিলেন বিএনপি এই ব‍্যাক্তির জন‍্যই শেষ হচ্ছে মানুষ হাসে এসব বলদদের কথা শুনে,AG,1
আমি মাদকসেবী টিটকারি পরাজিত করে এবং গ্রহণ যে আমি একটি বিশ্ব কাটা  এবং প্যাটার্ন টাইটস পূর্ণ একটি ফালতু ধ্যান কলঙ্ক  পারবেন না আমি কি তার বেশী না পাবেন না পারে এমন একটি  কর্মীদের যার মহাকাব্য ত্রুটি আমাকে একটি আদেশ ভালমন্দ কারণে খাদ্যহীন খাদক এর  বছর ভঙ্গ নেতৃত্বে হয়আমি ডিম টমেটো লাল মরিচ আদেশ দেন ডিম কি একটি  ডিগ্রী চুলা দেখানো হবে উষ্ণ জন্য অপেক্ষা  মিনিট পর আমি ডবল নিশ্চিত আমার নাম কাউন্টারে প্লেটের উপর ছিল করা চেক আমি যখন প্রথম কামড় বমি বমি ভাব একটি তরঙ্গ জন্য খনন এবং বুঝতে পরে আমার উপর ধুয়ে আতঙ্ক এই বেকন শাক ডিম এক টুকরা ছিল আমি পাল্টা ফিরে আসেন এবং ব্যাখ্যা করেছেন যে আমি নিরামিষ ডিম নির্দেশ দিয়েছেন আর চটকদার যারা আমার অর্ডার গ্রহণ কাউন্টার যা এক সে দায়িত্ব পালন করেন পিছনে চটকদার জিজ্ঞাসা কারণ তিনি নিশ্চিত সে এটা ঠিক ছিল রান্নাঘর মধ্যে চটকদার সে অর্ডার সে তাদের পেয়েছিলাম তাদের আউট করা হয়েছে তারপর তারা কিছু সময় বিভ্রান্তির মধ্যে আশপাশ তাকিয়ে একটু বচসা অতিবাহিত এদিকে সব ডিম বিক্রি হয়েছে তাই পাল্টা চটকদার কেবল আমার ও পাঠাতে দিকে ফিরে আমরা যে এক আর হবে নাধন্যবাদ আমি তার আমি আরো সত্য যে আমি শুধু বেকন আমার মুখের মধ্যে কোন মাংস  বছর পর সেখানে আর ডিম থাকার চেয়ে করা ছিল প্রায় বিপর্যস্ত জানাল সে আমাকে আমার টাকা ফেরত দিতে না কিন্তু কেউ ক্ষমা চেয়ে বা আমার কোন প্রতিদান দেওয়া আমি চাই তুমি আমাকে চেয়ে শীতল হচ্ছে ওভার কিন্তু আমি আপনি কোন আত্মা থাকার উপর নই,NoAG,0
কামাইলা একটা ছাগলের চা সুদু মে মে করে,NoAG,0
তুই শালার মাগির পোলা,AG,1
এক মাত্র আপনার পক্ষেই এসব চিন্তা সম্ভব আরিফ ভাই শুভকামনা রইলো,NoAG,0
কঠোর শাস্তির দাবি জানাচ্ছি,NoAG,0
স্যার আমি কিন্তু আপনাকে ভালোবেসে ফলো করিনাবরং আপনাদের একেক টা পোষ্টের কমেন্টে যেই লেভেলের বিনোদন পাওয়া যায় তার লোভে আর কি ফলো করি,NoAG,0
জলবায়ূ পরিবর্তন সম্পর্কে এতদিন যেসব ভয়ের গল্প শুনতেন সেসব এবার সত্যি হচ্ছে আপনি আর আমি খুব দ্রুতই টের পাবো,NoAG,0
করোনাভাইরাস ছড়িয়ে পড়ার আতঙ্কে যুক্তরাষ্ট্রের সান ফ্রান্সিসকোতে আগামী মার্চ মাসে অনুষ্ঠেয় মার্কেটিং সম্মেলন বাতিল করেছে ফেসবুক কর্তৃপক্ষ,NoAG,0
প্রশাসন কিসের লোভে শেখ হাসিনা কে পাহারা দেয় বুঝিনা,AG,1
ছাপোষা কর্মচারী হয়ে মাকিলের বিরুদ্ধে আন্দোলনে নেমেছ এ যে আগুন নিয়ে খেলা তা একবার ভেবে দেখেছ,NoAG,0
ধৈর্য্যশীল হতে হবে,NoAG,0
গ্যালারির দর্শকদের সমর্থিত উল্লাসে পারভেজ ইমন শত ব্যাথা নিয়েও জয়ের নেশায় নিজেকে উৎসর্গ করে দিয়ে জয় ছিনিয়ে এনেছে পারভেজ ইমনের এমন ভালোবাসা বাংলার ক্রিকেট প্রেমিরা ভুলবে না,NoAG,0
বেলজি আম  পাকার আগেই কাঠবিড়ালি খেয়ে ফলবে,NoAG,0
রিকগনিশান ইজ হ্যা হ্যোক্সএটা নিয়ে মাতারও কিছু নাইন্যাকা কান্না চোদানোরও কিছু নাই তবু এগুলা হবেইদুনিয়াটা এমনই প্যারাডক্স,NoAG,0
মুসলিমদের একটা স্বভাব হচ্ছে তারা বিজ্ঞানের কোন কিছুই আবিষ্কার করতে পারেনা যখনই বিজ্ঞান কোন কিছু আবিষ্কার করে তখন তারা নির্লজ্জ বেহায়ার মত বলে ভাগ্যিস বিজ্ঞান এসব আবিষ্কার করেছিলো নয়তো নাকি জানাই যেতো না কুরআনে এসব আগেভাগেই বলা আছে চিন্তা করুন এরা কতটা মূর্খ,AG,1
আমি তো মহা খুশিএই মেয়ে হল পরশ পাথরের মতযতক্ষণ এর সঙ্গ পাওয়া যায় ততক্ষন মুহূর্তগুলো স্বর্ণের মত দামী হয়,NoAG,0
তোর মার গুদ ছিড়ে ফেলব শাওয়ার পোলা,AG,1
হাতটা আমার বাঁকা হয়ে গেছে আর প্রচণ্ড ব্যাথা করছেমাথাটাও তীব্র ব্যাথায় ফেটে যাচ্ছেবাতাসের তীব্রতায় হুমরি খেয়ে পড়ছি বারবারকান্না তো স্রোতের মত বইছেইতীব্র চেষ্টা করছিশুধু একবার বাসাতে পৌছোতে পাড়লে হয়,NoAG,0
আপনার মত প্রতিটা রাজনীতিবিদ যদি হয়তো  তাহলে আজ দেশের রাজনীতির এই বেহাল দশা হতনা সালাম জানাই আপনাকে,NoAG,0
শালার মূর্খ ওই সংবাদ মাধ্যমটা কি মুসলিমদের দ্বারা পরিচালিত কিনা সেইটা আগে খোজ নে আগেই লাফাইতেছিস কেন,AG,1
সাম্প্রদায়ীক দাঙ্গা ও হত্যায় মালাউনরা বিশ্বে প্রথম স্থান অধিকার করেছে তোদের অভিনন্দন,AG,1
জনপ্রিয়তা বাড়ার সঙ্গে সঙ্গে দায়িত্ববোধও অনেক বেড়ে যায়,NoAG,0
যাক প্রতিবাদ করা একজন সাহসী আপু পাইলাম ,NoAG,0
ভুল ধারণা ভাই হুমায়ুন আহমেদ রুপালী দ্বীপ এ একটি মেয়ে এরকম এক ধমক দিয়ে পুলিশকে থামিয়ে দিয়েছিল,NoAG,0
ধন্যবাদ মামা আমার জন্য দোয়া করবেন,NoAG,0
আওয়ামী লীগ আগে ভোট চুরি করছেআর এখন চাল,AG,1
রোজা আমায় বলল হেসে বিদায় আমার খুব কাছে কষ্ট দিয়েছি অনেক দিন কিভাবে মিটাবো সেই ঋণ তাইতো দিলাম ঈদের দিন৷৷ আনন্দ করো সারাদিন সুখে থাক প্রতিদিন,NoAG,0
কুক্তা লীগে শেখহাসিনা কেও চারবেনা  সুযোগ পেলে ধর্ষণ করবে এরা আপন বোন কে চারবে না  কুক্তা লীগের চরিত্র এটাই  এদের কাজ হচ্ছে চুরি ডাকাতি ধর্ষণ গুম খুন,AG,1
মুসলিমদের মধ্যে ভাল মানুষ খারাপ মানুষ বলে কোন কথা নেই  যা আছে তা হল একদল উগ্র হয়ে সবসময় মারদাঙ্গায় লিপ্ত অপর দল পেছনে থেকে তাদের সমর্থন এবং সর্বকাজে উৎসাহিত করতে ব্যস্ত ,AG,1
সমকামীতা পরকীয়া যেখানে বৈধতা পেয়েছে সেখানে যৌন হয়রানি ও বৈধতা পাওয়ার দাবি রাখে,NoAG,0
মন্ডায় চায় তোরে মাহফুজুর রহমান কাকুকে দিয়ে হোগা মারাই,AG,1
মুসলিমরা হিংস্র প্রাণী,AG,1
আমি এতো দিন স্কুলে কলেজে কিছুই শিখিনি যেটা তুমি আজকে শিখালে তুমি পৃথিবীর শ্রেষ্ঠ বাবা একজন আদর্শ বাবার চাইতে বড় শিক্ষক কেউ হতে পারেনা,NoAG,0
মৎস পুরাণে উল্লেখ আছে ঊর্বশীকে দেখে স্বমেহন কবিরাজি বাংলায় হস্তমৈথুন করতেন ব্রহ্মা,AG,1
বরতমান সরকার ভারেতের দালাল,AG,1
আল্লার কালা ভুদায় করোনা হয়েছে তাই চুম্মা চাটি বন্ধ আহারে গু দিয়ে সেনেটাইজ কর আল্লার ভুদা,AG,1
শুকনা কেন এত্ত খাওনা তুমি মা খেতে দেয়না ডেইলি এই প্রশ্নের উত্তর দিতে হয় এমন ও আছে সে নিজে অনেক মোটা আমারও মাঝে মাঝে পালটা প্রশ্ন করতে মন চায় আপনি এত্ত মোটা  বাসার সব কি আপনি ই খেয়ে ফেলেন,NoAG,0
খানকির পোলারে বুক বরাবর লাতি দিলে পিছনের খাল টায় থাকবো,AG,1
আললাহ্ যা করেন ভালোর জন্যই করেন এই করোনাভাইরাসের কারনে আমরা বুঝতে পারলাম এই আওয়ামী লীগ যে কত বড় দুর্নীতি বাজ,AG,1
আমরা কি করি  তোমাদের ধর্মের মতো আমাদের ধর্ম না  তোরা নিজের বোন কে বিবাহ করিস ভাগনীকে বিবাহ করিস এটা তো কোরানে লেখা আসে সব তোমাদের জায়েজ,AG,1
নতুন বছরের দুই লেসবিয়ান আইছে পোন্দা খাইয়া,AG,1
ওর মুখে সবাই জুতো নয় গু ছুড়ে মারবে,AG,1
পশ্চিমাদের সাথে সম্পর্ক ভালো রেখে যদি তুরস্কের ক্ষতি হয় তাহলে তুরস্কের উচিত ঐসম্পর্ক ছিন্ন করাআমি মনে করি এরদোগানই নেতা সেরা,NoAG,0
তার আগে মুসলিমদের পৃথিবী ছাড়া করো মার্কিন প্রেসিডেন্ট বলেছেন পৃথিবীর সমস্ত মুসলমানদের ধরে ধরে মঙ্গল গ্রহে পাঠিয়ে দাও সেখানে ভাইবোনে মাছেলে বাপ্মেয়ে চোদা চুদি বংশ বিস্তার করে বেঁচে থাকুক,AG,1
রুমিন ফারহানার বক্তব্য আওয়ামী লীগের বুকে  আগুন ধরিয়ে দেয় খুশিতেঠেলায়,NoAG,0
বাংলা দেশের রাজনিতি দেখে আমার জীবনে রাজনীতি কারার রুচি নেই,AG,1
বিএনপি নেতারা তাদের প্রতি পাদে সরকার পতন ঘটায়  তাদের পাদের গন্ধে দেশের মানুষ অতিষ্ঠ,AG,1
জায়গা  কিন্তু একটি বিশেষ ঘটনা ব্যবস্থা চেষ্টা করবেন না যখন আমি মহান নেতা এ আমার বন্ধুর  পার্টি অনুষ্ঠিত মালিক অহংকারী অনমনীয় এবং অনৈতিক ছিল সতর্কাবস্থা,NoAG,0
দেবী দুর্গার 🔥জঙ্গি প্রতিমা,AG,1
পুলিশ ছারা বিএনপি কয় মিনিট থাকতে পারবে বলতে পারেন,AG,1
এখন দেখি এরা জাতিগত মাতাল  ছাগলের মাধ্যমে ছাগির পেটে বাচ্চা হয়না হয় পাঠার মাধ্যমে নেশা বেশি করেফেলছেন নাকি,AG,1
তুমি হয়তো প্রেমালাপ ব্যস্ত থাকবে ঠিক তখন মসজিদের মাইকে মুয়াজ্জিনের কণ্ঠে ভেসে উঠবে আমার নামের শোক সংবাদ,NoAG,0
গোয়া মারা খেতে যাচ্ছেন আরিফ বাঈ,AG,1
জাকির নায়েক ই হচ্ছেন মহানবী,AG,1
এরা ধরাকে সরা জ্ঞান করছিল তাই এদের পতন দেখে জাতি খুশি,NoAG,0
মালাউনের বাচ্চা জুতা  দিয়ে মারবো তরে,AG,1
আমার বান্ধবী বেশি আমি এই জায়গা পছন্দ করেছে এমনও হতে পারে যে আমি বে এরিয়ারার এশিয়ান খাদ্য খাওয়ার দ্বারা নষ্ট করছি কিন্তু এই জায়গা এটা টুকরা করলেন না দুর্ভাগ্যবশত আমরা উভয় লাল তরকারি ভিত্তিক খাবারের পেয়েছিলাম তাই আমার অভিজ্ঞতা মোটামুটি সীমিত ছিল  আমি হাঁসের   লাল তরকারি পেয়েছিলাম এবং খুব এ সব অঙ্কিত করা হয় নি হাঁস সুস্বাদু ছিল কিন্তু কারি খুব স্নিগ্ধ ছিল সত্যি বলতে আমি বলা হয়েছে এটা তরকারি ছিল আমি সত্যিই কারি বলে শনাক্ত করেন না হাঁস পাশ কিছু প্লেইন বাষ্প সবজি যা খাবার গিয়েছিলাম আমার ইতিমধ্যে স্নিগ্ধ কারি সস নিচে আরও পানি পরিবেশিত যেমন  পানি প্লেটের উপর প্রায় সরানো সঙ্গে এসেছিলেন কারি উদাসীন গন্ধ ছাড়াও শাকসবজি সত্যিই ভাল হিসাবে একটি সাহায্য প্রয়োজন তারা আলোড়ন ভাজা অথবা কিছু সাজানোর একটি সস সঙ্গে পরিবেশিত হয়েছে হওয়া উচিত ছিলসেবা ঠিকঠাক লেগেছে কিন্তু মহান না সেখানে একমাত্র অন্যান্য টেবিল ছিল এবং ওয়েট্রেস কিছু ভুলে করলো এবং যখন আমরা তার খাবার সম্পর্কে জিজ্ঞেস করলেন আমি অনুভব করলাম ভালো সে আমাদের টিনজাত উত্তর দান করা হয় সবকিছু ভাল শুধু অর্ডার কিছু তাই আমি বাড়িতে যেতে পারেন হয়  বোঝা যাচ্ছে যে নেতারা এটা আগে তারা বন্ধ   মিনিট সম্পর্কে ছিল যাতে এটা দিয়ে কি কিছু ছিল হয়ে থাকতে পারেএটা কোনো উপায়ে একটি খারাপ খাবার ছিল না এটা তোলে পুষ্টি প্রদানের লক্ষ্য সম্পন্ন এবং হোটেল রুমে মিকি ডি এর ফিরিয়ে আনার চেয়ে ভাল ছিল কিন্তু আমি ফিরে যাচ্ছি করা হবে না  নক্ষত্রের  সংজ্ঞা মেহ আমি ভাল ভুগেছেন এবং আমি মনে করি যে বিবরণ পুরোপুরি আমার খাবার আছে,NoAG,0
কমেন্ট  না  করা  পারলাম  না  এই  সব  মেয়েদের জন্মের  কোনো   ঠিক  নাই   ছোট  লোক  এর  বাচ্চা,AG,1
যদি কাউকে ধোঁকা দিতে পারোতাহলে ভেবোনা সে বোকা ছিলো মনে রাখবে সে তোমাকে বিশ্বাস করে ছিলো কিন্তু তুমি তার সেই বিশ্বাসের যোগ্য ছিলেনা,NoAG,0
তাহলে কিহিন্দুদের বাচ্চা হয়পাচা দিয়ে মুসলমান খায় গরুর দুধহিন্দুরা খায় গরুর মুত আরযেসব হিন্দুরা দাড়ি রাখে তারা কি যুক্তি দেওয়ার আগে ভেবে নিস,AG,1
এক একটা নাস্তিক আওয়ামী লীগের শক্ত খুঁটি দুই দিন আগে আর পরে এক একটা নাস্তিক আর ধর্ষনকারীদের জায়গা হবে ওদের বাপের দেশ ভারতে,AG,1
সেখহাসিনাকে জতো দিন আমরা সরাতে না পরবো ততো দিন এই ধর্ষন কমবে না,AG,1
আমি কাউরে ভালবাসি কারণ তারে ভালবেসে আরাম পাই কাউরে ভালবাসিনা কারন তারে ভালবেসে আরাম লাগে না,NoAG,0
অভিনন্দন বাংলাদেশের মেয়েদের এই জয় শুধু ক্রিকেটে প্রতিপক্ষ দলের বিরুদ্ধেই জয় নয় এই জয় অজস্র বিরুদ্ধতার বিরুদ্ধে,NoAG,0
কোরান ও ইসলাম মুহাম্মদ ও খলিফা দ্বারা সৃষ্টি তাই এর কারণ,AG,1
২০১৫ সালের মার্চ থেকে সংঘাতে জর্জর হয়ে আছে ইয়েমেন ওই সময় হুতি বিদ্রোহীরা দেশটির পশ্চিমাঞ্চলের নিয়ন্ত্রণ নিয়ে নেয় এবং প্রেসিডেন্ট হাদিকে বিদেশে পালিয়ে যেতে বাধ্য করে বিশ্লেষকদের মতে ইয়েমেনে গৃহযুদ্ধের আড়ালে সৌদি আরবসহ সুন্নি দেশগুলোর সঙ্গে ছায়াযুদ্ধ চলছে শিয়া মতাবলম্বী ইরানের,NoAG,0
অতীতে বিএনপি কোন এক নেতা হেলিকপ্টারে এসেছিল আমাদের এলাকায় লোকজন নেতার মঞ্চের সামনে ছিলো না ছিলো হেলিকপ্টার সামনে হেলিকপ্টার দেখতে ,NoAG,0
 আমি গত দুই বছর ধরে তে অভিজ্ঞতার সহিত আছিঅর্থের জন্য আমার অ্যামা মান  খারাপ  আছে,NoAG,0
বিনয় টিনয় না রে ভাইবাস্তবতা হচ্ছে সমাজে আমার সত্যিকারের বলার মত কোন অবদান নাই,NoAG,0
অবশ্যই একটি সাঁজানো নির্বাচনের দিকে যাচ্ছে বাংলাদেশ  এ নির্বাচনে জনগনের মতের প্রতিফলন ঘটবেনা,NoAG,0
বন্ধুদের এবং পরিবারের  জন্য দুর্দান্ত জায়গা হৃদয় স্পর্শ সঙ্গীত চমৎকার পরিবেশের সঙ্গে টেস্টি খাদ্য,NoAG,0
আমি ছেড়ে দিতে হবে আপনি যদি এখনও সস এবং পনির এবং   অতিরিক্ত পনির এবং যখন এটি এ পরিচালকের কাছে কেমন লাগে এবং বলেছেন হ্যাঁ যে অতিরিক্ত পনির আমি ফিরে যাচ্ছি করা হইনি মাধ্যমে মালকড়ি দেখতে পান দুঃখিত,NoAG,0
বি এন পি দূর্নীতি করেছে  দেশ বিক্রি করে দেয় নি দূর্নীতি কি আওয়ামী লীগ করে না ইনশাআল্লাহ দূনীতি তে বাংলাদেশ  নম্বরে যাবে এই সরকারের আমলে,AG,1
তোর বইয়ের মুসলমানি দিমু,AG,1
আল্লাহ গজব আসবে আওয়ামিলী করোনাভাইরাস দরবে আল্লাহ গজব,AG,1
মরার পর তখন তোর ইসলাম কাজে লাগবে কিন্তু আফসোস করা ছাড়া কিছুই থাকবে না,AG,1
দেশে সমাজের ভয়ে শূকর খাইতে পারে না তাই বিদেশে গিয়ে নিজ হাতে শিকার করে শূকর খাবার মজাই আলাদা,NoAG,0
মুসলিমদের কে কি তোরা আবাল মনে করছ তোরা যা ইচ্ছা মন গড়া কথা বলবি আর তা ঠিক হয়ে গেল আর তোদের ধর্ম যে পতিতালয়ের ধর্ম সেটা সবাই ভালো করে জানে 😄😆 তাই আর নতুন করে কিছু বললাম না,AG,1
এই মালিক সমিতির মানুষ গুলো কুকুরের ছেয়ে ও খারাপ  যাদের প্রানীর প্রতি মায়া নেই তারা মানুষকে ভালোবাসে কিভাবে,NoAG,0
এডিসন গ্রুপের ব্যবস্থাপনা পরিচালক জাকারিয়া শহীদ বলেন ‘বাংলাদেশের কারিগরি কর্মীরা খুবই দ্রুত শিখতে পারে আমাদের কারখানায় একজন বিদেশি কর্মীও নেই মানের ক্ষেত্রেও আমরা ভালো ফল পাচ্ছি’,NoAG,0
আওয়ামী লীগ চাউল চুরি করছে চেয়ারম্যান মেম্বার এমপি মন্ত্রী,AG,1
আসলে ইসলাম কোনো ধর্মই নয়ঐটা হয়েছে সৌদিআরবের রাজনিতি,AG,1
অনেক পাপ কৱেছো এখন খোদাৱ নাম নিয়ে পৱকালেৱ ফিকিৱ কৱআললাহ আজাব অনেক ভয়ানকখোদাৱ কসম কৱে বলছি,NoAG,0
শেখ হাচিনাকে জনগন দিয়ে ধর্ষন কোরলে শেখহাচিনা বুজতো ধর্ষনের বেথা কি জিনিষ,AG,1
আরেকটু যত্ন করে হোক যুক্তির গান তাড়াতাড়ি রেজিস্ট্রেশন করে ফেলো সবাই,NoAG,0
তোদের মন্দিরে যে তোর মা বোনকে প্রভু দাসি বানিয়ে প্রতিদিন চুদে সেটা যে সবাই জানে এটা কি তুই জানস,AG,1
একমাত্র জামায়াতশিবিরের কাজ এগুলো প্রত্যেককে ধরে ক্রসফায়ার দেওয়া হোক ওরা দেশের শত্রু,AG,1
আমি মনে করি এই ঘটনার আসল রহস্য বের করতে হলে একমাত্র শেখ হাসিনাকেই রিমান্ডে নিতে হবে,AG,1
থাবরা দিয়া সব দাত ফালাইয়া দিমু,AG,1
গান ভালো হচ্ছে তবে মুল রেকর্ডিং করেন এবং আদিত ভাই ডিরেকশন দেনগাওয়ার দরকার নাই আপনার আপনাকে অনুৎসাহিত করতে চাইনা আপনার ডিরেকশন ভালো ,NoAG,0
রোমানার ব্যাট কেনার টাকা ছিল না  তামিম নিজের ব্যাট ওকে উপহার দিছে এই হল বাংলাদেশের ম্যানেজমেন্ট,NoAG,0
বাংলাদেশের মানুষ অমানুষ তাই আওয়ামী লীগের সবকিছু মুখ বুঝে মানিয়ে নিতে ছে,AG,1
বাংলাদেশের থিয়েটার অঙ্গনের পরিচিত মুখ ইশরাত নিশাত মারা গেছেন ইন্না লিল্লাহি ওয়া ইন্না ইলাইহি রাজিউন গতকাল রোববার রাত সাড়ে ১১টায় গুলশানে বোনের বাসায় হৃদ্‌রোগে আক্রান্ত হয়ে শেষনিশ্বাস ত্যাগ করেন তিনি তাঁর বয়স হয়েছিল ৫৬ বছর,NoAG,0
 জনগণ যদি একবার ক্ষেপে যায় আপনাদেরকে ঝাঁটা পেটা করে ক্ষমতা থেকে নামাবে,NoAG,0
সিরিয়ান নেটওয়ার্ক ফর হিউম্যান রাইটস জানায় আসাদ সরকার ও ইরান সমর্থিত সন্ত্রাসীদের মধ্যে গোলাগুলিতে ২২ হাজার ৭৫৩ জন শিশু নিহত হয়েছে অন্তত ১৮৬ শিশু সরকারের রাসায়নিক হামলায় নিহত হয়েছে এবং ৩০৫ শিশু অপুষ্টি ও ওষুধ স্বল্পতায় মারা গেছে,NoAG,0
অবাক করার বিষয় হলো মারাঠারা তিনদিন খাবার না খেয়েও একের পর এক আবদালির সেনাদের মারতে থাকে,NoAG,0
ভাইজান নির্বাচন দিয়ে লাভ নেই বিএনপি আবার ক্ষমতায় গেলে তার থেকেও ছাড়িয়ে যাবে দুর্নীতি করে,AG,1
ছি ছি ছি দাদা কি লজ্জার বিষয় বউ এর হাতে মার খাওয়া এর চেয়ে লজ্জার কি হতে পারে আর যে বউ এর হাতে মার খায় তার মতো বেহায়া কে আছে,NoAG,0
ছোটবেলায় কত শখ ছিল বড় হয়ে কতকিছু করবো এই করবো সেই করবো বড় হয়ে দেখি ঘুমের কারণে কিছুই করা হয় না,NoAG,0
কোন একটা প্রদেশকে কাশ্মীরের মত বানিয়ে সেখানকার বাচ্চা মেয়েদের মন্দিরে ঢুকিয়ে ধর্ষণ কর তাদের জায়গা জমি দখল কর স্বাধীনতাকামীদের জঙ্গি বলে গুলি করে মার একটা ওয়ার্ল্ড ট্রেড সেন্টার তোদের জন্য অনেক ছোট হয়ে যায় প্রদেশ নিয়ে খেল বাবা,AG,1
এসমস্ত হালবাল পূজা করলে করোনা তো হবে সব শালা মালুর বাচ্চা,AG,1
আরে আরিফ চোদনা নাকি  শয়তানের বাইচ্চা,AG,1
২০ টাকা দিয়ে সিডির দোকান থেকে ভাড়া নিয়ে দেখছি বাসায় ছবিটা দেখে এত ভাললেগেছিল পরে টাকা দিয়ে একেবারে কিনে নেই তার কাছ থেকে,NoAG,0
সবচেয়ে খারাপ জায়গা কিন্তু কোথাও না ভাল জায়গা যাচ্ছিল আর আমি কখনো চলেছি নয় প্রায় গিয়েছিলাম ফিরে জানুয়ারী একটি ডিনার জন্য আমার  সঙ্গে একটি বৃষ্টির রাতে এটা বন্ধ করার আমাদের ওয়েট্রেস জন্য  মিনিট নিল আমাদের অস্তিত্ব স্বীকার এবং আমাদের ড্রিংক অর্ডার গ্রহণ সেই সময় দ্বারা আমরা আমাদের খাদ্য অর্ডার সিদ্ধান্ত নিয়েছে এবং তার যে খুব দিয়েছেন ছিল আরেকটি  ​​মিনিট পরে আমরা আমাদের পানীয় পেয়েছি অন্য  মিনিট পরে আমরা আমাদের অর্ডার পেয়েছি আর আমার কাঁচা মরিচ পনির ফ্রাই নিশ্চিতভাবে ছিল স্নিগ্ধ যখন তার হ্যামবার্গার ম্যাকডোনাল্ডস চেয়েও খারাপ ছিল বিয়োগ যে তার নিয়মিত ফ্রাই আসলে ভাল ছিলআমি প্রায় নিশ্চিত যে আমার  এর এ শুধুমাত্র অভিজ্ঞতা হতে হবে নিশ্চিত নই সজ্জা যদিও বেশ ভালো ছিল,NoAG,0
ওরে ভাই মালাউন নাপাকের গোষ্ঠী গালি দিচ্ছে ওর দর মুতি খাওয়াতে হবে,AG,1
টুপি পইরাও খেমা পাইলিনা মাদারচোদ জানোয়ারের লুইচ্চামারকা পোলা ধুর,AG,1
আইন শুধু অপরাধ ধরে আর ঝাড়ে  নির্মুল করতে পারে না,NoAG,0
বিজ্ঞানীরা বলছেন ভাইরাসটি হয়তো মানুষের দেহকোষের ভেতরে ইতোমধ্যে ‘মিউটেট করছে’ অর্থাৎ গঠন পরিবর্তন করে নতুন রূপ নিচ্ছে এবং সংখ্যাবৃদ্ধি করছে ফলে এটি আরও বেশি বিপজ্জনক হয়ে উঠতে পারে,NoAG,0
তোদের আল্লাহ কে কেমন দেখতে কিতার আকৃতি বানানো ধর্ম দালালি ধর্ম হযরত মোহাম্মদ সৃষ্টি করেছে বেশি কিছু লিখলাম না,AG,1
শালা একটা ভণ্ড ইসলামের নতুন ফেতনা,AG,1
হোগা মারার জন্য তোর মত মাদারচোদ  না থাকলে আমার লাইফ ইম্পসিবল ভন্দু,AG,1
 চোদনা শালা তোরে দেখলেই মন চায় তোর নাকের নিচের বাল গুলা কেরোসিন দিয়া ধরায়া দেই,AG,1
হিন্দু ধর্ম বেশ্যা মাগিদের ধর্ম,AG,1
এই পরীক্ষার পর তিনি বেশ সুস্থ দেহে চলাফেরা করে প্রমাণ করেছিলেন পীতজ্বর সংক্রামক নয় কিন্তু দুর্ভাগ্যজনকভাবে তিনি ভুল আবিষ্কার করেছিলেন,NoAG,0
আমি হাসপাতালে জব করি খুব কাছ থেকেই ডাক্তারদের ডেডিকেশান দেখি পেশেন্টদের বেস্ট ট্রিটমেন্ট দেয়ার জন্য কতরকম চেষ্টা তাদের,NoAG,0
অনেক ধন্যবাদ স্যারপ্রয়োজন এবং আগ্রহ দুইটার জন্য পড়লামখুব ভাল লাগলো,NoAG,0
ফালতু মাগীদুধের কি অবস্থা ,AG,1
ভালবাসা তামিম আর মুশফিক এর জন্য,NoAG,0
যেহেতু সংখ্যালঘু হিন্দু তাই তার বিচার করা হবে না মেডেল দেওয়া হবে,AG,1
তিন্নিকে দেখার পর আর কারো মুখে কথা নেই অনেকে চোখের পানি ধরে রাখতে পারছে না কি হল মেয়েটার এই গ্রামের একটা জীবন্ত লাল গোলাপ এভাবে অকালে ঝরে যাবে,NoAG,0
একদম ঠিক বলেছেন ইসলাম কোনদিনোও নারীদের সম্মান দেয়নি আর দেবে না,AG,1
এইটা বুযতে হবে জাতিতে এই সব কাউয়া কাদিরার সাজানো নাটক,AG,1
এটা আওয়ামিলীগ এর ভয়াবহ ষড়যন্ত্র,AG,1
ডন সামদানি ফেরদৌস মৌসুমি ওনারা তো অন্যান্য প্রোগ্রামে ভাল ই করে এখানে এরকম করলো কেন বুঝতেছিনা চ্যাম্পিয়ন হওয়া মেয়েটা যোগ্য ই বলা যায় সে চট্রগ্রাম বিশ্ববিদ্যালয়ের ,NoAG,0
জয় বাংলা জয় বঙ্গবন্ধু মানবতার জয় হয়েছে মমতাময়ীর কাছ থেকে রোহিঙ্গারাই যেখানে নিরাশ হয়নি সেখানে দেশের কোন লোক হবে সেটা অসম্ভব হোক সে বিরোধীদলীয় হোক সে কয়েশ মামলার আসামি,NoAG,0
মানুষ ভায়োলেন্স পছন্দ করে মানুষ অন্যকে অপমান  অপদস্থ করতে পছন্দ করে কোন জন্তু জানোয়ার এগুলা করে না মানুষই করে ,NoAG,0
যে নারী বিয়ে করতে চায় না বুঝতে হবে সে সেক্স বিশ্বাসিতাদের আর বেশ্যাদের মধ্যে কোন পার্থক্য নেই,AG,1
ধর্ষন হলে এদের মজা লাগে কারণ এরাও ধর্ষিতা তাই,AG,1
সেদিন দেখলাম ক্লাস ৫৬ এর ছেলেপুলেরা সিগারেট খাচ্ছে কিভাবে এই বয়সে এত অবনতি ঘটে,NoAG,0
মানলাম প্রিয়া সাহার এমনটা উচিত ই হয়নি বাইরের দেশের কাছে নিজ মাতৃভূমির অপমান করা টা ওটা খুব ই অন্যায় তবে একটা বার ভাবুন তোদেশে যদি এর বিচার টা থাকতোতবে বার বার এত্ত সব কুকর্ম করবার দুঃসাহস কি কেও করতে পারতো,NoAG,0
নীলিমার নিলে হেমন্তের সোনালী ধানের শীষে সারাবেলা মাতাল হাওয়া যেমন করে ভাসে তেমনি করে সবার জীবন কাটুক আনন্দ আর উচ্ছাসে ,NoAG,0
হকের কাছে আয় কেটে টুকরো টুকরো করে ফেলবো,AG,1
বেশির  ভাগ  সব  মোল্লা  এদের  গুলি  করে  এনকাউন্টার  করা  উচিত 	,AG,1
কেউ ভাল স্কুল কলেজে বিশ্ব বিদ্যালয়ে পড়লেই যে ভাল সৎ ধার্মিক পরোপকারী নিঃস্বার্থ মানুষ হবে গ্যারন্টি কি তবে গ্যারন্টি আছে হয়ত ভাল চাকুরী করে ভাল টাকা আয় করতে পারবে বিড়াট ধনী হতে পারবে কিন্তু মনুষত্ব বিবেক ইশ্বর প্রদত্ত ,NoAG,0
আওয়ামী লীগ চাউল চুরি করছে চেয়ারম্যান মেম্বার এমপি মন্ত্রী তাদের বিচার করা হোক,AG,1
আরে খানকির পোলা তুই একটা নাস্তিক তুমি করোনা সম্বন্ধে কি জানো,AG,1
অবাক পৃথিবী আমরা যে পরাধীন অবাক কী দ্রুত জমে ক্রোধ দিন দিন,NoAG,0
২০১৫১৬ সেশনের মেডিকেলের ভর্তি পরীক্ষায় জঘন্যতম প্রশ্নফাঁসের শিকার এই ব্যাচটাই যখন প্রথমবারের মতো ভর্তিযুদ্ধে অংশগ্রহণ করে,NoAG,0
পাকসেনারা চলে গিয়েছিল ঠিকই কিন্তু আতঙ্কে কেউই সেদিন তাদের আর্তচিৎকারে এগিয়ে আসার সাহস করেনি বাইরে কার্ফু থাকায় অধ্যাপক গুহঠাকুরতাকে ঢাকা মেডিকেল কলেজ হাসপাতালেও নেয়া যাচ্ছিলো না,NoAG,0
ভাই বাংলাদেশকে পরিচয় করালেন না পুটকি মারলেন আপনাদের মতন ইউটোবারদের জন্য দেশের আজ এই অস্বতা,AG,1
কুরান হলো ধংশের প্রতীক,AG,1
বগি নাইবগির মানুষরা আছেএখনও গান বাজনা হয়রাতভর আড্ডা হয়আমেজ এখনও আছেসিক্সটি নাইন ইজ এভারগ্রীন,NoAG,0
সরকার এখন চায় আলজাজিরার ঘটনা চাপা দেওয়ার জন্য অন্য ইসু নিয়ে শুরু করেছে কুকুর লীগ,AG,1
দি কখনো এরকম কোনো ছেলে চোখের সামনে পরে তাহলে আর তাকে সেদিন আর জিনদা বাড়ি যেতে দিবো না,AG,1
এবি ব্যাংক ৫৯টি এজেন্টের মাধ্যমে ব্যবসা পরিচালনা করছে ২০১৯ সালের ডিসেম্বর শেষে মোট হিসাব খোলা হয়েছে ১৪ হাজার ২৮৯টি আমানতের পরিমাণ ৫০ কোটি টাকা রেমিট্যান্স বিতরণ হয়েছে ১৩ কোটি টাকা এবি ব্যাংক নারীদের ক্ষমতায়নের লক্ষ্যে উল্লেখযোগ্য সংখ্যক নারী উদ্যোক্তাকে এজেন্ট আউটলেট পরিচালনার অনুমতি দিয়েছে,NoAG,0
কিরে মাগিপাড়ার থিক্কা গোলাপী পেটিকোট চুরি কইরা পিন্দালাইছোস,AG,1
তাইলে মাস শেষে যেই ট্যাক্সটা দেই সরকারকে ঐটা কি চা নাশতা খাওয়ার জন্য না জন্মদিনের কেক খাওয়ার জন্য,NoAG,0
জং জং না জন জন কি হিন্দু নাম তোরা জাহান্নমের আগুন,AG,1
আমি একটা কেন্দ্রে দায়ীত্বে ছিলাম সেখানে দুই চোখ অন্ধ এক মহিলাকে আনা হয়েছিল ভোট দেওয়ার জন্য তাকে জিজ্ঞাসা করা হয়েছিল আপনি কীসে ভোট দিতে চানতিনি ধানের শীষে ভোট দিতে চাইলে আমরা ধানের শীষে ভোট দেওয়ার ব্যবস্থা করে দেয় কিন্তু সাথে যে দুইজন মহিলা ছিল তারা খুব রেগে টগমগেজানিনা সেই অন্ধ মহিলার কপালে পরবর্তিতে কি ঘটেছিল আল্লাহ তাঁকে হেপাজত করুন  আমিন,NoAG,0
মার্কিন যুক্তরাষ্ট্রে ৯০ জনের বেশি নারীকে হত্যার দায় স্বীকার করেছে এক ব্যক্তি ৭৯ বছর বয়স্ক এই ব্যক্তির নাম স্যামুয়েল লিটল তাকে যুক্তরাষ্ট্রের ইতিহাসের সবচেয়ে ভয়ঙ্কর খুনি হিসেবে চিহ্নিত করছে মার্কিন কেন্দ্রীয় গোয়েন্দা সংস্থা ফেডারেল ব্যুরো অব ইনভেস্টিগেশন এফবিআই,NoAG,0
বসকে ফাঁসানোর জন্যই রিয়াল মাদ্রিদের মালিক মহিলাটিকে দিয়ে এই মিথ্যা মামলাটি করিয়েছে,NoAG,0
কিন্তু আশ্চর্যের ব্যাপার ঐ বাড়ির যে মালিক সে কিন্তু হাজার চেষ্টা করেও অনেকদিন পর্যন্ত কাউকে ঐ কুঠিটা ভাড়া দিতে পারেনি,NoAG,0
বিদেশের শ্রম বাজারে বাংলাদেশ সরকার যদি নিজ উদ্যোগে লোক পাঠায় তাহলে এর চাইতে ভাল বিষয় আর হতে পারে না,NoAG,0
সংবিধান তোর পোন্দের মধ্য দিমু কাদেইরে হালার পো হালা,AG,1
আইনমন্ত্রী যেখানে বে আইনি কথা বলে সেই সালাগো গালি ছাড়া কথা বললেও অপরাধ হবে,AG,1
এই পুলিশই তো সব সময় কুত্তালীগকে প্রোটেকশন দিয়েছে,AG,1
গুজব ছড়ানো ও গণপিটুনির ঘটনা পুনরাবৃত্তি রোধে পাঁচ দফা নির্দেশনা দিয়েছেন হাইকোর্ট রোববার বিচারপতি এম ইনায়েতুর রহিম ও বিচারপতি মো মোস্তাফিজুর রহমানের বেঞ্চ এ নির্দেশনা দেন,NoAG,0
আমাদের মোহাম্মদ এর বউ তো গোনা বউ  কিন্তু তোদের শিবের কতো লক্ষ বউ রে কুত্তি মাগিওওওও তোরা তো গবর খাস  তোদের মাথায় বুদ্ধি র বদলে যে গবর আছে আমি তো এটা ভুলেই গিয়েছিলাম,AG,1
আসনটি যদি তারা রেস্টুরেন্টে সর্বাধিক সংখ্যক লোক পেতে চেষ্টা করছিল তাই আপনার এখানে যখন খেতে পাবেন তখন আপনার প্রতিবেশীর প্রতি সুন্দর থাকুন,NoAG,0
কিন্তু বেশিরভাগ পয়েন্টই আমার কাছে ভুল লেগছে একটা ছেলে খারাপ কাজ করে বলে তাকে সেই খারাপ কাজ থেকে বিরত থাকার উপদেশ না দিয়ে মেয়েদেরও সেই খারাপ কাজ করার পরামর্শ দিচ্ছো বিষয়টা কোনদিক থেকে নারী স্বাধীনতা আর সমধিকার হলো বুঝলাম না মদ খাওয়া রাত করে বাড়ি ফেরা রুম ডেট করা এসব একটা ভদ্র ফ্যামিলির ছেলেদের জন্যও নিষিদ্ধ,NoAG,0
এক শব্দ  আমি আমার থাই খাদ্য জানেন এবং এই স্থানের  তারা চমৎকার সেবার জন্য একটি অতিরিক্ত তারকা প্রায় দুপুর আমি এখানে নিলাম আমার মা চাচা এবং চাচীর সাথে এসে আমার প্রথম সময় হচ্ছে আমি আমার স্বাভাবিক প্যাড দেখুন ইডব্ল্যু অর্ডার নির্বাচিত আমরা নারকেল ভাজা চিংড়ি আম পেঁপে সালাদ টম ইস স্যুপ এবং ভাজা চাল আদেশ দেন সত্যি আমাদের অর্ডার সম্পর্কে ভাল জিনিস নারকেল ভাজা চিংড়ি ছিল এটা গরম একটি  এবং সুস্বাদু এসেছেন আর সবকিছু সাহায্যের প্রয়োজন ছিলভাজা চাল খুব অপ্রতিরোধ্য ছিল এটা খুব বেশী মাছ সস মত লীঢ় ও খুব নোনতা ছিল টম ইস স্যুপ একটু ছিল স্নিগ্ধ এবং আমরা তা মাছ সস যোগ করার জন্য ছিল এবং প্যাড দেখতে ইডব্ল্যু খুব উপায় ছিল একটি হালকা  মাঝারি হওয়ার জন্য অভিশাপ মসলাযুক্ত এটা এই অপ্রীতিকর মরিচ গন্ধ যে আমি স্পষ্টভাবে হবে আমার প্যাড ইডব্ল্যু হিসেবে দেখতে ব্যবহার করা হয় নি পরিপূর্ণ আমার মাসিমা আর মেসো কি মনে করে যে জায়গা একটি নতুন মাথা শেফ বা কিছু ভাড়াটে কারণ যেহেতু তারা নিয়মিত খাদ্য এই সময় প্রায় স্পষ্টভাবে না বিল মূল্য ছিল আমরা খাদ্য অস্পৃষ্ট যাতে আমরা আমাদের পছন্দ অনুসারে বাড়ীতে নিজেদেরকে এটা বদলাতে পারেন  থেকেযাচ্ছে শেষ পর্যন্ত তারা  সব সব সেখানে ভাল খাদ্য সঙ্গে শহরে প্রায় অন্যান্য স্থানে আছে বন্ধুত্বপূর্ণ কর্মী জন্য ,NoAG,0
ভাই এক কথায় যথেষ্ট সৃজনশীল,NoAG,0
তুই বাইঞ্চুদকে দোচা দিতে হবে,AG,1
রাতে শুয়ে শুয়ে গভীর মনোযোগ দিয়ে বই পড়ছিলাম কিন্তু মনোযোগ বেশিক্ষণ ধরে রাখতে পারলাম না মিথুনের ফোনের যন্ত্রণায় বিরক্ত হয়ে কল রিসিভ করলাম,NoAG,0
আওয়ামিলীগ এতো বড বড উন্নয়ন করতেছে করতেগিয় না হয় র্দূনিতি ও করতেছে কিনতু বিএনপি কি করলো উন্নয়ন ছারাই টাকা পকেটে রাখছে আপনারাতো নুরকে সাপট করেন উনি বলতে সুনছি এককুটি টাকার কাজে বিশলাখটাকা বাচানোর চেষটা আমার থাকতোবিএনপির নিতাইকে আওয়ামিলীগের এমপি বললো আমরা এইকরছি সেইকরছি ইত‍্যাদি বললো আপনারা আমাদের হাতির ঝিলের মতো একটা উন্নয়ন দেখান উনি কি করিনি সেটা বলেন ওরা এমন একটা দল সব আওয়ামিলীগকে দিবে উনাদের নেত্রী ও এরকম,AG,1
ছাত্রলীগ পুরাটাই নষ্ট  একটাও মানুষ ভালো না  পুরো দেশের ছাত্র সমাজটাকে নষ্ট করে দিচ্ছে,AG,1
ওর মতন মাদারচোদ আর কেউ নাই,AG,1
ছিছিছি ধিক্কার ধিক্কার ধিক্কার জানাই অবৈধ সরকার কে ছিছিছি হাসিনা ছি হাসিনা ছি,AG,1
সাধেই কি আর লোকজন বলে ছাত্র ইউনিয়ন একে অপরের গাজাতো ভাই এখন সময় আসার পর ওকে আর চিনেই না কেউ,AG,1
তোদের নবী ছিল একটা পাকা জঙ্গী  শুধু তাই নয়  সে ছিল একজন ধর্ষক খুনি ও ডাকাত ,AG,1
শাট ডাউন করার জন্য ভয়ঙ্কর ভয়ঙ্কর ব্যবস্থাপনা,NoAG,0
﻿তাদের সার্ভিস খুব খারাপ,NoAG,0
পাবলিক ভার্সিটির টিচারের মত নোবেল প্রফেশন রেখে উনি ক্ষমতার মোহে হারিয়ে গেছেন সেই সাথে তার বিবেকবুদ্ধি ও মনুষ্যত্ব ক্ষমতার সাথে সাথে হারিয়ে গেছে,NoAG,0
ইংলিশে অর্নাস মাষ্টার্স করা লোকের আবার চাকরির অভাব হয়হয়তবা বেশি বেতনের চাকরি পায় না হয়ত বা সরকারি চাকরি পায় নাটিওশনির ও অভাব হয় না বুঝলেন ভাইশালার জতসব ফালতু কাহিনিযা তা একটা কাহিনি হলেই হলো না,NoAG,0
হিন্দুরা গরুর গোস্ত খাবার কারণে মানুষ হত্যা করেছে আদর করে মা ডেকে মায়ের গু গায়ে মাখে আর মুত পান করে,AG,1
কুত্তালীগ আর বাংলার মানুষ আর চাই না,AG,1
নামাজ পড়া বন্ধ করে দে,AG,1
হাসিনা অধিনে কোনো সুষ্ট নির্বাচন আশাকরা জায়না,AG,1
পৃথিবীর বোকে একমাত্র মূর্খ জাতিহিন্দুযাকে মা ডাকে তাকে বলি করেমায়ের চামরায় আবার জুতা ও পরে,AG,1
কিচেন এক কথায়যেমন কলা টুকরা এবং ক্ষুদ্রকায় সুশীলা পরীবিশেষ  সেইসাথে আপনার নিজের সৃষ্টির গড়ে তুলতে হিসাবে পছন্দসই সমেত আইসক্রীম খাবারের একটি নম্বর আপ গোলাপী তোলে যা এই  এর প্রাসাদ ধ্বংস হয়েছে আইসক্রীম নিজেই  ছিল আমি একটি সাদাসিধা রেসিপি আশা করা হয় কিন্তু একটু অবাক যখন আমি সামনে ভোজনশালা মধ্যে আনা হচ্ছে  এর টাবের দেখেছি ছিলওল্ড টাউন স্কটসডেল এটা এর অবস্থান দেওয়া ছোটখাট  প্রচুর পরিমাণে একটি প্রবীণ ডাম্পিং স্থল চিনি বোল ঠিক কি আমি সাজসজ্জা এবং বায়ুমণ্ডল কিচেন কিচেন এবং আরো কিচেন পরিপ্রেক্ষিতে প্রত্যাশিত ছিলযখন আপনি এটি প্রয়োজন   কোথায়,NoAG,0
সব কয়টায় জামাত শিবির জরিত ,AG,1
ওর বাপেরে কানে ধরাইছে আহা এমন কন্যারে কোন বাপে শিক্ষিত করছে ধিক্কার জানাই,NoAG,0
মানুষের মনে শান্তি নেই পারিবারিক কলহ স্বামী স্ত্রী ঝগড়া এগুলা যে কোন পর্যায়ে গিয়ে দাঁড়াবে একমাত্র আল্লাহপাক জানেন,NoAG,0
আইয়ূব এর সাথে জিয়া তুলনা বেশ বেশ  সৈরাচার সৈরাচার ভাই ভাই,AG,1
খাদ্য মানের খুব ভয়ঙ্কর খারাপ গন্ধ তাদের কাবাব থেকে আসে,NoAG,0
মোহাম্মদ যে একটা গুন্ডা মাফিয়া ছিল তার প্রমান বদরের যুদ্ধের পটভূমি,AG,1
কিছু কিছু হিন্দু পাতি নেতাদেরও থামতে বলুনসুখে থাকলে যাদের ভূতে কিলায়,NoAG,0
তোমরা যে মুর্খ অসভ্য তা তো দুনিয়া জানে তাই সারা বিশ্বে বাশ চলছে  বাশ 😃 অবশ্য আল্লাহ মনে হয় তোমাদের লজ্জার গোড়ায় মোহর মেরে দিয়েছিলো তাই বিনা যুক্তিতে ঘেউ ঘেউ করতে থাকো আর আরো বেশী হাসির খোরাক হচ্ছো 😄,AG,1
গোপালগঞ্জের শেখ ফজিলাতুন্নেছা মুজিব চক্ষু হাসপাতালের মাধ্যমে এই জেলাসহ আশপাশের ৮টি জেলার ২০টি উপজেলার মানুষের চোখের চিকিৎসা দেওয়া হচ্ছে তথ্যপ্রযুক্তির সহায়তায়,NoAG,0
আমি চারমাস কোমায় ছিলাম তাহলে আমি যে আরেকজনের চরিত্রে বেঁচে আসলাম সেটা কি ছিল স্বপ্ন নাকি সত্যি,NoAG,0
এগুলো সব মাফিয়া দের মাতা রানী হাছিনার কাজ,AG,1
একজন খুনির হাতে কেন হাতকড়া নেই বাঙালি বুঝতে বাকি নেই তার ক্ষমতা কত,AG,1
রিয়াদের আউট দেখে খুব খারাপ লাগলোএকজন সিনিয়র প্লেয়ার হ্যাট্রিক বলটা এতো বাজে ভাবে শট খেলে,NoAG,0
যারা তোমাকে পূজার উপহার দেয় না তাদের প্রত্যেককে হত্যা করো যাদেরকে বোঝানো কঠিন যারা তোমাকে তৃপ্ত করে না ওদের সম্পদ আমাদেরকে দাওকি এক আজিব ধর্ম,AG,1
সাধুবাদ যে কোন এমন আয়োজনই প্রশংসার দাবীদার,NoAG,0
এই লাল সবুজের পতাকা কেবল একটি কাপড়ের খণ্ড নয় স্বাধীনতা লাখো শহীদের প্রাণের বিনিময়ে অর্জিত মানচিত্র,NoAG,0
বুঝলেন ভাই যে মেয়েকেই নক দিচ্ছি সেই মেয়েই রিপ্লাই দিচ্ছে৷ কিন্তু আমি জানি করোনা চলে গেলে ওরা ও চলে যাবে আমাকে ফেলে ,NoAG,0
 অবাক হওয়ার মতো ব্যাপারদিনটা ২৫ তারিখ ক্রিসমাস,NoAG,0
বাসা থেকে বের হওয়ার সময় বাবা ছেলেকে ডেকে নিয়ে বললেন আজ আমি খুব খুশি৷ তুমি একজন বিসিএস ক্যাডার হিসাবে গড়ে উঠতে পেরেছো তোমার জন্য আমার পক্ষ থেকে শুভকামনা,NoAG,0
তোর চক্রবর্তীর গুষ্টি মারি শালা কুত্তা চুদের পুত,AG,1
আওয়ামী লীগবাংলাদেশের জনগণের  সব কেরে নিয়েছে,AG,1
মৃত সব অরণ্যেরা আমার এ জীবনের মৃত অরণ্যেরা বুঝি বলে কেন যাও পৃথিবীর রৌদ্র কোলাহলেনিখিল বিষের ভোক্তা নীলকণ্ঠ আকাশের নিচেকেন চ’লে যেতে চাও মিছে কোথাও পাবে না কিছু মৃত্যুই অনন্ত শান্তি হয়েঅন্তহীন অন্ধকারে আছেলীন সব অরণ্যের কাছে,NoAG,0
আওয়ামী লীগের যেই ক্ষমতায় থাকে তারা সবাই দুর্নীতিবাজ গরীবের টাকা মেরে খেয়ে অল্পদিনেই কোটিপতি হয়ে যায়,AG,1
নির্বাচন কমিশন নুরুল হুদার গলার নিচে দেখা যায় অনেক চর্বি জমা হয়ে গেছে সেগুলো কমানোর জন্য ডাক্তার নিয়ে আসতেছি খুব শিগগিরই,AG,1
ওই মাইয়া তো এক নাম্বরের বেশশা মাগি,AG,1
চুদির  বেটারা তোরা  বড় খানকির  ছেলে 	,AG,1
হ্যাঁ অবশ্যইবর্তমান সরকারের সকল নেতারা কোননা কোনো ভাবে ধর্ষণের অপরাধ এর সাথে সম্পৃক্ত,AG,1
শেখ হাসিনা নাম ধারি মহিলা এখন কোথায় কেন এখন চুপ  স্বামীর  সাথেও নিরাপদ না তার সহর্ধমিনি এঐ দেশে বসবাস যোগ‍্য রাখে নাই এই মহিলা ছি ছি থুথু চিটাই ঐ নিকৃষ্ট সরকার নামধারি জানোয়ারদের মুখে যাদের ছএ ছায়ায় মদদ পুষ্ট কুলান্গার ছাএলীক্ ,AG,1
আমার অবস্থা খারাপের দিকে যাচ্ছে চোখ বন্ধ করতেই কেমন যেন ভিন্ন জগৎ চোখে ভেসে উঠে ভয়ে চোখটাও আর বন্ধ করতে চাইতাম না,NoAG,0
ফুল গুলি সব ঝরে গেছেবাগান আজ শুন্য তোমার কথা মনে হলে লাগে যে বিষন্ন হঠাৎ করে হারিয়ে গেলে অজনা এক দেশে কেমন করে চলে গেলে হাওয়ার সাথে মিশে,NoAG,0
এতকিছু হয়েগেলো অতছ আমরা কিছুই জানিনা হ্যালো ফায়ারসার্ভিস এখানে বিনোদনের সংঘর্ষে আগুন লেগেগেছে প্লিজ সেইভ মি,NoAG,0
শালা মাতারচুদ খানকির পোলা ফলো করার মানুষ পাইলিনা,AG,1
ভাই  মোশন  সিকনেস  যাদের  আসে  তারাই  বুঝবে  এর  কষ্ট,NoAG,0
ভাই কোন বইতে লেখা আছে পৃথিবী উট পাখির ডিম্বাকৃতি আপনারা কোরান পড়েন না চটি বই পড়েন নাকি মহানবী জাকির নায়েকের সা কথা শুনে শুধু লাফান,AG,1
বালের শান্তির ধর্ম যে ধর্মে নিজের মেয়ে কেও ছাড়েনা,AG,1
মাদার চোদ কামডা হইলে তোর আয় তুই পাডারপো পাডা কারে জিগাইয়া আকামডা করলি মোরা হগ্গলে আছি কোটা লইয়্যা আর তুই মাদার ঠেক আছস মাইয়াকে বুকে ঘসা দিয়া ছবি পোন্দাইয়া হালা হোগামারা ধনের বাল,AG,1
সরকার মিথ্যা বলে তার মনএী রা ওমিথ্যাবাদী কেন এত লুকোতুরি জনগনের কাছে জানতে চাই ওবায়দুল কাদের আসল মিথ্যাবাদী তাকে কেউ বিশাস করেনা,AG,1
আপনার থেকে লেইম পোস্ট আশা করি নাই যদিও আমি বায়ার্ন ফ্যান রিয়াল বার্সা নিয়া আমার ওরকম হেডেক নাই,NoAG,0
সৎ ঈমানদার মসজিদের ইমাম যদি আওয়ামীলীগ করে তাহলে তার কোন মান সম্মান থাকে না,AG,1
জনাবভূলেও এটা করবেন না তাহলে মুক্তিযুদ্ধের অস্বীকৃতি ও অবমাননা করা হবে,NoAG,0
কুকুরের বাচচা অপেক্ষা কর তোর মার ভিতরে তোকে ডুকানো হবে খানকির পোলা,AG,1
সে  যদি  আমার   সামনে  থাকতো  টা  হলে  ওর  মুখ  এ আমি  জুতো  মারতাম 	,AG,1
সেই ‘কিছু করার’ তাড়না থেকেই কলম হাতে তুলে নিয়েছেন বাংলা রকের আরেক কিংবদন্তি মাকসুদুল হক মাকসুদের লেখা হিস্ট্রি অব বাংলাদেশ রক দ্য লিগেসি অব আজম খান,NoAG,0
তোর চেয়ে তোর মা বড় মাগি তোর মা এর মুখ টা দেখা,AG,1
ভাই ধর্ষণ এটা নতুন কিছু নয় ২০১০ সাল থেকে ধর্ষণের কর্মকাণ্ড শুরু হয় এখনো চলতেছে ভবিষ্যতেও চলবে যদি এই ভোট চোর সরকার ক্ষমতায় থাকে আওয়ামী লীগের নেতাকর্মীদের তো লজ্জা নাই,AG,1
ছোটবেলায় আমি কপিল শর্মার কমেডি শো দেখতাম এখন হুজুরদের ওয়াজ শুনি এভাবে আমাদের হাসানোর দায়িত্ব নেওয়ায় হুজুরদের ধন্যবাদ,NoAG,0
কি পনির সাথে এটি এমনকি  নয় এটা তোলে তরল পনির খাবার এবং এটি কোথাও আমার বার্গার উপর ছাড়া অন্য জন্যেযদি   এটি একটি মহান চুক্তি   বার্গার এবং ফ্রাই একটি মহান চুক্তি যদি হয় এই হ্যামবার্গার পুলি শুধু তরল পনির খাদ্য ম্যাকডোনাল্ডস   এই ডাম্প চেয়ে সুস্বাদু যে একটি বার্গার এবং ফ্রাই করতে হবে,NoAG,0
মুসলিমদের মাথা আর গরুর মাথার মধ্যে খুব একটা পার্থক্য নেই,AG,1
মহিলারা রাস্তায় নামলে আল্লাহর গজব পড়বে ওদের উপর এটাই স্বভাবিক,AG,1
একে বাঁড়া পাশে পেলে এর মুখে বাঁড়া দিয়ে ব্রাশ করাতাম চুদির মাগি ,AG,1
আমি একদিন নিখোঁজ হবো উধাও হবো রাত প্রহরে সড়ক বাতির আবছা আলোয় খুঁজবে না কেও শহরে,NoAG,0
এই কাউয়্যালীগ অপশক্তির নিপাত না দেওয়া পর্যন্ত বাংলাদেশের মানুষ শান্তিতে কখনো ঘুমাতে পারবে না,AG,1
খানকি মাগী আরিফা তুই তর ভাতারের নাম ধইরা  ডাকোস,AG,1
যদি তারা প্রকৃতার্থে ভগবান হয়েথাকেন অশ্লীল ভঙ্গিমায় উলঙ্গ নারী মুখে ও দাতেঁ রক্ত ও হাতে রক্তাক্ত তলোয়ার কি করে সৃষ্টিকর্তা হতে পারে,AG,1
আমি কথনও পরাজিত হয় নি কারো কাছে  আজ আমি পরাজিত হলাম তোমার কাছে সত্যি সত্যি ভালবেসে ,NoAG,0
আজ থেকে আপনি বোরকা পরে বাইরে বের হবেন কথা দিবেন তাহলে আপনার এই লেখাটা অনেক বার শেয়ার করবো,NoAG,0
আমাদের জন্য কি কোন ডিসিশন নেওয়া হবে না বালের প্রশাসন,AG,1
ভেবে দেখুন আর্জেন্টিনা দ্বিতীয় রাউন্ডে উঠবে না বলে যেই ভারতীয় বেক্তিটি গত ম্যাচের পর আত্নহত্যা করেছেন  তিনি কত্ত বড় বোকাচৌ বেঘোরে পিতৃপ্রদত্ত প্রাণটি হারালেন অকারণে আত্নহত্যার পরিবর্তে লাইক দিয়ে লাইফে য়েক্টিব থাকুন সুযুগ আসবেই,NoAG,0
খান্কি মাগী বাংলাদেশের মাইয়া ভাবতেই অবাক লাগতেছেছি ছি ছিওর ভিডিও এতটা নোংরা বলার ভাষা নাই,AG,1
আকবর আলীর ভবিষ্যতে কি লেখা আছে জানিনা তবে তার যেই ধৈর্য্য এমন ধৈর্য্য আমাদের সিনিয়র একটা প্লেয়ারের ও নাই টু বি অনেস্ট,NoAG,0
বাংলাদেশের পুরুষ টিম মাঠে নৃত্য প্রদর্শণ করেই ক্ষান্ত এবার মহিলারা খেলবে আর পুরুষ টিম চিয়ার লিডার হয়ে বাউন্ডারি লাইনে  নাগিন নাগিন করবে,NoAG,0
তোর বাপতো বিনা ভোটে নির্বাচিত জারজ এমপি বেস্যা মাগির পুত আগে বল তোর হারামখোর বাপ মা এত টাকা কোথাক পাইসে নটি মাগির পু,AG,1
আওয়ামে লীগ মানে একটা ভাইরাস,AG,1
লেওরা চুতমারানীর পোলা,AG,1
আমরা দিরিলিস দেখতে চাই প্লিজ দিরিলিসের সময় পরিবর্তন করুন অথবা যেদিন ৯ টায় খেলা নেই সে দিন গুলো দিরিলিস দেখান এইভাবে পুরো এক মাসের জন্য দিরিলিস বন্ধ না করার অনুরোধ থাকলো,NoAG,0
এ আইনটা আরো আগে হলে আমাদের কোকো ভাই অকালে মৃত্যুবরণ করতেন না সিঁথি আপু তোমার কপালে ঝাঁটার বাড়ি,NoAG,0
অনেকের ম্যানশন করতে গিয়েও ম্যানশন করবে নাকারন ম্যানশন করলে জীবন থাকবেনা,NoAG,0
বান ছোত খানকি মাগির পোলা,AG,1
মাঝি হঠাৎ বলে উঠে ডরের কী আছে মরা মানুষ কোনো ক্ষতি করবার পারে না এই ভাসতাছে হঠাৎ দেখবেন লাশটা হাওয়া হইয়া গেছে মরলে এই এক জ্বালা যখন তখন শরীর হাওয়ায় মিইসা যায় আর মানুষ ডরায়,NoAG,0
আয় তোর মায়ের কালা বালওয়ালা ভোদাটায় কুত্তাচোদন মাইরা আসি,AG,1
ভারতে থেকেও মনে হচ্ছে যেন সেই সময়টাতে চলে গেছি চোখ এ জল এমনিই এসে যায় মা এর কষ্টে  বাংলাদেশের সাথে টান টা বরাবর ই জড়িয়ে আছে আমার ছেলেবেলার সাথে ,NoAG,0
খাংকির পোলা তোর মারে কি সবাই ভালো রাখবে  তুই একজনের মারে করতে চাইছোস ১০ জনে তোর মারে করতে চাইতেছে  তা নিজে নিজে তোর মারে পতিতা বানাইলি এটা একটু তোর মারে দেখা,NoAG,0
আল্লাহ ম্যাজিক এর মতো কাজ করে নাআল্লাহ ভুয়া ৷ ,AG,1
সবাই এখন মন্ত্রী হওয়ার চিন্তাই বিভোর খেলার মতো ছোটখাটো বিষয় নিয়ে চিন্তা করার সময় কই বিশ্বসেরা অলরাউন্ডরের আগামী নির্বাচন পতাকাবাহী গাড়ী এসব স্বপ্নে রাতে ঘুমোতে পারেন না,NoAG,0
অনুভূতির কথা গুলো শুনে গায়ে কাঁটা দিয়ে উঠেছে মনে হচ্ছিল আমি ফিল করছিলাম,NoAG,0
লুইচ্চা নবীর হিজড়া উম্মত শুয়োরের জাত,AG,1
যদি আপনাকে রিকোয়েস্ট করত লিফট দেয়ার জন্য আপনি কি রেপ করতেন আপনার হাবভাব দেখে তো তাইই মনে হয়,NoAG,0
হেডার পুত হেডা খোদায় তর মাথায় ফালায় না কেন ঠেডা,AG,1
বিতৃষ্ণা  আমি একটি বকবক হাউসের হয়েছে না কিন্তু আমার দক্ষিণ বন্ধুরা যারা তাদের অনেক বাড়িতে ফিরে ঘন ঘন আমার দৃঢ় বিশ্বাস একটি নিশুতি হামাগুড়ি জন্য এটি ব্যবহার করে দেখতে খাদ্য মাত্র সাব সমাবস্থা রয়েছে এবং আপনার পেটে হার্ড অস্ত যায় সকল আমি আদেশ কেইকবিশেষ ছিল এবং আমি মুগ্ধ হয় নি আমি কি কৃতজ্ঞ যে তারা কি দেরী করে ওপেন হয় তাই আমি অভ্যস্ত  সঙ্গে শিশুর নিক্ষেপ কোকো ছিল শান্ত এবং সার্ভার চতুর মিষ্টি ও মনোযোগী ছিলেন আমার সৌভাগ্য আমার স্বাদ কুঁড়ি ইতিমধ্যে ভালো ডিমের সঙ্গে নষ্ট করছে আমি খুবই দুঃখিত আমি তোমাকে প্রতারিত নই,NoAG,0
ভালো কাজ করেছেতোরা সবসময় উস্কানিমূলক পোষ্ট দিসহিন্দু মুসলমানদের মাঝে দাঙ্গা বাঁধাতে চাসতাই একেবারে বন্ধ করে দিলে সেটা হবে উত্তম সিদ্ধান্ত,NoAG,0
তারপর তরে সাবমেরিন দিয়া ধর্ষন করাইয়া রক্ত শুন্য কইরা ফালামু,AG,1
পোস্ট টা ঠিক আছে কিন্তু গ্রায়েম স্মিথের ডান হাত নয় বরং তামিমের মতোই বাম হাতে ফ্রেকচার হয়েছিলো ইউটিউবে ভালো করে দেখে নিবেন,NoAG,0
আমি কি বড় চুক্তি এই স্থান সম্পর্কে জানি না কিন্তু আমি ফিরে  করা হবে না,NoAG,0
ভাঁওতাবাজ মাস্টার চাচা  মানুষের পকেটের টাকা হাতিয়ে নেওয়ার অন্যতম সুকৌশল  অনেক অনেক দাম ও দেশী মুরগি বলে সৌনালী মুরগি খাওয়ায় সকলকে বিরত থাকার আহবান,NoAG,0
বান্দবির বাসায় বয়স্ক মহিলা বাবুর্চি কে দেখে সালাম দিয়েছিলামপরে দেখা গেসে ইফতার থেকে ডিনার পর্যন্ত উনি পুরা সময় আমাকেই আপ্যায়ন করসে বেশি,NoAG,0
আরে ভাই মিস ওয়ার্ল্ডে জাইতে হইলে ভালো আইডিয়া ট্যালেন্ট লাগে না সুন্দর চেহারাই যথষ্ট মিস ওয়ার্ল্ড বলতে এখনকার মানুষ এইটাই বুঝে তাই ই তো শো এর এই অবস্থা,NoAG,0
অনেক সুন্দর 🌸,NoAG,0
স্যার আমি জঙ্গলে গিয়েছিলাম একজনের চিকিৎসা করতে যাকে চিতাবাঘ খুব মারাত্মকভাবে আঁচড় দিয়েছে আসলে ওরা আমাকে ভয় দেখিয়ে বললো এসব কাউকে না বলতে,NoAG,0
মাগির হুত সব সালারা জারজ,AG,1
মালুগো চুদা মুদির জারজ সন্তান তোর দিদিরে কিন্তু চুইদ্দা মাইরা পালামু খানকির পোলা,AG,1
যারা দেবদেবী বানিয়ে নিজেরাই মূর্তি পূজা করে গরুর মূত্র কে পবিত্র মনে করে জোর করে জয় শ্রী রাম বলায় মসজিদ ভেঙ্গে মন্দির করতে চায় তাদের পক্ষে এ ধরনের নোংরা কাজ করা সম্ভব,AG,1
স্বাধীন বাংলার প্রথম ধর্ষক মুজিবের ছেলে কামাল এখন যারা ধর্ষণ করছে এরা সবাই মুজিবের স্বপ্ন বাস্তবায়ন করছে এদের বিচার হবেনা,AG,1
রাজশাহীতে আরো সুন্দর করে কাঠবিড়ালি আম খাইদেখতে হলে রাজশাহীর চারঘাটবাঘা চলে আসেন,NoAG,0
কোরানই হচ্ছে পৃথিবীর সন্ত্রাসী তৈরীর মূল পুস্তক,AG,1
দাবানলের ধোঁয়াতেই দক্ষিণ আমেরিকার আকাশের রং পরিবর্তন হয়েছে নিউজিল্যান্ডে নাটকীয়ভাবে দাবানলের প্রভাব পড়ে দেশটিতে বায়ুর মানের অবনতি হয় দেশটির পর্বতশৃঙ্গগুলোর বরফ ভিন্ন রং ধারণ করেছে,NoAG,0
শালা জারজ সন্তান খানকির পোলা তর জন্মের ঠিক আছে নি,AG,1
মনে হয় হেতের বাপে হেতের মায়ের পর্দা ফাটানি না লাগানি আগে দেইখা নিয়াই বিয়াত বইছিলো,AG,1
ইসলাম হচ্ছে আজগুবি চিন্তা ভাবনা একটা আবোল তাবল ধর্ম,AG,1
হ্লার কানবাদুর  শুক্রবার ডারে মাটি কইরা দিলি রে চুতমারানি,AG,1
আস্তে আস্তে উফফ মায়ের মতো বকতেছো দেখি তোমার মেয়েটা তোমার মতোই আইলসা হইছে,NoAG,0
সেই সাথে চলে গেচে বলদ এডমিন,NoAG,0
﻿ আইটেমটি সন্ত্রস্ত ছিল কিন্তু   আইটেম ভাল ছিল না,NoAG,0
এই  মাগিকে  পেলে  জুতো  দিয়ে  মুখ  ফাটাবো  দেখলে  মাথা  গরম  হয়  ভিখারি  মাগি 	,AG,1
সামনে নিবার্চন আসছে এখন এমপি মন্ত্রীদের কতো নাটক দেখবো,NoAG,0
এই সিরিজ থেকে বানানো সিনেমাগুলো প্রতিটিই বিস্ময়কর ও ব্লকবাস্টার হিট,NoAG,0
পা বেঁধে এক তরুণকে ঝুলিয়ে পেটানো হচ্ছে এতে ওই তরুণ চিৎকার করছে নির্যাতনের এমন একটি ভিডিও গত দুই দিন ধরে সামাজিক যোগাযোগ মাধ্যম ফেসবুকে ঘুরছে,NoAG,0
ছাএলীগ মুসলিম হতে পারেনা,AG,1
শেখ হাসিনা একটা পতিতা একটা বেশ্যা একটা মাগি একটা পুরুষ বাজ,AG,1
এখানে কাওকে কবর দিয়ো না তাহলে তোমাদের পরিবারের আর কেউ বেঁচে থাকবে না ও তোমাদের কাউকে বাঁচতে দিবে না  চলে যাও এখান থেকে নিজে থেকে অভিশাপকে আহ্বান করো না,NoAG,0
কমেন্ট   গুলো   পড়ছিলাম  অনেকে  স্কোপ  পেতেই  ভাষা  ব্যবহার  করে  নিজের  জাত  ছিনিয়েছে  ঘেন্না  লাগছিলো  কেন  না  দ্বিচারিতা  করা  পুরুষ  এর  জন্য  কোনো  শব্দ  নেই  বাংলা  ভাষাতে ,NoAG,0
একজন শিক্ষক কখনো একজন ছাত্রের রাজনৈতিক বিষয়ে কথা বলার অধিকার রাখে না,NoAG,0
উনি আম্মুকে নিয়ে যেতে পারবে না কেন আর এই সিম্পল জিনিসটা বলারই বা কি আছে উনিতো কোনো পুরুষও নিয়ে যান নি নিয়ে গেছেন উনার মা কে,NoAG,0
শালা শুয়রতোকে জানোয়ারের মত মারবো শালা,AG,1
জীবনে বেঁচে থাকাটায় এই দেশে সব চেয়ে বড় পাওয়া আর এর জন্য দায়ী কিছু মুখোশধারিদূর্নীতিবাজ স্বার্থান্বেষী মানুষের মত হুবহু দেখতে,NoAG,0
আমার ছোট ভাইটির কথা মনে পড়ে গেলো,NoAG,0
আওয়ামী লীগের সাধারণ সম্পাদক এবং সড়ক পরিবহন ও সেতুমন্ত্রী ওবায়দুল কাদের বলেছেন সিটি নির্বাচনে নিশ্চিত পরাজয় জেনে গেছে বিএনপি তাই তারা নির্বাচনকে প্রশ্নবিদ্ধ করার চেষ্টা করছে,NoAG,0
স্যার দোয়া করি আপনার এই রকম বক্তব্য আরো অনেক বছর শুনতে পারি,NoAG,0
উপত্যকায় সর্বোচ্চ গ্যাস দাম,NoAG,0
হে হৃদয়নিস্তব্ধতাচারিদিকে মৃত সব অরণ্যেরা বুঝিমাথার ওপরে চাঁদচলছে কেবলি মেঘ কেটে পথ খুঁজে—,NoAG,0
ফাহমির মনে হয় চুল কাঁটার টাকা নাই আর থাকবেই কেমনে মিথিলা কে নিয়ে রুমে জাওয়া লাগে না ,NoAG,0
কনডমের এ্যড নয় শুধু সামনে অবৈধ দৈহিক মিলনও আপনাদের কাছে শিক্ষামূলক মনে হবেযারা অশ্লিলতাকে শিল্প মনে করে তারা এমন কুশিক্ষাকে শিক্ষা হিসাবে আখ্যায়িত করতে পারে,NoAG,0
টানা দুই দুইবার সেমিতে বিতর্কিত রেফারিং এর কারণে আমার ফেভারিট বায়ার্ন এর আসলেই ব্যাড লাক,NoAG,0
আমার জিবনে আমার একটা ভাই ছাড়া আর কিয়েও নাই,NoAG,0
প্রতিবছর যে ছেলেটা দুনিয়ার সব হাফেজদের টেক্কা দিয়ে এদেশের সন্মান ছিনিয়ে আনে তাকে কি কোনদিন এক টাকা অনুদান দিয়েছেনকেয়ামতের মাঠে এর দায়ভার কে নিবে,NoAG,0
আওমিলীগের লোকেরাই প্রধান রাজাকার তা প্রমান হোলো  কিন্তুু এরা সরকারে লোক এজোননো তাদের কোনো কিছুই হয় না ,AG,1
এই স্থানটি বন্ধ আছে গুড অস্বস্তিকর অবস্থা থেকে অব্যাহতি,NoAG,0
মুই এমন একটা পাবলিকযে কিনা আরিফ ভাইয়ের ফোন নাম্বার নেবার পরো আজ পর্যন্ত তার সাথে কথা বলেনি,NoAG,0
হিন্দু বৌদ্ধ শান্তিতে থাকবেই ওদের জন্য এই জীবনটাই সূখের কেন মুসলিম হিন্দু বৌদ্বদের থেকেতো খ্রিস্টান ধর্মের অনুসারী বেশি তহলে কি ই ধর্ম টাই ঠিক কোন দিনো না,AG,1
প্রতিটা হিন্দুকে চুদা সমাজের সবার দায়িত্ব তুই আর তর মাকে একসাথে মন্দিরে নিয়ে চুদা পুজা করতে হবে তুই আমার কাছে আয়৷ তর ভুদার পুজা আমি দিব,AG,1
আওয়ামীলীগ হচ্ছে সকল কিছু জন্য একটা অভিশপ্ত দল,AG,1
ঐক্যজোট বিএনপিকে নির্বাচনে এনেছে এটা আওয়ামিলীগের পূর্ব পরিকল্পনা একটা চক্র মাত্র ছিলো,AG,1
বাংলাদেশে একমাত্র সংগঠন যারা রাজাকার এবং পাকিস্তানের দোসর নিয়ে তৈরি সংগঠন তারা হলো বিএনপি,AG,1
কাবা শরীফের তোআফের মাঠে মানুষ নেইকলিজাটা কেঁপে উঠে ভাবলেই 😥😥😥ওমরাহ ও অফ রেখেছে সৌদি সরকার নিরাপত্তার সার্থেএক শহর থেকে অন্য শহরে ঢুকতে দিচ্ছে না কাউকে,NoAG,0
কিন্তু আপনি আপু কেমন মেয়ে যে প্রেমের  দিনের মাথায় চুদতে দেন আসলে আপনার মতো মেয়ের গুদে ধোন দিয়ে কিছু হয় না ,AG,1
তর বাপের বিচি বেইচা কটকটি খামু,AG,1
তোর চৌদ্দগোষ্ঠীর মায়েরে চুদিতোর ডান্ডির মায়েরে চুদি,AG,1
বালের বন্ধু আর বালের ভালোবাসা তোর সাদিয়া সত্যি একটা খানকি,AG,1
মালাউন কী বাচ্চা কাভি নেহি আচ্ছা জো ভি আচ্ছা ও শুয়োর কি বাচ্ছা মালাউন দের বেশি করে মারুন,AG,1
যারা দেশ পরিচালনা করছেন তারা সবায় মনে করেন গরিবের জন্য হলে মাদক ব্যাবসা হারাম আর আইনের পোশাক পরিহিত কুকুরের জন্য ভালো কাজ সেই সাথে রয়েছে কিছু ধনাঢ্য পরিবার যাদের জন্য কিনা মাদক ব্যাবসা কোন অপরাধই নয়,AG,1
ফেসবুক মেসেঞ্জার ইয়াহু মেসেঞ্জার ভাইবার সহ সকল চ্যাটিং এপস কোম্পানি জানিয়েছে যে তাঁদের চ্যাট এপসগুলোতে বাল নামক কোন অপশন নেই অতএব চ্যাট এর বাল কথাটি বলা অর্থহীন এমন অর্থহীন কথা অকারণে না বলতে এক যৌথ বিবৃতিতে কোমলমতিবেবহারকারীদের তাঁরা পরামর্শ দেন এই মেসেজটি সবার সঙ্গে শেয়ার করে নিউজফিড চ্যাটএরবাল মুক্ত রাখতে তাঁদের সহযোগীতা করুন,NoAG,0
এরশাদ কাকু কতটুকু পুরুষ ও পুরুষের ভুমিকা পালন করে তা দেশবাসী খুব ভালো করে জানেন,NoAG,0
ছাত্রলীগের চামড়া তুলে নেব আমরা,AG,1
কোরানের মত নিলর্জ‍্য ধর্মগ্ৰন্থ দুনিয়ায় দ্বিতীয়টি নেই,AG,1
মাদারচোদে কত বড়ো তেরি মাদারচোদ দেখছেন নি,AG,1
কিরে জানোয়ার কি কস তোর উপরে আল্লাহর গজব পড়বে দেখোস না ইসলামের বিরুদ্ধে কথা বললে কি হয় তুই কি ইহুদি খ্রিস্টান সম্প্রদায়ের অন্যতম প্রধান কবি দেখোস না যদি দুটো করে আল্লাহর গজব কিভাবে পড়ে ঈশ্রায়েল ইহুদীদের উপর কিভাবে অগ্নিগিরি ছড়িয়ে পড়ছে,AG,1
পুলিশ খানকির পোলাগো লজ্জা সরম নাই হাসিনার মুত খাওয়াইছে পুলিশ খানকির পোলাগো পুলিশদের বৌ বাচ্চা রা এই কাজ কম’ গুলা দেইখা লজ্জা পায় না কেনো তার মানে বুঝা যায় সব পুলিশের বৌ রা পতিতা লয় থেকে এসেছে আর বাচ্চা গুলা পিতৃ পরিচয় হিন,AG,1
কবি ইদানীং হালকা পোস্ট দিয়ে হালকা হওয়ার চেষ্টা করছে,NoAG,0
জম্বু কাশ্মীর থেকে মুসলমান হটালে চিরতরে শান্তি আসবে,AG,1
ইসলাম পৃথিবীর নিকৃষ্ট ধর্ম নবী ছিল ধর্ষক খুনি ডাকাত লুঠকারী লুচ্চা বর্বর,AG,1
তোদের বিয়ে হয়ে যায় ফেসবুকে এক্টিভ না থাকলে তো জানতেই পারতাম না  আত্কাসাডেনলিহঠাৎ যেমনেই বিয়ে হউক দাওয়াত যেন মিস না হয়রে,NoAG,0
আমাদের দেশে নারী জজ নারী ব্যারিস্টারের পাশাপাশি নারী প্রধানমন্ত্রী ও বিরোধী দলের প্রধান নারী হলেও নারীর সার্বিক মুক্তি এসেছে তা এখনও বলা যাবে না,NoAG,0
২০১৫১৬ সেশনের মেডিকেলের ভর্তি পরীক্ষায় জঘন্যতম প্রশ্নফাঁসের শিকার এই ব্যাচটাই যখন প্রথমবারের মতো ভর্তিযুদ্ধে অংশগ্রহণ করে,NoAG,0
আওয়ামী জাহেলিয়াত দের বিরুদ্ধে সবাইকে এক হতেই হবেএ ছাড়া বিকল্প অন্য কোনো রাস্তা আর খোলা নেই,AG,1
আমি তাই অনেক বন্ধু যে এই চেইন ভালবাসেন আছে কিন্তু আমি একজন ভক্ত নই আমি বিভিন্ন রাজ্য জুড়ে বিভিন্ন অবস্থানগুলি এ খেয়েছি কিন্তু সবসময় অসুস্থ হয়ে আমি মনে করি যে আমি একজন টক এলার্জি হতে হবে যে তারা সবকিছু প্রযোজ্য আমি স্টেক চাই সালাদ পাস্তা থেকে অসুস্থ অর্জিত করেছি বলা বাহুল্য একটি বন্ধু ডিনার এখানে খেতে চান তাহলে এটি চা বা পানি শুধুমাত্র আমার জন্য না,NoAG,0
জন্মদিনে ডিম কেন মারতে হবে কেন কেক মুখের উপর ঢেলে দিয়ে নষ্ট করতে হবে,NoAG,0
হিন্দুদের যোনী পূজা আর সৌদির কালো যোনী পাথর চুম্মা দেওয়া একই,AG,1
আশ্চর্যের ব্যাপার হলো যে মেয়েই তার সাথে প্রেমে জড়ায় সপ্তাহখানেক পরেই তার কোনো হদিস পাওয়া যায় না হঠাৎ করে সেই মেয়েগুলো কোথায় উধাও হয়ে যায় কে জানে,NoAG,0
খানকির পুলারে যদি আমি পাইতাম আমি বলছি সাদিয়া মাগি পারলে আমারে বাল ছিরে দেখা খানকির পুলা,AG,1
ইসলামের বিরুদ্বে কোন উল্টা পাল্টা কথা বললেসে যেই হোকনা কেন কোন সার দেওয়া হবে না,AG,1
আওয়ামীলীগ আগে করতাম এখন সুদু ঘৃণা করি,AG,1
এবার মেসিডোনিয়ানরাও একমত হলো যে আলেকজান্ডার এবার সীমা অতিক্রম করে ফেলেছেন তারা যে অকুতোভয় মেসিডোনিয়ান আলেকজান্ডারকে চিনতো সেই আলেকজান্ডার এখন রূপ নিয়েছে পার্সিয়ান হিসেবে,NoAG,0
জী এডিটিং পুরোটা আফটার ইফেক্টস দিয়ে করা,NoAG,0
একজন আওয়ামী লীগ প্রেমী হয়ে এগুলো মেনে নিতে পারছিনা,AG,1
সনাতন ধর্ম সম্পর্কে সম্পূর্ণ ধারণা না নিয়ে উল্টো পাল্টা তর্ক করতে আসিস না১৪০০ বছর আগে জন্ম যার,AG,1
আমার স্ত্রী এবং আমি কোণার কাছাকাছি বাস করেন কয়েক মাসের মধ্যে এখানে খাওয়া হয়েছে আমরা খুঁজে মঙ্গোলিয় গরুর মাংস কুং  চিকেন প্যাড থাই নুডলস নেওয়া জন্য খাদ্য পেয়েছিলাম মঙ্গোলিয় গরুর মাংস আরো সাদা পেঁয়াজ তারপর  ছিল এবং এটা খুব স্নিগ্ধ ছিল কুং  চিকেন সাদা মাংস চিকেন প্রচুর পুরো থালা শুধুমাত্র একটি চিনাবাদাম ছিল এবং এই থালা স্বাদ অস্তিত্বহীন ছিল খুব খুব বাজে  প্যাড থাই নুডলস থালা শুষ্ক ছিল এবং এক দৈত্য ঝাড় আকৃতির মধ্যে ধারক থেকে বেরিয়ে এলো এটা তোলে প্লেইন নুডলস মত আস্বাদন করল আমি আনন্দিত আমি ফ্রিজে চিনাবাদাম সস থাকত তাহলে যোগ ছিল তারপর এটি ভোজ্য ছিল  আমরা  এস জি ফিরে যাচ্ছে করা হইনি  খুব হতাশ  এটা এখন থেকে  রাস্তায় জেড প্রাসাদ হবে আউট এশিয়ান মতের জন্য  নিজের একটা উপকার অন্যত্র যান ,NoAG,0
বালের ব্যাকগ্রাউন্ড মিউজিক লাগাইসো,AG,1
করোনাভাইরাসের আতঙ্কে বিনোদন–দুনিয়া স্থবির হতে চলেছে বিনোদন–বিশ্বের পর করোনার নেতিবাচক প্রভাব পড়েছে দেশের চলচ্চিত্র অঙ্গনে বড় আঘাত এসেছে কনসার্টের ওপর,NoAG,0
এখন যে ফালতু ছবি করে এগুলো কি হলে যা দেখা যায়নি আগের মতন ছবি আর বাংলাদেশ হবে না এখন বেশিরভাগ ছবি খোলামেলা,NoAG,0
পুলিশ লীগ কে হটাওসরাসরি পিস্তল হাতে নিয়ে ঘুরে দুই চারটা গুম করে ফেল তাই আর এত সাহস পাবে না বাংলা দেশের বড় সন্তাস পুলিশ,AG,1
ভালোবাসা দিবসে ১৯০ কোটি টাকার ফুলের ব্যবসা হবে বলে আশা করছেন ব্যবসায়ীরাগত বছর ভালোবাসা দিবস ও পয়লা বসন্তে ২০০ কোটি টাকার ফুল বিক্রি হয়েছিল,NoAG,0
হিন্দু ধর্মের চুরি ডাকাতি ছিনতাই সব বৈদ্য,AG,1
চুদ মারানি চুদির ভাই অফ জা নাইলে বাস তোর পুটু দিয়া বাস ডুকামু,AG,1
তোমারি অপেক্ষায় থাকবো আমি কোন দূর অজানায় নিয়তির এই খেলাতে কেউতো কারো নয় বুঝি না আজ ভাবনা গুলো আজ কেন এলোমেলো হয়,NoAG,0
সিগারেট  না  খাইলে  নাকি  হাগু  হয়  না  এখন  আপনি  তার  হাগুর  দায়িত্ত্ব নিবেন তাদের  মোতে  এটা  নাকি  গ্যাস  এর  ট্যাবলেট  হিসেবে  কাজ  করে ,NoAG,0
হিন্দুদের মারবি বলছিস হিন্দুরা তোদের কি বাল ছিঁড়ে নিয়েছে,AG,1
ভাল শুভকামনা রইিল মেসিদের আর্জেন্টিনা থাকবে ইনশাআল্লাহ্,NoAG,0
ফ্যান এর একটি মহান ধারণা পেয়েছিলাম কিন্তু ডেলিভারি উপর একটু রুক্ষ,NoAG,0
খুব জানতে ইচ্ছে করে তুমি কি সেই আগের মতই আছ নাকি অনেকখানি বদলে গেছ খুব জানতে ইচ্ছে করে,NoAG,0
তোর মার চোদবো আমি খানকির ছাওয়াল যদি ইসলামের বাবা কোন কথা কস খানকির ছাওয়াল,AG,1
 খানকির পোলা তুমি মাগি,AG,1
অ প্রিয় মানুস এর সাথে থাকার চেয়ে বিছেএদ অনেক ভাল  সত্যি বলতে পারার সাহস মানুস কে অনেকটা পথ এগিয়ে নিয়ে যায়,NoAG,0
নইলে যেতে নাহি দেব  বলে সাইকেল ধরে দাঁড় করালাম উফ রোজ বিরক্ত করিস খিদে পেয়েছে বাড়ি যেতে দে বলে কপট বিরক্তি,NoAG,0
শেখ হাসিনা যদি একবার ধর্ষনের স্বীকার হতো তাহলে সব ধর্ষনের বিচার হতো,AG,1
আবে গুদমারানি তুই জা প্লাটফর্মে গিয়ে চোদা	,AG,1
মুহাম্মদ আল্লা কেওকে সন্মান দেবার টাইম নাইএত অনুভূতির দোহাই দিয়েই তো অপকর্ম করেন,AG,1
জয় সীতা মাগির জয়,AG,1
আমরা আছি চোর বাটপার চিটারদুর্নীতিবাজ জাতি নিয়ে আমাদের দ্বারা যা জীবনেও সম্ভব না,NoAG,0
তুই ত কুক্তা লীগ   খানকির পোলা এই কারনে তোর কাছে ভালো লাগে জারজ এর বাচ্চা,AG,1
কিরে মুছি মাগির পোলা চেয়ারে বসে আছিস কেন রুমটা ঝাড়ু দে তারা তারি,AG,1
পুলিশই কিছুদিন পর আওয়ামী লীগের পক্ষ ত্যাগ করবে অপেক্ষা করেন গাদ্দাফীর মতো অবস্থা যেন হাসিনার না হয় এই দুয়াই করি,AG,1
বারোভাতারী নারীকরোনার চেয়েও মহামারী,AG,1
প্রোফাইল চেক করে তবে গ্রুপে এড দিতে হবে আর যিনি গ্রুপে যোগ দিবেন তার প্রোফাইল সাময়িক সময়ের জন্য পাবলিক করতে হবে যেই আইডিগুলো পাবলিক না করেই জয়েন দিতে চাইবে সেগুলোর মাঝেই ভেজাল থাকবে কারন পাবলিক না করা থাকলে প্রোফাইল চেক করে বলা মুশকিল হবে যে কোনটা আসল আইডি আর কোনটা ফেইক আইডি আমাকে মোডারেটর করেন সনাতনী শক্তির মাঝে যেন ঘুনপোকা না ধরে তার জন্য এতটুকু সময় ব্যয় করতে আমি রাজি আছি,NoAG,0
প্রায় ৩ লক্ষ মানুষ আপনাকে ফলো করে গর্ব করেআর আমি আপনার লিস্টে কতটা গর্ব করা উচিৎ আমার ,NoAG,0
বোরখা পরে জিহাদ চোদাতে গেছিল ওরা ইহুদিখ্রিস্টানদের বিরুদ্ধে জিহাদ ,AG,1
সালা কুতা নাস্তিকের বাচ্চা প্রসাশন ছাড়া মাঠে নাম তোদেরকে কুঁতা পিটা করে দুনিয়া থেকে জানাযা ছাড়া বিদায় দিব,AG,1
কোরান যে মানুষের মস্তিষ্ক নষ্ট করে দেয় এই ভিডিও দেখলে তা বোঝা যায় সত্যের পথে আসুন সৃষ্টিকর্তার বিরুদ্ধে গিয়ে খাতনা করে নাস্তিক হবেন না,AG,1
বাংলাদেশের সরকার নিজেই চোর  তাদের লোকজন আর কত ভালো হইবো ,AG,1
আমি এই লেখার দুঃখ অনুভব করছি  কিন্তু ভিনসেন্ট বিষয়গুলিকে উন্নত করে তুলতে প্রয়োজন বা তার একটি স্থানের শুধুমাত্র একটি অতীত স্মৃতি হতে হবে আমি রাতের খাবার আমি সেখানে সম্প্রতি ছিল উপর ভিত্তি করে যে ঠিক আছিরেস্টুরেন্টে বস্তাবন্দী হয়  কিন্তু যারা  ছিল সঙ্গে  ইস আমি যদি ছিল কারণ আমার ডিনার  না হয়েছে খুব বেশী তারিখ খাদ্য আউট একটি দুর্বল ও দু খিত প্লেট জন্যআমরা  গ্রাস ছোট অংশ ছিল এবং তাই  তাই হয়  হাঁসের  তারা শালীন ছিল বুনো শুয়োর একটি ক্ষুদ্র কর্মরত ছিলেন  আমরা যে সঙ্গে সূক্ষ্ম ছিল কারণ এটি কঠিন এবং চর্বণ করা কঠিন ছিল এটা সংসর্গী ছিল গাজর বিনষ্ট এবং মিনিট সাদা ভাত সঙ্গে সবুজ মটরশুটি  একটি হাসপাতালে শৈলী উদ্ভিজ্জ সঙ্গে আমরা  একটি ভারী সাদা সস ফরাসি মধ্যে আবৃত করা হয় এবং  এবং সাদা চাল একই শাকসব্জী ছিল  গম্ভীরভাবে হাসপাতালে মত ছিল খাদ্য  অথবা একটি বড় ভোজ সেবা এটা ভোজ্য  কিন্তু মহান না ছিল  আমরা একে আমাদের জন্য ওয়াইন কোন ডেজার্ট এক গ্লাস ছিল  এটা সেখানে গরম ছিল এবং খিলান ও সাজসজ্জা আমাকে স্মরণ করিয়ে একটি   যদি এটি একটি বিনামূল্যে খাবার ছিল আমি এমনকি ফিরে যেতে পারবে না ,NoAG,0
যদি জানতাম তোমার কষ্টের কারন হব আমি  তোমার এক ফোঁটা অস্রুর কারন হব আমি  তবে সত্যি বলছি আমি কখনোই আসতাম না তোমার জীবনে  শুধু দুর থেকে ভালবেসে যেতাম তোমায়,NoAG,0
তার চেয়ে বরং তারাই সুখে থাকুক তাদের সুখের দিন এভাবেই চলতে থাকুক পৃথিবীর সকল খেটে খাওয়া ভালোবাসার কাঙালরা সুখে থাকুক আলহামদুলিল্লাহ,NoAG,0
তোমার যে গরুর গোস্ত খাওনা সেই গরুর চামড়া দিয়ে তৈরি করা জুতা কি ভাবে পায়ে দাও,AG,1
চমৎকার লেখনি মাও কে তারা এখনো মনে রেখেছেযে চীনকে গড়েছিল সে গড়া থেকে কখনো সোভিয়েত ইউনিয়ন কখনো আমেরিকার সাথে বিবাধে জড়িয়েছে কিন্তু কারো কাছে মাথা নতো করেনি,NoAG,0
এই পেজ এর এডমিন কে জানাই ধন্যবাদআপনার চেতনা প্রতিভা তুলে ধরার জন্যনা হয় জানতামই না আপনি কেমন,NoAG,0
সুহেল গুম হওয়ার ভয়ে মেসে থাকছে না বন্ধুবান্ধব পরিচিতজনদের বাসায় রাতে থাকছে ,NoAG,0
নেই একটি পাখা আমি জানি এই খাঁটি এশিয়ান খাদ্য কিন্তু থালা আমি আদেশ মনে করতে পারেন না এটা কি বলা হয় হতে অনুমিত হয় না অখাদ্য ছিল প্রবেশাধিকার আমি আদেশ বর্ণনার কোন ইঙ্গিত এটি গন্ধ মিষ্টি হবে দিলেন আমি প্রথম স্থানে মিষ্টি  একটি বিশাল ফ্যান নই কিন্তু এই থালা  মিষ্টি ছিল আমি এটা ফেরত পাঠাতে হতো কারণ আমি এই জায়গা  তারা দিতে কারণ চমৎকার আবহ এর সার্ভিস ভাল এবং তারা কিছু একটু বেশি রুচিকর জন্য আমার প্রবেশাধিকার আউট  র চমৎকার যথেষ্ট ছিল,NoAG,0
আওয়ামী লীগ মানে এক রাজাকারের সংগঠন যেখানে আছে প্রায়  নয় হাজার কুখ্যাত রাজাকার,AG,1
শিব লিঙ্গ এর পূজা করেছেন😂😂 লিঙ্গ ছাড়া তো কিছু চিনেন না😆😆,AG,1
আবার আসবে বৈশাখ মাস চৈত্রের অবসানে নববর্ষের নতুন হাওয়া উষ্ণতা দেবে প্রাণে মনের সকল গ্লানি ভুলে জীবন নতুন ভাবে গড়বে আবার নতুন স্বপ্ন নববর্ষের টানে অগ্রীম নববর্ষের শুভেচ্ছা,NoAG,0
এই রেস্টুরেন্ট সম্পর্কে অন্য সবকিছু পিট হয়দুর্ভাগ্যবশত খাদ্য অসামান্য,NoAG,0
বাংলার জমিনে পুজা বন্দ হবে মসজিদের মাইক নয়,AG,1
দায়িত্বে অবহেলা ডাক্তারদের শাস্তি মূলক ব্যবস্থা গ্রহণ করুন এরকম ছোট মন নিয়ে ডাক্তারি পেশায় আসা উচিত হয়নি,NoAG,0
ভাইয়া ভেজ হয়ে যান বিশ বছর পরও তাহলে কেউ আঙ্কেল বলবে না ,NoAG,0
এইবার যদি বিএনপি ক্ষমতায় আসে তবে কাজ করতে পারবেন নয়তো হাইকোর্টে আর জেলে আসা যাওয়া করতেই ৫ বছর কেটে যাবে  এই সরকার কাজ করতে দিবে না,NoAG,0
 চাচায় মনেহয় রাতে গার্লফ্রেন্ডদের লগে চ্যাটিং করেএতেই এই স্বীদ্ধান্ত,NoAG,0
একটি রেস্টুরেন্ট খাবার সবচেয়ে গুরুত্বপূর্ণ অংশ সম্পর্কে ভুলে গেছে এই জায়গাটি সত্যিই ট্রেন্ডি ,NoAG,0
গতবছরের ৩১ ডিসেম্বর এই শহরে নিউমোনিয়ার মতো একটি রোগ ছড়াতে দেখে প্রথম চীনের কর্তৃপক্ষ বিশ্বস্বাস্থ্য সংস্থাকে সতর্ক করে,NoAG,0
﻿খাবারটি সুস্বাদু ছিল অভ্যন্তরটি একেবারে সুন্দর ছিল এবং এটি হ্যাঙ্ক আউট করার জন্য একটি ভাল জায়গা স্টাফ এর আচরণ খুব ভাল ছিল,NoAG,0
ঠিকই বলেছেন ভাই এই কুত্তারবাচ্চা   শ্রমিক গুলো মাঝে মাঝেই বেতন বাড়ায় আর আমাদেরকে এই বিপদে ফেলে দেয়,NoAG,0
পোলাগো মায়রে বাপ,NoAG,0
বান্দরবানের লামায় বন্যহাতির পায়ে পিষ্ট হয়ে নুরুল ইসলাম ৬০ নামে এক শ্রমিকের মৃত্যু হয়েছে বৃহস্পতিবার সন্ধ্যায় লামা উপজেলার ফাসিয়াখালী ইউনিয়নের বড় ছনখোলা এলাকায় এ ঘটনা ঘটে,NoAG,0
আরে মাগির পোলা তুইতো আরেক জাইরগা,AG,1
আমরা  আগত ছয় একটি পার্টি ছিল  মিনিটের মধ্যে বসতে পারার জন্য কি করতে পেরেছি অবিশাস্য ক্ষুধার্ত মানুষ রেস্টুরেন্টে সেই সন্ধ্যা উদ্ভেদ সংখ্যা বিবেচনা কিন্তু আমরা সবসময় সঠিক গ্রিমাল্ডি এর মধ্যে পেয়ে অবস্থান নির্বিশেষে সৌভাগ্য হয়েছেনতুন স্কটসডেল কোয়ার্টার অবস্থান মহান বাতাবরণ এবং পরিষেবা জন্য যাচ্ছে কিন্তু আমি দারুণভাবে পিজা মান দ্বারা হতাশ হয়েছিল কারণ হল আমার সঙ্গী এবং আমি ওল্ড টাউন অবস্থান ফিরে যাচ্ছে রাখা ধারাবাহিকভাবে সুস্বাদু ভূত্বক জন্য খাস্তা এবং পাতলা এখনো চর্ব্য এবং আর্দ্র হিসাবে ভাল আমাদের পিজা গত রাতে একটি ঘন ভূত্বক ছিল এবং তুলনার খুব ভাল কাজ করেছেন হয়তো কুইবেক সময় যায় উন্নতি হবে  আমি ভালো মনে করি আমরা আবার দেখতে পাওয়ার হবেন,NoAG,0
নবীজী নিজেই খুনি ছিল শে মানুষ হত্যা করেছে তার অনুসারীরা তার মতই খুনি তার মতই হিংস্র তারা বলে ইসলাম শান্তির ধর্ম একমাত্র ইসলামে পারে আই এস জঙ্গিজিহাদ লাভ জিহাদ সন্ত্রাস তৈরি করতে,AG,1
লম্বা লম্বা চুলের গান আসিলো এইটা  কিন্তু শারিরীক ঝাকুনি ছাড়া আর কিছুই দেখলাম না,NoAG,0
এই পুলিশ গুলা কার সাহসে এমন করে জানা দরকার এর তীব্র নিন্দা জানায় এর মতো পুলিশ সাস্পেন্ট হওয়া দরকার বাংলাদেশের পুলিশ ডিপার্টমেন্টে অনেক অনেক কুলাঙ্গার আছে তাদেরকে চিহ্নিত করে চাকরি থেকে বরখাস্ত করা হোক,NoAG,0
আমি গোপাল ভাড় বা গোপাল দাদাকে অনুসরন করি  কেননা মন্ত্রী মশাই রাজাকে যখন বিপদে ফেলে তখনই গোপাল দাদা রাজাকে বিপদ থেকে উদ্ধার করে  এজন্যই এসব ভালো এবং সাফল্য গাঁথা মানুষকে অনুসরন করা ভালো ,NoAG,0
এর থেকে ফালতু আর খ্যাত গান আমি জীবনে শুনিনিবাংলাদেশে সব ছাগলামির মতো এইটাও হিট,NoAG,0
ভাই হতে পারে কোনো রমণী আপনার প্রেমে হাবুডুবু খাচ্ছে আর দেখা করার জন্য এই পন্থা বেছে নিয়েছে,NoAG,0
আমি  এরকম  কিছু কেস  দেখসি যারা  সোশ্যাল  মিডিয়া  ট্রল  এর  জন্য  সুইসাইড  কোর্স আজ  বাদে  কাল  উনিও  এমন  কাজ  করলে  নিজেদের  ক্ষমা  করতে  পারবেন   নাকি  ভেবে  দেখবেন,NoAG,0
সালা মাদারচোদের বাচ্চা কেমনে পারস এইগুলা করতে,AG,1
আর্জেন্টাইন তারকা জানেন যে বাংলাদেশে আর্জেন্টিনার সাপোর্ট বেশি তাইতো এদেশের ফুটবলারদের কে বুকে টেনে নিয়েছিলেন,NoAG,0
হিন্দুরা আজ পর্যন্ত একটাও মসজিদ ভাঙেনি কিন্তু মুসলমানরা মন্দির ভেঙেছে লক্ষ লক্ষ,AG,1
আনন্দকে ভাগ করলে দুটি জিনিস পাওয়া যায় একটি হচ্ছে জ্ঞান এবং অপরটি হচ্ছে প্রেম,NoAG,0
এরদোগান কার বিরুদ্ধে হুংকার দিবেইজরাইল দ্রুত সুস্থ হোকফিলিস্তিনে নির্যাতন শুরু করুকতাহলে আমরা খলিফা এরদোয়ানের হুংকার শুনতে পাবো ,NoAG,0
ডাক্তারদের জনগণের শত্রু বানাতে হয়তো কেউ কেউ খুব উঠে পড়ে লেগেছে দুদিন যাবত তাই দেখে যাচ্ছি ফেসবুকে,NoAG,0
বাবা হল বট গাছ আমরা তারই ছায়া নিছে আছি বাবা হল সবার চেয়ে বড়আমি দোয়া করি আল্লাহ আমার বাবার মত সবাই কে ভাল রাখুক,NoAG,0
ইংলিশে অর্নাস মাষ্টার্স করা লোকের আবার চাকরির অভাব হয় হয়তবা বেশি বেতনের চাকরি পায় না হয়তবা সরকারি চাকরি পায় না টিওশনির ও অভাব হয় না বুঝলেন ভাই যতসব ফালতু কাহিনিযা তা একটা কাহিনি হলেই হলো না,NoAG,0
ভোরের আলো উঠবে ফোটে রাতের অবসানে তোমায় আবার জাগতে হবে নতুন আলোর টানে নতুন দিনে চলতে হবে নতুন পথের যাত্রী ক্লান্ত ক্ষণে তাইত জানাই শুভ রাত্রী,NoAG,0
কতো বার বলতাম বাংলাদেশের পলিশ বেশিরভাগ ই কুলাঙ্গার  জন্ম টা তাদের পাপ থেকে ,AG,1
পুলিশ হচ্ছে সরকারের গোলাম বাহিনী  হায়রে ছাত্রলীগ পুলিশ আর কত ,AG,1
ভাই এর সাথে একটি দিন কাটাতে হলে কত বিড করতে হবে জাতি জানতে চায়,NoAG,0
আরেকটি অবাক করা বিষয় হলো ছেলেরা বন্ধুর পরই মায়ের সঙ্গে সমস্যা নিয়ে আলোচনা করেন যার হার প্রায় ৫২ শতাংশ তাই নারীর সঙ্গে সমস্যা নিয়ে কথা বলাই আসলে বিড়ম্বনা এই ধারণা আসলে ভুল অর্থাৎ সমস্যা নিয়ে আলোচনার ক্ষেত্রে মা গ্রহণযোগ্যতা পেলেও গ্রহণযোগ্যতা পাচ্ছেন না স্ত্রী,NoAG,0
বিএনপি জামাত মানুষ হইলোনা‌,AG,1
ঐবুদার পুলা মরবি নাতর মতো কাফেররে তো কুবাইয়া মারা উচিৎচুদানির পুলা,AG,1
এটা কী আবার কুনো ধর্ম যারা শিক্ষিত যত তাড়াতাড়ি পার এই ধর্মকে তেয়াগ কর এই ধর্মের মধ্যে তো শুধু যৌনতা ছাড়া আর কিছুই নেই,AG,1
ইনশাআল্লাহ ১৮ মার্চ ভারত কে হারিয়ে বাংলাদেশ ক্রিকেটে নতুন এক রুপকথার গল্প লেখা হবে,NoAG,0
জয় মা দুর্গা ভক্তেরা তো আক্রান্ত,AG,1
মাদারচোদ চোখে মুখে তোমার কামনার ছাপ দেখি আমি খানকির পোলা,AG,1
আমরা হয়তো কখনো শুনতে পরবো শেখ হাছিনা কে ধর্ষণ করেছে ছাত্রলীগ,AG,1
আল্লাহ তোমার কাছে বিচার দিলাম,NoAG,0
ধন্যবাদ তামিম  ইনশাআল্লাহ সুস্থ হয়ে ফিরে আসবে ওঠাই আমার কামনা,NoAG,0
তাহসান কে তার গান এবং নাটকেই বেশি মানায় আবারো সেই পুরোনো তাহসান কে দেখতে চাই এই সব সিনেমা টিনেমা দয়াকরে বাদ দেন তাহসান ভাইয়ের থেকে সেই আলো  আলো এবং প্রেম তুমি গানের মতো আরো যেসব অসংখ্য ভালো গান ছিলো তেমন আরো পেতে চাই,NoAG,0
ইরানি জেনারেল কাশেম সোলাইমানির হত্যাকে কেন্দ্র করে যুক্তরাষ্ট্রের সঙ্গে টান টান উত্তেজনার ১০ দিন পর সংঘাত এড়ানোর পক্ষে আভাস দিয়েছে ইরান,NoAG,0
ধর্ষণ করা আপনাদের হিন্দু ধর্মে বৈধ,AG,1
ঈশ্বরচন্দ্র বিদ্যাসাগর ও নরকে যাবেন তাইতো বাঃ বাঃ বাঃ খুব সুন্দর মুসলিম ধর্ম গ্ৰন্ত  স্যালুট যানাই,AG,1
এতিমদের মাদ্রাসা শিক্ষা না দিয়ে জেনারেল শিক্ষা দেওয়া প্রয়োজন এরা স্কুল কলেজে পড়াশোনা করলে অনেক বড় কিছু হতে পারবে,AG,1
গত ২৯ ডিসেম্বর চীনের হুবেই প্রদেশের একটি জনবহুল শহর উহানে মরণঘাতী করোনা ভাইরাসের উপস্থিতির প্রমাণ মেলে প্রথমদিকে ব্যাপারটি তেমন গুরুত্ব না পেলেও সময়ের সঙ্গে পাল্লা দিয়ে করোনা মহামারি আকার ধারণ করে,NoAG,0
আম পাতা জোড়া জোড়া 💁🏻‍♂️💁‍♀️ হিন্দু দেবী চুদব মোরা💃🏻 দুর্গার দুধ ভীষণ লাল💢💓 চুদে দুধে ফেললাম মাল,AG,1
কুত্তালীগরা ঘেউ ঘেউ করে ভোট চুরি করে নির্বাচনে জিতে যায়,AG,1
আমরা মেয়েরা নারী বাদি হয়ে ১০ পা আগাই আর নিজেরাই নিজেদের টেনে ১৫ পা পিছায় দেই এইটা কোন সমাজ ব্যবস্থা হতে পারে না,NoAG,0
মুসলমান বলে এটাই নাকি আল্লাহর কুরআন শরীফ আরে আল্লা কোনদিন এই সব কথা লিখে নাকি বানানো বিশ্বাস ইতিহাস ইসলাম ধর্ম ,AG,1
ভাই ছাএ লীগরা মানুষ না,AG,1
ধুর খানকি পরিচালক একটা রাম ছাগল	,AG,1
মুসলিমদের কাছে সম্প্রীতি ও গণতন্ত্র মানে অ যেকোন ধর্মের মানুষকে দওত দেওয়া  পরে ফুসলিয়ে বিয়ে করা গণতন্ত্রের সুযোগ নিয়ে সেটা তখন সম্প্রীতি কিন্তু উল্টো টা হলেই কল্লা আলাদা করে সেই সময় এই ধর্মের প্রত্যেকে কল্লা কাটাকে সমর্থন জানিয়ে ঈমানদার বলে জাহির করেন ,AG,1
বিদেশ ঘুরে আসা প্রায় প্রত্যেকের সাথে কথা বলতে গেলেই এই তুলনা আসেই বাহিরের দেশের গুণাগুণ আর মহত্ত্ব এবং সে তুলনায় এই দেশ কতই নিকৃষ্ট তার ফিরিস্তি,NoAG,0
তার মানে বিধর্মীর পরে আল্লাহর জন্ম কোরান শরীফ তাহলে  লেখা,AG,1
এলার্মের শব্দে ঘুম ভাঙলো উঠে অযু করে নামাজ পড়ে নিলাম সকালটা আমার বড্ড ভালো লাগেএ সময় পুরো প্রকৃতি শান্ত থাকে সাথে হিমেল হাওয়াআর কচি ঘাসের ওপর হেটে চলা অসাধারন অনুভূতি,NoAG,0
ঐসব  শুয়োরের  বাচ্চা  গুলোকে  পেট্রল  দিয়ে  জ্বালিয়ে  দেওয়া  হোক অবিলম্বে 	,AG,1
আমি কি একটি পর্যালোচনা কখনো লিখেছি কিন্তু হাভানা ক্যাফেতে খাদ্য তাই  ছিল এবং অন্তত বিট ভাল নেই যে আমি ভাগ করতে বাধ্যআমি   যা বাস্তবে মুরগির মাংস ও ভাত একটি পার্শ্ব সঙ্গে লবণ একটি গাদা ছিল আদেশ দেন আমি  বিরূদ্ধে  পরিবর্তে সাদা ভাত নির্বাচিত যেমন বছর পার হয়ে গেছে যেহেতু আমি এই সুস্বাদু পুয়ের্তো  পাশ হয়েছে পুরো জিনিস প্রায় অখাদ্য ছিল  আমি বাড়িতে এসে আসলে আমার দাঁত অবিলম্বে মাজা এটা এত খারাপ ছিল আমার স্বামী   যা সমানভাবে  এবং কিছুই যে আমরা বাড়িতে নিজেদের করতে পারেনি ছিল রেস্টুরেন্টে বিস্ময়কর ক্যাফে  এবং অত্যন্ত মনোযোগী অপেক্ষার কর্মীদের জন্য একটি অতিরিক্ত তারকা পায় আমি এই স্থানের জন্য উচ্চ আশা ছিল কিন্তু পরের বার আমি কিউবার খাদ্যের জন্য একটি ক্ষুধিত আছে আমি   শিরোনাম করা হবে না,NoAG,0
বাংলাদেশের সঙ্গে সম্পর্ককে ‘আরও উচ্চতায়’ নিয়ে যাওয়ার অঙ্গীকার পুনর্ব্যক্ত করেছে ভারত আজ শনিবার নয়াদিল্লিতে প্রধানমন্ত্রী শেখ হাসিনার সঙ্গে সাক্ষাৎ করে ভারতের পররাষ্ট্রমন্ত্রী এস জয়শঙ্কর এই অঙ্গীকার পুনর্ব্যক্ত করেন,NoAG,0
যুবতী সুখ আর সুখ হয়েছে আমার সুখের অসুখ,NoAG,0
আওয়ামীলিগের চেয়ে জংগী কোন দল দুনিয়ার বুকে দিতিয়োটা আর নেই আলজাজিরা বিশ্য মানবতার শান্তির জন্য কাজ করে,AG,1
শালা মাদার চোদ খান্কির ছেলে,AG,1
আওয়ামীলীগ হলো সেই দল যে কথায় আছে বিচার মানি তাল গাছ আমার চোরের গুস্টি চোর,AG,1
সাদা চকলেট খুব ভুলবেরি  রাসায়নিক চাকন পান কিন্তু স্ট্রবেরি আর ক্রিম গন্ধ ছেড়ে,NoAG,0
খানকির পুলা রা ধরমের নামে ব্যবশা করে ওরা মুসলিম হতে পারে না ওরা জংগী,AG,1
তোকে কুত্তা দিয়া চোদাবো রে যদি বুকে সাহস থাকে লক করবি,AG,1
আমার গফ সুধো বলেছিল তার প্রিয় দল ব্রাজিল বাকিটা ইতিহাস,NoAG,0
আপনি মুসলিম নামের কলংক,AG,1
কেপ্টেন মাজেদের মৃত্যুতে আমি এতটুকু অবাক হয়নিযতটুকু অবাক হয়েছি কুত্তালীগের অবৈধ বাচ্চাদের কর্মকান্ড দেখেছি ছি,AG,1
তোর হিন্দু ধর্মের উপর আমি পেশাব করি মুখোশধারী মালুর বাচ্চা,AG,1
ইসলাম ধর্মের জন্ম হয় ঢাল তলোয়ার নিয়েইসলাম ধর্ম উগ্রপন্থার ধৰ্ম,AG,1
বর্তমানে ভারতের উগ্র হিন্দুদের চেয়ে ভয়ংকর সন্ত্রাসী আর কোথাও নেই,AG,1
কাঠ বিড়ালী তুমি সুন্দর আম খাও আর আমরা আমাদের ছেলে মেয়েকে বিষ মিশানো আম খাওয়াচ্ছি,NoAG,0
যদি মেসি তার সেরা খেলাটা খেলতে পারে আর সহযোগীরা যদি ফর্মে থাকে তাহলে আর্জেন্টিনার বিশ্বকাপ জয় কেউ ঠেকাতে পারবে না ,NoAG,0
রাষ্ট্রের অব্যাহত নীরবতার প্রেক্ষাপটে হাইকোর্ট শিক্ষাপ্রতিষ্ঠানে র‍্যাগিংবিরোধী কমিটি গঠন করতে একটি যথার্থ নির্দেশনা দিয়েছেন র‍্যাগিং ও বুলিয়িং কমবেশি বেদনাদায়ক বৈশ্বিক প্রবণতা এটা মানবাধিকারের লঙ্ঘনও বটে,NoAG,0
কি হবে এই দুই দলের যে কোন একটি দল নির্বাচিত হয়ে আবার ক্ষমতায় আসবে,AG,1
হাসপাতালে নেওয়ার পর চিকিৎসকরাও ভাবেননি ওয়াটসন বাঁচবেন ৪০ দিন কোমায় ছিলেন মাথায় ১২টি অস্ত্রোপচার করতে হলো জ্ঞান ফেরার পর আরও ছয় মাস কাটল ইনটেনসিভ কেয়ারে,NoAG,0
এবার বোরো ধানের বাম্পার ফলন হয়েছে  তাই বাম্পার ভাবে দাম কমাতে হবে  তা নাহলে বাম্পার ভাবে পরাজয় হবে তাদের ,NoAG,0
ছেলেটা ভদ্র বলে মাইর সহ্য করছে আমি থাকলে হালারে ভইরা দিতাম,AG,1
বাপবেটা নিজেদের বাদ দেয়াকে রাষ্ট্রবিরোধী ষড়যন্ত্র বলছে  নিজেদেরই রাষ্ট্র মনে করে নাকি ,AG,1
আওয়ামীলিগ আপনার ভালো সন্তানকে নষ্ট করে নেসা খোর খুনি বানাবে,AG,1
আমার মনে আছে যখন এটা হয়েছিল যখন ওয়ালেসকে গুলি করা হয়েছিল আমি কলেজে ছিলাম ,NoAG,0
মানলাম বিএনপি খারাপ দল তাই বলে মিথ্যা কথা বলবেন কেন,AG,1
ছুটির দিনের সকাল তবু ভোরের আলো ফোটার আগেই মানিকগঞ্জ থেকে ঢাকার উদ্দেশে রওনা দিয়েছেন বাবা কারণ ছেলে অনন্য যায়িফের আগ্রহ পদার্থবিজ্ঞানের প্রতি সেই আগ্রহ থেকেই অনন্য ঢাকায় অনুষ্ঠিত হচ্ছে ফিজিক্স অলিম্পিয়াডে অংশ নেবে,NoAG,0
তাহসান ভাই আসলেই খুব ভদ্র একজন মানুষ বিক্রমপুরে তার এবং আমার বাসা পাশাপাশি  তিনি আমাদের বিক্রমপুরের গর্ব,NoAG,0
বীজি উটের গু মুত বেশি করে খেতে বলেছেন সহিহ বুখারী  খন্ড ৮  অধ্যায় ৮২  হাদিস ৭৯৪ আলী ইব্ন আবদুল্লাহ্ র … আনাস রা থেকে বর্ণিত,AG,1
প্রিয়জন হারানোর ব্যাথা অনেক কষ্টের অনেক যন্ত্রণাদায়ক যার প্রিয় জন চলে যায় সেই একমাত্র বোঝে 😢😢,NoAG,0
এখন পেশ করছি শ্যামলায়ে কালা পুটকিয়ে কালা সুলতানি বেকুব মাদারে কাইল্লা মডেলে আজম,AG,1
রাষ্ট্র পরিচালনায় যারা নিয়োজিত উনারা দেশের জনগনের কল্যাণের চাইতে নিজেদের পকেট ভারি করার জন্য ব্যস্ত থাকে বেশি,NoAG,0
আমি পা চাটা কুকুর দেখিনি উৎপল শুভ্রর রিপোর্ট দেখেছি,NoAG,0
বিচারকদের বিচার কাজে হস্তক্ষেপ করে দেশের আইনশৃঙ্খলার উপর যে কালিমা লিপ্ত করছে এই সরকার তা নজিরবিহীন,NoAG,0
বুসকি মাগির পোলা,AG,1
মানুষকে ভগবান মানায় না মানুষ ভগবান বানায় ওরা তাদের পুজো করে যে ভগবান নিজেই রক্ষা করতে পারে না এক লাথি মেরে উল্টে ফেলে দেওয়া হয় আমার কথা না হিন্দু দেরী কথা,AG,1
হাছাবিয়া মাগী বেয়াদব ছেলে,AG,1
জামাত ইসলাম ক্ষমতায় আসলে বাংলাদেশ এখন যা আছে তার থেকে হাজারগুন খারাপ হয়ে যাবে বয়কট জামাত ইসলাম,AG,1
এইরে নবী দিবস বলে আদৌ কিছু আছে কি নেই তা নিয়ে তো দেখছি এরা নিজেরাই নিজেদের মধ্যে দাঙ্গা শুরু করে দিয়েছে কমেন্টবক্সে সবই আল্লাহর ইচ্ছে তার ইচ্ছে ছাড়া তো কিছুই হয়না কমেন্টবক্সে মুসলিমদের নিজেদের মধ্যে দাঙ্গাও বাঁধে না,AG,1
কখনো রোহিঙ্গাদের ফিরিয়ে নেওয়া হবে নাফিরিয়ে নেওয়ার জন্য আন্তজাতিক সম্প্রদায়কে উপেক্ষা করে এই নারকীয় তাণ্ডব চালায় নাই নিশ্চয়,NoAG,0
রাষ্ট্রের কোষাগারে আমি পাই পাই করে ট্যাক্সভ্যাটের টাকা জমা দিয়েছি আকিজ গ্রুপের আইসোলেশন সেন্টারে আশ্রয় পাবার আশায় না  রাষ্ট্রের আইসোলেশন সেন্টার কোথায়,NoAG,0
এক মিনিট তাদের জন্য যে  বলেছে যে রাশিয়া নামছে হাহাহাহা  আরে মানুষ আপনার তথ্যগুলি কেবল ভ্রান্ত আর হাস্যকর,NoAG,0
বছরের প্রথম দিন ধর্ষন দিয়ে শুরু বাকি দিনগুলা কি হবে আল্লাহ ই ভালো জানেন,NoAG,0
আমি বাবাকে জড়িয়ে ধরে চিৎকার করে কান্না করতে করতে বললাম বাবা আমার টাকা লাগবে না,NoAG,0
আমি আমার চোখে জল আবিষ্কার করলাম ওর জন্যে এখন আমিও কান্না করছি তবে আড়ালে উচু এক গাছের উপরে নিরোবে কান্না করছি,NoAG,0
তর মায়রে আমি চুদি খানকির পোলা,AG,1
ওওয়ে খানকির পোলা বেলুন পেটে জন্ম নেওয়া,AG,1
তোকে ভুলতে পারলে তোর স্মৃতি গুলো কখনই ভুলতে পারবো না,NoAG,0
শুধু শুধু কেউ এমন করতে পারে না মহিলার অবশ্যই কোন ফল্ট আছেআর রাস্তা ঘাটে তো ইদানিং মেয়েরা বড্ড বেপরোয়া,NoAG,0
আপনারা  এসব  করে  হীনোমোনোত্তর প্রমান দিচ্ছন জাস্ট  ইর্রিটেটেড   সকাল   থেকেই  দেখছি ,NoAG,0
যুব মহিলা লীগ সব খান কি,AG,1
কঙ্গনা রানাওয়াতের ম্যানেজার হিসাবে কাজ করার দৌলতে তার বোন রঙ্গোলি চান্দেলকে প্রায় কমবেশি অনেকেই চেনেন তবে অনেকেই হয়তো জানেন না কঙ্গনার বোন রঙ্গোলিই প্রথম হিমাচল প্রদেশের প্রথম অ্যাসিড হামলার শিকার নারী সম্প্রতি সোশ্যাল মিডিয়ায় এ বিষয়েই মুখ খুলেছেন কঙ্গনা,NoAG,0
ভাই সমবেদনা ভাবীকে আজকের এই দিনে তিনি কি কষ্ট টাই না করেছেন,NoAG,0
কারও স্ট্যাটাসে আর্জেন্টিনা শব্দটি দেখামাত্র নির্বিচারে হাহা দেয়ার জন্যে ফেসবুকবাসীর প্রতি নির্দেশ দেয়া যাচ্ছে নির্দেশক্রমেঃ লিওনেল মেসি এমপিআর্জেন্টিনা১০ আসন,NoAG,0
লজ্জিত হওয়া উচিত ধর্মের ফতোয়ায় আলবদর আলশামস শান্তিকমিটি গঠন করে মুক্তিকামী বাঙালির হত্যা ধর্ষনে হানাদার বাহিনীকে সহায়তার জন্য্য,AG,1
সে অস্ট্রেলিয়ার সোনালী যুগের ওপেনিং ব্যাটসম্যান ছিলদোয়া করি তার জন্য,NoAG,0
শালা খানকি মাগী এ  পাগলী  কি  বলে,AG,1
তাদের যদি মেধার জোর থাকতো তাহলে কোটার জন্য রাস্তাবন্ধ করত নাএতেই প্রমাণিত হয় ইতোপূর্বে যত জন মুক্তি যোদধার সন্তান নাতি পুতি চাকরি পাইছে তা কোটার জন্যই মেধায় না,NoAG,0
অসভ্য এর যদি প্রকার হয়তার এক নাম্বার এ থাকবে শাওন সমাজের সবার উচিত শাওনএর গালে একবার করে একটা করে জুতা মারা,AG,1
চার এলাকায় ১২ হাজার মানুষ কোয়ারেন্টিনে,NoAG,0
টোকনধারী অনেকেই খাবার পায়নি  কিচ্ছু বলবো না এই বিষয়ে বলার রুচি নেই এই টুকু ম্যানেজ না করতে পারলে পুরো অনুষ্ঠানটা ইভেন্ট ম্যানেজমেন্ট কোম্পানীর কাছে দিয়ে দিতেন আর সারা দিন নিজেরা ফটোশুটিং করতেন বাধা তো ছিল না,NoAG,0
ইসলামে তো নারী জান্নাতে যাবেই নানারীরা জাহান্নামী,AG,1
মুনডা চাইতাছে তোর পুট ি র ভিতরে এনাকোন্ডা হান্দাই দেই খাকির পোলা তোর এই বাল মারকা পেজ এর জন্য গালি শিখছি আমিতর সাত প্রজন্ম রে গাইলামু,AG,1
আরে গিরগিটি তো শুধু রং পাল্টায় স্বভাব পাল্টায় নাহাসিনা তো গিরগিটি তাই রং পাল্টাচ্ছে কিন্ত স্বভাব ওর আগের মতোই আছে,AG,1
ছেলে মেয়ে বুঝে কাজ কি ছোটো বেবিদের সব ড্রেস একরকম ইচ্ছামতো বানিয়ে রাখুন সুস্থ সুন্দর বেবি হোক এটাই কাম্য সারপ্রাইজ জমা থাকুক  ,NoAG,0
তোমরা যেটিকে ওয়াজ মনে করো রাজাকার সাঈদীর দালাল আজহারী সেটিকে লাভজনক ব্যবসা মনে করে আর সে ব্যবসার সামান্য নমুনা মাত্র ৫ কোটি টাকার গাড়ি কিনেছে আজহারী,NoAG,0
সৌদি আরবে করোনাভাইরাসে কোভিড ১৯ আক্রান্ত প্রথম রোগী শনাক্ত হয়েছে সোমবার দেশটির স্বাস্থ্য মন্ত্রণালয়ের বরাত দিয়ে বার্তা সংস্থা রয়টার্স এ কথা জানিয়েছে,NoAG,0
শেখ হাসিনা কে হটাও বাংলাদেশ কে বাঁচাও,AG,1
ওরে আরিপ্পাতুই শালী কোনদিনই বেটা হইবার পারবিনাহিজরা যে হিজরাই থাকবিযতই মাইয়ালোগ লইয়া পটু তুলসনা কেন,AG,1
এটা তো হবারই এসকল মন্তব্যে কি এমন আসে যায় শক্তি প্রয়োগ ব্যতিত মিয়ানমার রোহিংগাদের কোনদিনই ফেরত নেবে না,NoAG,0
প্রথমবারের মতো প্রাকৃতিক গ্যাস ভারতে রফতানি করবে বাংলাদেশ শনিবার দিল্লিতে দুই দেশের পক্ষ থেকে ঘোষণা করা হয়েছে প্রধানমন্ত্রী শেখ হাসিনার দিল্লি সফরের তৃতীয় দিনে আরও জানানো হয়েছে ফেনী নদীর পানিও ভারতের ত্রিপুরার সাব্রুম শহরে সরবরাহ করা হবে,NoAG,0
হায়রে আপনি আমার পোস্ট দেখেন না,NoAG,0
ভাই আমার কিন্তু গায়ককে খারাপ লাগেনাই,NoAG,0
এটা ভেবেই ভয়ে তার গলা প্রায় শুকিয়ে যাচ্ছিলো তার শরীরের রক্ত যেনো ঠান্ডা হয়ে যাচ্ছিলো তার শরীরের লোমগুলোও অদ্ভুত শিহরণে দাঁড়িয়ে যাচ্ছিলো,NoAG,0
ওরে  শালী  তুই  ভিখারি   ছিলিনা  তো  কি  ছিলিরে  নায়িকা  তুই  তো  আরো  পঁচা তোকে  সামনে  পেলে  জুতার  বাড়ি  মারবো 	,AG,1
এগুলা রাস্তার মেয়ে বেশ্যা  ,AG,1
সালারা পালাবার পথ পাবিনা,AG,1
জরত মহম্মদ কটা বিয়ে করে ছিলো তাদের বয়স কত থেকে কত বল বেশি বয়সের খাদিজা থেকে ছয় বছরের জয়বন শিশু ধর্ষক,AG,1
২০১৩ সালে বোস্টনে বোমা হামলার মধ্য দিয়ে শুরু হয় এই সন্ত্রাসী হামলা এরপর ক্রমান্বয়ে প্যারিস লন্ডন ব্রিজ বার্সেলোনা ফ্লোরিডা টেক্সাসের মতো উন্নত শহরেও সন্ত্রাসী হামলার ঘটনা ঘটে,NoAG,0
আওয়ামী লীগ জারত সন্ত কুঁতা বাঁচা ভোট চোর সরকার,AG,1
এই রকম মহিলাও আওয়ামী লীগের একটা সম্পাদকীয় পোস্ট হোল্ড করেযত্তসব আবালকথাই বলতে পারেনা,NoAG,0
তোর এক পা ঢাকায় আর আরেক পা চিটাগাং রাইখা টানা দিয়া কুমিল্লা থেইকা কুত্তারে দিয়া চোদামু বাইঞ্চোদ,AG,1
বিনা ভোটে নির্বাচিত সেই মহিলা সরকার হাসিনা,AG,1
অবশ্য যাদের ধর্মের দেব দেবিরাই এক একটা খানকি আর খানকির দালাল আর যাদের ধরমই হচ্ছে চুদাচুদির ধর্ম তারা আর কত ভালো হবে তুই যে বেজন্মা তার প্রমান আবারো দিচ্ছি মিলিয়ে নে তোর জন্মের ঠিক থাকলে বলতো কৃষ্ণের মত তুই তোর মামীকে কয়বার চুদছস আর ব্রম্মার মত তোর বাবা তোর বোনকে কয়বার চুদছে,AG,1
ঠিক বলেছেন ইসলাম মানবজাতির শত্রু,AG,1
আমি কেন সূর্যাস্ত বস্ত্রের এক্সচেঞ্জ দক্ষিন  ম্যাকক্লিন্টক এ বড়  এটা পথ থেকে সরানো জানি না  কিন্তু আমার মনে হয় তারা বাফেলো এক্সচেঞ্জ করার অধিকার পাশের হতে চেয়েছিলেন যাই হোক এই দোকান খুব হয় নেওয়াঅরকরার জন্য এটিকে ছাড়তে আপনি হতে যাচ্ছে তাহলে দ্বারা বন্ধ কিন্তু আমি আপনার পথ থেকে সরে যেতে হবে না আমি একবার  একটি অপ্রত্যাশিত সাফল্য উপর মদ শহিদুল গাধা  পদাঘাত কিনেছ এবং তারা সত্যিই আমার কুঁড়ি উইলি দ্বারা শিল্প সহ স্থানীয় শিল্পী থেকে দেয়ালে শিল্প ঠান্ডা হয়েছে আমি এই জায়গা ভাল হয়েছে থাকে না মহান উদ্দেশ্য মনে করি  কিন্তু ক্রয় ক্ষমতা দোকান সম্পূর্ণরূপে মজুদ  অথবা মজার রাখার নেই,NoAG,0
  আমি      বিষয়ে ট্রেনিং এর জন্য নির্বাচিত হয়েছি এই ট্রেনিং বাংলাদেশে এই প্রথম এবং এতে নির্বাচিত প্রত্যেকের পেছনে সরকারের খরচ হবে এক লক্ষ দশ হাজার টাকা বিদেশি এক এর মাধ্যমে নেয়া এ ট্রেনিং এ পরীক্ষার মাধ্যমে নির্বাচিত সেরা ২২ জনকে এই মডিউলে প্রশিক্ষণের সুযোগ দেয়া হয়েছে     ,NoAG,0
পাপে বাবাকেও চারেনা বি এন পি এবং জমায়েত সিবির এখন কুকুরের মত রাস্তায়,AG,1
তর সাহস থাকলে দেখা কর তরে জ‍্যান্ত কবর দিমু,AG,1
ঈসা নবী অলৌকিক ভাবে জন্মিয়েছেন  ঈসা নবীর কোন বৈধ পিতা নাই  তিনি আল্লাহর প্রেরিত নবী বা সন্তান  তিনি আল্লাহর বিশেষ সন্তান,AG,1
বর্তমানে আওয়ামী লীগ সরকার আলজাজিরা নামক জরে আক্রানতো তাই মানুষের নজর অন্য দিকে ঘুরানোর জন্য এই ঘটনা ঘটনো হচ্ছে,AG,1
বাংলাদেশের জনগণ এক মহত্তের জন্যেও হাসিনাকে ক্ষমতায় দেখতে চায় নাঝাড়ু পিটা করে অবৈধ হাসিনাকে বিদায় করতে হবে,AG,1
সুখী ত তারাই হয় যারা অন্যের বুকে ছুরি মেরে ভালো থাকতে যানে,NoAG,0
আন্তর্জাতিক শ্রম সংস্থার আইএলও প্রতিষ্ঠার শতবর্ষ পালন উপলক্ষে গিনেস রেকর্ড ভাঙতে বাংলাদেশ বিশ্বের সর্ববৃহৎ টিশার্ট সেলাইয়ের পরিকল্পনা করেছে বিশ্বের দ্বিতীয় বৃহত্তম রফতানিকারক বাংলাদেশ পোশাক শিল্পকে তুলে ধরার জন্য বাংলাদেশ গার্মেন্ট প্রস্তুতকারক ও রফতানিকারক সমিতিকে বিজিএমইএ সুতি কাপড়ের এই টিশার্ট সেলাইয়ের দায়িত্ব দেয়া হয়েছে,NoAG,0
তাড়িয়ে দেবার আগেই ক্যাম্পাসকে আপন করে নাও জীবন আর জীবিকার তাগিদে ক্যাম্পাস ছেড়ে চলে যাবার পরে ভুলে যাবার ভান করে থাকতে হয়না যেন,NoAG,0
ইয়াবা তো এখন পুলিশ সেবন করে আগে যারা ইয়াবা সেবন করতো তারা এখন তাবলীগ জামায়াতে চলে গেছে পুলিশ নামক জানোয়ারদদের হাত থেকে রেহাই পাওয়ার জন্য,NoAG,0
একটা বার পুটকি মারা দিবি দোস্ত হিরো আলোম তোকে পুটকি মারতে খুজতেছে,AG,1
এই মাদার চুদরে পাইলে যে কি করতাম,AG,1
তোর গোবর মার্কা মাথায় কলা গাছ জন্মাইলো নাকি,AG,1
করোনা ভাইরাস নিয়ে হাসিঠাট্টা ট্রল বন্ধ করুন আপনি সুস্থ আছেনএটা আল্লাহর নিয়ামত শুকরিয়া জ্ঞাপন করুন বলুন আলহামদুলিল্লাহ্‌ ,NoAG,0
পিরিয়ড নিয়ে আপনার স্বাভাবিক কথাবলা বিষয়টাকে অন্যের কাছে স্বাভাবিক করে তুলবে কথা হোক পিরিয়ড,NoAG,0
ভাই টাকা পাচার হয় নাকারেন্ট পাশ হয় নাভারত এ কারেন্ট পাশ হয় এবং এর উপহার হিসেবে আমাদের রেইনি সিজন এ তিস্তা এর পানি দেয়আর কিছু বলববিদেশে থাকেন ত তাই খুব মজায় আছেন ভাইপারলে রিপ্লাই দিয়েন এই কমেন্ট এরআমার ভুল থাকলেও ধরায় দিয়েন,NoAG,0
যেদিন প্রথম দেখেছি সেদিনি অনেক অবাক হয়েছি,NoAG,0
শুয়রের চুদনে কুত্তার ছানা জন্ম নিলে যেমন হয় আরকি,AG,1
করোনাভাইরাসের সংক্রমণ থেকে পোশাক কারখানার শ্রমিকের জীবন ও শিল্প খাত রক্ষার দাবি জানিয়েছেন শ্রমিকনেতারা সব পোশাক কারখানা সাময়িকভাবে বন্ধ ঘোষণা করার আহ্বান জানিয়েছেন তাঁরা,NoAG,0
জীবনে কোন কাজ করিনি এক গ্লাস পানিও নিজে ঢেলে খাইনি আর আজ তপ্ত রোদে রিক্সা ঠেলেছি এই ভাবে ১ ঘন্টায় ১০ টা রিক্সা ঠেলে ১০ টাকা উপার্জন করেছি ১১ নাম্বার রিক্সা ঠেলতে গিয়ে পরে হাঁটু ছিলে গেল,NoAG,0
আমার বন্ধু আমাকে বলছে কিভাবে ভাল তাদের দুপুরের খাবার দুইবার হয় দেননি  আমি এটা চেষ্টা করেছি কিন্তু এটা আমার জন্য কিছুই করিনি স্যান্ডউইচ কিছু  পেতে পারেন মত ​​লীঢ় কিন্তু দ্বিগুণ দাম ফাইন ফুডস একটি পাইকারী হারে সরবরাহকারী নামক হচ্ছে আমি কোন সাধারণ স্যান্ডউইচ মত স্বাদ খাদ্য প্রত্যাশিতআমি কি ছিলহাম পাস্তা  পক্ষের সঙ্গে একটি পাণিনির উপর  মাশরুম সঙ্গে পনির এক পারমায় তৈয়ারি পনির ছিল এবং অন্যান্য ম্যাকারনি ছিল হয়তো এটা পাণিনির রুটি ছিল আমি মনে করি পারমায় তৈয়ারি পনির পাস্তা সেখানে তৈরি করা হয়েছিল কিন্তু আমি নিশ্চিত ম্যাকারনি সেখানে তৈরি করা হয়েছিল এটা আমি একটি পিকনিক যা শক্ত কাগজ মধ্যে ছিল ছিল মত লীঢ় জানি এটা সম্বন্ধে অহংকার বাড়িতে কিছু ছিল নাআমি বুঝতে পারলাম মাথা শেফ আমার স্যান্ডউইচ করেছি  তাকে রান্নাঘরে চলে গ্রাহকদের সবটা থেকে কোন ব্যক্তিত্ব রাখা আমি তার পরামর্শের জন্য জিজ্ঞাসা করলেন এবং তার প্রতিক্রিয়া ছিল  ভালসাধারণত যখন আমি এজে চল আমি তাদের  জন্য যান তাদের ডেজার্ট কল্পিত হয় এবং আপনি একটি যুক্তিসঙ্গত মূল্যে পৃথক  পেতে পারেন আমি একটি ভাণ্ডার বাড়িতে নিয়ে এবং তাদের পরবর্তী সময়ের জন্য থাকতে পারেআমাদের কোম্পানি তাদের ক্যাটারিং জন্য তাদের ব্যবহার করে এবং আমি তাদের খাবারের উপর অনেক অভিনঁদন ছিল করেছি কিন্তু দুপুরের খাবার দুইবার পাস,NoAG,0
আপনি তো আসলেই অশিক্ষিত  আমার কাছে জিজ্ঞাসা করছেন কেন ভিডিও যে বানিয়েছে তাকে জিজ্ঞাসা করেন যে কোথায় লেখা আছে সে একটা ভিডিও বানিয়েছে এই ব্যাপারে আর সেই ভিডিওর কমেন্টস অপশন বন্ধ করে রেখেছে তাই এই ভিডিও তে বললাম   আচ্ছা মহানবী কি এক বাপের এক ছেলে,AG,1
উনি আগে আওয়ামী লীগ করলেওওনার বংশে বড় বড় জামায়াতের লোক,AG,1
মুসলমানরা তোরে পিটাইয়া গঙ্গা নদীতে ফালাইবো  তাও বাংলাদেশের গঙ্গা নদী না  ভারতের গঙ্গা নদীতে ‌ হিন্দুরা বালের পূর্বপুরুষ  মোহাম্মদ সাঃ এর কথা কস  মাদারচোদ,AG,1
খন্দকার মোশারফ হোসেন সাবেক মন্ত্রী সর্বকালের সর্বশ্রেষ্ট সন্ত্রাসী,AG,1
হিন্দু ধর্মের অারেক নাম চটি ধর্মযার ইতিহাসের পরতে পরতে অবাধ যৌনতা ও অশ্লীলতা মিলে মিশে একাকার,AG,1
কক্সবাজার ইউনিতে ক্লাস নিতে গিয়ে গিয়েছিলাম ক্লাস নেবার ফাঁকে সমুদ্রে গিয়েছিলাম ঘুরতে চশমাটা সেখানেই কেনা সমুদ্রের পছন্দ হওয়ায় চশমাটা আমার কাছ থেকে রীতিমতো জোরপূর্বক নিয়ে নিয়েছে,NoAG,0
কি এক বিভৎস অবস্থার সৃষ্টি করেছিলেন বিএনপি জামাত  এখন যখন তারা গণতন্ত্রের বুলি আওড়ায় তখন মনে হয় টেনে জিহ্বা টেনে ছিড়ে কুত্তা দিয়ে খাওয়াই,AG,1
কোরান শব্দ টাকে পৃথিবী থেকেই বাদ দেওয়া উচিত,AG,1
চীনা প্রেসিডেন্ট সি চিন পিংয়ের নাম বার্মিজ ভাষা থেকে ইংরেজিতে অনুবাদ করতে গিয়ে অশ্লীল শব্দে রূপান্তরিত হওয়ায় ক্ষমা চেয়েছে সামাজিক যোগাযোগের মাধ্যম ফেসবুক,NoAG,0
প্রতিটি পোস্টের মেধা ও গুণাগুণ বিচার করে লাইক দিন  চৌধুরি জাফরুল্লাহ শারাফাত,NoAG,0
লুলা বিএনপি কি করছে দেশ তো নরক হয়ে গেছে,AG,1
﻿খুব সুন্দর প্রসাধন এবং অসাধারণ খাদ্য ,NoAG,0
বাইনচুদ এর বাচ্চা তুই আমাগো রাসূল কে গালি দেস তোর পুরা বংশকে আমি চুদে খাল করে দিব বাইনচুদ এর বাচ্চা খানকির পোলা,AG,1
কিন্তু আমি ব্যক্তিগত ভাবে মনে করি এই বইটি বা বইটির প্রচ্ছদ দিয়ে আমার পক্ষে গোড়া ধার্মিক আর ধর্ম বিরোধী কাউকেই খুশি করার উপায় নাই,NoAG,0
মুচুমান মানে জঙ্গি এটা গোটা পৃথিবী জানে,AG,1
তুই তো একটা মাদার চৌদ জামাত শিবিরের বেজন্মা,AG,1
বিএনপি ক্ষমতায় আসলে যদি জঙ্গী বারে  আওয়ামী লীগ ক্ষমতায় ইয়াবা কোটি কোটি জুবক ছেলে মেয়ে নষ্ট হচ্ছে  কোন দলটা ভাল বলেন তো ,NoAG,0
তোর আম্মুর ভোদার ওপর দিয়ে ট্যাঙ্ক চলাবো কানাচোদা কাটু,AG,1
ফেনীতে সপ্তম শ্রেণিতে পড়ুয়া এক স্কুলছাত্রীকে অপহরণের ৪২ ঘণ্টা পর পুলিশ উদ্ধার করেছে এ ঘটনায় জড়িত অভিযোগে এক যুবক গ্রেপ্তার হয়েছে এ ঘটনায় ওই ছাত্রীর মা বাদী হয়ে ফেনী সদর মডেল থানায় নারী ও শিশু নির্যাতন দমন আইনে মামলা করেন,NoAG,0
সব মিলিয়ে দেশে মুঠোফোনশিল্পের যাত্রাটি জোরেশোরে শুরু হয়েছে উদ্যোক্তারা করছেন রপ্তানির চিন্তাও একটি চালান যুক্তরাষ্ট্রে পাঠাচ্ছে ওয়ালটন,NoAG,0
আনিস সাহেবকেনো সপ্ন দেখিয়ে কোথায় চলে গেলেন এই জাদুর শহরে এসেছিলেন জাদুকর হয়েকিন্তু রেখে গেলেন ঢাকাকে জাদুঘর বানিয়ে😢😢যেখানেই থাকেন  আল্লাহ আপনাকে শান্তিতে রাখবেন ঢাকাবাসীর অন্তর আততার দোয়া আপনার জন্যে,NoAG,0
এগুলা ভিডিও করে পিক তুলে আমরা সবাই যদি ভার্চুয়ালে স্যাড রিয়েক্ট দিয়ে কমেন্টবক্সে সমবেদনা জানাই তাহলে এই অসহায় দের পাশে দাড়াবে কে,NoAG,0
তত্ববদায়ক সরকারই ভাল ছিল,AG,1
সরকার দেশের জনগণের গলায় কাটার মালা পড়িয়ে দিল,AG,1
ভাই কথাগুলা সত্যিআমরা দেশকে ভালবাসি এটা ঠিক আছে কিন্তু এদেশে এত অনিয়ম আর কোথাও আছে কিনা জানিনা,NoAG,0
এই সব দেখার জন্যই কি বাংলাদেশ স্বাধীন হয়েছিলো,NoAG,0
এদেরকে যদি সময় মতো টিকা দিতো তাহলে আর আমাদের এই ছবি দেখতে হতো না তাই আপনার সন্তানকে সময় মতো টিকা দিন,NoAG,0
যে মানুষটার জামাতশিবির নিয়ে এতো ঘৃণা সেই মানুষটি কেন জামাতশিবিরের চর পাকিস্তানের নাগরিককে বিয়ে করতে গেলো বুঝলাম না বিয়ে করার সময় তিনি নিশ্চয় অবুঝ কিংবা নাবালিকা ছিলেন না,NoAG,0
গতবারের ফাইনালিষ্ট জার্মানি   আর্জেন্টিনার সময়টা খুব খারাপ যাচ্ছে  জার্মানি ইতিমধ্যে ১ গোল খেয়ে ফেলসে সুইডেনের সাথে,NoAG,0
স্টাফ নিস নির্বাচন কিন্তু তারা যাতে একটু সাহায্য প্রাপ্তিসাধ্য আপনি অভিশাপ জন্য কাছাকাছি চিরকাল অপেক্ষা ফ্যাব্রিক কাটা পেতে হবে তারপরে বেতন চিরকাল লাইনে অপেক্ষা আছে যেমন একটি দৈত্য দোকানের জন্য মনে হচ্ছে সেখানে  কর্মচারী আছে এটাই   হানকোক কাপড় তারা জানত গ্রাহকরা কীভাবে আচরণ করা,NoAG,0
ঢাকাতে যে বাসগুলো আগুন দেওয়া হয়েছে এগুলা হান্ডেট পার্সেন্ট আওয়ামী লীগের কাজ আওয়ামী লীগ ছাড়া এই বাসগুলো আর কেউ আগুন দেয় নাই,AG,1
নতুন বছর আসুক নিয়ে নতুন নতুন আশা পৃথিবীতে ছড়িয়ে দিক শুধু এ ভালোবাসা হানাহানি ভেদাভেদ সব কিছু ভুলে এস সবাই মিলে মিশে সৎ পথে চলি,NoAG,0
বাংলাদেশ পুলিশ এখন এক আতঙ্ক ছাড়া আর কিছু নয় সেটা সবাই জানে,NoAG,0
নাচিরা খানকির পোলার গুষ্টিরে কুমিল্লার মানুষে করছে,AG,1
সেইজন্যই জেলখানা মুসলিম ভর্তি অপরাধ করে সিংহভাগই মুসলিমরা খুন ধর্ষণ করে বেশীরভাগ মুসলমানরা,AG,1
ক্ষমতার লোভ লালসা তার পিছু চারছে না পুলিশ আর ছাত্রলীগের সন্ত্রাসী কর্মকান্ড সম্পর্কে তার মুখ বোবা আসছে আমার নারী কমতায়ন বৃদ্ধি করতে,AG,1
এক সময় আমি এই ক্যাফেটি ভালোবাসি কিন্তু প্রতিদিনের খাবারের খাদ্যে খাব ই খারপ কোরে ফেলসে আমিও তাদের বললাম আপনার খাবারের গুণমান বজায় রাখা কিন্তু তারা না এবং আজ আমার সাথে কী হবে তা আমি আশা করতে পারি না,NoAG,0
আন্ডালিব যে একটা শুয়োরের বাচ্চা ছাড়া আর কিছু না ,AG,1
ধর্ষন নির্যাতন সবই এক শুধু সময়টার পার্থক্য ১৯৭১ সালে আল বদর বাহিনী যেটা সমাপ্ত করতে পারেনি সেটা ২০২০ সালে আওয়ামী লীগ সমাপ্ত করতেছে জয় হোক আওয়ামী লীগের জয় বাংলা,AG,1
কিরে খানকির পোলা এই কথাগুলোর মধ্যে রাষ্ট্র বিরোধী ষড়যন্ত্র কই বলছে তোর মার ভোদা বেশ্যা মাগীর পোলা,AG,1
৩০ কোটা দাবির পিছনে লুকিয়ে আছে ৩ লাখ টাকার হাজার হাজার সার্টিফিকেটের টাকা লস যাবার করুণ আহাজারি,NoAG,0
হিন্দু ধর্ম নামে কোন ধর্ম নেই,AG,1
এইতে তোর বাবা তোর চেতনা থামানোর জন্য এইটারে  দরাকার তোরে পিটাই তোর চেতনা তোর পিছে দিয়ে ভরে দেওয়ার জন্য,NoAG,0
এদের কুকুরের মতো গুলি করে মারা দরকার	,AG,1
ভাই এরকম করনা আল্লাহ যদি তোমাকে পশু বানিয়ে দেয় তাহলে কেমন হবে বল এসব ছেড়ে কোরয়ানের প্রতিযোগিতা কর তোমার এই প্রতিভা ছেলে মেয়ের উপর পড়তে পারে তওবা কর  আর এসব করনা ভাই,NoAG,0
গাজীপুরের কাপাসিয়া উপজেলায় পানিতে ডুবে দুই বোনসহ তিন শিশুর মৃত্যু হয়েছে আজ শুক্রবার বিকেলে উপজেলার ঘাগটিয়া ইউনিয়নের চরখিরাটি গ্রামের তাতেরকান্দি এলাকায় এ ঘটনা ঘটে,NoAG,0
তারপর প্রবল বন্যার পানি তৈরি করলাম এবং ফসলি জমিগুলো পরিবর্তন করে দিলাম অকৃতজ্ঞ অহংকারী ছাড়া এমন শাস্তি আমি কাউকে দিই না ,NoAG,0
মুসলিম পশুদের যে বেঁচে থাকতে দেওয়া হয় ইন্ডিয়াতে সেটুকুই যথেষ্ট কারণ জিহাদি পশুদের বেঁচে থাকার কোনো অধিকার নেই,AG,1
তোর বাবামা জারজ খানকির পোলা তোর মাকে পতিতালয়ে চুদে তোকে জন্ম দিয়েছে তোর বাবা বুঝলি,AG,1
আওয়ামীলীগ যে আমাম হয়েছে তার প্রমাণ জিয়াউর রহমানের উপাধি নিয়ে টানাটানি করার মাধ্যমে বুঝা যাচ্ছে,AG,1
বাস্তবতা হল সংকট ভয়াবহ হলে দিন আনা দিন খাওয়া মানুষগুলো চরম বিপদে পড়বে,NoAG,0
বাংলাদেশের তথ্যপ্রযুক্তি ও প্রযুক্তি বিনিয়োগকারী প্রতিষ্ঠান ইজেনারেশন লিমিটেড এবং ভারতের এইচসিসি গ্রুপের সহযোগী প্রতিষ্ঠান হাইবার টেকনোক্রাট লিমিটেডের সাথে সমঝোতা চুক্তি স্বাক্ষর হয়েছে প্রধানমন্ত্রী শেখ হাসিনার ভারতে রাষ্ট্রীয় সফরকালে শুক্রবার নয়াদিল্লীর আইটিসি মোর্য হোটেলে ভারতবাংলাদেশ বিজনেস ফোরাম আইবিবিএফ এর উদ্বোধন শেষে এই সমঝোতা চুক্তি স্বাক্ষরিত হয়,NoAG,0
উস্কানি দেওয়ার জন্য হাসিনার বিরুদ্ধে মামলা করে রাখা উচিত,NoAG,0
ওর ঘরে গিয়ে দেখি ওর ঘাড়ের মাংস অর্ধেক  নেই আর মেঝেতে রক্ত পড়ে আছে শিবানি আর শিবানি নেই দিলাম এক চিৎকার দিয়ে দৈৗড় আমার কাকাদের বাসার দিকে,NoAG,0
এখনো মাইক্রোসফটের সার্চ সাইট বিংএ উঠে আসে ‘শিশুপর্নো’সংশ্লিষ্ট ফলাফল অথচ প্রায় বছরখানেক আগেই বিষয়টি সম্পর্কে অবহিত করা হয়েছিল মাইক্রোসফটকে মার্কিন প্রতিষ্ঠানটি সে সময় বলেছিল সমস্যাটির সমাধান করা হবে,NoAG,0
আজ রবীন্দ্রনাথ বেচে থাকলে তরে কবিতার ছন্দে চুদতো সালা,AG,1
সে টাকা নিয়ে মিয়ানমার তাদের তিন বছরের সামরিক বাজেট দেয়,NoAG,0
এসব পোস্ট সত্য কি মিথ্যা তা জানিনাআমি হলেবাবাকেই নিতাম বুকে তুলেটাকা নয়এটা দেখে মনে হচ্ছেওই বাবাকি ওদের জন্ম দেয়াই অপরাধ ছিল,NoAG,0
চুতমারানী খানকি মাগী সবগুলা এক ফ্রেমে সব বোকাচোদা,AG,1
আওয়ামী লীগ যা করেছে তা তো ক্ষমার অযোগ্য,AG,1
পাপিয়া আওয়ামীলীগের কেউ না সে জামায়াত শিবিরের প্রডাক্ট,AG,1
তুই আসলেই একটা মাদারচুদ তর পয়দায় তর বাপে ময়দা দেয় নাই,AG,1
মাহাবুর মেঝেতে আলো ফেলতেই লামহা চিৎকার করে উঠল সারা মেঝে রক্তমনে হচ্ছে রক্তেমাখা কিছু এইদিক দিয়ে টেনে নিয়ে গেছেসামনের দিক থেকে কারো হাসির আওয়াজ আসছিল,NoAG,0
﻿ভিন্ন স্বাদ  চমৎকার কিন্তু মেন্যু সীমিত ছিল সমৃদ্ধ করা প্রয়োজন,NoAG,0
সময় টিভি আওয়ামী লীগের দালাল,AG,1
ইসলাম ধর্মের আইন বর্বরতাকেও হার মানিয়েছে,AG,1
আওয়ামীলীগের চোরদের চুরি ধরিয়ে দেয়ার জন্য আপনাকে অসংখ্য ধন্যবা,AG,1
অযগ্য স্বাস্থ্য মন্ত্রী দেশটাকে ধংসের দিকে নিয়ে যাচ্ছে এই স্বাস্থ্য মন্ত্রীর পদত্যাগ দেয়া দরকার,AG,1
মনডাই কই তোর নুনুর আগায় দড়ি দিয়া বাইন্দা ইট ঝুলাই রাখি,AG,1
এটা একটি সুস্পষ্ট শিক্ষা খুব দারুণ কথা বাকি জারা আছেন শিখে নেন,NoAG,0
চুয়েটের একটা ভাইয়া মারা গেলো আজকে সড়ক দুর্ঘটনায় আর আপনি এসব পোস্ট করে যাচ্ছেন মানে কি বলতাম আর আপনাদের আড্ডাবাজ পুরা কার্টুনদের আনাগোনায় ভর্তি,NoAG,0
এভাবে আন্দোলন কখনও দমানো যায় না অবিলম্বে সুহেল এর নিঃশর্ত মুক্তি চাই সেই সাথে কোটা সংস্কার আন্দোলনকারিদের দাবী মেনে নেয়ার আহবান জানাই,NoAG,0
কোথায় ছেলে আর কোথায় মেয়ে কার সাথে কি পান্তা ভাতে ঘিহ্যাসকর,AG,1
আইও সব সময় আর নিজের মাতৃভাষায় কতা কই আর নিজ ভাষায় আর বালা লাগে কে কি কইলো না কইলো এগিন আই মাতাতেই লই না আর নিজের মাতৃভাষায় কতা হুনলে আর হরান জুরাই যায়,NoAG,0
অথচ আরো হাজারো উদ্ভট নামে ফেইসবুক আইডি রয়েছে সেগুলো নিয়ে কিন্তু কখনো ট্রল হতে দেখিনা আসলে এখানে স্টাটাস একটা ফ্যাক্ট ,NoAG,0
আমার কাছে প্রথম থেকেই গানটাকে ডিস্টার্বিং মনে হয়েছে কাইন্ড অব ব্লেইম গেইম আমার মতে এই গানটার বিপুল জনপ্রিয়তা এইটাই প্রমাণ করে যে বাঙালি এখনও ব্রেক আপ বিষয়টাকে স্মার্টলি হ্যান্ডেল করতে পারে না,NoAG,0
হিন্দুদের ধর্মিয় বই আর পাগলের প্রলাপের মাঝে কোন পার্থক্য নেই,AG,1
বিশাল বড় দল বছর এর নেত্রী পর বছর জেলে থাকে কিছু করতে পারেনি খালি মিডিয়ায় ভ্যা ভ্যা করে,AG,1
আমরা আজ পর্যন্ত একটা ব্যাচ ডে পাইলাম না আর একবার পেয়েও করতে পারলাম না,NoAG,0
কেরে  দেশ কি তোদের কাছে লিজ দিয়েছি,NoAG,0
কিন্তু আপনি তার মনে ছিল প্রতিদিন তিনি আপনাকে বেশি ভালোবাসতেন বিশ্বের অন্য কিছুর চেয়ে ,NoAG,0
জিম্বাবুয়ে আছে বলেই বিড়াল গুলো আজ বাঘ হয়েগেছে তা  না হলে তো ওরা বিড়াল থেকেও নিকৃষ্ট হয়ে  যায়,NoAG,0
মাফিয়ালীগ বাংলার মানুস তোদের চাড়বে না মনে রাখিস,AG,1
র‌্যাম্প মডেলদের কাছে ফিট থাকাটা তাঁদের পেশারই অংশ নিজেদের সেভাবেই প্রস্তুত করেন তাঁরা ফিট না থাকলে কেউ র‌্যাম্প মডেল হতে পারবেন না এখনকার র‌্যাম্প মডেলরা জিমে যান শরীর ভালো রাখার জন্য নানা নিয়ম মেনে চলেন এটা তাঁদের ক্যারিয়ার বা পেশাগত চাহিদা থেকেই করেন,NoAG,0
বিএনপি যে এনালগ রয়ে গেল তা ক্যামেরার পজিশন দেখে নির্নয় করা যায়,AG,1
এখন তো মেয়েরা ছেলেদের কাছ থেকে যৌতুক নেয়,AG,1
হিন্দু হঠাও বাংলাদেশ বাঁচাও,AG,1
বিয়ে তো করছে এক মক্কল বেডারে যেন বাইরে বাইরে ইত্রামি করতে পারে,AG,1
পূজা বলতে আমি ভন্ডামি ও মূর্তীর উপাসনা বুঝি,AG,1
আপনার ভগবানের ত ঠিক নেই আপনি আর কি বুঝাবেন শালা আবুজাহেল,AG,1
বাংলার মাটিতে আর কেউ দিতীয় বিয়ে করার আগে একবার হলেও চিন্তা করবেন বউ কি জিনিস,AG,1
দেখা যাচ্ছে রোগীরা বহির্বিভাগে তিন টাকা দিয়ে টিকিট নেয় স্বাস্থ্য কমপ্লেক্সের কমিউনিটি ভিশন সেন্টারে কর্মরত নার্স যন্ত্রপাতির মাধ্যমে তাদের প্রথমে পরীক্ষানিরীক্ষা করেন,NoAG,0
কিরে শুয়োরের বাচ্চা বল,AG,1
কিরে জুনায়েদ মাগির পোলা হ্যাডা কালা বুসকি মাগির পোলা,AG,1
এই সাজেদা তুই একটি মাগি বেশ্যা অপু মাগি নয়তুই একটি খানকি,AG,1
তাকে বলে দিও এই বোধ আমাকে সব সময় কষ্ট দিয়েছে নিজেকে আমার মানুষ হিসেবে খুব ছোট বলে মনে হয়েছে এবং তার পরিণতিতে আমার ভেতর নিজেকে লুকিয়ে রাখার একটা মনোবৃত্তি তৈরি হয়ে যায় আমি সব সময় সব কিছু থেকে পালিয়ে থাকতে পারলেই স্বস্তি বোধ করেছি,NoAG,0
একদিন চেক ইন দে কই আছস কই যাস তারপর দেখ তোর জিরবায় যদি কুত্তার গু না লাগাইছি আমার নাম তানভীর না,AG,1
গাব্রিয়েলা সে যা যা সম্পর্কে বলেছে সবকিছু মিথ্যাপরিবেশ রোমান্টিক কিন্তু দরিদ্র সেবা ও খাদ্য ভয়ানক  ,NoAG,0
ধর্ষণকে জাস্টিফাই করার জন্য দুইটা কারণ যথেষ্ট ১ ধর্ষণ তো করছে বিএনপি জামাতের লোক ২ ধর্ষণ তো করছে  আওয়ামী লীগের লোকঅথচ কেউ চিন্তা করে না অপরাধীর কোন জাত ধর্ম দল থাকতে পারে না  অপরাধী অপরাধীই সে যেই কেউ  হোক না কেন,NoAG,0
ওই বয়স্ক লোক টার ঘায়ে হাত দেয়া টা ঠিক হয় নাই যে লাইভে আসছেন আপনার আচার ব্যবহার ঠিক করেন আগে নিজে ভদ্রতা শিখুন,NoAG,0
কোয়ালিটি লেখকগিরি আর সঠিক তথ্য ও উপাত্তের ভিত্তিতে যদি কোন লেখা হয়ে থাকে সেটি হচ্ছে আপনার প্রতিটি লেখাযেটা শুধু পড়েই আফসোস মেটেনা,NoAG,0
ওই কুকুরের বাচ্চা মেয়ে দেখলে দন খারা হয়ে যাই নাকি সালার,AG,1
কারন তারা সঠিক রাজনীতি করে গনমানুষের প্রতিনিধিত্ব করে,NoAG,0
তোর মা বেশ্যা ছিল তোর মা তোকে বলে নি কারন জারস ইসলামে দাসি কে রেপ করার নিয়ম আছে,AG,1
সুতরাং সেই অহংকার থেকে মুক্তি পান এবং ভাগ্যবানদের সাথে বিনীত ও সমবেদনা সহকারে আচরণ করুন  আপনার অহংকার থেকে মুক্তি পান এবং নম্র হতে শিখুন ,NoAG,0
কক্সবাজারের কুতুবদিয়া উপজেলায় দুই স্কুলছাত্রকে অচেতন করে ধর্ষণের অভিযোগ উঠেছে এ ঘটনায় আওয়ামী লীগের নেতা শেখ শহিদুল ইসলাম ৪৮ ও তাঁর দোকানের কর্মচারী মোহাম্মদ নওশাদকে ২২ আটক করেছে পুলিশ,NoAG,0
হিন্দু ধর্ম কিব্যভিচার এবং চিত্তবিনোদন পূর্ণআপনি কি বলেন,AG,1
আজ সকালে আমাদের পাশের বিল্ডিং এর নিচতলার একজন মহিলা তড়িতাহিত হয়ে মারা গিয়েছেন,NoAG,0
বিভিন্ন তারকা হোটেলে বাংলাদেশে অবস্থানকারী বিদেশি কিছু অতিথি দীর্ঘ মেয়াদে অবস্থান করেন করোনা–আতঙ্কে তাঁরাও চলে যাচ্ছেন এ অবস্থা চলতে থাকলে হোটেলগুলো একেবারে অতিথিশূন্য হয়ে পড়বে,NoAG,0
কুকুরের জাতভাই শোন পারলে আমার যুক্তিগুলো ভেঙে দেখা আর তোর লুইচ্চা খানকির ছেলে শ্রীকৃষ্ণকে কেন স্মরণ করব এটা ভাবাটাও বোকামি বরং এটা তোদেরই কাজ আর আমি তোদের মত কুকুরের জাতের সাথে আর একটি কথাও বলব না খোমোখা আর আমাকে কমেন্ট করে বিরক্ত করবি না খানকির ছেলে,AG,1
ভারত হলো হিন্দু দেশ মুসলিম দের কোন খমতা থাকা ইচিত না,AG,1
তোমার পরিক্ষা ভালো হোক ভাগ্য তোমার প্রসন্ন হোক বন্ধু  শুভ জন্মদিন,NoAG,0
এর জন্য ক‌ঠিন শা‌স্তির ব্যবস্থা চালু করা হোক যা‌তে ক‌রে অন্য‌ ইয়াবা ব্যবসায়ী‌দের ম‌ধ্যে আতঙ্ক দেখা দেয়৷,NoAG,0
কুত্তালীগ এই সেই লোক যার জুতার বারি খাওয়ার পর ও আরো খেতে চাইতেছে,AG,1
লবণ খেলে তেজস্ক্রিয়তা থেকে রক্ষা পাওয়া যায় এই গুজবে চীনে ২০১১ সালের মার্চ মাসে এক দিনেই সব লবণ বিক্রি হয়ে যায় লবণ কেনার হিড়িকে সেখানে দাম বেড়ে গিয়েছিল কয়েক গুণ,NoAG,0
আমি গুরুতরভাবে ফ্রাঙ্ক কএর দ্বারা ভুল পথে চালিত করা হয়েছিল এটা গরম কিন্তু খাদ্য খারাপ নয় পুনঃমূল্যায়ন খুব ঠান্ডা ছিল এবং এ পর্যন্ত খারাপ খাদ্য দ্বারা আমি কখনো খেয়েছি তুমি আমাকে ফিরতে পেতে  আমার এখানে টেনে নিয়ে করতে হবে,NoAG,0
আমি মাশরাপিকে বলতেছাই যেমন কথায আছে চোরের সাথে হাটিলে সেইও চোর হয তুমি হইছ সৈরাছার সরকারের এমপি তুমি যতই ভাল কাজ কর তোমাকে ও জনগণ সৈরাছারের এম পি বলিবে আর সৈরাছারের কাছে ভাল কিছু আশা করা যায না,AG,1
বেসামরিক বিমান পরিবহন ও পর্যটন প্রতিমন্ত্রী মাহবুব আলী বলেছেন ২০১৮১৯ অর্থ বছরে বিমান বাংলাদেশ এয়ারলাইন্সের লাভ হয়েছে ২৭২ কোটি টাকা বুধবার ৩১ জুলাই সচিবালয়ে বিমান পরিবহনের সম্মেলন কক্ষে এ তথ্য জানান তিনি,NoAG,0
ওদের বিরুদ্ধে রেগিং এর অভিযোগ আনা  হইছে কিন্তু তাই বলে স্যার হয়ে এলোপাথাড়ি মারবে,NoAG,0
আমি বলতে চাই আমি গত পাঁচ বছর বা তার কাছাকাছি কয়েক বার বছরে গোষ্ঠগৃহ চলেছি নেই আমার ঘটনাস্থল সবচেয়ে বুদ্ধিমান ব্যক্তি যে সব উপায়ে কোন কিন্তু এখানেই শো আমি এখানে দেখা করেছি মধ্যে কিছু খুব সাধারণ থিম হয় যদিও শিল্পী বিভিন্ন ঘরানার বিভিন্ন জনতা এবং বছরের এমনকি বিভিন্ন সময় ছিলশব্দ মানের ভয়ানক গত তিন ব্যান্ড যে আমি সেখানে দেখেছি এবং পাশাপাশি অন্যান্য স্থানগুলোতে দেখা হয়েছে সব অভিযোগ করেন যে তারা শব্দ ডান তাদের মনিটরে বা বাড়িতে পাই নি আমার কাছে যে একটি প্রধান পালা বন্ধ যদি ব্যান্ড তাদের শব্দ সহ সুখী নয় তারা খুব খেলতে মানুষকে প্রেরণা পায় এই যাচ্ছি হতে পারে এটি একটি হতমান পর্যবেক্ষণ কিন্তু মনে হচ্ছে যে শুধুমাত্র ব্যান্ড যে এই ঘটনাস্থল কাছে ফিরে যাবে বেশী যে প্লে সংগীত যেখানে শব্দ মানের না  ধরুন বলি বা গুরুত্বপূর্ণ হিসাবে দিন ধাতু হার্ডকোর প্রহারকারী  হিপহপ যাই হোক না কেন তুমি এটাকেঘটনাস্থল এছাড়াও গরম আমি আমি একটি অবস্থান দ্বারা পর্যালোচনা করার পূর্বে অন্যদের রিভিউ পড়তে না কারণ আমি আমার মতামত স্কিউ হতে চাই না কিন্তু আমি খেয়াল কেউ বলেন প্যান্ট পরতে না সত্যি বলতে একটি সত্যিই ভাল ডগা যে শেষ শো আমি এখানে দেখেছি জুন ছিল আমি জানি এটা ফিনিক্স গ্রীষ্মে এটা বজায় স্তন্যপান কিন্তু আপনি যখন ঘটনাস্থল থেকে প্রস্থান করুন এবং এটি লক্ষণীয়ভাবে এবং উল্লেখযোগ্যভাবে হয় ঘটনাস্থল ভিতরে আমরা পেয়েছেন বিচার্য বিষয়গুলোর চেয়ে শীতল তারা    চালানোর সামর্থ্য নেইযে প্রশ্নের উত্তর হল হয়তো না বার কর্মীর অভাবযুক্ত করা হয় এবং পৃষ্ঠপোষকদের সবদিকে আপ রেখাযুক্ত করা + গভীর বলে মনে হচ্ছে কখনও কখনও আপনি করতে টাকা টাকা খরচ করতে পেয়েছেন আরো  গ্রাহকদের দ্রুত পরিবেশিত পেতে ভাড়া এইভাবে তাদের পানীয় এবং ক্রয় আরো গ্রাস আরো সময় দেয় মানে আপনি আরো বিক্রি করতে পারেন যার মানে আপনি আরো অর্থ উপার্জন করতে হবে যে কি একটা ধারণাশুধু একটি ব্যবসা ধ্বংস ঘৃণা কিন্তু আশা করছি তারা প্রতিক্রিয়া গঠনমূলক মনোযোগ হবে তখন পর্যন্ত মনে রাখবেন যদি আপনি সবসময় শিল্পী আপনি একটি কম বিন্যাসে দেখতে যাচ্ছি শুনতে চেয়েছিলেন করেছি এখানে আপনার সুযোগ যদি আপনি সবসময় প্যাণ্ট পরা ত্যাগ করতে চেয়েছিলেন আমি আপনাকে সমর্থন এবং পরিশেষে আপনি  একটি বোতল লুকাতে একটি চতুর উপায় নৈপুণ্য উচিত যেহেতু আপনার কাজ হবে না যদিও এই কঠিন  তলা হতে পারে,NoAG,0
ভাই এই খানকিরপলাদের   পাবনার মানসিক হাসপাতালে ভর্তি করানো উচিত,AG,1
নুরের চাকরানি হবার ও যোগ্যতা নেই মিরার কিন্তু হয়ে গেলেনএমপি  এটাই হচ্ছে আমার সোনার বাংলাদেশ,AG,1
তুই শুয়রের বাচ্চা,AG,1
﻿দারুন খাবার  পরিবেশ একটি মধ্য প্রাচ্যের গন্ধ দেয় চমৎকার ,NoAG,0
আমরা আবার ভারতকে মুসলিম দেশ বানাবো রাম রাজ্যের খেলা সময় শেষ হয়ে এসেছে,AG,1
যে পুতুল নিজেরা তৈরি করে মাটির ঘর দিয়ে সে পুতুলের তাকে ভগবান তাকে ভগবান মানা তো দূরে থাক তাকে দেখলে হাস্যকর মনে হয় তোমাদের মাটির পুতুল কে একটা থাপ্পড় মেরে দেখো সে তোমাকে কি করতে পারবে কিছুই করতে পারবে না আজকেই ট্রাই করে দেখো কোন প্রতিক্রিয়া পাবেনা সে মুক্তির মতো দাড়িয়ে থাকবে হাহাহাহাহা,AG,1
বি এন পি শালারা আবার  দেয় শুনলেও হাসি পায়  শালারা ঘর থেকে নামে না আবার বড় বড় কথা,AG,1
বৃহত্তর খেনাডার জনপ্রিয় কফিশপ টিম হরটনস খেনেইডিয়ানরা খুব কফিপ্রিয় বা বলা যায় খুব টিম হরটনস প্রিয় ইউটিউবে সার্চ করলে দেখা যাবে যে কিছু ভিডিও আছে যেখানে ৪০ ডিগ্রি সেলসিয়াস তাপমাত্রায় রেড ওয়েদার এলার্টের মাঝেও কেউ কেউ বের হয়ে পড়েছেন টিম হরটনস থেকে এক কাপ গরম কফির খোঁজে এহেন জনপ্রিয় কফিশপ টিম হরটনসও খেনেইডিয়ানের পাশে আছে সহমতভাইসাথেইআছি বলে পুরো বৃহত্তর খেনাডায় প্রায় পাঁচ হাজার লোকেশনে এখন হয়েছে কী ভারতের হরিয়ানা রাজ্যের যমুনানগর শহরে জনৈক ব্যক্তি এই টিম হরটনসের নাম এবং লোগো কপি করে সামান্য পরিবর্তন করে টিম হটেনস নামে কফি শপ খুলে ব্যবসা করছেন এই খবর টিম হরটনস কফি কোম্পানির কানে পৌঁছেছে তাঁরা অনুসন্ধান করে দেখেছেন যে ২০১৬ এর কোন এক সময় হতে এই দোকানটি টিম হরটনসের ট্রেডমার্ক কপি করে ব্যবসা করে যাচ্ছেন টিম হরটনস কফি কোম্পানি এখন এই ভুয়া টিম হটেনসকে কীভাবে বন্ধ করা যায় সেটা নিয়ে কাজ করছেন ২০১৫ তে সাউথ কোরিয়ায় জনৈক কোরিয়ান টিম হরটনসের নাম ও লোগো কপি করে টিম মরটনস নামে দোকান খুলেছিলেন টিম হরটনস সম্ভবত তখন আইনআদালত করে সেই টিম মরটনসটি বন্ধ করেছিলেন বিখ্যাত চেইন শপের নাম পুরো বা আংশিক কপি করার ঘটনা এই প্রথম নয় বৃহত্তর ম্যারিখান কফি শপ স্টারবাকসের নানাবিধ কপিক্যাট ইতিপূর্বে বিশ্ব দেখেছে দেখেছে ম্যাকডোনাল্ডস বা বার্গার কিংয়ের কপি,NoAG,0
আপনাদের বেদে কেন ভয়ঙ্কর বৈজ্ঞানিক ভুল আছে  কথা ঘোরাবেন না আর পালিয়ে যাবেন না কথা দিয়েছেন,AG,1
প্রতিদিন কিছু ইচ্ছেকে পুড়িয়ে মারিপ্রতিদিন কিছু ইচ্ছেকে পাঠাই নির্বাসনেভালবাসা কি ভীষণ প্রতারকহৃদয় ভেঙেছে যার সেই জানে,NoAG,0
পাপিয়াকে জনগণের সামনে গণধর্ষণ করা হোক,AG,1
ভাই জানতামই না মিস ওয়ার্ল্ড বাংলাদেশ ২০১৯ হয়ছে আপনে রোষ্ট না করলে জানতাম ই না সব চেয়ে বড় কথা হল উপরে একজন মানুষ বসে আছে,NoAG,0
আখন্ড হিন্দু ভারতএটাই একমাত্র পথহিন্দু হও নয় পাকিস্তান যাও,AG,1
ভাল থাকুক পৃথিবীতে বেচে থাকা প্রতিটা বোন নিরাপদে থাক ভাই বোনের এত প্রেম আর এত ভালবাসা,NoAG,0
সব জালিয়ে দেও আওয়ামিলিগে,AG,1
কোনো পার্থক্য নেই সব মুসলিম এক একটি সন্ত্রাসী ওরা সন্ত্রাস কে ভালোবাসে কারণ ওরা জবাই করেতাই ওরা জবাই কে ভালোবাসে ওরা নিজেদের মা বাপ কেও জবাই করতে পিছ পা হবে না যদি এতে ওদের কোনো স্বার্থ সিদ্ধি হয় নিপাত যাক ইসলামের মুসলীম,AG,1
আন্দালিব ভাই  এই মাগীর পুতেরা কিসু জানে না  সালারা বুড়া ভাম,AG,1
আমি প্রচন্ড ভয় পেলাম হাতপা কাঁপতে শুরু করলো আমার আমি কোনোমতে মোবাইলটা বের করে ফেসবুকে ঢুকলাম দেখলাম তামান্না এক্টিভ,NoAG,0
শেষ হাসিনা উন্নয়নের মুলা ঝুলিয়ে বাংগালীকে বোকা বানাচ্ছে এ মুলা আর কত কাল ঝুলাবে,AG,1
জাতীয় দলে ঢোকার আগের ধাপটাই তো অনূর্ধ্ব১৯ যেহেতু বয়সভিত্তিক এ দল থেকে অনেকেই সরাসরি উঠে আসেন জাতীয় দলে শরিফুল ইসলাম কি সে পথেই হাঁটছেন পচেফস্ট্রুমে আজ অনূর্ধ্ব১৯ বিশ্বকাপ সেমিফাইনালে নিউজিল্যান্ডের ব্যাটসম্যানদের গতি ও সুইংয়ে নাকানিচুবানি খাইয়েছেন বাঁহাতি এ পেসার,NoAG,0
তুই মরলে দেশে শান্তি আসবে রে মাদারচোদ,AG,1
একটা কথা পরিষ্কার হোলো তোমার সাথে কথা বলে মস্তিষ্কের দোষ না থাকলে কেউ মুসলিম হয়না,AG,1
তুমি চোখের আড়াল হও কাছে কিবা দূরে রও মনে রেখো আমিও ছিলাম এই মন তোমাকে দিলাম এই প্রেম তোমাকে দিলাম,NoAG,0
﻿কেউ যদি মসলাযুক্ত চই বাংলাদেশী মশাল মশাল স্বাদযুক্ত মাংস চায় তবে এটি একটি অত্যন্ত পছন্দসই স্থান হওয়া উচিত,NoAG,0
সব‌ চে‌য়ে ভা‌লো লাগ‌লো তি‌নি সমস্ত খাবার ঢেকে রাখেন  যা‌ সচরাচর আমরা দেখ‌তে পাই না  তার জন্য তিনা‌কে ধন্যবাদ ,NoAG,0
মাদারচোদ তর বাপ ত আমি তাই তুই আমার কাস থাকে গালি শিকচছএক বেশ্যা চুইদা ফাটা কনডম এর ফসল তুই,AG,1
আমি ব্যক্তিগতভাবে মুসলিম ধর্ম বাদ দিয়ে সকল ধর্মকে শ্রদ্ধা চোখে দেখি ও সম্মান করি,AG,1
সংগঠনটি কার্যক্রম শুরু করার পরের বছর ফার্গুসনের শ্বেতাঙ্গ পুলিশ কর্মকর্তা ড্যারেন উইলসনের হাতে খুন হয় ১৮ বছর বয়সী কৃষ্ণাঙ্গ কিশোর মাইক ব্রাউন,NoAG,0
এ কেমন আচারন  দিন দিন দেশে কি শুরু হলো খাটাশ গুলার ব্যবহার কি রকম মেয়েটার ফোন থেকে তার স্বামীকে ফোন নাম্বার  নিয়ে ফোন দিলেই পারতো রাস্তায়  এভাবে টানা টানি করে মেয়ে জাতির মান সম্মান শেষ করে দিলো মান তো তিনজনের শেষ,NoAG,0
দিয়াজ ইরফান চৌধুরী ভাইয়ের ২য় মৃত্যু বার্ষিকী উপলক্ষে চট্টগ্রাম বিশ্ববিদ্যালয় ছাত্রলীগের পক্ষ থেকে শোক র‍্যালীকবরে পুস্পস্তবক অর্পনমিলাদ ও দোয়া মাহফিল অনুষ্ঠিত,NoAG,0
একজন প্রাক্তন মেডিক্যাল রিপ্রেজেন্টেটিভ হিসেবে বলছি ফেরেশতার মতো ডাক্তার আছেন যাদের ভরসায় আমরা এখনও বেঁচে আছি কিন্তু তারা সীমিত ,NoAG,0
তর মাকে সুদে সুনা ফাটিয়ে দেবো তর ঠিকানা দে,AG,1
বেশ্যা মাগী বাল ফালাইয়া আটি বান,AG,1
পাকিস্তানে এ ধরনের হামলা চালানোর অর্থ হলো পাকিস্তানের হামলার মুখে পড়া পাকিস্তানও যে বিমান হামলা করে ভারতের পারমাণবিক প্রকল্পগুলো ধ্বংস করে দেবে এ বিষয়ে ভারত নিশ্চিত ছিল,NoAG,0
জিয়াউর রহমানের মৃত্যুর  বৎসর পর খেতাব বাতিল করার চেষ্টা সরকারের মূর্খ অজ্ঞ ছাড়া আর কিছুই না,AG,1
কারো মন খারাপ থাকলে চাঁদ টা দেখতে পারো  মন ভালো হয়ে যাবে অসম্ভব সুন্দর লাগছে চাঁদ টা আজ ,NoAG,0
আওয়ামিলীগ এর অপর নাম চোরলীগ,AG,1
এতগুলো মানুষের একসাথে মর্মান্তিক মৃত্যূ হৃদয় বিদারক,NoAG,0
সত্যিই মানুষকে মানুষ মরণের পর যে সন্মান আর ভালোবাসাটা দেয় ঠিক সেই সন্মান আর একটু ভালোবাসা যদি জীবিত অবস্থায় দিতো না জানি সে কত খুশি হতো তা পেয়ে,NoAG,0
তুমি সব সময় আমার পাশে থাকো তবু কেন তোমাকে দেখি না থাকতে হবে আশায় আশায় জানলে ভালোবাসা করতাম না সাগরের পাশে বাস করে পিপাসায় মরতাম না,NoAG,0
ফিকশনের ভার না বুঝে হুদাই ফাল পারলে সমস্যা এটা মানি হাইস্ট দেখে এতো কথা বললাম ব্যাপারটা এমন না সব কিছুর আলাদা ব্যাপার আছে আর যার যার নিজের সেক্টরের বাইরে খবরদারি করা বলদামি ছাড়া কিছু না,NoAG,0
তোদের নবী একটা শিশু মাদী উট চুদেছিল সেটা জানিস তো,AG,1
আওয়ামীলীগ বাংলাদেশের কখনও ভালো চায়নি,AG,1
সব মুসলমান মিথ্যাবাদী ও জাহান্নামি কারণ ইসলামে  ফিরকা একজন যাবে বেহেস্তে আর সবাই জাহান্নমে নবী সাহেবকে ভরসা করা যায় না যে নিজের বাপ মাকে নরকের আগুন থেকে রক্ষা করতে পারে না সে আলি জালি মুসলমানদের রক্ষা করবে ,AG,1
মূর্তি তো মূর্তিই পুতুল পাপেট নিজেরা বানায় নিজেরা পূজা করে ভগবান রে নিজেরা বানায় হাহাহা হাস্যকর ধর্ম ৩৩ কোটি ভগবান,AG,1
আওয়ামীলীগ এর বাংলাদেশ জায়গানাই হটাও হাছিনা,AG,1
তোর উপরে আল্লাহর পক্ষে থেকে গযব নাজিল করুকতোদের পূজা যেখানে হয়এখানে আল্লাহ গযব নাজিল করেমুনাফিকআবু জাহেল তোরারদল,AG,1
জামাতে ইসলামী বাংলাদেশের সবচেয়ে শক্তিশালী রাজনৈতিক দল,AG,1
ধারদেনা ও বিভিন্ন এনজিও থেকে ঋণ নিয়ে উপজেলার কলা চাষীরা কলার চাষ করেন কিন্তু কৃষকের স্বপ্নকে লণ্ডভণ্ড করে দেয় সর্বনাশা ঘূর্ণিঝড় বুলবুল,NoAG,0
গরুকে মা বলস ছাগলকে বলতে পারিস না🐐🐃🐄🤣এ যেন সন্তানের পায়ের নিচে মায়ের স্বর্গ,AG,1
ইউরোপজুড়ে ছড়িয়ে থাকা নাৎসি কন্সেন্ট্রেশন ক্যাম্প থেকে টাকা পাসপোর্ট দলিল জালিয়াতের অভিযোগে গ্রেফতার ইহুদিদের খুঁজে বের করেন,NoAG,0
এটা আমার প্রথম বছর বিক্রি পোশাক অ্যারিজোনা অংশগ্রহণ শুধু কিভাবে ব্যস্ত তার  সেখানে হতে বিচরণ  সামান্য চিন্তিত কেউ আমার উত্তর দিতে পারবেন ,NoAG,0
বর্ত্তমান কালে শ্বশুরকে দিয়ে ধর্ষণ করাবার জন্য নিজ স্ত্রীকে বারে বারে তিন তালাক দিতেন স্বামী পিসলাম ধর্মে ইহা হালাল,AG,1
জাপানে শেষবারের মতো বার্তা এল পেজারে এরপর দেশটিতে আর কখনোই ব্যবহৃত হবে না এ যন্ত্রটি জাপানের সর্বশেষ পেজার সেবাদাতা প্রতিষ্ঠানের পেজারে শেষ বার্তার শব্দ বেজেছে বিদায়ী পেজারে আসা শেষ বার্তাটি ছিল একটি জাপানি কোড ‘১১৪১০৬৪’ কোডটির অর্থ ‘আমরা তোমাকে ভালোবাসি’,NoAG,0
তোমাকে দেয়া হলো জনগণের সুরক্ষার দায়িত্ব আর তুমি ওদের জ্বালিয়ে দিবে বাহ্ ভালো তোআদর্শ রাষ্ট্রপ্রধান হতে,NoAG,0
২০১২ এর পর যারা ভোটার হইছে তারা স্মার্ট কার্ড পাবে না,NoAG,0
যদি উরুগুয়ে ভাল দলতবে মিশরের আছে সালাহ এর মত প্লেয়ারঅনিশ্চিত সব মাঠের খেলায় চোখ রাখা দরকার,NoAG,0
শুন হিন্দুদের দোষ খোজ না করে আগে ইসলাম ভাল করে জান দেখবি তুই নাস্তিক হয়ে জাবি কোন সুস্থ বিবেক বান মানুষ তোর ইসলাম কোরান শরীফ হাদিস নিজ মাতৃভাষা পড়লে ইসলাম ছেড়ে একশ দূরে পালাবেহিন্দু ধম অনেক ভাল আছে,AG,1
তুই একটা নটির পোলা তোর জন্মের ঠিক নাই রেশমার বেটা,AG,1
ইসলাম হলো পৃথিবীর জন্য অভিশাপ ইসলাম না আসলে পৃথিবী অনেক শান্তিপূর্ণ জায়গা হতো,AG,1
তোদের  মুখে  জাস্ট  মারলে  তবে  ঠিক  হবে 	,AG,1
অসাধারাণ আপনার অনুষ্ঠানটা সব সময় দেখা হয়,NoAG,0
হিন্দুরা সব চেয়ে শব্দ দুষন করেআমার বাসার সামনে এক হিন্দু পরিবার সারাদিন আইসক্রিমের গুনটুরি বাজায় আর কুলু কুলু বলে সারাদিন,AG,1
পড়তে ভালো লেগেছে জানা গেছে দ্রষ্টব্য নিয়ে দরকারি তথ্য প্রথম মন্তব্যে আরিফ যা লিখেছেন সেটা থাকলে আরো ভাল লাগবে,NoAG,0
আমাদের সেনা বাহিনী তোদের গাঁড়ে বেয়নেট ঢোকাবে আর মুখ দিয়ে বের করবে  তখন আল্লাহ বলেও ডাকতে পারবি না,AG,1
স্কুলে পড়ার সময় ক্রুজের কুস্তি খেলার প্রতি বেশ আগ্রহ ছিল কিন্তু হাঁটুতে ব্যথা পাওয়ার পর কুস্তি ছেড়ে তিনি স্কুলের বার্ষিক প্রযোজনা ‘গাইজ্ অ্যান্ড ডলস’এ অডিশন দেওয়ার মধ্য দিয়ে অভিনয়ে নাম লেখান,NoAG,0
আর  এটাও  ন্যাচারাল  মুসলিমরা  অনেক  বেশি  নৃশংস  হয় শালার  জাত  পশুর  জাত	,AG,1
ধর্ষকদের রাজনৈতিক পরিচয় থাকলে তাদের বিপক্ষে যাওয়া কঠিন,NoAG,0
খানকির পোলা বাংলা পড়তে পারিস না খানকির পোলা ইংলিশ চোদায়,AG,1
ওর মৃদু হাসিটা এবার অনেক ভয়ানক হতে লাগলো এতো বেশি উচ্চস্বরে হাসতে লাগলো যেন চারপাশের গাছপালা ছিড়ে ওর মুখের ভেতর চলে আসবে আমি দুই কান চেপে ধরে চোখগুলো বন্ধ করে নিলাম,NoAG,0
পাগলা চোদা  মাদারচোদ  কুত্তার বাচ্চা ,AG,1
গনতন্ত্র হত্যা করে মিথ্যা মামলায় খালেদা জিয়াকে জেলখানায় মৃত্যুর মুখে ঠেলে দিয়ছেভোট চুরি ডাকাতি করে অবৈধভাবে সরকার গঠন করে মানুষের মৌলিক অধিকার কেরে নিয়ে হাজার হাজার মানুষ খুন করে গুম করে নারী নির্যাতন করে জনগণের হক্ব টাকা পয়সা লুট পাট করে নিয়ে যাচ্ছে শেখ হাসিনা অবৈধ সরকার ও তার দল,AG,1
কিসের বিচার  আপনাদের জন্য দেশ আজ  অন্ধকার যুগে চলে গেছে বিচারে নামে প্রহসন করে আমাদের মত গরিবদের আর লজজা দিবেন না কেন এখন জানি মনে হয় আল্লাহ আমাদের তৈরি করেছেন আপনাদের হাতের খেলনা হওয়ার জন্য বিচার করতে হলে আপনাদের বিচার আগে করলে বাকি সব আপনতেই ঠিক হত,NoAG,0
পরম খারাপ সেবা আমি সম্মুখীন হয়েছি আমার প্রেমিক পুত্র এবং আমি একটি  খেতে বসেছিল আমরা একটি ভাল জন্য উপেক্ষা করা হয়েছে  মিনিট পর্যন্ত আমার ছেলেবন্ধুর দয়া করে কেউ আমাদের কিছু পান করতে পেতে আছে ম্যানেজার জিজ্ঞাসা করার ছিল একবার আমরা আমাদের পানীয় থাকত তাহলে আমাদের খাদ্য অর্ডার অন্য  মিনিট নেন সেই সময়ের মধ্যে অন্য পরিবার আমাদের টেবিলে বসলেন আমার ছেলে ও প্রেমিক  মেনু থেকে একটি খাবার আদেশ আমি সুশি ছিল যে টেবিলের উপর সবাই তাদের খাবার পেয়েছিলাম এবং আমি এখনও আমার সুশি পাই নি আমি সার্ভারের জিজ্ঞাসা এটা আনতে সন্তুষ্ট করতে এবং সে অন্য কারো অর্ডার আনা আমি আমার সুশি জন্য আরেকটি  মিনিট অপেক্ষা করতে হয়েছিল আমাদের টেবিলের উপর পরিবার পাশাপাশি আমাদের জন্য মন খারাপ হয়খাদ্য চমৎকার সেবা যাতে দরিদ্র আমি হতাশ হয় আমি পরামর্শ যারা এখানে আসে সুশি বার এবং পাচক সঙ্গে চুক্তি এ বসতে তারা মহান আমি মালিককে বললাম এবং তিনি শুধু সার্ভার হিসাবে খারাপ ছিলআমি তারপর এটা অন্য চেষ্টা দিলেন আমি সেখানে আমার বান্ধবীরা দেখা হল আমরা ডিনার ছিল   টিরও বেশি অতিবাহিত আমরা তখন বার এলাকা থেকে চলে এবং সম্পূর্ণরূপে সম্পর্কে বিস্মৃত হয়েছে আমরা ম্যানেজার  মালিকের জিজ্ঞাসা কেউ এসেছি আমাদের যত্ন নিতে দয়া করে এবং আমরা বলা হয়েছিল যে তারা কারণ আমরা মদ্যপান এবং আমাদের সঙ্গে বাচ্চাদের ছিল সেটা সংশ্লিষ্ট করা হয়েছে আমার বান্ধবীরা এক তার বাচ্চাদের ছিল কিন্তু সে মদ্যপান করা হয় নি আমি বিক্ষুব্ধ হয় যে সে তার তথাকথিত উদ্বেগ সঙ্গে খারাপ সেবা ধামাচাপা দেয়ার চেষ্টা করেআবার খাদ্য মহান সেবা বিশ্রি হয় আমি তাই হতাশ এবং ফিরে যেতে হবে না আমি আমার  থেকে রোলস জন্য অন্যত্র দেখব আমি শুনেছি রেড ইণ্ডিয়ান জাতির কুটীর বা তাঁবু এ ব্লু সত্যিই ভাল এবং সার্ভার অতিথি পরায়ন হয়,NoAG,0
বাল করবো তারা চোরি ছাডা বাল ডা বুঝে না,AG,1
আজকাল কার বাচ্চাদের হাতে তুলে দেওয়া হচ্ছে স্মার্টফোন যেই বয়সে আমাদের হাতে তুলে দেওয়া হয়েছিলো ফুটবল কি যুগ আসল রে ভাই ,NoAG,0
আমার এলাকার ইউনিয়ন পরিষদের ভোট আমার এলাকার এক ছাত্রলীগ বড় ভাই দিয়ে দিয়েছিল তাহলে আমার মত প্রকাশের স্বাধীনতা কথা ভোট অধিকার কথা হাসিনা জবাব দে,AG,1
আমরা ইতিবাচক পর্যালোচনার উপর ভিত্তি করে মা দিবস এর জন্য এখানে গিয়ে একটি সুন্দর অভিজ্ঞতা ছিল ভালো খাবার ভাল সেবা ভাল আবহ আমরা বাবা দিবস এর জন্য এখানে ফিরে এসে একটি খুবই কষ্টদায়ক অভিজ্ঞতা ছিল ব্যবস্থাপনা খারাপ প্রদর্শন আমি কখনো সম্মুখীন দৃশ্যত আমাদের অর্ডার সার্ভার থেকে রাখা হয় না বা সেখানে  তারা দাবি কম্পিউটার ঠিকঠাক কিছু বাছাই হয়েছিল তবে আমরা ক্রম পর  মিনিটের জন্য টেবিলে অপেক্ষা কোন খাদ্য কিছুই নেই সার্ভার স্পষ্টত ভুল স্বীকৃত এবং চেক রাখা আমাদের সাথে এবং অসাধারণভাবে দীর্ঘ অপেক্ষার দুঃখ প্রকাশ আমি উল্লেখ হয়নি রেস্টুরেন্টে অর্ধেক খালি ছিল কেন আমি ভাবছি এবং সে আমাদের কফি পানীয়  প্রস্তাব করেনি কিন্তু  অংশ ছিল যখন আমরা অবশেষে ম্যানেজার অভিযোগ কারণ আমরা পারা জিনিসটা কেন  দীর্ঘ অপেক্ষার তিনি আমাদের টেবিলে এসে সঠিকভাবে নিজেকে পরিচয় করিয়ে দিতে হয়নি বসে মানুষ হেল্ড কম্পিউটার সিস্টেমের দেখিয়ে আমাদের বলেছেন আমরা কেবল  মিনিট অপেক্ষা করেছিলেন সত্যি আপনি  আসছে আমাদের জানাতে কতদিন আমরা অপেক্ষা করা হয়েছে  এটা এত অভদ্র আর অনার্য ছিল সে যা স্পষ্টভাবে দেখিয়েছেন যে সার্ভারটি আমাদের অনুক্রমে অবিলম্বে রাখো নি আমাদের কাছে তার বিন্দু তর্ক সম্ভবত কেন সার্ভার চেষ্টা ছিল পুনরায় আমাদের কাছে ক্ষমা চেয়ে অজস্র বার  এটা তোলে পরিচালক হিসেবে নয় কি করতে হবে তা অধিকাংশ হাস্যকর প্রদর্শন করেন আমি ব্যবস্থাপনা এবং গ্রাহক সেবা উপর  বছর ধরে হয়েছে এবং এই স্পষ্টতই ম্যানেজমেন্ট  ভুল ছিল তিনি দুঃখ প্রকাশ না বা অবস্থা সংশোধনের চেষ্টা করেছি কিন্তু যখন আপনি যুদ্ধ মোডে আপনার গ্রাহকদের আসা আউট আপনি কি সত্যিই যে সংশোধনের করতে পারছি না বলাই বাহুল্য বলতে যদি না এই রেস্তোরাঁর তাদের পরিচালক এবং দলের সদস্যদের ভাল প্রশিক্ষণ প্রদান শুরু অথবা একটি নতুন ম্যানেজার  আমরা এখানে ফিরে আবার না আসছে করা হবে,NoAG,0
প্লিজ ভাইয়েরা এই খানকির পোলারে কেও গালি দিবেন না,AG,1
সেদিন পরিক্ষা হওয়ার কারণে আমাদের মধ্যে অনেকেই পরিক্ষায় অংশগ্রহণ করে এবং আমাদের মতো অনেকেই এই জিনিসটা নিতে না পেরে আবার আমাদেরই মধ্যে কয়েকজনের সাথে খুব ন্যাক্কারজনক ব্যবহার করি,NoAG,0
আল্লা পাক সেক্স ভিডিও নিয়া ব্যস্ত আছে,AG,1
নৈতিকতার ধ্বংস হয়ে জাতিগতভাবে নিকৃষ্ট হতে থাকলে কে কাকে দোষ দিবে শুধু ব্যবসায়ীদের দোষারোপ করেই বা কী হবে রাজনীতিবিদ আমলা সরকারী অফিস ডাক্তার ইঞ্জিনিয়ার আইনজীবী সাংবাদিক শিক্ষক পরিবহন শ্রমিক প্রাইভেট কার ড্রাইভার সিএনজিরিকশা ড্রাইভার দারোয়ান কাজের লোক ইত্যাদি কোন্ শ্রেণীপেশার মানুষের অধিকাংশের সার্ভিসে খুব খুশি আপনি কোথায় কার কাছে গিয়ে একটু স্বস্তি পাবেন স্বস্তি তো অনেক পরের ব্যাপার ব্যবসায়ীরা তো এবার আর আপনাকে বাঁচতেই দিবে না,NoAG,0
রোস্টের দিক যদি হিসেব করি তাহলে আমার কাছে দেশ সেরা আপনি ভাই😍 শুধু সাবস্ক্রাইবের অভাব কাউকে পারসোনাল এট্যাক ছাড়াই ভরে দেওয়া👍,NoAG,0
তিনি গাড়ির মেকানিক—এ পরিচয় শুনে ব্যাংকের ব্যবস্থাপকের চোখ কপালে উঠে গেল কিছুতেই বিশ্বাস করতে চাইলেন না বাধ্য হয়ে রাব্বি তাঁর পরিচয়পত্র দেখালেন তারপরও বিস্ময় কাটে না একজন নারী কীভাবে গাড়ির মেকানিক হন,NoAG,0
আমি আমার দুটি স্টার ব্যাখ্যা এই ভেঙ্গে যাচ্ছি এখানে আমরা যানভাল গ্রেট সিন্ধি বিরিয়ানি  চাল সুস্বাদু হয় মুরগির সমস্ত একটি মহান থালা মধ্যে সুস্বাদু সব চিকেন বটি টিক্কা চুলা একটি কাদামাটি মধ্যে ভাজা  মুরগির দৃঢ়তাহীন টুকরা  এছাড়াও সুস্বাদু কিন্তু ভালো অন্যত্র ছিল নান  সত্যি ভাল জিনিস খাস্তা এবং ঠিক জায়গায় নরম  এটা ঠিক কিভাবে তৈরি করা উচিত উপত্যকায় অন্যান্য ভারতপাকিস্তান স্থানের  তুলনায় উন্নতখারাপ জন  অভ্যন্তর যা ভালো লাগে আপনি শুধু নিজেকে সোজা ফিরে পাঞ্জাব কোথাও  ছাদের উপর পানি মাখা প্যানেল সম্পূর্ণ সময়  এই সব আমার  যাবে না তবে একটু বন্ধ ছিল এবং আমি জানি না কেন একটি কর্কশকণ্ঠ আন্টি টাইপ যারা রেজিস্টার পিছনে দাঁড়িয়ে এবং এমনকি আপনাকে অভিবাদন যদি না আপনি দৃশ্যত তার সাথে সম্পর্কিত করছি বা তার বাচ্চাদের সঙ্গে স্কুলে যেতে চায় না বলেন আন্টি টাইপ একসাথে একটি  মিনিটের জন্য রান্নাঘর মধ্যে  তাই আপনার চারপাশের দাঁড়িয়ে অপেক্ষা এবং অপেক্ষা করুন বলেন আন্টি প্রকার লিখিত বিরক্তি যখন তুমি তাকে কোনো কিছুর জন্য জিজ্ঞাসা প্রকাশ করেছে একটা উদাহরণ তার তেঁতুল চাটনি চাওয়া যদিও আপনি  মিনিটের জন্য আপনার খাদ্য জন্য অপেক্ষা করে বলেন আন্টি টাইপ ফিরে গুপী একটি ক্ষুদ্র প্লাস্টিকের কাপ পুরু তেঁতুল পেস্ট এনেছে তাই না বলেন আন্টি প্রকার বলে না ধন্যবাদ হাসা কিছু যখন আপনি বেতন উঠে যাই যদিও আপনি কিন্তু বন্ধুত্বপূর্ণ এবং রসিক কিছুই চলেছি তাই অনেক একটি সম্ভাব্য পুনরাবৃত্ত গ্রাহক আকর্ষিক জন্য তিনি আপনার পৃষ্ঠপোষকতা সম্পর্কে কম যত্ন পারেকুৎসিত বড় পর্দায় টিভি যিনি তাঁর দাসীদের সাথে এটি পেতে চেষ্টা করে যখন সিংহাসন জন্য তার ভাই স্কিম তার গোঁফ এক প্রান্ত মোচড়ের কিন্তু তারপর যখন অন্য একটি চ্যানেল দেখানো স্যুইচ শ্রীলঙ্কা কিছু প্রাচীন রাজা সম্পর্কে কিছু খারাপভাবে অভিনীত ভারতীয় সোপ অপেরা টিউন  র্থ স্তরবিশিষ্ট মধ্য এর বলিউড চলচ্চিত্র থেকে খারাপ অজানা গান আমি তোমার সাথে মজা করছি না যদিও  সেখানে একটি ভিডিও যেখানে একটি লোক এবং একটি মেয়ে তাদের চারপাশে চলমান এবং জিনিস গাওয়া করছিলে  সুইস আল্পস ছিল এবং তারপর হঠাৎ সব যে তুষার মাঝখানে সকল একটা টেবিল ভারতীয় খাদ্য ও একটি ছাতা বিজ্ঞাপন বিয়ার ও নোনতা বিস্কুট পূর্ণ বলে মনে হচ্ছে ডব্লিউটিএফসুতরাং শেষ পর্যন্ত এখানে সমীকরণ হল প্রশংসনীয় ভাল খাবার   সন্দেহজনক ভোজনশালা   কর্কশকণ্ঠ আন্টি প্রকার   গান গাওয়া   গার্ল  গাই যদিও খাওয়া কারি উপর দি ম্যাটারহর্ন যার ফলে কোন মানে  প্রাচীন শ্রীলঙ্কা কে কোন এক  অতিরিক্ত মাত্রায় রান্ডি রাজা সত্যিই চাহিদা দেখুন =  বড়বাঃ,NoAG,0
 আমি আপনার কমের্ন্ট বক্সে হারিয়ে যায়সত্যিই হারিয়ে কোথায় শুরু করেছিলাম,NoAG,0
প্রতীক আসল কথা না  কথা হচ্ছে মানুষ টা কে        ,NoAG,0
নাচ‌তে জা‌নো কি না জা‌নি না‌কিন্তু ওর ম‌তো ক‌রে নাচ‌লে তোমা‌কে সেই লাগ‌বে,NoAG,0
আজ মাইডেতে যার নামে এত গুনগানক্যাম্পাসে এতদিন গালিসহ তার গোষ্ঠী উদ্ধার করতে দেখছি,NoAG,0
জাতিকে ছোটবেলায় শিখাইবেন পিতার বয়স এত হইলে পুত্রের বয়স কত অঙ্ক কষা আর বড় হইয়া এই জাতিই যখন কাহারও বাচ্চার বয়স লইয়া প্রশ্ন করিবে তখন বলিবেন এ জাতি ভাল নহে কেন গো বাবা অঙ্ক করিবার জন্যে পিতাপুত্রভ্রুণ ইত্যাদির বয়স বেতিত অন্য কুনো টপিক কি ছিল না ,NoAG,0
মা মায়ে দুজন ওই মাঘি পারায় ছিলো,AG,1
তোদের শিব লিঙ্গ ধর্ম নিয়ে আমার কোন মাথা ব্যাথা নেই,AG,1
মানবজাতির স্রষ্টা প্রমিথিউস এতে উদ্বিগ্ন হয়ে পড়েন কারণ আগুন ছাড়া মানুষ বাঁচতে পারবে না উৎসর্গ তো দূরে থাকুক,NoAG,0
শুয়ার তুই তো একটা গে,AG,1
ভালোবাসা থাকা সত্ত্বেও কিছু কিছু সম্পর্ক ভুল বোঝা বুঝির কারণে নষ্ট হয়ে যায়  আর একবার সম্পর্ক নষ্ট হয়ে গেলে তা নতুন করে গড়া অনেক মুশকিল ,NoAG,0
জয় পুলিশ লীগ জয় মাদার অফ মাফিয়া,AG,1
আমাদের শৈশব হিরন্ময় ছিলো স্মৃতি আজও আনন্দময় আজও আমরা ২০জন এক হলেই জাবর কাটি সেই সব দিনের,NoAG,0
মিথ্যা বিজ্ঞাপন সেখানে থাকতে হবে না যতক্ষণ না আপনি একটি মলিন কিছু মনে না করেন দুর্গন্ধযুক্ত হোটেল সমধিক চাদর ও গামছা যে সাদা হতে অনুমিত হয় ধূসর ছিল জায়গা নিচে চালানো হয় এবং দুর্বল সার্ভিসিং সামনের লবিতে পরিষ্কার কিন্তু একবার আপনি আপনার রুমে পর্যন্ত আগাইয়া আপনি দ্রুত যে জায়গা নিচে চালানো হয় এবং যত্ন নেয়া হচ্ছে না খুঁজে পাবেন আমি ছয়তলা  সংকলনের এবং যত তাড়াতাড়ি আমার লিফট পঞ্চম তলায় খোলা থাকুন আমি এখুনি জানতাম আমি ভুল জায়গায় অবস্থান করেন সংকলনের অতিরিক্ত কনুই স্থান যে ঘরের সামনে একটি পুল সঙ্গে ছাদের এলাকায় রয়েছে একটি অতি ক্ষুদ্র অংশ দিয়ে একটি রুমে চেয়ে বেশিও ছিল পুকুর কদর্য ছিল আমি আপলোড ছবি দেখুন এটা সবুজ ছিল এবং বিরক্তিজনক তাকিয়ে যখন আমি কটাক্ষপাত করা আগত এটি একটি অর্ডার আউট চিহ্ন প্রবেশদ্বারে স্থাপন করেন এই স্থানটি বিব্রতকর ছিল আমার সাথে সেখানে বই থেকে আমার ভাই বলেছিলেন কারণ আমরা ভেবেছিলাম এটি একটি মহান হোটেল তাদের ওয়েবসাইট উপর ভিত্তি করে হতে যাচ্ছে কিন্তু আমরা খুব আবার হতাশ হয়েছে,NoAG,0
ওরা তো উটের মুত্র পান করে নবী মুহাম্মদ নিজেও উটের মুত খেত,AG,1
খানকির পোলা মাদারচুদ তর আব্বাকে আর্জেন্টিনার জার্সি পড়াইছস কেন খানকির পোলা আমি গালি দেই না নইলে তর মায়েরে আন্টি ডাইকা ছাইড়া দিতাম মাদারসুদ,AG,1
নাজমা কি মারা গেছে নাকি তাকে মারা হয়েছে হায়রে বাংলাদেশ কেন যে এই বাংলাদেশে গজব পরেনা,NoAG,0
আমার  আগে  ভালো  লাগতো  বাট এখন  মুখ  দেখলে মাথা  গরম  হয়ে  যাই,AG,1
আল্লাহ্ এ কোথায় এসে পড়লাম আমি এসব কি হচ্ছে এ হাসপাতালে জোড়ে জোড়ে শ্বাস নিচ্ছিপাশে থাকা পানির গ্লাসটা নিয়ে একচুমুকে পানি গিলে ফেললাম,NoAG,0
না মানে কোন লেবেলের বোকাচোদামি এগুলা  জন্মের পর থেকে কি একটুও বুদ্ধি হয়নি সিরিয়াসলি,NoAG,0
খুনের দায় এড়ানোর জন্য পুরো ঘটনাকে আত্মহত্যা বলে চালিয়ে দিতে চেয়েছিল কিশোরী মেয়ে ১৬ কিন্তু বৃথা গেছে তার সেই চেষ্টা আদালতে দেওয়া স্বীকারোক্তিমূলক জবানবন্দিতে মেয়ে জানিয়েছে মানসিক ভারসাম্যহীন মাকে নিজেই বঁটি দিয়ে গলা কেটে হত্যা করেছে সে,NoAG,0
এই শূয়রের বাচ্চা মুসলমান তুই কোরাণ পড়েছিস  তোর ঐ বালের কোরানের উপর আমি ১০৮ বার মুতি কোরান কোন ধর্মগ্রন্থ নয় চুরি ছিনতাইডাকাতি রাহাজানিখুন ধর্ষণপর ধর্মের উপর কিভাবে আঘাত করতে হবে সেসব শিখায়,AG,1
এই খাংকির পোলা কে এমন পিঠাতে হবে যেন বাংলার মানুষ বাপ বলে জীবন দান চায়,AG,1
আচ্ছা আপনাদের আবার কেমন ধর্ম যে শিক্ষক ছাত্রের পাছা মারে বলাতকার করে ধর্ষণও করে,AG,1
আমার অভিজ্ঞতা একটি র্যান্ডম শনিবার বিকেলে ছিল এবং আমি মনে করি যে আমার মতে একটু তীর্যক পারেআমার সফরকালে আমরা ডাইনিং শুধুমাত্র অতিথি ছিলেন বার বন্ধুদের কর্মীদের সঙ্গে ছিল এক লোক ছিলবায়ুমণ্ডল পরিপক্ব হয় আমি কল্পনা করতে পারি এটা সপ্তাহান্তে সন্ধ্যায় একটি প্রশংসনীয় ঘটছে জায়গা হচ্ছেদাম কি আমরা খেয়ে ফেলতাম জন্য আরেকটু উচ্চ ছিল আমি একটি  স্যান্ডউইচ ছিল এবং এটি শুধু   অধীনে ছিল দুপুরের খাবার দাম একটু খাড়া হয়খাদ্য ঠিক ছিল কিন্তু কিছুই আমি আবার সময় এবং সময় ফিরে যেতে চাই,NoAG,0
পাস্তা খিলগাঁও এত ভালো ছিল  এবং আমি জায়গা বন্ধুত্বপূর্ণ সেবা এবং সঙ্গীত ভাল স্বাদ পছন্দ,NoAG,0
﻿খাদ্য সুস্বাদু এবং স্বাদ মধ্যে ভিন্ন ছিল কিন্তু কর্মীরা বন্ধুত্বপূর্ণ ছিল না এবং আমি বলতে পারে সামান্য অভদ্র,NoAG,0
ইনশাআল্লাহ মিথ্যায় নোবেল পাওয়ার উপযুক্ত,NoAG,0
 শুরুতে সবকিছু ঠিক ছিল কিন্তু প্রায় ১০ দিন পর হঠাৎ একটা অদ্ভুত ঘটনা ঘটল রাতে হঠাৎ স্বপ্নে দেখে খালা ঘুমের ভিতরে থাকা অবস্থায় কোন একটা সাদা ‍ধূতিঁ পরিহিত অনেক দীর্ঘ বৃদ্ধ লোক এসে খালার হাত ধরে টানতেছে এবং সে যেন কোথায় নিয়ে যেতে চাইতেছে,NoAG,0
সরু রাতা ধরে হাটতে অনেক ভাললাগে নাবিলার  শহরের স্কুল এর বান্ধবীদের এই রাস্তা টা খুব পছন্দের আর তাই ওর দুই বান্ধবী চারু আর দিশা মাঝে মাঝেই নাবিলাদের বাড়ি আসে আর সবাই মিলে ওই সরু পথে হাটতে যায় ,NoAG,0
সে তার বাবার লাশের মুখটা দেখেই অনেকটা ভয় পেয়ে যায় সে ভাবে বাবার লাশের চেহারাটা তো এতক্ষন এতোটা ভয়ংকর লাগে নি স্বাভাবিক একটা লাশের মতোই লেগেছিলো তাহলে কবরের ভেতর লাশটা রাখতেই এতোটা ভয়ংকর রূপ ধারণ করলো কেনো ,NoAG,0
তখন এক জান্তব ভয় আমাকে গ্রাস করল  এমন তীব্র ভয় আমি জীবনে কখনো পাইনি  তখন আমি খেয়াল করলাম আমার পা কাঁপছে  আমি এক চিৎকার দিয়ে মসজিদের বারান্দায় এসে অজ্ঞান হয়ে যাই ,NoAG,0
শুধুমাত্ররিডামিং ফ্যাক্টর খাদ্য ছিলপুরোপুরি ন্যায্য হওয়ার জন্য   যা গড়ের চেয়েও বেশি ছিল কিন্তু অন্যান্য দুর্বলতাগুলির জন্য এটি তৈরি করা সম্ভব হয়নি,NoAG,0
দেশ ছেড়ে যখন কানাডায় পাড়ি জমাই তখন মনে হয়েছিল কৈশোর থেকে লালন করা এ স্বপ্ন হয়ত অধরাই থেকে যাবে কবে এখানে একটা বাংলা রেডিও স্টেশন খুলবে তার অপেক্ষাতেই এতোদিন বসেছিলাম কিন্তু না শেষমেষ যষ্মিনদেশে যদাচার তত্ত্ব মেনে কানাডিয়ান রেডিও তেই পথচলার শুরু,NoAG,0
ইসলাম শুধু অমুসলিমদের হত্যা সম্পদ চুরি ও নারীদের ধর্ষণ করতে শেখায় তাই তাদের কাছে কোন কিছু আশা করা উচিত নয়,AG,1
বিএনপি মানেই বাংলাদেশ পিছিয়ে যাওয়া,AG,1
প্রেমের টানে নেপাল থেকে টাঙ্গাইলের সখীপুরে এসেছেন সানজু কুমারী খাত্রী নামের এক তরুণী উপজেলার কাঁকড়াজান ইউনিয়নের দুর্গাপুর গ্রামের হুমায়ুন কবিরের প্রবাসী ছেলে নাজমুল হোসেনের সঙ্গে তিনি বিবাহবন্ধনে আবদ্ধ হয়েছেন,NoAG,0
ব্যাঙের বিয়ে না দিয়ে আমাদের মতো সিঙ্গল ছেলেদের বিয়েটা দে পাগলা,NoAG,0
জি রুবানা হোক অমানুষের মত কাজ করেছেন কিন্তু নারী হওয়ার পরেও ওয়েম্যান চাপ্টার তার পিছনে লেগেছে কেনো কারণ কয়েকদিন আগে নারী দিবস নিয়ে তার করা মন্তব্য নিয়ে যা এখনো তাদের গায়ের জ্বালা মিটে নাই,NoAG,0
ধর্মীয় অনুভূতির আঘাতের দায়ে মামলা করা জরুরি এবং ঔ চট্টগ্রাম মেডিকেল কলেজে অবাঞ্ছিত করা জরুরি,AG,1
তারা পতিতালয়ে ব্যস্ত আছে যা বলার বলে যান,AG,1
তোর মতো মুসলিম কাফের জনম নিবে পৃথিবীতে এটা আল্লাহর বাণী না সালা কাফের মুসলমান জাকির,AG,1
এই বিশ্বকাপ মেসিকে ডিজার্ভ করে না,NoAG,0
আমার তোমার উপর বিশ্বাস আছে আমি জানি তুমি পাস করবে ভাগ্য তোমার প্রসন্ন হোক,NoAG,0
সবচেয়ে আকর্ষণীয় যে অফার সেটা হলো আরিফ ভাই তার ফেবু আইডির পাসওয়ার্ড একদিনের জন্য একজনকে দিয়ে দিবেন,NoAG,0
গানটা মানে জানে সবাই কিন্তু মানে কয়জন,NoAG,0
যে ছেলেটাকে মারতেছে তার মা মাগি ছিল সালা নটির ফোলা,AG,1
পৃথিবীতে সর্বপ্রথম নিজ মামির সাথে  করেছে কেউঃ শ্রীকৃষ্ণ,AG,1
খাওয়ার আগে হ্যান্ড ওয়াশ দিয়ে হাত ধুইসবসময় কেউ হাত না ধুয়ে কেমনে খায়,NoAG,0
মেয়েটার ব্যবহারে বোঝা যায় সে কতোটা নিচু এবং বেপরোয়া  এই রকম কিছু মেয়েদের জন্য গোটা মা জাতী আজ লজ্জিত ,NoAG,0
আমার মনে হয় এরা স্বর্গে গেলেও পায়খানা করতে চাইবেযদিওবা এই ব্যবস্থা নাই   আমার ঘৃনা যে লিখসে তার জন্য  সিসি টিভি তে ফোটেজ থাকতে পারে,NoAG,0
তোরা তো চুদতে পারস না তাই আমরা তোর মা বোনদের চুদে তোদের করি তুই খানকির পোলা,AG,1
বিশেষ কিছু না গুলশান  শাখায় গেলেন মেয়োনিস এবং কেচাপ জন্য বেশ কয়েকবার জিজ্ঞাসা করতে হয়েছিল,NoAG,0
বাংলাদেশের জনগণ করুণা ভাইরাস নিয়ে টেনসনে আছে ভাত খাইত ভাত পাইতেছে না চোদনার পোলা রা আছে সোনা নিয়া,NoAG,0
ছেলেটারে থাপড়ায়া চোখের কোনায় কালো দাগ করায় ফেলছে মাদারচোদগুলারে মাইরা শোয়ানো উচিৎ ছিলো সাথে চাইল্ড এবিউজিং এর মামলা,NoAG,0
এই  রাইডারের কে   জেল  এ  ঢুকানো  উচিত যাদের  জন্যই  রোড  এক্সিডেন্ট  গুলা  হচ্চে  আর   দোষ  হচ্ছে  বাস  ড্রাইভার  আর ,NoAG,0
বিসিবির উচিত প্রমীলা ক্রিকেট দলের উপর নজর দেয়া ম্যাচ ফি বেতন সব ক্ষেত্রেই বৈষম্যের শিকার তারা এটা অবশ্যই একটা সম্মানজনক পর্যায়ে নেয়া উচিত,NoAG,0
ইস্লাম হায়েনার ধর্মছোট থেকেই মনোবিকারগ্রস্ত করা হয় এদের ধর্মিয় পদ্ধতিতে তাই এরা এমএ করলেও মৌলবাদী শয়তান থেকে যায়তবে লেখাপড়া শেখার কারনে এদের হিংস্র আর কুটিল ভাবটা অন্তরালে থাকে,AG,1
নওগাঁ বাজারে একটা জিনিষ খুব মজা লেগেছে  তা হলো সব বিভিন্ন পট্টি তে ভাগ করা যেমন ডাব পট্টি  সোনা পট্টি হোটেল পট্টি ফুল পট্টি মানে আপনার যা দরকার ওই পট্টি তে গেলেই হবে,NoAG,0
অপুষ্টির বিরুদ্ধে লড়াইয়ের জন্য পৃথিবীকে সহজলভ্য একটি হাতিয়ার উপহার দিয়েছেন আইসিডিডিআরবির বিজ্ঞানীরা দেশের জন্য তাঁরা অনন্য গৌরব বয়ে এনেছেন তাঁদের অভিনন্দন,NoAG,0
নোয়াখালীতে আওয়ামী কোনদিন জিততে পারবেন না চুরি ছাড়া,AG,1
চুতমারানি তোরে চুদী কুত্তা দিয়া চোদামু  বেশ্যা মাগি ,AG,1
আধাস্বায়ত্তশাসিত শহরটির ওপর চীনা শাসনের বিরোধিতা করে জনগণ বিক্ষোভে ফেটে পড়েছে প্রায় চার মাস ধরে চলমান আন্দোলন শেষ হওয়ার কোনো লক্ষণ দেখা যাচ্ছে না পুলিশের ছোড়া কাঁদানে গ্যাস এবং প্রজেক্টাইল থেকে বাঁচতে বিক্ষোভকারীরা হলুদ হেলমেট কালো বা রঙিন চশমা এবং কৃত্রিম শ্বাসপ্রশ্বাসের ব্যবস্থাসম্পন্ন মুখোশ পরছেন তাঁদের যেন শনাক্ত করা না যায় এ জন্য তাঁরা ফেস মাস্ক বা মুখোশ ব্যবহার করছেন,NoAG,0
ওবায়দুল কাদেরের এতো চুলকানি কেন,AG,1
অবৈধ ও স্বৈরশাসক শেখ হাসিনার সরকারের পতন ছাড়া বাংলাদেশের শান্তি ফিরিয়া আসিবে না,AG,1
এই কারনেই ওই বুড়ো দল দিয়ে কাজ হবেনা,NoAG,0
মন্ত্রি টা হয়তো বিজেপিরই হবে কারন এদের শিক্ষিত লোক ও যদি মন্ত্রীর দায়িত্ব পাই কিছু দিন পর ধীরে ধীরে মস্তিস্ক বিকৃত হতে চালু করে,NoAG,0
জিয়ার ভাংগা সুটকেসের ব‍্যবসা করে বিএনপির বকলম খালেদা কয়েক বার মন্ত্রী হয়েছেন হি হি হা হা,AG,1
আমরা খুব গর্বিত হ্যাটস অফ বন্ধুরা  আল্লাহ তোমাকে রহমত করুক,NoAG,0
সবাই ছাত্রলীগরে সামনে পাইলে গনপিতুনি দিয়ে বিচি ফাটায় দিবেন,AG,1
ছাত্রজনতার যৌক্তিক আন্দোলন হলে তথাকথিত মেধাবী সরকারি চাকরিজীবিরা ভাল বিপদে পড়ে যান এদিকে গেলে চাকরি নিয়ে টানাটানি ওদিকে গেলে সেলিব্রেটিমেধাবী খেতাবলাইক নিয়ে টানাটানি এ কেমন বিপোদ ,NoAG,0
সাদিয়ারে পুটকি মারাম,AG,1
জীবকে হত্যার পরিকল্পনার পর তাঁরা ‘ইনটেল গ্রুপ’ গঠন করেন এই দলের কাজ ছিল ব্লগ ও ফেসবুক থেকে তাঁর সম্পর্কে নানা তথ্য সংগ্রহ করা ও তাঁর পরিচয় সম্পর্কে নিশ্চিত হওয়া আর রাজীবকে হত্যার জন্য তাঁরা ‘এক্সিকিউশন গ্রুপ’ গঠন করেন প্রায় এক মাস তাঁরা রাজীবকে অনুসরণ করেছেন,NoAG,0
তবে এটা ঠিক জিম্বাবুয়ে পেলে আমাদের গলির ক্রিকেটারদের মাঝেও ব্রাডম্যানের আত্মা ভর করে,NoAG,0
দেশের প্রধান মন্ত্রী একজন পুরুষ হলে ভালো হতো,AG,1
ভালো থাকতে দিলি না ভাইঞ্চোদ,AG,1
কিন্ত নবী দিবসের দলিল কোথায় কার কথায় নবী দিবস পালন করে সে কে সে কি ধর্ম প্রবর্তন করেছে,AG,1
কিন্তু আদৃতার কাছে এটা ভুলেও দারুণ লাগেনি বরঞ্চ ভয়ংকর লেগেছে অস্থিরতায় ওর মাথা ব্যথা শুরু হয়ে গেল ও রুমের এপাশ থেকে ওপাশ অস্থির ভঙ্গীতে পায়চারী করতে লাগলো,NoAG,0
হালায় যে হিজলা তার প্রমান ফোনের কাভারটাও মাইয়াগো কাভার লাগাইছে,AG,1
আসল কথা তোদের ধনে জোর নাই খানকির পূত  তাই তো বাচ্চা পয়দা করতে পারিস না,AG,1
আমি যেহেতু  এত  তারা রিভিউ আছে আরো আশা করা হয় তিন বন্ধু এবং আমি শনিবার প্রথমবারের  চেষ্টা করে আমরা  জন্য একটি রিজার্ভেশন ছিল যদি আপনি বুথ বসে বিশেষ আপনাকে আপনার মাথা উপরে একটি বিদ্যালয়ে লিপির জন্য তক্তা রয়েছে আপনি কার্যকরীভাবে নামা তাদের পড়া করতে হবে তাই আপনি মনে অক্ষর বলতে চাচ্ছি তা রাখতে হবে কাগজ মেনু বর্ণমালা অনেক আছে আমি কাজ যে কঠিন করতে চান না আপনি শুধু শব্দ বানান করতে পারছেন না আমি মেনুর রিচার্ডসন এর দিক থেকে সার্ফ এবং ঘাসের চাপড়া আদেশ দেন কি বিতরণ করা হয় একটি  জগাখিচুড়ি ছিল প্লেট এবং এটি সবকিছু একটি কাঁচা মরিচ সস মধ্যে আবৃত করা হয় এটা তোলে মাঝখানে স্টেক এক টুকরা সঙ্গে কুকুরের খাবার মতো লাগছিল সত্যিই একটি ভয়ানক উপস্থাপনা ছিল আমার স্বামীর প্লেট একই লাগছিল অন্য দুটি আমাদের টেবিলে  দিক থেকে আদেশ এবং অন্তত এটা অনেক বেশি ভালো লাগছিল দুই বেকন আবৃত চিংড়ি সুস্বাদু ছিল এবং আমার স্টেক উপর মাঝারি কিন্তু ঠিক আছে জন্য রান্না করা হয় আমি নোংরা মটরশুটি এড়ানো যেত বা অন্তত তাদের এক কাপ রাখা যেতে পারে আমি আবার কিন্তু শুধু খুশি ঘন্টার জন্য চেষ্টা করতে পারে এবং আমি মেনুর  পাশ করা চালিয়ে যাব,NoAG,0
নারী হলো শয়তানের জালশয়তান সব সময় ভালোর বিপরীতে থাকেসুতরাং মৌলানা আহমদ শফির  কথার বিপরীতে থাকবে তারাএজন্য আল্লাহর নবী রাসূল স  বলেছেনসব চায়তে বেশী জাহান্নমী হলো নারী জাতী,AG,1
তীব্র একটা ভয় আমাকে গ্রাস করল  এতো তীব্র ভয় আমি জীবনে পাইনি  ঘরে বাতাস নেই  ফ্যান বন্ধ তবুও আমি স্পষ্ট দেখলাম  আমার মশারিটা হঠাৎ নড়ে উঠল  হঠাৎ পায়ের দিকে মশারির দিকে আমার চোখ গেল  আর তীব্র আতঙ্ক নিয়ে দেখলাম  সেখানে একজন মানুষের মুখ দেখা যাচ্ছে,NoAG,0
স্থাপত্যে পড়ার সময় প্রথমে সহপাঠী তারপর বন্ধুত্ব  একসময় দুইজন উপলব্ধি করলো … নিজেরাই নিজেদেরকে সবচেয়ে ভাল বুঝে  হাতে আর কোন অপশনও নাই  ব্যাস বিয়ে করে ফেলল  তাও যেন তেন বিয়ে নয়  গায়ে হলুদের দিন আকদ  একদম প্রিয় আইয়ুব বাচ্চুর ভাষায় “ আমি তো প্রেমে পড়িনি  প্রেম আমার উপরে পড়েছে “দুই স্থপতির এর নতুন জীবনের শুরুর ধারণকৃত মুহূর্ত থেকে কিছু ছবি এবং শুভকামনা ,NoAG,0
বাংলাদেশে এত গার্মেন্টস থাকতে সৌদিআরব কেন যেতে হবেরাতারাত বড়লোক হওয়ার স্বপ্ন দেখে তারাতারা নির্যাতিত হবেনা তো হবে কে,NoAG,0
বাংলাদেশ ভারত পাকিস্তান সব জায়গায় এই কারুণ্য রসের বাজার মূল্য সাঙ্ঘাতিক এটাই হয়েছে সমস্যা,NoAG,0
তোমাকে হারানোর যন্ত্রণায় কেঁদেছি আমি বহুরাততোমাকে ভালোবেসে বাড়িয়ে দিয়েছিলাম দুহাত,NoAG,0
একটি মহান কর্মসূচি দেখা গেল রাজশাহীর গোদাগাড়ীতে সেখানে মুজিব বর্ষ উপলক্ষে একটি গ্রামের অর্ধশতাধিক বাসিন্দা বসতবাড়িতে কীটনাশক ও রাসায়নিক সারমুক্ত সবজি চাষ শুরু করেছেন কালীদীঘি নামের গ্রামটি ইতিমধ্যেই ‘নিরাপদ সবজির গ্রাম’ হিসেবে পরিচিত হয়ে উঠেছে,NoAG,0
ভ্যালেনটাইন  ডে  তে  সব  কাপলরা  সেক্স  করে  না  সো  স্টপ  সয়িং  ১৪  তারিখ   সবাই  ফার্মেসী  তে  ভিড়  করবে  মানে  এতো  লো মেন্টালিটি  নিয়ে  বেঁচে  আছো   কিভাবে  ভাই ,NoAG,0
আপনার মুসলিম ধর্ম টা খুব অত্যাচারী ধর্ম,AG,1
টানা দুই মাস ধরে ছোটবড়মেজসেজ বিবিধ মোচ্ছব চালিয়ে ভাসান ড্যান্স দিয়ে  কাজে অকাজে ছুটি বাগিয়ে চলতে থাকব আর দিনের শেষে বলব সব ব্যাটা শিল্পপতিগুলো ‘সংস্কৃতিমনস্ক’ বাঙালির বিরোধীপক্ষ তাই এখানে কাজ নেই…এইভাবে আর কতদিন চলবে বাপু,NoAG,0
তুই তো কোরান পড়েছিসতো হে রে নবীর বাড়াটা কতো বড়ো ছিলশালা বিরাট মাগি খোর ছিল,AG,1
আমি অন্য কোন দেশের কথা জানিনা আমি শুধু আমার ভারতবর্ষের কথা বলব  যত রকম অপরাধ মুলক কাজ হয় তার শতকরা নব্বই ভাগ কাজ মুসলিমদের মধ্যে থেকে হয় ,AG,1
প্রাউড অফ দিস বাংলাদেশীক্টেড জেনারেশান ,NoAG,0
ভাই অসাধারণ আওয়ামী লীগে সব অলি আল্লা বিএনপিতে দুর্নীতি বাজ আর জামাতে সব রাজাকার,AG,1
এই যে এই মানুষ গুলা একাই এতো গুলা বাজার করে নিয়ে ঘরে মজুদ করতেছে এদের মধ্যে কি বিন্দু মাত্র মনুষ্যত্ব আছে,NoAG,0
জাহান্নামের কোন আমি ফিরে যাব,NoAG,0
জাকির নায়েক ধর্ম ব্যবসায়ী তার ওয়াজ নছীহত শুনা জায়েজ নাই,AG,1
সাবিনা ইয়াসমিনের গান এই প্রথম  কোন পুরুষের গলায় শুইনা ভক্ত হইয়া গেলাম  ,NoAG,0
এইতো লেভেল পার হচ্ছে মাশাআল্লাহ তবে এত তেরিভেড়ি ভাল্লাগতাছেনা আপু প্লিজ আমাদের প্রতি সহায় হোন বাকি স্টেপগুলো একটু স্পিডলি পার হোন ওকে লাভ ইউ সো মাষ অস্থিরেক্টা ছবি ছার্লেন ফেস্বুখে ধন্যবাদ,NoAG,0
তোরে ভুতে চোদে নাকি খালি ফটো আপ্লোডান চোদাস শাউয়ারপুত চোদানী মাগী,AG,1
ছাত্রলীগ নামটা শুনলেই আমার কুকুরের কথা মনে হয়,AG,1
দেশটা কিভাবে গিলে পেলেছে আওয়ামীলীগ,AG,1
গত বছরের ডিসেম্বরে যুক্তরাষ্ট্রের একটি নেভাল এয়ার স্টেশনে সৌদির এক সামরিক ক্যাডেট নির্বিচারে গুলি ছোড়েন এই গুলিতে হতাহতের ঘটনার পর এখন সৌদির ২১ জন সামরিক ক্যাডেটকে বহিষ্কার করার পদক্ষেপ নিল যুক্তরাষ্ট্র,NoAG,0
ইসলামের নবী মুহাম্মদ নিজে ছিল একজন শিশু ধর্ষক ও ধর্ষক,AG,1
তোর মত ভাইয়ের জন্যও জয়টা দরকার ছিল যে সহকর্মী থেকে ছোট্ট ভাইটিতে পরিণত হয়ে যায়,NoAG,0
আমি নিম্নলিখিত জানায় এই নিষ্প্রভ পর্যালোচনা আগে বসে হবে আমি শুধুমাত্র একবার এই স্থানে হয়েছে আমি আসলে রন্ধনপ্রণালী চেষ্টা করার সুযোগ পাই নি আমি সার্ভার করার জন্য একটি সহানুভূতিশীল ব্যক্তি হিসাবে আমি এক হয়েছেযে হচ্ছে বললেন আমি এই জায়গা খারাপ সেবা কারণে জন্য একটি করে তারা দেবপ্রায় ছয় মাস আগে রবিবার বিকেলে প্রায় বিকেল  টায় আমরা এই স্থানে খাওয়া করার সিদ্ধান্ত নিয়েছে বায়ুমণ্ডল উষ্ণ এবং আরামদায়ক ছিল কলেজবুড়া মাথা রাখো সঙ্গে টিপিক্যাল কলেজ দণ্ডআমরা স্যান্ডউইচ পছন্দসই মান নির্বাচন করে তৈরি এবং সুখী ঘন্টা বিয়ার আদেশ দেন বিয়ার এসে খাদ্য কখনো করিনি এবং আমরা প্রেক্ষিত অপরকে সাহায্যকারীরূপে গ্রহণ ভেতরে এসো খাওয়া এবং ছেড়ে দিন সকল সময় আমাদের ওয়েট্রেস দ্বারা আসেন না আমাদের একটি ব্যাখ্যা দিতে বা এমনকি আমাদের পানীয় আরেক দফা পেতে আমরা তাদের নিজেদেরকে বার থেকে পেয়েছিলামযেহেতু আমার  এবং আমি উভয় খাদ্য পরিষেবা কাজ আমরা যখন আমরা দেখতে পারি একটা জায়গা কম কর্মচারী যে সবসময় সহানুভূতিশীল হয় কিন্তু ওয়েটিং এক ঘণ্টা পর আমরা পরিশেষে আমাদের সার্ভার সঙ্গে কথা বলতে রুম পার হয় না তিনি বলেন আমি কল্পনা করতে পারবেন না এটা অনেক দীর্ঘতর হতে হবে আমি মনে করি আরো পেশাদার পদ্ধতির ক্ষমা এবং আমাদের টিকেট যা আমরা কি জড়ো যখন আমরা তার বাবুর্চি সঙ্গে উন্মত্তবৎ ভাষী দেখেছি করা বিস্মরণ থেকে  হতম্যানেজার দিন কোথায় ছিল অথবা কেউ লক্ষ্য করেছি যে আমরা সেখানে আমাদের খাদ্য বা একেবারেই কোনও যোগাযোগ ছাড়া এতক্ষণ বসেছেনআমরা আমাদের বিয়ার জন্য টেবিল অর্থ বাম এবং বের হয়ে আসেন আমি সব কিছুর জন্য একটি প্রথমবার নেই,NoAG,0
ইসলাম কুনই ধমই না এইটা হইয়েছে বুনুয়াট ধম,AG,1
এই ইন্ডিয়ার দালাল অবৈধ সরকারের পদত্যাগ চাই,AG,1
ইসলাম আসলেই একটা বর্বর জঘন্য জঙ্গি বাদী ধর্ম ইসলামে কোন শান্তি নাই ইসলামের শুরু থেকে এখন পর্যন্ত শুধু খুন খারাপি মার পিট ছারা আর কিছুই নাই আর মুসলমানরা শুধু অমুসলমানদেরই নয় মুসলমানরা মুসলমানদের ও ছাড়ে না,AG,1
হিন্দু ধর্মের হাজার জিবন্ত স্ত্রী কে মূত স্বামীর সাথে জ্বালিয়ে দেয়,AG,1
চুরের মার বড় গলা শালা মালাউনের বাচ্চা প্রতিটা খেলায় তুরা চুরি করছ আবার পাকনামি চুদাছ তুদের লজ্জা বলতে আছে কিছুরে  ,AG,1
হিন্দু ধর্ম মতে পুরুষেরা হচ্ছে বেশ‍্যা,AG,1
নিউইয়র্ক পুলিশের এক সাবেক স্বেচ্ছাসেবক অভিযোগ করেছেন যে দায়িত্ব পালনের সময় পুলিশ ভ্যানেই যৌনাচারের জন্য ঊর্ধ্বতন দুই কর্মকর্তা তাঁকে চাপ দিয়েছিলেন পুলিশ ভ্যানে এক তরুণী ধর্ষণের ঘটনার কয়েক মাসের মধ্যেই এমন গুরুতর অভিযোগ তুললেন ওই সাবেক স্বেচ্ছাসেবক,NoAG,0
এদিকে ছাদের শব্দ দৌড়া দৌড়ি পর্যায় পৌছে গেছে  আমি আশ্চর্য হয়ে লক্ষ করলাম আমার তেমন ভয় করছেনা    বরং দেখতে ইচ্ছে করছে এতো রাতে ছাদে কে দৌড়া দৌড়ি করছে ,NoAG,0
করোনা ভাইরাসের জন্য স্কুল বন্ধ করে দেওয়া হয়েছে আর সবাই কক্সবাজারে গিয়ে ঘোরাঘুরি করছে জানিনা বাঙালী কবে সচেতন হবে করোনার প্রভাব দিন ছড়িয়ে পড়ছে,NoAG,0
মাদারচোদ প্রসাসন ছাড়া মাঠে নাম দেখি কার কেমন হ্মমতা,AG,1
আমেরিকানদেরই দেখেন এরা পতাকা দিয়ে কতকিছু বানিয়ে পরে ফেলে তাই বলে কি তাদের দেশপ্রেম কমে যায় মোটেই না,NoAG,0
তারেক চোর হাসিনাও চোর যারা এদের চামচামি করে তারাও চোর,AG,1
সাদিয়া নামের মাইয়াগুলা যেমন খাইষ্টা এই নামের এই রেস্টুরেন্টও চরম খাইষ্টা এত এত ব্যাড রিভিউর পরেও কেন যান আপনারা,NoAG,0
মিশর জিতবে ইনশাআল্লাহ কারণ মিসরের আছে মোহাম্মদ সালাহ র মত বিশ্বমানের তারকা,NoAG,0
জামাত শিবিরের কোনো বেইল নাই,AG,1
জাগরে জাগ জাতীয়বাদী ছাত্র দল জাগ তারেক জিয়া দিছেন ডাক বসে থাকার সময় নাই,AG,1
ছাত্রলীগ এখন ধর্ষণ লীগ,AG,1
ওবায়দুল কাদেরের পাবনা চিকিৎসা করা হোক,AG,1
আজ দুজনার দুটি পথ ওগো দুটি দিকে গেছে বেঁকে,NoAG,0
স্বৈরাচারী ভোট চোর হাসিনার ক্ষমতার অবসান চাই,AG,1
আমরা ভারতীয় দালালদের জন্য কোনোরকম দোয়া করিনা কারন আমরা জানি মালাউন জাত কখনও বিনা স্বার্থে কারো জন্য কিছু করে না এমন কি নিজের বাপের জন্যও মালাউনরা নিঃস্বার্থভাবে কিছু করতে রাজি না,AG,1
তারপরও নারীর অবমূল্যায়ন হতেই থকবে অামাদেরকে প্রতিটি সময় যুদ্ধ করতে হয়,NoAG,0
চটি বই লিখিত পর্ণ = কোরাণহাদিস,AG,1
মাশুভ জন্মদিন জন্মদিনে অনেক অনেক ভালোবাসা ও শুভকামনা রইল,NoAG,0
মুসলমানদের নিয়ে মজা ওড়ায় তোদের মতই বেজন্মারা জন্মের ঠিক থাকলে তোর কথার প্রমান দে আছে নাকি তোর জন্মের ঠিক মাগির বাচ্চা তোদের দেশের একটা কুত্তারও আমি জন্মের ঠিক পাইনাই তোরা কি জাতিগত বেজন্মা নাকিরে যা দিল্লীর পা চেটে গোলামী করে খা,AG,1
যে মানুষটার সাথে জীবন পার করার প্রতিজ্ঞা করা হয় তাকে এমন প্রশ্ন করাটাও অবান্তর লাগে আমার কাছে,NoAG,0
বিনপি নামক দলটা একটা বাংলা দেশের জন্য কেন্সার এই দলটাকে দেশ থেকে বিতারিতো করা না হলে আমাদের দেশটা আবার পিচিয়ে জাবে,AG,1
তরে সাগরের তলে ফালাইয়া সাবমেরিন দিয়া পুন্দাানো উচিত,AG,1
জানোয়ারের বাচ্চা ধংস হ তুই,AG,1
যে ভাবে বিমান দুর্ঘটনা বেড়ে চলছে  সেখানে এই উড়ুক্কু গাড়ী যে বিমান এর মত ভূপাতিত হবে তার গ্যারান্টি কে দেবে ,NoAG,0
পারা দিয়া তোর পেটের সব বাহির করে ফেলবো,AG,1
মমতা বলেন ‘এখনো দিল্লিতে মিলছে মানুষের মৃতদেহ গতকালও চারটি মৃতদেহ মিলেছে প্রতিদিন নালা খুলছে আর বের হচ্ছে মৃতদেহ দিল্লি থেকে আজ বহু মানুষ প্রাণের ভয়ে পালিয়ে গেছে এবার দিল্লির মানুষের পাশে দাঁড়াতে হবে,NoAG,0
খোলা জায়গায় মলত্যাগ বন্ধে সফল হতে পারল না ভারত নতুন এক প্রতিবেদনে জানা গেছে ভারতের গ্রামাঞ্চলে এখনো একচতুর্থাংশের বেশি পরিবারের শৌচাগার সুবিধা নেই বিজনেস স্ট্যান্ডার্ড পত্রিকার এক সংবাদে এ তথ্য পাওয়া গেছে,NoAG,0
মালটা দেখলে কেমন কেমন লাগে,AG,1
তুর পুটকি বরাবর গরম ডিম দিলে বুঝা যাবে কে কি শালা আবালের ঘরের আবাল,AG,1
তর বাপের পুটকির ফুটা দিয়া কাডল ঢুকামু,AG,1
‘নিরাপত্তাহীনতায় ভুগছেন’ জানিয়ে থানায় পাঁচটি সাধারণ ডায়েরি জিডি করেছিলেন ব্যবসায়ী মো ইয়াছিন আলী আশঙ্কার কথা জানিয়ে আবেদন করেছিলেন পুলিশের কর্মকর্তাদের কাছেও শেষমেশ তিনি খুন হয়েছেন তাঁর লাশ পাওয়া গেছে রাজধানীর শেরেবাংলা নগর সরকারি বালিকা উচ্চবিদ্যালয়ের প্রধান ফটকে,NoAG,0
এটাই আমাদের বাংলাদেশ আমরা বাংলাদেশ কে অনেক ভালোবাসি,NoAG,0
আসলে পাকিস্তানিরা কবে বুঝবে তাদের ভিক্ষার বূত্তি থেকে শুরু করে পর্যন্ত চলে এসেছে সেই রেসেই আবার হাত পাচ্ছে আসলে লজ্জা না থাকলে একটা দেশ কত নিচে নামতে পারে তাই রাজাকার কুকুররা আবার বোঝাতে চাচ্ছে,AG,1
অবৈধ মুসলমানদের লাথ মেরে তাঁড়ানো হোক,AG,1
পাপিয়া কে নিয়ে এত না বলে পাপিয়ার পাপের গুরু আওয়ামী লীগের নেতাদের নামপ্রশাসনের বিভিন্ন ব্যক্তিদের নাম প্রকাশ করা হোকপাপিয়ার পাপের গুরুদের তথ্য বেশী বেশী করে সংবাদে প্রকাশ করা হোক,AG,1
এ সব ব্যস্ত কিন্তু আমাদের খাবার পেতে প্রায়  মিনিট নেন না ট্রাউট অর্ডার দেওয়া এবং প্রচুর এবং হাড় প্রচুর দেখুন ধাক্কা ছিল  আচ্ছা এটা সম্পর্কে ওয়েট্রেস জিজ্ঞাসা এবং তিনি বলেন তারা ভাল তারা করতে পারেন চেষ্টা  এই একটি মাছ রেস্টুরেন্ট নয়তারা ট্রাউট  কিন্তু এখনও নিশ্চিত না আমি ফিরে যেতে হবে,NoAG,0
পুরানো গান নতুন করে দারুণ লেগেছেআপনার গলাটা খুবই সুন্দর ভাইয়া,NoAG,0
সরকার তো পতি মিনিটে মিচা কথা বলচে মিচা কথার গোডেন সরকার,AG,1
আমি এটা একেবারেই বুঝি নানিজ হাতে খোদা বানিয়ে আবার সেইটাকে পূজা করা আজব নাএরকম তো মনে হবে আমি খোদা বানাতে পারি তো আমিও একজন খোদাকারণ যে খোদা বানাতে পারে সে নিজেকে খোদা ভাবতেও পারবে,AG,1
তোর জাঙ্গীয়া খুইল্যা আগুন লাগায় দিমু,AG,1
বাজে মেয়ে হিন্দু বাঙালি ছেলে বিয়ে করেনি,AG,1
কিভাবে হতাশ ছিলাম আমি কি তোমাদেরকে বলিনি পারবেন না,NoAG,0
তুই আর কি বলবি তোর নবী চোর ডাকাত দসু ছিল মক্কা থেকে বের দিছিল ১ ম দিকে পড়ে ডাকাত বাহিনী নিয়ে মক্কা আক্রমন করে,AG,1
অবহেলিত এলাকা আমাদের উওরবঙ্গকারন আমাদের নেই ওবায়দুল কাদেরের মত নেতা,NoAG,0
শেখ মুজিব চোর শেখ হাসিনা চোর,AG,1
আমার দেখা সবচেয়ে ভাল একজন রাজনিতিবিদ যিনি ক্ষমতা পেয়েও ক্ষমতার জোয়ারে ডুবে জাননি,NoAG,0
রাধার দুধ আছে ঝুলে চুদলাম ওরে কোলে তুলে,AG,1
বড় বড় বিজ্ঞানীরা ঈশ্বরের মনও বোঝার চেষ্টা করেন,NoAG,0
তাস্লিমা নস্রিনকে আমি পাইছিলাম ওর ভাগ্য ভাল ওরে জুতা পিটা করি নাই,AG,1
ফাফর বাজ আওয়ামী লীগ 😡😡,AG,1
এই মাদারী তরে জুদি আমি পাইতাম তাহলে তর মাই হেঢাদা বরে দিতাম শালা মাদারী বাছা,AG,1
কাপ্তাই ছবির মত সুন্দর একটা জায়গা এই একটা মাস এখানে থেকে ভাল একটা এটাচমেন্ট তৈরি হয়ে গিয়েছে এর প্রতি খুব মিস করব সব কিছুকে,NoAG,0
সোনা মিয়ার পুটকিতে ফোড়া তাই সে চ্যাগায়া চেলফি তুলেছে,AG,1
এইসব জানোয়ার দের স্পটে ইন কাউন্টার করা দরকার 	,AG,1
আপনার পশ্চাদে হাত ঢুকায়ে মশাল হিসেবে তুলে রাখা হবে,AG,1
তোমাদের ছাত্র লীগ চ্যালেন্জ করছি তোমরা রাস্তায় নামো তোমাদের ভাষাই দিমু,AG,1
তোকে ওপেন চ্যালেঞ্জ করলাম বাপের বেটা হলে মামুনুল হকের গায়ে একটা টাচ করে দেখ পায়ের জায়গায় পা থাকবে না,AG,1
অন্যায়ের বিরুদ্ধে সাক্ষাৎকার দিয়ে তিনি খারাপ কিছু করেননিঅবিলম্বে তাকে সরকার মুক্তি দিক,NoAG,0
আস্ত শুকরের বেটা শুয়োরের বাচ্চা,AG,1
দিলিতো আর্জেন্টিনার গুয়া মাইরা,AG,1
পরি মনি একজন সেরা পতিতা বলা যায়	,AG,1
দুনিয়ার ফালতু নাটক১১ মিনিট দেখে জিবন থেকে ১১ মিনিট সময় নষ্ট করে ফেললামআর একটা ভিউ বারিয়ে দিলাম,NoAG,0
ভাষা থেকেই বোঝা যায় তুই মাদারচোদ শুয়োরের বাচ্চা,AG,1
মাহি কি অরজিনলী বি চৌধুরীর ছেলেজন্ম নিয়ে সন্দেহ আছে ,AG,1
যাই হোকরাজাকারের জন্যে আমার ঘৃণা প্রকাশের পর কোটা সংস্কার প্রজন্মের প্রায় সবাই আমার মৃত্যু কামনা করছে এক বাটি দুধ নষ্ট করতে ১ ফোঁটা লেবু যথেষ্ট একটি সুন্দর লেখা নষ্ট করতে ১টা লাইনই যথেষ্ট,NoAG,0
আর হাছিনার কথা তো বললামনা ও আজ পযন্ত কোন খুনি কোন ধরষন কারির বিচার করেছে ওআছে শধু ও বাপের খুনির পিছনে,AG,1
শিব আর দুর্গার মধ্যে অবৈধ সম্পর্ক বিদ্যমান,AG,1
বিরোধী দলের এমন সত্য প্রকাশের জন্য সরকার যে কোনো সময় তাদের কে গূম করে দিতে পারে,AG,1
বাবর তারেক খালেদা সব গুলোর ফাঁসি কার্যকর হওয়া উচিত এর জন্য,AG,1
তোরা চাঁদে যাবি কীভাবে কোনো মুসলিম দেশ এখন অবধি রকেট টেকনোলজি জানে না তোদের আল্লা আবার চাঁদে বসে থাকে আল্লার পারমিশন ছাড়া চাঁদে ঢুকবি কী করে,AG,1
  শ্যাম্পেন  গ্লাস জন্য ওয়াইন খুব ব্যয়বহুল বোতল না এবং  ডিনার পানীয় পরে,NoAG,0
এটা কি  সত্যি  হয়েছে  বিশ্বাস হয়  না  এইরকম  মাগি  যদি  আমার  হতো  শালীকে  দুইদিনে  সোজা  করে  দিতাম,AG,1
পড়তেই থাকি পড়তেই থাকি কিন্তু আতঁকা ক্যান যে আপনার লেখাটুকুন শেষ অইয়া যায়,NoAG,0
আসলে বেচারা প্রথমে পেনাল্টিরর জন্য নাটক করতে গিয়ে ধরা  পড়ে পরে অবশ্য নাটকবিহীন গোল করায় পূর্বের কৃতকর্মের জন্য অনুতাপ করতে গিয়ে কান্নায় ভেঙে পড়েন,NoAG,0
সহকর্মী ওই মহিলাকে উত্তর দিল “আমরা টাকা দিয়ে খাবার কিনেছি খাবার নষ্ট করব নাকি খাব এটাতে তোমার মাথা ঘামানোর কী আছে”,NoAG,0
বিএনপি নেতারা রেডি থেকো তুমাদের খারাপ কাজের ভিডিও প্রকাশ করবে আলজাজিরা,AG,1
তোমার মাগীরা অন্যের সাথে চুদবা আবার হুমকি মারাবা সবাই নারী নির্যাতন নিয়ে ব্যস্ত আর পুরুষ র যে নির্যাতন হয় সেটা তো কেও বলে না ,AG,1
আমার শোকে কাদঁছে আর দীপু আমি হাত বাড়ালাম কিন্তু কাউকে ছুতে পেলামনা দুর বহুদুরে চলে যাচ্ছি যেখান থেকে আর কোনোদিন ওদের দেখা হবেনা,NoAG,0
তুরে পাইলে কুত্তা দিয়া পুডকি মারতাম সালার পুত,AG,1
আমরা ভারত কিংবা পাকিস্তান কোনোটাকেই পছন্দ করিনা কিন্তু ভারতপাকিস্তান ক্রিকেট ম্যাচ দেখার জন্য উদগ্রীব হয়ে থাকি কারণ আমরা ক্রিকেট খেলাটাকে ভালোবাসি খেলার সাথে রাজনীতির কোনো সম্পর্ক নেই আর সেইজন্যই আমার মতে আপনি চাইলেই ভারত ক্রিকেট দল কিংবা পাকিস্তান ক্রিকেট দলকে সমর্থন করতে পারেন,NoAG,0
আমরা ইয়াং জেনারেশন এখন মিজানুর রহমান আজহারীর ওয়াজ শুনব হল মুখে আর যাব না হে আল্লাহ মালিক আমাদের এই দোয়া আপনি কবুল করুন কুষ্টিয়ার আমির হামজার মত করে আমাদের শিক্ষা গ্রহণ করার তৌফিক দিন,NoAG,0
হঠাৎ পাশের বাসায় কান্নার ঝড় পড়ল গিয়ে যা দেখলাম তা সত্যিই অবিশ্বাস্য আমার থেকে ২ বছরের বড় দিবালি মারা গেছে,NoAG,0
যদি কারো জীবনে করে আসা খারাপ কাজগুলো তোমাকে কষ্ট দেয়অবশ্যই মানুষটিকে তুমি ভালবাসো,NoAG,0
বিরক্ত আমি বিরক্ত এই পৃথিবীর ’পরে দেখে সীমাহীন অবিচার আর দ্বিধাহীন মিথ্যাচার,NoAG,0
 কি ব্যাপার আজকাল কি রসময় গুপ্ত পড়া শুরু করলে গুপ্ত দা এই স্ট্যাটাস দেখে অনেক গর্ব করতেন,NoAG,0
মাদারীর বাইচ্ছা অপেক্ষা কর আগের জায়গায় আসার	,AG,1
রানুর  পাছায়  লাথি  মেরে  রানাঘাট  স্টেশন  পাঠান 	সালা ভিখারি তোর এতো অহংকার	,AG,1
সোনাতনি ধর্মে ভাই ভাগার ছিলো পাচ পান্ডব মিলেমিশে দ্রৌপদির সাথে চালিয়েছিল তান্ডব ব্রম্মা নাকি সৃষ্টি করিয়াছেন দিয়া নিজের অন্ড কিচ্ছা কাহিনি থেকে বোঝা যায় গান্ডু হিন্দুর ধর্ম ভন্ড,AG,1
আওয়ামীলীগ বর্তমানে একটা গালি হিসাবে ব্যবহার হয়😂🤣,AG,1
এজন্যে তো শেখ মুজিব সাহেবের জানাজা তে মাত্র  জন মানুষ উপস্থিত ছিল আর আন্দোলন হবে কিভাবে বিএনপি নামক এক হিজড়া মার্কা বিরোধী দল যে বাংলাদেশে আছে আর আরেক টা জিনিশ আওয়ামী লীগ করছে তা হচ্ছে ডিজিটাল নিরাপত্তা নামক এক অবৈধ আইন,AG,1
ইসলাম ধর্ম হল শয়তানের ধর্ম,AG,1
নিয়ন আলোকে ধন্যবাদ যত্রতত্র কপি হতে থাকা লেখাটি প্রকাশ করার জন্য,NoAG,0
জাঙ্গিয়াতে না ধরলে ও তোমাদের বিষ্ণু মাতা তুলসী মাতা ও দ্রৌপদী মাতার উদরে অবশ্য ধরবে পক্ষান্তরে তোমাদের সব মাতারা সুখ ভোগ করবে দীর্ঘ ও মোটা ধনের ,AG,1
বোকাচোদা বেজন্মা জারজ জঙ্গি রাম এবং তার মা বেশ্যা রেন্ডি রেন্ডি কৃষ্ণের মুখে হাগ মাদারচোদ শিব শুয়োরকে আমি কুত্তা দিয়ে চুদাই,AG,1
ভাই এখন আওয়ামিলীগ না বলে চোরলীগ বলে ভালো হবে,AG,1
অশেষ কৃতজ্ঞতা আমার প্রাণপ্রিয় সকল বন্ধু বান্ধবীদেরকে সকলের সর্বাত্মক সহযোগিতা না থাকলে সিআর এর দায়িত্ব কখনো পালন করা সম্ভব হতো না,NoAG,0
কোনো দলই ভালোনা দিগত ৫০ বছরের মধ্যে  যে দল গুলা সরকার গঠন করেছেন তাদের মধ্যে ৯৮ চোর ছিল এবং বতর্মানেও আছে আর এইটা কখনো দুর হবেনা এবং দুর করা সম্ভবও হবেনা,AG,1
পৃথিবীতে দ্বিতীয়বার নিজ মেয়ের সাথে  করেছে কে উঃ প্রজাপতি দক্ষ,AG,1
মিডিয়া কর্মীদের জন্য এ অাইনের অনেক ধারা অাসলে অনেকটা বিব্রতকর পরিস্থিতিতে ফেলতে পারে,NoAG,0
নিজের পরিজন দের ছেড়ে এইভাবে আজ দুই টি বছর কেটে যাচ্ছে বড্ড বেশি মনে পড়ে যায় যখন এক সাথে সেহরি ইফতার একই সাথে করা হতো আজ সেইই মুহুর্ত টা একা পালন করতে হয় ,NoAG,0
মা মেয়ে কে কুত্তা দিয়া বইরা দিবো,AG,1
আমি বোবা আমাকে জালাবেন না বোবা খলিফা,NoAG,0
শুয়ারটার নিজের পাছায় নিজে ঢুকিয়ে অভ্যাস তাই নিজেই নিজের আইডিতে ট্যাগ চুদায়,AG,1
ম্যান অফ দ্যা ম্যাচ রুমানা মেয়েটা কতটা পরিশ্রমী ছিল না দেখলে বোঝা কঠিন ,NoAG,0
যে দেশে মুসলিম ধর্মের জন্ম তাঁরা এনাদের একই ধর্মর বলে স্বীকার করেন না বিয়ে শাদি সব কিছু আইন করে বন্ধ করা তবুও এরা বাঁশের থেকে কঞ্চির দর বেশি জাহির করতে করতে জান্নাত নিয়ে গবেষণা করতে করতে বস্তির মতো জাহান্নামে মাছি ভন ভন পরিবেশে জীবন কাটিয়ে বাহাত্তর হুরের লোভে ৩৪ টি বিবি ও ৮১০ বাচ্ছা উপহার দিয়ে পরলোক গত হন,AG,1
শুনে মোসলমান ওয়াজের মাঝে ভূয়া মোসলমান বানিয়ে বিজনেস করে,AG,1
পাগল ছোদা শালা একদম,AG,1
তুই তো হিজড়া,AG,1
আলহামদুলিল্লাহ সহকারী ফেসবুকার হিসেবে সুপারিশপ্রাপ্ত হলাম,NoAG,0
ভারতে মুসলিম দের ওপর অত্যাচার বেশি হলে দেশের দেড় কোটি হিন্দু এই দেশে পুতে ফেলা হবে🇵🇰🖤🇧🇩,AG,1
আজান ও নামাজের সময় পূজা বন্ধ করা হোক,AG,1
ঠান্ডা মাথায় অনেক সুন্দর বাঁশ দিয়েছেন অাওয়ামীলীগের শয়তান গুলোকে ধন্যবাদ ভাই,AG,1
সুবর্ণা মুস্তফার সাথে একবার হুমায়ুন ফরিদীর প্রচণ্ড ঝগড়া হলো রাগ করে সুবর্ণা অন্য রুমে গিয়ে দরজা আটকে শুয়ে পড়লেন,NoAG,0
বাংলাদেশ সরকার এর মধ্যে সেনাবাহিনীর সহায়তায় উত্তরা ফ্ল্যাট প্রকল্পসহ কয়েকটি স্থানে প্রবাসীসহ অনেককে কোয়ারেন্টিনে রাখার পরিকল্পনা বাস্তবায়ন করার উদ্যোগ নিয়েছে,NoAG,0
বিরক্তিকর মানুষ কখনো ফ্রড হতে পারে নাপৃথিবীতে ফ্রড মাত্রই ইন্টারেস্টিং ক্যারেক্টার হয় ❤,NoAG,0
সিরিয়াসলি তাই বলে এমন করবে সে সিরিয়াসলি,NoAG,0
প্রায়ই দেখা যাচ্ছে মায়ের হাতে সন্তান খুন স্ত্রীর হাতে স্বামী খুন প্রেমিকের সাথে পালিয়ে গেছে নবজাতকের মা কিংবা মায়ের আত্মহত্যা আমরা তখন কী করি কথা ছাড়া মেয়ের দোষ দিয়ে হাত ধুয়ে ফেলি,NoAG,0
মাদারচোদের গায়ে কোন শক্তি নাই,AG,1
চোদানির ফুত বন্ধুত্ব শালার ঘরের শালা খানকির পোলা পোলা পোলা,AG,1
মানুষের চোখে হচ্ছে সবচেয়ে বড় বোকা এরা নিজের হয়ে ও অন্যের জন্য কাঁদে,NoAG,0
দেশ এর  মানুষই বুঝে  না  ওদের  জন্য  কি   ভালো  আর   খারাপ এগুলিরে  কি  বলবে  কিছুই  বলার  নাই  ইতালির  মতো  হলে  তারপরই  মজা  বুজবে এর আগে  না,NoAG,0
এতো বড় একটি নিউজ আমাদের দেশের একটি ও টেলিভিশন  করে নাই ইন্ডিপেন্ডেন্ট থেকে সময় টিভি সবাই কিন্তু শেখ হাসিনার দখলে,AG,1
আমাদের বীরপুঙ্গব পুলিশ ভাইয়েরা  আগে স্কুলকলেজইউনিভার্সিটির শিক্ষকদের বিভিন্ন কারণে পিটিয়েছে  সম্প্রতি ইউনিভার্সিটির ছাত্রছাত্রীদের কোটা আন্দোলনের জন্য পিটিয়েছে  এখন হাইস্কুলকলেজের ছাত্রছাত্রীদের পিটাচ্ছে কাজেই প্রাইমারি স্কুলের ছাত্রছাত্রীদের অভিভাবকগণ সাবধানে রাখুন,NoAG,0
শেষবার যখন আমি গিয়েছিলাম তখন আমরা রান্নাঘরের পাশে একটি করিডোরের টেবিলে বসে ছিলাম,NoAG,0
তোর মত মাগি বেইশ্যা ইসলাম ছাড়ণলে কি বাল আসে যায়,AG,1
আচ্ছা ভাইয়া পূজা অর্থ কি যোনী কি পূজার যোগ্যযত সব ভণ্ডামি,AG,1
হিন্দুরা তোমরা নিজে নিজে পুটকি মারা মারি কর,AG,1
চোদানির পুতেরে এতিমের লাহান দেহা যায়,AG,1
জন্তুলীগের কেন্দ্রীয় কমিটির চরম দালাল,AG,1
যার চোখে কোন হায়া বা লজ্জা শরম বলতে কিছু নেই সে কি কাপড় পরা নাকি উলঙ্গ তাও সে জানেন না  তাদের ই নাম হল আওয়ামী লীগ বা ছাএলীগ ,AG,1
আওয়ামী লিগ বলে তারা নাকি মুক্তিযুদ্দার দল এখন আপনারা কি বাবে ২৩ রাজাকারের নাম প্রকাশ করেছে ন এদের বিচার কে করবে কেন না এরা তো সরকারের মধ্যে কোন না কোন বাবে জড়িত,AG,1
এখানে কোনো মুসলিমকে থাকতে দেওয়া যাবে না  দরকার হলে হিন্দুদের অস্ত্র ধারণ করতে হবে ,AG,1
মুখ ও মুখোশের কাছে একটি প্রশ্ন যে আল্লাহ তো নিরাকার তার চোখ নেই কান নেই হাত নেই পা নেই মাথা নেই তবে সে মোহাম্মদ কে কিভাবে এই বর্বর ধর্ম প্রচার করতে বললো,AG,1
কাদের সিদ্দীকি যুদ্ধ করছিলো আর বাকি আওয়ামী নেতা যারা এখন সরকারকে আষ্টেপৃষ্টে আছে তারা ক্ষমতার মধু খেয়েছিল কেন,AG,1
বেইশ্যার জন্মের ফসল খানকির মাগি ,AG,1
এই রকম লিরিক্স আমাদের দেশের ইতিহাসে কোটিটা আছে এক শুভ্র দেবই কত গাইলো এককালে ,NoAG,0
এই কুলাঈগার সন্তান জন্ম হয়েছে সৌদি আরবে আমরা মুসলিম জাতির জন্য দুর্ভাগ্য এর মতো মানুষ এর জন্য আজকে মুসলিম রা অপদস্থ,NoAG,0
পাদের চেয়ে বেশি দুর্গন্ধযুক্ত তোমার নবী,AG,1
নুটি পুত্র এই চুদির পুলা গাঞ্জা খাইছে,AG,1
ঐ খানকির বাচ্চা সময় টিভি তোদের কে জুতা পিটা করব এরা অসহায় মানুষ এদের নিউজ তৈরী করতে রাত জাগস অথচ ভারতের অবৈধভাবে এনে এই দেশে পুলিশের চাকরি দিছে সেই নিউজ কই ভালো হয়ে যা,AG,1
যুগ যুগ ধরে আমার কাছে এইটাই ভালোবাসা আর শ্রদ্ধা আমার সেলিব্রেটির প্রতি,NoAG,0
চিরাচরিত ভাবেই এই সিনেমাটিও ছিলো একটি দক্ষিণী তামিল সিনেমার বাংলা রিমেক,NoAG,0
কমেন্ট পইড়া সত্যিই অবাক হতবাক হচ্ছি বাংলাদেশে এতো মুমিন বান্দা কিন্তু এতো মুমিন এবং তাদের নারীকে সর্বোচ্চ সম্মানদানকারী ধর্ম ইসলাম থাকতে এ দেশে এতো মেয়ে কেনো রেপড হয় এতো বাচ্চা শিশু কেনো রেপড হয় মসজিদে ইমামগো দ্বারা কেনো পিচ্চি ছেলেগুলা সেক্সুয়ালি এবিউজড হয় অন্যদিকে ধর্মহীন স্কেকান্ডেনেভিয়ান দেশগুলোতে অপরাধীর অভাবে জেলই বন্ধ হওয়ার উপক্রম,NoAG,0
এদের জ্যান্ত পুড়ে মারা হোক পেট্রল দিয়ে,AG,1
টুয়া তোর মারে বাপ খানকির মাগি ,AG,1
মেধাহীন আবাল আর দেখতে চাই না,AG,1
মাদারচোদতোরে দেখে আমার পায়খানা লাগছে ক্যান বলতোখানকির পোলা,AG,1
দুনিয়ায় এত লোক মরে তুই মরিস না ক্যা,AG,1
আমি অন্তত আরও ১০০ বার এই পোস্টটা ১ বছর পরপর আপনার হাত দিয়ে পোস্ট হওয়া দেখতে চাই বাবুর জন্য শুভেচ্ছা,NoAG,0
আচ্ছা আমরা যারা পুলিশে আছি আমরা তো এ সমাজ থেকেই উঠে আসা ভালো মন্দ সব জায়গাতেই আছে মানুষ হিসেবে একজন নাগরিক হিসেবে আমি কেমন এটা কি আমরা ভাবি,NoAG,0
আমি এন্ড্রুর পর্যালোচনার যোগ আছে আমি শুধু কিছু যে ঘটেছে বিশ্বাস করতে পারি না হ্যাঁ অ্যাপ্লিকেশন ভাল ছিল প্রবেশাধিকার খুব ভাল ছিল কিন্তু সেখানে পাণিনির কোন মুরগির সঙ্গে শুধু রুটির কামড় ছিল এটা স্পষ্টভাবে আরো মুরগির সাথে উন্নত হতোকিন্তু মেয়ে এখানে কাজ খারাপ ওয়েট্রেস  মদের দোকানের পরিবেষক   কখনও একআমরা যখন চলতেন তিনি এমনকি আমাদের বসেন নাই আমরা সেখানে চিরকাল দাঁড়িয়ে না হওয়া পর্যন্ত অপেক্ষা অবশেষে নিজেদেরকে সীট আমাদের বলেছেন আমরা যেহেতু কিছুই ভিতরে বাম ছিল বাইরে গিয়েছিলাম তাই আমরা ফিরে এসে মূর্ত আমরা বার এ বসতে চাই এটা খুবই গরম বাইরে ছিল সৌভাগ্য যে একটি চমৎকার লোক আমাদের চারপাশের খুঁজছেন এবং দিন আমাদের তাঁর টেবিলের শেষে বসতে তিনি পৃথক্ সরানো যেহেতু তার পুরো দল ডিনার জন্য না দেখিয়েছিলেন লক্ষ্যআমি খুব উত্তেজিত ছিলাম যখন দেখলাম তারা তাদের মেনুতে সিডার ছিল এবং শুধু এক কিন্তু দুই আমি চাই যে  এর নাসপাতি সিডার এবং স্ট্রংবো আমি আদেশ একটি  আছে আমি এটি সমাপ্ত এবং অন্য চাইলেন তিনি বলেন তারা তাদের বাইরে ছিল ঠিক আছে তাই আমি স্ট্রংবো আদেশ দেন তিনি ফিরে আসেন এবং আমার জন্য এক গ্লাস সেটিকে  যখন আমি একটা ড্রিংক গ্রহণ এটি বিরক্তিকর ছিল  এটা তোলে  এর ছিল  শেষ পর্যন্ত আমি যখন একজন মানুষ বার এ বসে তার সঠিক ড্রিংক জন্য জিজ্ঞাসা করতে সাথে ফ্লার্ট থেকে দূরে তার মনোযোগ পেয়েছি সে আমাকে বলেছিল তারাও স্ট্রংবো বাইরে ছিল আপনি কিভাবে উভয় পানীয় বাইরে  আপনি একটি রেঁস্তোরার করছি এটা মজুদ না করা উচিত আপনি ঈশ্বরের দোহাই জন্য ডান  থেকে জুড়ে আছেনযখন আমরা আমাদের খাদ্য আদেশ তিনি অ্যাপ্লিকেশন আদেশ দেন তারপর আমি আমার প্রবেশাধিকার আদেশ এবং সে দূরে গিয়েছিলাম তিনি তার অর্ডার পান নি  আমরা মূর্ত এটি সম্ভবত শ্রেষ্ঠ ছিল আমরা অ্যাপ্লিকেশন এবং প্রবেশাধিকার বিভক্ত এবং কম খাওয়া চাই হারান টাকা ওয়েট্রেস যে ভাবে কিন্তু যাই হোক না কেন মূঢ়অতঃপর যখন তাকে আমার খাবার আনা সে সঠিক জিনিষ নিয়ে যাই নি কিভাবে হার্ড এটি মনে রাখা যায় তিনি যত্ন নিতে হয়তো  টেবিল ছিল হয়তো সে  করা বন্ধ সে তার সেল ফোনে বার পিছনে বা যদি সে বার এ লোক সাথে একটি কথোপকথন থাকার বন্ধ চাই হয়তো সে তার কাজ একটু ভাল কাজ করতে পারে না,NoAG,0
তোরা মানুষকে কি শিখাবি নিজেরাই তো শিখিস নী ধিক্কার জানাই তোদের মত নি্রলজ্জ কে যারা দেহ কে পুজি করে জীবন নির্বাহ করে,NoAG,0
প্রকাশ্য চাঁদাবাজির জন্য অনেক পুরুষ ও এখন হিজরার রূপ নিচ্ছে,AG,1
আওয়ামীলীগ নিপাত যাক গণতন্ত্র মুক্তি পাক,AG,1
কিছু কষ্টো আছে জমা এইনা মনের ঘরে  কিছুটা জল চোখটা বেয়ে অঝোর ধারায় ঝড়ে  চোখটা মুছে হঠাত আবার মিথ্যেকরে হাসি  হাসতে হাসতে খুঁজতে থাকি কেন ভালোবাসি,NoAG,0
আমি  না কিন্তু এটি আসলে মোটামুটি ছিল,NoAG,0
বড় স্যরেরা সব বিক্রি হয়ে গেছে ছোটরা কেউ চাকরী হারানোর ভয়ে মুখ খুলেনি,NoAG,0
সব পোস্ট শুরু করেন এভাবে আমার বুকটা ধক করে উঠেছে তারপর বলেন আমি অমুক নিউজ দেখি নাই তমুক নিউজ পড়ি নাই সাক্ষাৎকার দেই না ইত্যাদি তারপর একে একে সব পক্ষের ব্যাপারেই একটু একটু সাফাই গান যথারীতি আজকেও ব্যতিক্রম হয়নি আগস্ট মাস আপনার লাইফে মার্ক হবার মত একটা মাস একসাথে এত ফ্যান বোধহয় আর কখনো হারাননি ফ্যান বাঁচানোর জন্য এই পোস্টেও আজাইরা কিছু বয়ান দিলেন এভাবে কয়দিন চালাবেন,NoAG,0
ওয়ানডে ও টিটোয়েন্টি র‍্যাঙ্কিং থেকে এর মাঝেই নাম কাটা গেছে সাকিব আল হাসানের এক বছরের জন্য ক্রিকেট থেকে নিষিদ্ধ হয়েছেন বিশ্ব সেরা এই অলরাউন্ডার সে কারণে গত সপ্তাহে প্রকাশিত ওয়ানডে ও টি–টোয়েন্টি র‍্যাঙ্কিং থেকে নাম সরিয়ে নেওয়া হয়েছিল তাঁর,NoAG,0
কুত্তালীগের এই পাপ সব শেখ মজিবের কবরে জাবে,AG,1
রহিম নৌকাটার পাশে তাঁকাতেই চমকে উঠে তার শিরদাড়া দিয়ে যেন ভয়ের একটা শীতল স্রোত বয়ে যায় নৌকার ঠিক গা ঘেসে একটা মরা লাশ ভেসে চলেছে,NoAG,0
জজমিয়া নাটক কিভাবে হয়েছিল খুনি তারেককে বাচাতে,AG,1
কিন্তু গতকাল যখন ওরা হারলো তখন শুধু আমি নই বাংলাদেশের কমপক্ষে ৮০ মানুষ ঈদ মোবারক বলে ঈদের খুশি অনুভব করছ,NoAG,0
আহারে রোহিংগা হাউয়ার পোলা তুই মানুষ হৈলি না,AG,1
বেপদায় চলা ফেরা করা কারণে এই অবস্থা,AG,1
পতিতালয়ে কনডম দুর ঘটোনায় জন্মনেয়া জারজ রায় এই রকম কথা বলতে পারে খাংকির পুতা,AG,1
আমার স্বামি তো ৫০০ ফলোয়ার বানাইয়াই মইরা গেছে তাইলে আমি কি চান্স পামু,NoAG,0
ফেমিনিজম ইজ ক্যান্সার,AG,1
ইসলাম হলো মানুষ জাতির কলংক,AG,1
যারা ভিনদেশের পতাকা নিয়ে মাতামাতি করছে আমি শিওর তাদের অনেকেই কখনো বিজয় দিবসে ৫০ টাকা খরচ করে বাংলাদেশের পতাকা কিনে নি ,NoAG,0
লাথির  উপরে  লাথি  দিলে  ঠিক  হয়ে   যাবে ,NoAG,0
তুই একটা মাদার চুদ খানকির ছেলে,AG,1
মেয়েটি আর্তনাদ করে কাঁদছে এবং আমার দিকে তাকিয়ে বলছে বাঁচাও আমায় বাঁচাও,NoAG,0
গোপালগঞ্জ ও ফরিদপুর সব চেয়ে বেশি রাজাকার আওয়ামীলীগের মধ্যে রাজাকার বেশি ,AG,1
মাটির তৈরী দেবতা কি করতে পারে যাকে চাইলেই ভেংগে ফেলা যায়যে দেবতা নিজেকেই রক্ষা করতে পারে না সে আবার কিভাবে অন্যকে রক্ষা করতে পারবে,AG,1
সব ইসলামি দল নিয়ে একটা জাতীয় ঐক্যর প্রয়োজন আগে গনতন্ত্র পরে রাজনীতি চর্চা এই সরকার পতন না হলে দেশে কোনো দলই থাকবে না,AG,1
পতিতালয় মন্দিরের সাথে মিল আছেহিন্দু দেবীরা উলঙ্গ থাকে,AG,1
জোর করে চাপিয়ে দিয়ে লাভ হবে নাসরকারী মেসিন ঠিক মত কাজ করতে হবেসরকারীভাবে প্রয়োজন অনুযায়ী আমদানী করে অল্প লাভে বিক্রি করলে দামে বিক্রির সুযোগ থাকবে না,NoAG,0
সরকার পাগল হয়েগেছে,AG,1
সমন্নয়  শৃঙ্খল সঙ্গে একটি বিষয় তাদের রেস্টুরেন্ট কিছু পরিষ্কার এবং ভাল চলা হয় কিছু হয় না তারা সত্যিই চর্ব্য অংশ মুরগির ছাঁটা আগে তারা এটা কাটতে আপ এবং একটি  এটা নিক্ষেপ প্রয়োজন যে সত্যিই ,NoAG,0
অপকর্মে দরা পরলেই জামাত সিবির,AG,1
কিন্তু ঐ বয়স্ক লোকটিকে মারল কেরে বাইচ্চাটারে খুইল্যা পুলিশ ডাকলে ভালা আছিল না একটা মানবিকতা দেখাইয়া আরেকটা অমানবিকতা দেখাইয়া লাভটা কী হইল,NoAG,0
উরে বাপরে হিন্দুধর্ম শান্তিতে ভরপুর যাদের দেব দেবী নাকি মা মামীর সাথে যৌনতায় লিপ্ত হয় তাদের ধর্ম নাকি শান্তির ধর্ম,AG,1
যারা অন্য দেশ থেকে বাংলাদেশে এসে কোয়ারেন্টাইনে বসে নাই তারা অশিক্ষিত বর্বর ফকিন্নি,NoAG,0
হাসিনা দেশের মানুষ গুলোকে ধ্বংস করেই ছাড়বে  এতে বলে দেশ ডিজিটাল হয়ে গেছে মানুষ বড়লোক হয়ে গেছে  বাল হয়েছে ,AG,1
বাহ চুদির ভাই বাহ,AG,1
আর এত চমৎকার রাস্তা যে চোখ বন্ধ রাখলে আপনি টেরই পাবেন না কখন পাহাড়ে উঠেছেন ,NoAG,0
বর্তমান বাংলাদেশের যে অবস্থা তাতে কিছু বলা জীবনের জন্য হুমকি স্বরুপতারপরও বলব অপরাধীদের নাগরিকত্ব বাতিল করে দৃষ্টান্তমূলক শাস্তি দেয়া হক,AG,1
হইয়ো মাগির পুত  শালা বাইনচুদ,AG,1
অন্যের নিকট হাত পাতার ফলে মানুষের সর্বোত্তম সম্পদ বিনিষ্ট হয়ে যায়॥ সে সম্পদ হচ্ছে আত্মমর্যাদাবোধ ॥,NoAG,0
মুসলমানরা গত ১০০০ বছর ধরে হিন্দুদের নির্বিচারে হত্যা করলিলক্ষ্য লক্ষ্য মন্দির ধ্বংস করলি লক্ষ্য লক্ষ্য পুস্তক জ্বালিয়ে দিলি,AG,1
রাজধানীর বংশাল থানার আনন্দবাজার এলাকায় বাসের সঙ্গে মোটরসাইকেলের মুখোমুখি সংঘর্ষে এক কলেজছাত্রী নিহত হয়েছেন আজ সোমবার সন্ধ্যা সোয়া সাতটার দিকে আনন্দবাজার এলাকায় হানিফ ফ্লাইওভারের ঢালে এ দুর্ঘটনা ঘটে,NoAG,0
আমি দায়িত্বশীল পুলিশ কর্মীদের প্রতি শ্রদ্ধা জানাই বরাবরের মতো এ জাতীয় নিরপরাধ ছেলে বা মেয়ে হওয়া উচিত  আমি আপনাকে এবং আপনার কর্মকর্তাদের প্রতি শ্রদ্ধা জানাই যারা এই জাতীয় পদক্ষেপের মতো সম্মানের যোগ্য,NoAG,0
পরিস্থিতি খারাপের দিকে যাচ্ছে দেখে অধ্যাপক গুহঠাকুরতা ফ্ল্যাটের প্রবেশপথ আটকে ভারাক্রান্ত মন নিয়ে আবারও খাতা দেখতে বসে যান,NoAG,0
এই হত্যা করার কথা ইসলামের পবিত্র বই কোরআন শরীফে লেখা আছে,AG,1
চারদিকে অন্যায়ের জয়জয়কার দেখতে দেখতে এখন আর দুনিয়াতে বিচারের আশা করিনা একদিন মহান আল্লাহ নিশ্চই ভয়ংকর কঠিন বিচার করবেন সেই দিনের আশায় অপেক্ষা করা ছাড়া কিছুই করার নেই,NoAG,0
সসম্মানে হাসিনা যাবেনাযাকে জোতা পেটা করলেও সম্মান কমবেনাতাকে আরও বড় অসম্মান করে ক্ষমতা থেকে নামাতে হবে,AG,1
হাঁ এই জায়গা ছদ্ম সুশি  তাদের সত্যিই বহিরাগত খাদ্য বিশেষজ্ঞদের মত মনে যান কোথায় যদি এটা তার মধ্যে ক্রিম পনির পেয়েছে এটা সুশি নয় এবং এই জায়গা সিসি শুধু যে রোল সম্পর্কে আছেখুশীর সময় বারে অট্ট হয় মজা না অট্ট কিন্তু এর জোরে যতটা সম্ভব শিলা এবং শীর্ষ   পর্ণ শিলা  খারাপ তাড়াতাড়ি  ঢিলা যাক আপাতদৃষ্টিতে সব শুধুমাত্র জনমিতি জন্য ধরা এই  প্রথম  এবং প্রয়াত  এবং  ভালো বলে মনে হচ্ছে করতে চান যারা পছন্দ করবেন যেমন তারা এখনও কিভাবে তরুণ প্রজন্মের সঙ্গে নিচে পেতে জানিকারণ এটি  একটি নিদ্রালু শয়নকক্ষ সম্প্রদায় সব হয় যে বেশ স্বচ্ছল সব এবং স্মরণ করিয়ে দেওয়া লেগেছে এর ভিড় আপত্তিকর হতে পারে এই বার ইতিমধ্যে এমনকি বেশিআবার আমি এটা যান এবং উচ্ছৃঙ্খল হতে মহান সুশি খেতে না স্থান হিসেবে সুপারিশ,NoAG,0
সিএনজি এখন আরেকটা বাজে জিনিসযেসব রোডে চলাচল করার কথা নাতারা সেসব রোডে চলে এবং নিজেদেরকে ভাবে যে তারা রকেট চালাচ্ছেসব তার সামনে তুচ্ছ,NoAG,0
দেশে নামলাম অনেকদিন পরভালো লাগছে বেশ,NoAG,0
এই চিটিংবাজ মেয়েটার জন্য সুসাইড করে আমাদের ছেলেদের কে লজ্জায় পেলে দিলি ভাই,NoAG,0
তর পুটকিত ধান ছড়াইয়া চড়ুই দিয়া খাওয়ামু,AG,1
নতুন করোনাভাইরাসে কোভিড–১৯ বিশ্বজুড়ে আক্রান্তের সংখ্যা ২ লাখ ছাড়িয়েছে মৃতের সংখ্যা এখন পর্যন্ত ৮ হাজারের বেশি ইউরোপে পর্যটক ঢোকায় বিধিনিষেধ আরোপ করা হয়েছে যুক্তরাষ্ট্রের ৫০টি রাজ্যেই ছড়িয়ে পড়েছে করোনাভাইরাস,NoAG,0
ভাই আপনার রুমে কি মশা মাছি বেশি হাত দুটো একটু কম নারান আপনার কথা শুনতে চাচ্ছি আপনার হাত এর জন্য মনোযোগে ব্যাঘাত ঘটছে বেটার হয় কয়েল ধরান আর নাহয় কাপাকাপির ডাক্তার দেখান,NoAG,0
যারা সারাদেশের ভোট চুরি করে ক্ষমতায় আসে তারা করবে ধরষনের বিচার,NoAG,0
আরব দেশে এসে একটা জিনিস দেখেছি যেটা অন্য কোথাও দেখা যায় না সেটা হলো যতো বড় শেখ বা কর্তা ই হোক আগে সালাম দিবে ,NoAG,0
ছাগল মর্কা মইয়াডার সঙ্গে না বসলেই ভলো হতো,AG,1
জিম্বাবুয়ের সাথে বাঘ আর বড় দলের সাথে বিলাই৷ হাস্যকর ব্যাপার,NoAG,0
 এ বিএনপি ক্ষমতায় ছিল ২০০১ এর অর্ধেক সময়ে আওয়ামী লীগ ক্ষমতা ছেড়ে দিছে তারেক জিয়া কোটি কোটি টাকা লুটপাট করে বিদেশে পাঁচার করছে,AG,1
আসসালামু আলাইকুম আরিফ ভাই স্থানটা কোথায় আমি সময় করতে পারলে উপস্থিত থাকতাম,NoAG,0
আওয়ামীলীগ ভোট ছাড়া নির্বাচনে জয়ী হয়এটাই হচ্ছে শেখ হাসিনার ম্যাজিক ,NoAG,0
উইঘুর মুসলিমদের ওপর অত্যাচার সমন্ধে কি বলবেন  করোনা চীন থেকে বেরোলো আপনাদের কাংলাদেশের কিছু দাড়ি ওয়ালা ছাগল বললো এটা নাকি আল্লার গজব,AG,1
ইসলাম হলো মিথ্যা ধর্ম আমি  নিশ্চিত,AG,1
আর কিছু না হলেও অন্তত মাস্টারবেশনাল স্পিকারদের মুখুশ খুলে দিল কিশোর আন্দোলন,NoAG,0
তোকে চুদবো যে শালি শালি ভিখারী	,AG,1
নারীরা দেখিয়ে দিলো তারা মানসিকভাবে কতোটা শক্ত লাস্ট ওভারে ছেলেরা নার্ভ ধরে রাখতে পারে না যেখানে মেয়েরা ঠান্ডা মাথাই ম্যাচ জিতিয়ে অানলো,NoAG,0
এই  শুয়ারের বাচ্চারা  তোরা  মুসলমান  মুসলমান  করছিস কেন  তোদের  হিন্দুর  জাতরা  এই  সব  করে  না ,AG,1
একজন রাজনিতি কর্মি পোষ্ট যদি   এইরকম হয় তাহলে সাধারন জনতা পোষ্ট কি রকম হওয়া উঠিৎ বন্ধু,NoAG,0
নবি খানকির ছেলে,AG,1
মেয়েরা তাদের দেহ দিয়ে তাদের শ্বার্থ হাছিল করে থাকে অারো কত কি,AG,1
মুসলিমরা কখনও আতঙ্কবাদ সৃষ্টি করে না বরং অমুসলিম মালাউনরাই আতঙ্কবাদ সৃষ্টি করে অভিযোগের আঙ্গুল তুলে মুসলিম দের উপর একজন মুসলিম কখনও জঙ্গিবাদ করে না বরং অমুসলিমরা মুসলিমের ছদ্মবেশে জঙ্গিবাদ করে,AG,1
সেলুট জানাই আন্দালিব রহমান পার্থ ভাইকে সবসময় সত্য উন্মোচন করে দেওয়ার জন্যে,NoAG,0
বাংলাদেশের একজন জনপ্রিয় শিল্পিকে অন্যায়ভাবে গ্রেফতার করা কোনভাবেই যুক্তিসংগত কাজ হতে পারে না,NoAG,0
মুঞ্চায় মানদার পুতেরে লেংটা পোলাপাইন দিয়া পুটকি মারাই,AG,1
ভিপি নুরু তুমি কার জামাতশিবিররাজাকারের না পাকিবিএনপির,AG,1
তোরা হিন্দুরা গোপনে বসে বসে গরু খাসআবার বাইরে এসে ভাব দেখাস😂🤣 গরুর প্রতি ভক্তি সম্মান দেখাস😁,AG,1
আরে খানকি মাগী তোরা তো নিজের মা খালা মাসি পিসি বোন বৌদি কাউকে বাদ রাখিস না চুদতে আর তোদের মহিলারাও চরম মাগীবাজ তোদের পূর্বপুরুষ আর মহিলারা ব্রিটিশদের সেবা করত আর সে জন্য তোরা হয়েছিস তোদের মহিলারা তো বাড়া পেলে আর ছাড়ে না পুরো চুষে ছাড়ে,AG,1
পৃথিবীর নিকৃষ্ট তম ধর্ম হলো ইসলাম মানবতার বিরুদ্ধে সনতারস বাদী,AG,1
এই হারামজাদারা শালা দুনিয়াতে এটাই সম্পর্ক ছিল ছি ছি দুনিয়াতে এটাও সম্ভব,AG,1
যারা নিজের বিবেক বুদ্ধি হারিয়েছে তাঁরাই মূর্তি পূজা করে,AG,1
ব্লাড ক্যানসারে আক্রান্ত সংগীতশিল্পী এন্ড্রু কিশোরের চিকিৎসায় পূর্ণ সহায়তা দেওয়ার জন্য সিঙ্গাপুরের বাংলাদেশ দূতাবাসকে নির্দেশ দিয়েছেন প্রধানমন্ত্রী শেখ হাসিনা,NoAG,0
তোদের ভগবান আমার নুনুর বিচির সমানও না,AG,1
চিন দেশের  যথার্থ ই বলেছেন যে ইসলাম হল আসলেই একটি মারণ রোগ,AG,1
ভালবাসার অপর নাম সিক্সটি নাইন,NoAG,0
আমার সাধ জাগিয়াছে মনেতেল লাগিয়ে বিশাল ধনেদুর্গারে চুদিলাম কচু বনে,AG,1
জোনাকি প্রদীপ হয়ে জ্বেলে দিয়ে যায়তিমির রাতের মুখতেমন প্রদীপ হয়ে তুমি আজ জ্বলে যাও না,NoAG,0
বাংলাদেশের একমাত্র খাঁটি মানুষ ইলিয়াস হোসাইন এই মানুষটিকে যারা ভালবাসেন অবশ্যই কমেন্টস করবেন,AG,1
এবার বল খানকির মাগীর ছেলেরা কে ভাল প্লেয়ার,AG,1
কোয়ার্টার ফাইনালের জন্য দোয়া কবুল হওয়ার পাঁচটি শর্ত শীর্ষক গ্রন্থটি খুঁজতে ভিড় করেছেন আর্জেন্টাইন সমর্থকেরা,NoAG,0
রবীন্দ্রনাথ ধর্ষক মুহম্মদের মত ৫৩ বছর বয়সে একটা ৬ বছরের বাচ্চার সাথে মুফাখেতা দুই পায়ের মাঝে জননাঙ্গ ঘষা করেন নাই,AG,1
জাতির জনক বঙ্গবন্ধু শেখ মুজিবুর রহমানের জন্মশতবার্ষিকী সামনে রেখে বিভিন্ন ধরনের কর্মসূচি নিয়েছে সুপ্রিম কোর্ট লিগ্যাল এইড কমিটি সুপ্রিম কোর্ট লিগ্যাল এইড কমিটির চেয়ারম্যান বিচারপতি এম ইনায়েতুর রহিমের সভাপতিত্বে অনুষ্ঠিত সভায় মুজিব বর্ষ সামনে রেখে বিভিন্ন কর্মসূচি গ্রহণ করা হয়,NoAG,0
বছর ধরে দেশে ধর্ষন হত্যা চালিয়ে যাচ্ছে জংলি নামক মাফিয়ালীগ তারা কি রাজাকার না,AG,1
আমি অভিভূত যে হয় নি মেশিন পুরানো এবং কলঙ্কিত চেহারা কোনো শীতাতপনিয়ন্ত্রণ হবে বলে মনে হচ্ছে না এবং এটা এর ভিতরে হতে যেহেতু এটি  বাহিরে ছিল ছিল তারা ওভারহেড ভক্ত ছিল একটি শীর্ষ লোডার মধ্যে ধোয়া লোড প্রতি  সেন্ট কিন্তু আমরা শুধু এক টপলোডার প্রাপ্তিসাধ্য যে আসলে কাজ পাওয়া যায় নি  মূল্য সস্তা ছিল তাদের অর্ধেক অর্ডার বাইরে ছিল এর পরিবর্তে আমরা দুই সামনের লোডার যে ডবল লোড করতে দাবি এবং সুন্দর ত্বরিতে সেখান থেকে ছিল মধ্যে সবকিছু ডাম্প আমরা জামাকাপড় লন্ড্রি রুমে শুকিয়ে সেখানে তাই সে তাদের সঙ্গে থাকতে হত না বিল্ডিং আমার মেয়ের এপার্টমেন্ট ফিরে নেন,NoAG,0
বাবা বারবার ফোন দিয়েছিল বাসায় যাবার জন্যখুব ইচ্ছা ও ছিলকিন্তু ব্যস্ততার জন্য যেতে পারছি নানিজের কাছে যেমন খারাপ লাগে বাবা মায়ের কাছে তার চেয়ে বেশি লাগে,NoAG,0
ওবায়দুল সেতুমন্ত্রী সত্য কথা বলে না তিনি তাহলে মিথ্যাবাদী আমরা চাই করোনাভাইরাস ওবায়দুল কাদেরকে আক্রমণ করুক,AG,1
ভারত ও পাকিস্তান পারমাণবিক যুদ্ধে জড়ালে তাৎক্ষণিকভাবে সাড়ে ১২ কোটি মানুষ মারা যেতে পারে যুক্তরাষ্ট্রভিত্তিক এক গবেষণাপত্রে এই আশঙ্কা করা হয়েছে দুই দেশের এই পারমাণবিক যুদ্ধের প্রভাবে বৈশ্বিক জলবায়ুর ওপর বিরূপ প্রভাব পড়বে বলেও সতর্ক করা হয়েছে ওই গবেষণায়,NoAG,0
পাগলা শুকরের জাত কুত্তার বাচ্চা বেজন্মা বেশ্যা লুইচ্চা কৃষ্ণ ১৩০০০ মতান্তরে ১৬০০০ টা বিয়ে করছিলো এত্তগুলা বিয়ে করেও তার খায়েস মেটেনি তাই সে তার বিশাল লম্বা পুরুষাঙ্গ নিয়ে নিজের মামী ও রাধিকার দিকেও বাড়িয়েছিল কত বড় লুইচ্চা সে রাধিকা ধর্ষণের সেই ঘটনাকে স্মরন করেই আজ গাওয়া হয় কৃষ্ণ আইলা রাধার কুঞ্জে,AG,1
পিলখানা হত্যাকাণ্ড না হলে মহান শেখ মজিবুর রহমান ও জিয়াউর রহমান এর মতই শেখ হাসিনাকে ও একই ভেবে হত্যা করা হতো  তাই এই নেক্কারজনক হত্যাকাণ্ড চালিয়েছিল শেখ হাসিনা,AG,1
﻿খারাপ না  আমি তাদের খাবার ও সেবা পছন্দ করি ,NoAG,0
শেষটা খাওয়ার সময় নিটোলের ফোন কোথায় তুমি তাড়াতাড়ি বাসায় আসো একটা খুশির খবর দেবো খুশিতে একদম গজগজ করছে,NoAG,0
কিন্তু থাকে দেখলে সব সময় মনে হয় জন সিনার সাথে রেসলিং খেলবে,NoAG,0
ভাই মুসলিমদের অবমাননার কোনো বিচার হয় না আর যখন মুসলিম নিজেরা বিচার করতে যায় তখন তারা জঙ্গি উপাধি পায়,AG,1
২০১৯ সালের বিশেষ ১০টি বৈজ্ঞানিক উদ্ভাবনের অন্যতম কৃতিত্ব এসেছে বাংলাদেশের পুষ্টিবিজ্ঞানীদের হাত ধরে,NoAG,0
মানুষ ডিগ্রী চায়নামানুষ চায় ভদ্রসভ্য ও প্রতিপক্ষের সাথে ভালো আচরণগণহত্যাকারীরা ডিগ্রী নেয় টাকার বিনিময়ে,NoAG,0
কিছু অসৎ পুলিশ এমন ভাবে অনেক নির্দোষ মানুষকে ফাঁসিয়ে অর্থ আদায়ের চেষ্টা করে তাদের চাহিদা মতো অর্থ না পেলে পরে মামলায় জরিয়ে দেওয়া হয় পুরো দেশেই এমন অভিনব কৌশলে হয়রানি করা হচ্ছে যার অধিকাংশই জনসম্মুখে আসে নাভিতরে ভিতরে ধামাচাপা দিয়ে দেওয়া হয়,NoAG,0
ইহুদি তোদের চুদতে পারে রে আর হিন্দুরা কিছুই বললেই তোর মায়ের গায়ে লাগে তোর মাকে বলিস আমার ধোনের আগা চুসতে,AG,1
ভাই আপনার ভিডিও গুলা এমন কেন মানুষকে অপমান করা এমন করলে ভালো হয় না যে তাদেরকে অপমান না তাদের ভুল গুলো ধরিয়ে দিচ্ছিন,NoAG,0
হাতিলকে কেবল দেশের আসবাব খাতের অন্যতম শীর্ষ ব্র্যান্ড বললে ভুল হবে আসবাব রপ্তানিতে শীর্ষস্থানে পৌঁছেছে হাতিল গত কয়েক বছরে পার্শ্ববর্তী দেশ ভারত নেপাল ও ভুটানে ছড়িয়েছে ব্র্যান্ড হাতিল,NoAG,0
জাকির নায়েক ইহুদী বৌদ্ধ তথা বিধর্মীদের এজেন্ট তার কথা শুনা জায়েজ নেই তাকে রাজারবাগ শরীফের পীর সাহেব কিবলার মুরিদ করাতে হবে,AG,1
তোদের সেই মাদী উট চোদা পয়গম্বর হজরত মহম্মদ নিজ পুত্রবধূ জয়নবকে বিবাহ করেন ও ধর্ষণ করেছিলেন,AG,1
হিন্দু বাচ্চার হিন্দু তুই তো একটা মালুয়ান,AG,1
গত সময় জন্য  ছিল  বার যে আমরা তাদের থেকে আদেশ করেছেন তারা একটি সহজ অর্ডার অধিকার পেতে বলে মনে হচ্ছে না পারবেন না অ্যাপল স্লাইস নাঃ  একপাশে নাঃ কিন্তু এক কিডস বার্গার তারা অর্ডার করার জন্য আপনাকে চার্জ করতে দ্রুত তারপর আপনি কল এবং একটি মেয়ে নাম লিজ সাথে কথা বলতে এবং তিনি আপনাকে বলতে যে তারা সঠিক এবং আপনি গ্রাহক ভুল শুরু হয় যদিও আমি আমার সামনে বসে সব খাবার আছে এখনও কিডস  এর বার্গার বা পার্শ্ব নাঃ   লেট তার ফোন উত্তর রাখা এবং আপনি আপনার দেখতে গ্রাহকের বেস পতন যেতে হবে আমরা স্কটসডেল মধ্যে একটি অফিস যে দৈনন্দিন অফিসের জন্য দুপুরের খাবার ক্রম হয়  আনুষ্ঠানিকভাবে মেনু বই থেকে সরিয়ে ফেলা হয়েছেনিস গ্রাহক সেবা ,NoAG,0
প্রতিটা মুমিনের রক্তের হিসাব দিতে হবে শেখ হাসিনা সরকারের,AG,1
মামা ঐ যে পিছনে ওয়ান টাইম গ্লাসগুলা দেখেন না সবাই একবার করে পানি খায় তারপর গ্লাসগুলো ফেলে দেয় আপনাদের ঢাকা শহরের প্রেম হল এমন একবার করে সবাই কাছে পাইতে চায় প্রয়োজন শেষ হলে প্রিয় মানুষটারেই ছুড়ে ফেলে দিয়ে যায়,NoAG,0
ইসলাম একটা মিথ্যা ও ভুয়া ধর্ম তাই ইসলামের বিরুদ্ধে কথা ফরজে আইন,AG,1
হিন্দু  জাতটা এরকম  হয়	,AG,1
এবারের মিস ওয়ার্ল্ড বাংলাদেশ এই ভিডিওতে যা দেখেছি এটাই  আর কোনো এপিসোড দেখিনি  কথা খাইয়া  গাজা কয় ,NoAG,0
আরো ধন্যবাদ এই ফাতরার বাজারে নিজের জীবনরে যাপন কইরা যাবার বিনয় শিখানোর জন্য,NoAG,0
আমরা গতানুগতিক শিক্ষা কার্যক্রমের বাইরে ব্যবহারিক ও কর্মমুখী কোর্স ডিজাইনে গুরুত্ব দিয়েছি বিশ্ববিদ্যালয়ের শিক্ষার্থীদের জন্য প্রায়োগিক দিকটির গুরুত্ব অনুধাবন করে রাখা হয়েছে ইন্ডাস্ট্রিয়াল অ্যাটাচমেন্ট,NoAG,0
তুমি তো ভয়ে বা নির্যাতন এর জন্য মুসলিম হয়েছো আমাদের হিন্দু বা সনাতন ধর্মে শান্তি আছে কিন্তু মুসিমরা যতই বলুক মুসলিম শান্তির ধর্ম সেটা সম্পূর্ণ মিথ্যে কথা  মুসলিম হয়ত ভালো হতে পারে কিন্তু বাকি  মুসলিম ভালো না,AG,1
চাল চুরি করা আওয়ামীলিগের ঐতিহ‍্যশূধু চাল নয় ভোট ও চুরি করে তারা,AG,1
ভাল সঙ্গীত মহান খাদ্য দ্রুত পরিষেবা সাশ্রয়ী মূল্যের দাম,NoAG,0
মিনিমাম শিক্ষা থাকলে পেটে এই প্রশ্নগুলোর উত্তর দিতে পারতো সুন্দরী মানে শুধু বাইরের দশ কেজী চামড়া না ভেরতকার সৌন্দর্য টাও দেখা হয় সব জায়গায় এদের সিলেক্ট করাই উচিৎ হয়নি,NoAG,0
নাহ মাথা ঠান্ডা রাখতে হবে ওপরে আসার আগেই আমার পালাতে হবে নিজের জীবন বাঁচাতে হবে আমাকে,NoAG,0
ফতেয়াবাদের মুরগির খামার ,NoAG,0
