text,class,label
আমার বেঁচে যাওয়ায় যতটুকু আশ্চর্য হয়েছি তারচেয়েও বেশি আশ্চর্য হয়েছি রাফিদের ফোনের কারণে কারণ এমন কতো রাতই তো রাফিদ বাইরে কাটায়কোনোদিন আমাকে ফোন করে নিতাহলে আজ করলো কেনোনাকি রাফিদ সবই জানেসেও চাচ্ছে আমি রহস্যটা উদঘাটন করি,surprise,2
গতকাল রোববার সকালে সেই চিত্র পাল্টে যায় প্রায় ৬ হাজার শিশুশিক্ষার্থীর কলরবে মুখর হয়ে ওঠে মৌচাকের শালবন এই কাব স্কাউটরা দেশের বিভিন্ন জেলার স্কুল মাদ্রাসা ও মুক্ত স্কাউট দলের সদস্য,surprise,2
আমাকে হঠাৎ চমকে দিতে পেরে কিরন শব্দ করে হেসে উঠলোআর আমাকে বললো তুই যা ভাবছিস তা নয়আমি আসামী নইজেলের ডাক্তারআমি ডাক্তারি পাস করে ওখানে ডুকেছি,surprise,2
ফাইনালি আমরা মজা করেছি সিনিয়র জুনিয়রদের দেখা সাক্ষাৎ হালকা আড্ডা উপভোগ করছি ক্যাম্পাসের এই মাথা থেকে ঐ মাথা উলালে দৌড়াইয়া পা ব্যাথা করে ফালাইছি,sadness,1
ওরে ভাই এত ট্যালেন্ট কেমনে কি সম্ভব   কোথায় রাখেন ভাই এত ট্যালেন্ট দেখে সত্যি আমি অবাক হলাম | 😇😇😇😇,surprise,2
পেয়েও হারানোর বেদনা যে কিকাকে বুঝাইআর কি করেই বা বুঝাইবুক ফেটে চাপা কাঁন্নাটাই  বয়ে বেড়াবো সারা জীবন😢😢😢😢😢😢😢😢😢মিস ইউ রে❤,sadness,1
ভাই এবার তো দেখছি সত্যি সত্যি আমার GF এর যে জিনিস গুলো ভালো লাগে সেগুলো আর বলা যাবেনা কারণ সেও হয়তো ভিডিওটা দেখে ফেলেছে এতক্ষনে,sadness,1
হঠাৎ পাশের বাসায় কান্নার ঝড় পড়ল গিয়ে যা দেখলাম তা সত্যিই অবিশ্বাস্য আমার থেকে ২ বছরের বড় দিবালি মারা গেছে,surprise,2
বেশ কয়েক বার চিৎকার করতেই হাটু থেকে মাথা তুলে আমার দিকে তাকালো  ভয়ে আমি চমকে উঠলাম  জাপানি ভুতের সিনামায় দেখা আট নয় বছরের একটি ছেলে আমার দিকে হাটু থেকে মুখ তুলে তাকালো  সমস্ত মুখ কেমন ফেকাসে হয়ে আছে ,fear,5
চোখের অশ্রু টাও বেইমান ঝরে পরে তাও আবার অন্যের জন্য নিজের অস্তিত্ব টাও এখন বেইমানি করে শুধুমাত্র তোর জন্য,sadness,1
কোথায় রাব্বানী আর কোথায় নূর বেটা রাব্বানী এতো সহজ না মানুষকে বোকা বানানো,disgust,3
গতবার এই ফিলিস্তিনেরর কাছে ২–০ গোলে হেরেই সেমিফাইনাল থেকে বিদায় নিয়েছিল বাংলাদেশ কিন্তু গতবার তুলনামূলক শক্তিশালী ছিল ফিলিস্তিন দল এবারের দলটি গতবারের দলের চেয়ে সবদিক থেকেই পিছিয়ে আজকের হারটা বাংলাদেশের সামর্থ্য নিয়েই তুলে দিয়েছে প্রশ্ন,sadness,1
আমি আর সহ্য করতে পারছিনা কারা যেন চিৎকার করে চলেছে কারা যেন ফিসফিস করে চলেছেকারা যেন ঘুরছে মারিয়াকে ঘিরেযন্ত্রণায় চোখ গুলো উপড়ে আসতে শুরু করেছে,fear,5
বিমানটির ২১এ নম্বর আসনের পেছনে টয়লেটে তল্লাশি করা হয় এ সময় টয়লেটের ভেতর ব্যবহৃত টিস্যু ফেলার টিস্যু বক্সের নিচের একটি গোপন স্থান থেকে কালো স্কচটেপে মোড়ানো ৬ টি বান্ডিল উদ্ধার করা হয় বান্ডিলগুলো খুলে সোনার এক শ ১০ টি বার উদ্ধার করা হয় প্রতিটি বারের ওজন ১০ তোলা সব মিলিয়ে উদ্ধার হওয়া সোনার বারের ওজন ১২ কেজি ৭৬০ গ্রাম যার আনুমানিক বাজারমূল্য ৬ কোটি ৩৮ লাখ টাকা,surprise,2
এক এক করে সব ধরনের ভয় যখন মন থেকে উড়াল দিচ্ছিল ঠিক সেই সময়ই সবচেয়ে বড় ধরণের ভয়টা এসে মনের কোণে বাসা বাধল,fear,5
১২ হাজার টাকা বিল আসছে এমন  কি কাজ করেছে পার্লারে যে ১২ হাজার টাকা বিল হলো  আজব ব্যাপার স্যাপার তো ভাই আগে জীবনে দেখি নাই ,surprise,2
এখনকার স্কুল পড়ুয়াদের দেখলে আসলেই কেমন এক দীর্ঘশ্বাস চলে আসে,sadness,1
সেকি অবস্থা তুমি দেখলে ভয় পেয়ে যেতে ওকে কি ভয়ংকর দেখাচ্ছিলো তখন,fear,5
ভারতীয় নারী ক্রিকেট দলের সাবেক অধিনায়ক ঝুলন গোস্বামীর জীবনীচিত্রে দেখা যাবে ক্রিকেটার বিরাট কোহলির স্ত্রী আনুশকা শর্মাকে,surprise,2
ছাত্রজীবনের সাথে কর্মজীবনের মিল অনেকক্ষেত্রেই থাকে না ক্লাসে সবচেয়ে অসফল ছাত্রটি কর্মজীবনে অত্যন্ত দক্ষতার সাথে সবার ভরসা হয়ে যায় পিছনে চুপচাপ বসে থাকা ছেলেটি মিডিয়া জগত দাপিয়ে বেড়ায় যাকে কোনদিন ঠিকমতো ক্লাসে ঠিকমত দেখা যায়নি বা কেউ চেনেই না সে সরকারী প্রথম শ্রেনীর জব অনায়াসে রিজেক্ট করে যাকে কোনদিন ক্যাম্পাসে কথা বলতে শুনেনি ঠিকঠাক সে সমাজের সর্বস্তরে মানুষকে সচেতন করার কাজ করে যায়,sadness,1
আমি সেখানে থাকলে এতখনে হার্টফেল করে মারা যেতাম ভয়ে আমার  গা ঘামছে,fear,5
ওর কান্নাতে আম্মু মন খারাপ করার সুযোগ পায় না একদমই মা অবশ্য বলে এত বিরক্ত তোর ভাইয়ের উপরে অফিসের কাজে যাচ্ছে পড়তে যাচ্ছে তো কান্না কেন করিস,sadness,1
একটা সাংবাদিক খানকির পোলায় পশ্ন করেনাছাত্রলীগের ধর্ষণের সেঞ্চুরির বিচার হয়না কেন,anger,4
আমারতো পুড়াই মাথা নষ্ট চাইলাম কি পাইলাম কি ছোট বেলা থেকেই তাকে নিয়ে স্বপ্ন দেখতাম আমি,surprise,2
আরে কুত্তা লীগ মাইর খাইছিস চুপচাপ শুয়ে থাক আবার লাইভে এসে ফুটানি করিস ক্যান ছাত্রলীগ কখনো মানুষের উপকার করে না এরা বারো মাসই এরকম খারাপ ,disgust,3
আমি সেই ছোট থাকতেই দেখি উনাকে নাটক করতেবয়স বাড়লে যা হয় আর কি নাহলে কেউ লকডাউনে থেকে এসব করে উনার বয়স হয়েছেমাথাটা যে পুরাই গেছেসেটা বুঝা যাচ্ছে,disgust,3
এই কাজটার জন্য ধন্যবাদ জানাই সরকারকে এবং যে দায়িত্ব নিয়ে কাজটা করছেনতবে এভাবেই জেনো চলমান থাকে,joy,0
ও বউ তুমি রাগ করছো কেন ওইটাতো তোমাকে ক্ষেপানোর জন্য বলছি এবার একটু রাগটা ভাঙো না আর তুমিতো জানই তোমাকে রেখে আমি এক লোকমাও খাবো না প্লিজ বাবা এবার ঊঠোনা আর পারছি না থাকতে বিশ্বাস করো খুব কষ্ট হচ্ছে,anger,4
আমি গর্বিত আমার আব্বু আম্মুকে নিয়েকারন তারা আমাকে এ প্লাস এর আসায় লেখা পড়া শিখাচ্ছেন নাতারা আমাকে লেখা পড়া শিখাচ্ছেন একজন ভাল মানুষ তৈরী হবার জন্যএটাই হওয়া উচিত প্রত্যেক বাবা মা অভিবাবক দের লক্ষ্যSSCHSC Study এখনো চলছে☺☺,joy,0
বিকেল বেলায় আমরা ছাদে খেললে যেমনটি শব্দ হয় ঠিক তেমনটি  আমি বেশ অবাক হলাম  এতো রাতে ছাদে আবার কে খেলছে ,surprise,2
সাইবার নিরাপত্তাবিষয়ক কয়েকটি প্রতিষ্ঠান বলছে অ্যাপলের ম্যাক প্ল্যাটফর্ম এখন বেশি বিপজ্জনক প্রথমবারের মতো ২০১৯ সালে উইন্ডোজ পিসির চেয়ে বেশি ম্যালওয়্যার–ঝুঁকি তৈরি করেছে ম্যাক প্ল্যাটফর্ম,fear,5
এতক্ষনে চেতনার জাগ্রত হলোএটাত কালই সবই দেখে চুপ ছিল,anger,4
আমার সোনার বাংলাদেশে কিছু বাড়িওয়ালা হাস্পাতালে কর্মরত ডাক্তারদের বাড়ি ছেড়ে দিতে নোটিশ দেয় ,sadness,1
এমন  জায়গায় আছি যেখানে আপনার ভয় পাওয়ার কোনো কারণ নেই তারপরও  ভীত হয়ে পড়লাম,fear,5
এইসব শোষনকারী ব্যবস্যা বন্ধ করে দেওয়া উচিত এই মেয়েটার শরিরে কয়টি ভরি স্বর্ন লাগিয়ে কাজ করেছে যে ১২ হাজার টাকা বিল হয়,anger,4
ওর মৃদু হাসিটা এবার অনেক ভয়ানক হতে লাগলো এতো বেশি উচ্চস্বরে হাসতে লাগলো যেন চারপাশের গাছপালা ছিড়ে ওর মুখের ভেতর চলে আসবে আমি দুই কান চেপে ধরে চোখগুলো বন্ধ করে নিলাম,fear,5
পরীক্ষা ব্যবস্থা ছিল না চিকিৎসা ব্যবস্থা এখনো নেই কোভিড১৯ খেতে হয় না পরতে হয় সে ধারণাই রাখেনি পিতার জন্মদিন নিয়ে মাতামাতির চোটে ১০ লাখ প্রবাসীদের কোন আইসোলেশন না করে ও পরীক্ষা ছাড়া ঢুকিয়ে সারা দেশে করোনা ছড়িয়ে দিয়ে এখন সম্মেলন করে প্রধানমন্ত্রী অসন্তোষ দেখান,anger,4
সুখী মানুষ গুলার পতন সব সময় ভালোবাসার কারনে হয় মাদক এর জন্য নয়,sadness,1
কিন্তু আশ্চর্যের ব্যাপার ঐ বাড়ির যে মালিক সে কিন্তু হাজার চেষ্টা করেও অনেকদিন পর্যন্ত কাউকে ঐ কুঠিটা ভাড়া দিতে পারেনি,surprise,2
একটু বৃষ্টি নামুক৷ সব ভুলে আপনি বলবেন আমি এই বৃষ্টিস্নাত চুয়েটকে মহা ভালবাসি এর চেয়ে সুন্দর আর কিছু হতে পারে না,joy,0
হারকিউলিস যদি ১২টা শ্রমের বদলে পাঁচটা শ্রমের কাজ করেই থেমে যেতেন তবে কি কেউ তাকে মনে রাখতো আমরাও যদি আবারো অভিযানে নেমে পড়ি আমাদের সম্মানও আরো বহুগুণ বেড়ে যাবে,joy,0
ইজ্জত নাই ভিনদেশি একটা লোক তার জন্য এই ব্যবস্থা থু দিবে অন্য কোন দেশে দেখলে লজ্জা লাগে নিজের দেশের জন্য,anger,4
যতবার শুনি মনটা জুড়িয়ে যায়,joy,0
বর্ষাশেষে ভয় পাই লাউডস্পিকারকে বর্ষশেষে ভয় পাই প্রেমকে,fear,5
ভাই বিশ্বাস করেন করোনার এই সময়ে অনেক চিন্তা দুশ্চিন্তার মাঝেই আপনার ভিডিও দেখে এত হাসলাম যে আগামী  এপ্রিল পর্যন্ত পাগল থাকব সম্ভবত,joy,0
নির্বাচনের পরিত্যক্ত পোস্টার থেকে তৈরী খাতা যা দেওয়া হবে এতিমদের পড়াশোনার সাহায্য হিসেবে,joy,0
এটাই আসল কারণ আওয়ামী লীগ না হইলে ইজ্জত পাবে কেনো ইউনিভার্সিটি গুলো তো লীগাররাই ইজারা নিসে,anger,4
এই জনপদেও এখন সেই দশা মানুষ শুধু ঘোষণা দিয়ে একে অপরের মাংস খাচ্ছে না এই যা তবে একে অন্যকে পেটেভাতে মারছে ঠিকই,sadness,1
মানলাম প্রিয়া সাহার এমনটা উচিত ই হয়নি বাইরের দেশের কাছে নিজ মাতৃভূমির অপমান করা টা ওটা খুব ই অন্যায় তবে একটা বার ভাবুন তোদেশে যদি এর বিচার টা থাকতোতবে বার বার এত্ত সব কুকর্ম করবার দুঃসাহস কি কেও করতে পারতো,disgust,3
ওর মুখের দিকে আমি তাকাতে পারি না বেদনায় নীল হয়ে যাচ্ছে ওর মুখ মুখ থেকে সাদা ফেনার মতো বেরিয়ে আসতে থাকে মায়ের এমন চেহারা দেখে কেঁদে ফেলে তীর্থ সে শুধু বড় হতে থাকে আমাদের সম্পর্কের দূরত্ব ও শীতলতার মধ্যে,sadness,1
করোনার খবর শুনতে শুনতে বিগত কিছুদিন এসব খবর শুনিওনা মন খারাপ না করতেকিন্তু আমার জানালার অপোজিট এর বাসায় করোনা প্যাশেন্ট ভাবতেই ট্রমাটাইজড লাগতেসে,sadness,1
লক্ষ কোটি বাংলাদেশীর মনে জায়গা করে নিলো আমরা ভুটানের উন্নতি ও সমৃদ্ধি কামনা করি,joy,0
এই সিদ্ধান্ত কোন মতে বর্দাস্ত করা হবে না ভিসি স্যার যদি এখনও সিদ্ধান্ত পরিবর্তন না করেন তবে উনাকে তোপের মুখে পরতে হবে,anger,4
ওকে মেরে ফেলেন নাই কেনওর শাস্তি দেখে অন‍্যটা ধর্ষক অন্তত বুঝতো দেশে এখনও কিছু মানুষ বেচে আছে,anger,4
এইরকম অসভ্য ও বর্বর জাতি সারা বিশ্বে আর কোথাও পাওয়া যাবেনা এ জাতির চিকিৎসা ছাড়াই মরা উচিৎ,disgust,3
তীব্র একটা ভয় আমাকে গ্রাস করল  এতো তীব্র ভয় আমি জীবনে পাইনি  ঘরে বাতাস নেই  ফ্যান বন্ধ তবুও আমি স্পষ্ট দেখলাম  আমার মশারিটা হঠাৎ নড়ে উঠল  হঠাৎ পায়ের দিকে মশারির দিকে আমার চোখ গেল  আর তীব্র আতঙ্ক নিয়ে দেখলাম  সেখানে একজন মানুষের মুখ দেখা যাচ্ছে,fear,5
বিষাদ ছুঁয়েছে আজ মন ভালো নেই মন ভালো নেই ফাঁকা রাস্তা শূন্য বারান্দা সারাদিন ডাকি সাড়া নেই একবার ফিরেও চায় না কেউ পথ ভুলকরে চলে যায় এদিকে আসে না আমি কি সহস্র সহস্র বর্ষ এভাবে তাকিয়ে থাকবো শূন্যতার দিকে,sadness,1
সাধুবাবার আস্তানার কাছাকাছি পৌছতে হঠাৎ কোত্থেকে এক ঝাক বৃহদাকৃতির কুকুর গ্রামবাসীদের ঘিরে ধরে ঘেউ ঘেউ করা শুরু করলো হঠাৎ কুকুরের আক্রমনে ভীত হয়ে পড়লো সবাই,fear,5
আমাকে ভালবাসতে হলে আমার মৃত্যুর আগে বাসো মৃত্যুর পর তোমাদের ভালোবাসা দিয়ে আমি কি করবো,sadness,1
এতকিছু হয়েগেলো অতছ আমরা কিছুই জানিনা হ্যালো ফায়ারসার্ভিস এখানে বিনোদনের সংঘর্ষে আগুন লেগেগেছে প্লিজ সেইভ মি,surprise,2
তোরে কাছে পেলে জুতা পেটা করতাম বাংলাদেশের মানহানী করছিস এসব বাজে ইংলিশ প্রচার করে,anger,4
তারানাথ কথা বেশি বললেও করিৎকর্মা লোক তারেক সাহেব তাকে থাকা খাওয়ার খরচের বাইরেও একটা ভালো অংকের বকশিশ দেবেন বলে ঠিক করলেন একটা বিষয় দেখে তিনি খুব অবাক হলেন ডাকবাংলোর ভেতর কোন মশা নেই আশ্চর্য তো,surprise,2
নওগাঁর ধামইরহাট উপজেলায় স্কুলছাত্রীকে উত্ত্যক্ত করার অপরাধে এক যুবককে ছয় মাসের কারাদণ্ড দিয়েছেন ভ্রাম্যমাণ আদালত আজ সোমবার উপজেলা নির্বাহী কর্মকর্তা ইউএনও গণপতি রায় এ দণ্ড দেন,joy,0
বুধবার সকাল সাড়ে নয়টার দিকে পার্কের ভেতরে হাতির বেষ্টনীতে কাজ করছিলেন তিনি এ সময় একটি প্রশিক্ষিত হাতি লাথি মেরে ভদ্রসেন চাকমাকে মাটিতে ফেলে দেয় পরে পায়ে পিষ্ট করে তাঁকে হত্যা করে এ ঘটনার পর পার্কের কর্মকর্তাকর্মচারীদের মাঝে আতঙ্ক বিরাজ করছে,fear,5
বোকা তুমি আত্মহত্যা করেছো আবার ঋণের কথা বলো তোমার ঋণ শোধ করলেই কি হবে ঋণের বিষয় তোমার মাথায় এলো আত্মহত্যা যে মহাপাপ  আত্মহত্যাকারী যে চির জাহান্নামী সেটা মাথায় এলো না জানো না,sadness,1
আমারও ভয় করতেছে দিন কি পাল্টাইবো না,fear,5
হলি ক্রস স্কুলে সায়েন্স পাওয়া অনেকটা ভর্তিযুদ্ধের সামিলক্লাস ৯ এ সায়েন্স পাওয়ার পর হঠাৎ বাবা একদিন বললেন আর্কিটেকচার পড়াবে,surprise,2
আমিতো পুরাই অবাক এ কি করে সম্ভবযেখানে ফ্রীজ ঠিক ভাবেই চলছে কিন্তু পানি একটুও ঠান্ডা হলো না,surprise,2
ফুল গুলি সব ঝরে গেছেবাগান আজ শুন্য তোমার কথা মনে হলে লাগে যে বিষন্ন হঠাৎ করে হারিয়ে গেলে অজনা এক দেশে কেমন করে চলে গেলে হাওয়ার সাথে মিশে,sadness,1
কানে না ধরায় খাবারের প্যাকেটটা হাতে দিয়ে বলতেন যান চাচা বাড়ি যানতাহলে বাহাদুরি হইতো কানে ধরিয়ে বাহাদুরি নিচ্ছেন,disgust,3
ভেজা ভেজা চোখ আমি রোদ্দুরে শুকাবো ভালোবাসি তোমারে কি করে তা লুকাবো,sadness,1
এই প্রথম কেও আল্লাহর উপর ভরসা করে কথা বললো মানুষটা খারাপ হলেও কিন্তু এই কথা  গুলি অবশ্যই প্রশংসনীয়,joy,0
আরে খানকির পোলা  তোর মতো বাল হালাইনা আমাগো পায়ের নিচে পইরা থাকে চুত্মারানিরপুত তোর বইনেরে গোয়াই খানকির পুতে চিলাইতাছে আর একটা  মেয়েকে ওই দুই খানকি মিলে  জোরাজোরি করতাছে এটা ঠিক হয়নাই,anger,4
চীনে করোনাভাইরাসে প্রাণহানি ৯০০ ছাড়িয়েছে,fear,5
তার মানে আমরা নিজেদের বিপদ নিজেরাই ডেকে নিয়ে আসতেছি 😢সর্তক  না হলে সব কিছু শেষ হয়ে যাবে,sadness,1
সোনা ও বিদেশি মুদ্রা উদ্ধারের মামলায় পুরান ঢাকার দুই ভাই এনামুল হক ও রুপন ভূঁইয়ার ছয় দিনের রিমান্ড মঞ্জুর করেছেন আদালত,disgust,3
সত্যি প্রেমে পড়ার মধ্যে একটা জম্পেশ ব্যাপার আছে জোর করে সত্যিই প্রেম হয় না দারুণ কিরনদা 😍😍😍,joy,0
ছেলেটারে থাপড়ায়া চোখের কোনায় কালো দাগ করায় ফেলছে মাদারচোদগুলারে মাইরা শোয়ানো উচিৎ ছিলো সাথে চাইল্ড এবিউজিং এর মামলা,anger,4
এই অংকুশটা কি সস্তা গাঞ্জা দিয়ে নাস্তা দুপুরের খাবার আর রাতের খাবার খায় না কি মাথায় গ্যাস আছে মনে হয়,disgust,3
বিশ্ববিদ্যালয়জীবনে টাকার অভাবে কখনো কখনো না খেয়ে দিন কাটিয়েছেন স্বাবলম্বী হওয়ার জন্য শিক্ষক হওয়ার স্বপ্ন বাদ দিয়েছেন পেশাজীবনে বড় পদ ছেড়ে ছোট পদে যোগ দিয়েছেন,sadness,1
রনবীর সিং এতটা মানিয়ে নিয়েছে কপিলদেবের চরিত্রে😱😲 জাস্ট দুর্দান্ত,surprise,2
এইভাবে করতে করতে যখন হাসপাতাল থেকে আর একটু দূরে তখন সেই মানুষদের মধ্যে থেকে একজন এসে জানালায় ঘুষি মেরে গাড়ির কাচটা ভেঙে ফেলল ড্রাইভারকে মারধোর করে ফেলে রাখলো রাস্তায় আর আমাদের কাছ থেকে কেঁড়ে নিলো আমাদের বাবুটাকে কেঁড়ে নিয়েই ছুড়ে দিলো সামনের একটা জলাশয়ে সেই জলাশয় আমি কোনোদিন দেখিনি পুরো পানি কালির মতো কালো,fear,5
কীটপতঙ্গ দমনের জন্য ব্যবহার করা হচ্ছে সেক্স ফেরোমন ফাঁদ যা কিনা একেবারেই পরিবেশবান্ধব তাঁদের এই প্রচেষ্টার কারণে সোনাখুলি হিন্দুপাড়া গ্রামটি এখন নিরাপদ সবজির গ্রাম বা অরগানিক কৃষি গ্রাম হিসেবে পরিচিতি পাচ্ছে,joy,0
সংগঠনের যুগ্ম সাধারণ সম্পাদক কাজী মাহমুদ ইমাম প্রথম আলোকে বলেন লাইসেন্স বাতিলের প্রস্তাব প্রত্যাহারের পাশাপাশি কাস্টমস কর্মকর্তাদের অনিয়মহয়রানির প্রতিবাদে এই কর্মসূচি শুরু করেছেন তাঁরা দাবি আদায় না হওয়া পর্যন্ত এই কর্মসূচি চলবে,anger,4
আবির গ্রামের লোকেদের কথা শুনে কিছুটা ভয় পেয়ে যায়,fear,5
এই প্রহসনের শেষ কোথায় প্রহসনমূলক কোপা আমেরিকা বয়কট করুন,anger,4
অধিকাংশ জারজ রাস্তার টোকাই সংগ্রহ তালিকায় ক্ষমতাশীন রা এবং এদের কে ব্যবহার করে দেশে নানা রকম পরিস্থিতি তৈরি করে এটি বাস্তবতা কারন কোন ভদ্র শিক্ষিত লোক  একজন মহিলার কাপড় ছিঁড়তে পারে না,disgust,3
ভাই এতো সুন্দর গানটারে তোমরা খুব বাজে করে গাইলাবালাম ভাই তোমার গাওয়াতে কোন দরোত পাইলাম নাতাহাসান ভাইরে গাইতে দিলা নাআর আদিত তো গানটারে নস্টো করছেতোমারা আমার খুব প্রিয় তাই বল্লাম,disgust,3
সত্যি পৃথিবীর মধ্যে সবচেয়ে বড় কঠিন সময় পার করে মধ্যেভিত্ত যারা উপাস থাকলেও কাউকে বলতে পারেনা,sadness,1
আমি ভেবেছিলাম এই গান টা ইংলিশ তারপর দেখি বংলাআমার মতো কে কে আছেন এই গান টা ইংলিশ ভেবেছিলেন তারা এই কমেনটে লাইক দিয়ে সাড়া দিন,surprise,2
পাকিস্তানের সাবেক সামরিক শাসক পারভেজ মোশাররফের মৃত্যুদণ্ড বাতিল করেছেন দেশটির একটি আদালত যে প্রক্রিয়ায় পারভেজ মোশাররফের মৃত্যুদণ্ডাদেশ দেওয়া হয়েছিল তাকে অসাংবিধানিক উল্লেখ দিয়ে মৃত্যুদণ্ডাদেশের সিদ্ধান্ত বাতিল ঘোষণা করা হয়,anger,4
কিছুদূর গিয়ে সে শুনলো যে শব্দটা আরও বেশি হচ্ছে তখন সে পেছনের দিকে তাকালো এবং যা দেখলো তাতে তার নিজের চোখকে বিশ্বাস করতে পারলনা,surprise,2
সেই মুখটাযা দেহ থেকে আলাদা করা হয়েছে এখন তার সামনে আবারবিকালে কবর দেয়া লাশটা এখানে কিভাবে আসবে,surprise,2
এখানে যেমন কাস্টোমার এর জন্য ঝুকি সেরকমই আমার রেস্টু তে থাকা সকল স্টাফ দের ও ঝুকি ,fear,5
চুরির বিচার যদি এভাবে জনগনের হাতে দেওয়া হয় সিলেটের রাজনের মত মরতে হবে এই শিশুদের ছেলেটিকে বাধার স্টাইলটা দেখে আমার চোখে ভেসে উঠেছে সেই সিলেটের রাজন হত্যার কাহিনী টি,fear,5
গানটা শুনলেই মনে হয় শুধু ভালবাসি সব কিছু ছেড়ে দিয়ে পাপ পূর্ন্য ভুলে,sadness,1
তোমার সাবেক প্রেমিক যাকে এখনো তুমি ভালোবাসো তীব্রভাবেই ভালোবাসো সে পাশের ডার্করুমে তোমার কথিত মৃত্যু–পরোয়ানার প্রিন্ট নিচ্ছে,sadness,1
ওভার ইমোশনাল বাঙ্গালী ভাই আমার🤣🤣🤣 ইন্ডিয়ার সাথে বিদায়ী ম্যাচ পরাজয় ও ব্যর্থতা নিয়ে বিদায় নিতে হতো সহজ ফিলোসোফি কেনো বুঝেন না,joy,0
SAC নাম্বার ক্লাসের সামনে কয়দিন আগে মন খারাপ করে দাড়ায়া ছিলাম সেদিন একটা বিশেষ কারণে আমার প্রচণ্ড মুড অফ ছিল,sadness,1
এই দিনটা আসে যেন বারবার বারবার ফিরে যেন সুখের স্বপ্ন দেখতে পারি তোমায় আমি ঘিরে,joy,0
পৃথিবীর বুকে হাজার বছর বেঁচে থাকতে সক্ষম আফ্রিকার এই বাওবাবগাছের দেখা মিলবে ঢাকা বিশ্ববিদ্যালয়ের কার্জন হলে সেখানে উদ্ভিদবিজ্ঞান বিভাগের বাগানে একমাত্র বাওবাবগাছটি লাগানো হয়েছিল বছর সাতেক আগে,surprise,2
জানি না এই মৃত্যুর মিছিল কবে বন্ধ হবে হে আল্লাহ আপনি আমাদের ক্ষমা করেন সচেতনতা বৃদ্ধি না পেলে আরো অনেক ভয়াবহ রূপ ধারণ করবে ,fear,5
আমি একটা জিনিস বুঝি না বাংলাদেশ সরকারি বেসরকারি চ্যানেলের অভাব নেই কিন্তু এইসব সংবাদ যদি গ্রেফতারের আগে প্রচারণা করা হয় নাই কেন আর আমি আদালতকে বলবো পাপিয়ার বিরুদ্ধে এমন চার্জশিট তৈরি করা হোক যাতে করে জিবনেও কারাগার থেকে মুক্তি না পায় ও মডেল হিসেবে থাকুক,anger,4
বাঘের গর্জন না দিয়ে বিড়ালের মত মিউ মিউ করতে বলেন পারে শুধু জিম্বাবুয়ের লগে আর অন্য দেশের সাথে  তাদের খেলা দেখলে বিড়ালই মনে হয়😠😠,anger,4
রিমঝিম এই বৃষ্টিতে ঈদ কাটাবো সৃষ্টিতে  খুশির হাওয়া লাগলো মনে নাচবে খুকি ক্ষণে ক্ষণে  সাজবে সবায় নতুন পোশাক ঈদ যেন সারা জীবন রয়ে যাক ,joy,0
যে মানুষটি সকলের হৃদয়ে বাস করে সেই প্রকৃত ভালোবাসা ,joy,0
আপাতদৃষ্টিতে তাই মনে হতে পারে যে মানুষটা হয়তো কাজে ফাকিবাজি করতে এমন করছে বা দায়িত্ব এড়াতে এমন করছে কিন্তু সেই মানুষটা জানে যে তার ভিতরে যে অদৃশ্য শত্রু তাকে ঠেকানোর ক্ষমতা তার নেই হাল ছেড়ে দেওয়া ছাড়া তার হাতে উপায় নেই,sadness,1
আজব এক দেশে বাস করি আমরা এত মানুষের জীবন তচনচ হয়ে যাইতেছে কিন্তু আমরা এর কোন সমাধান করতে পারতেছি না,anger,4
আগামীকাল এইচ এস সি পরীক্ষার রেজাল্ট দিবে কে জানে কপালে কি আছে ভয় হচ্ছে খুব,fear,5
এটা হচ্ছে কাওয়া লীগের চোরদের আসল চিত্র স্বাস্থ্যমন্ত্রী  শুয়োরের বাচ্চা ও ডাইনি হাঁসু আপা এতদিন বলছে আমাদের সব আছে আমরা করোনা মোকাবেলায়‌ প্রস্তুত আসল হলো করোনায় সরকারের কপাল খুলে গেছে তারা একমাত্র চাল ডাল তেল চুরিতে প্রস্তুত আছে,anger,4
কতক্ষণ ঘুমিয়ে ছিলেন কে জানে হঠাৎ একটা অদ্ভুত আওয়াজ আর অস্বস্তির মধ্যে তার ঘুমটা গেল ভেঙে গভীর ঘুমে আচ্ছন্ন মানুষের হঠাৎ ঘুম ভেঙে গেলে সামান্য সময় লাগে প্রকৃতিস্থ হতে,surprise,2
সাহেব আরেকদিকে ঘাড় ব্যাঁকাইয়া উনারে বিমাতাসুলভ মুখভঙ্গি কইরা খ্যাকখ্যাক কইরা কইলেন আমি কাউরে ভিক্ষা দেই না আপনে অন্যদিকে যান,disgust,3
পুরো বিশ্বের জন্য এই পদক্ষেপ গ্রহণ করার জন্য ধন্যবাদ আমার কোয়ারানটাইনের সময় এখন আরও ভাল হচ্ছে,joy,0
আমাদের ছোট্ট সুখের সংসার‌ আমরা দুজনেই খুব খুশী আফটার অল ভালোবাসার মানুষটির সাথে বিয়ে হয়েছে অখুশী হবার কি আছে,joy,0
রাগের কারনে আমার মুখ ভোতা হয়ে আছে কথাবার্তা কম বলছিএতসবের পরও যদি না বুঝে তাহলে কার না রাগ হবে,anger,4
খেলা নিয়ে এত এত গান 🙄🙄 আসিফের সাবাশবাংলাদেশ গানটা কেউ আজঅব্দি টপকাইতে পারল না😑😑 আমার কাছে ওটাই সেরা😍😍,joy,0
প্রথমবারের মতো প্রাকৃতিক গ্যাস ভারতে রফতানি করবে বাংলাদেশ শনিবার দিল্লিতে দুই দেশের পক্ষ থেকে ঘোষণা করা হয়েছে প্রধানমন্ত্রী শেখ হাসিনার দিল্লি সফরের তৃতীয় দিনে আরও জানানো হয়েছে ফেনী নদীর পানিও ভারতের ত্রিপুরার সাব্রুম শহরে সরবরাহ করা হবে,joy,0
মা আমার দিকে তাকিয়ে অবাক হয়ে গেল মা বলল তাহলে ঐখান দিয়ে কে চলে গেল,surprise,2
সৈন্যরা যেতে না চাইলেও আলেকজান্ডারের মায়ের সেই বাণী আলেকজান্ডারকে ঠেলে নিয়ে গেল সিওয়াহএর দিকে তীরবল্লমের চেয়েও বেশি যন্ত্রণাদায়ক মরুভূমির তীব্র তাপমাত্রা টের পেল মেসিডন বাহিনী তবুও একরকম বাধ্য হয়েই যেতে হলো তাদেরকে,disgust,3
তবে এবার মেয়েটি ঘুরে তাকালোঅরুণ তাকে দেখেই অবাক হয়ে গেলো এ কেমন চেহারাপুরো গালে রক্তমুখটা বিকৃত হয়ে গেছে রক্তে,fear,5
এরা বাচ্চাদের ভয় দেখায় নড়াচড়া করে জিনিসপত্র এক জায়গা থেকে অন্য জায়গায় সরিয়ে নেয় দেয়ালে বাচ্চাদের মত কিছু লেখে ইত্যাদি,fear,5
ম্যানচেস্টার ইউনাইটেড ৮০ মিলিয়ন পাউন্ড খরচায় লেসটার সিটি সেন্টারব্যাক হ্যারি ম্যাগওয়াইয়ার কে দলে ভিড়িয়েছে এর ফলে ভার্জিল ফন ডাইককে সরিয়ে বিশ্বের সবচেয়ে দামি ডিফেন্ডারে পরিণত হয়েছেন ইংলিশ এই সেন্টারব্যাক গত গ্রীষ্মে রাশিয়া বিশ্বকাপের পর থেকেই মূলত হ্যারির ওপর নজর ছিল ম্যানইউর,joy,0
অনুর্ধ্ব ১৯ বিশ্ব কাপের পরে কুয়েতে ৮ম আন্তর্জাতিক কোরআন প্রতিযোগিতায় ৬২ দেশকে হারিয়ে চ্যাম্পিয়ন হয়েছেন বাংলাদেশের হাফেজ সাইফুর রহমান,joy,0
 দীর্ঘদিন ধরে একটি চক্র গারো পাহাড়ের পর্যটন কেন্দ্র গজনী অবকাশ ও এর পাশের এলাকায় ছিনতাইসহ নানা ধরনের অপরাধমূলক কর্মকাণ্ড চালিয়ে আসছে,anger,4
এলাকায় আধিপত্য বিস্তারকে কেন্দ্র করে কক্সবাজারের মহেশখালী উপজেলায় গলা কেটে এক যুবককে হত্যা করা হয়েছে সোমবার রাত আটটার দিকে এ হত্যাকাণ্ড ঘটে এ সময় সন্ত্রাসীদের ছররা গুলিতে আহত হয়েছেন চার পথচারী,disgust,3
উনি একজন ডাক্তার হয়েও একটা সরকারী এম্বুল্যান্স উনার নসিবে ছিলো নাআমাদের কী হবে 🙂,fear,5
আপনি মিয়া ভিডিও টা দেখছেন খিদার জ্বালায় বাহির হইছেএমন ভাবে না মেরে ওই বুডা শালার পুত তো পারতো খাবার কিছু ওদের ঘরে দিয়ে আসতো আর আইন নিজের হাতে তুলে নিতে কে বলছে ,disgust,3
আওয়ামী লীগের সাধারণ সম্পাদক এবং সড়ক পরিবহন ও সেতুমন্ত্রী ওবায়দুল কাদের বলেছেন সিটি নির্বাচনে নিশ্চিত পরাজয় জেনে গেছে বিএনপি তাই তারা নির্বাচনকে প্রশ্নবিদ্ধ করার চেষ্টা করছে,disgust,3
প্রাণঘাতী ইনজেকশন ব্যবহার করে নয় গুলি করে মৃত্যুদণ্ড কার্যকর করার আবেদন জানিয়েছেন আমেরিকার মৃত্যুদণ্ডপ্রাপ্ত একজন আসামিমাইকেল ওয়ার্ড ন্যান্স আমেরিকার জর্জিয়া রাজ্যের মৃত্যুদণ্ডপ্রাপ্ত খুনের আসামি,surprise,2
ষষ্ঠীপূজার মধ্য দিয়ে সনাতন ধর্মাবলম্বীদের প্রধান ধর্মীয় উৎসব শারদীয় দুর্গাপূজা শুরু হচ্ছে আজ এ উপলক্ষে কলকাতাসহ পুরো পশ্চিমবঙ্গ যেন সেজেছে অপরূপ সাজে পূজার বাদ্যে সরগরম কলকাতা,surprise,2
পৃথিবীর কোন দেশেই সংখ্যালঘুরা ভালো নেই আমেরিকা অস্ট্রেলিয়া আফ্রিকাসহ অনেক দেশের আদিবাসীদের কথা ভাবুন,disgust,3
এই দৃশ্য দেখে আমার বুক টা ভেঙে গেলোএত্ত কষ্ট পেলাম যা আপনাকে বলে বুঝাতে পারবো নামনে হচ্ছিলো হৃতপিন্ড টা ফেটে যাচ্ছেকিভাবে যে আমি বাসায় ফিরে এসেছি সেটা আমি নিজেও জানি না,sadness,1
ভাইয়া আপনি অসাধারণ বেশ কিছু জিনিস শেখার শখ ছিল খুবআপনার চ্যানেল টার খোজ পাওয়ার পর থেকে সব ই খুঁজে পেয়েছি😍😍খুব সুন্দর সহজ আর সাবলীল ভাবে ব্যাপার গুলো উপস্থাপন করার জন্য ধন্যবাদ আপনার জন্য শুভকামনা❤️💕,joy,0
যখনই ভয় পাচ্ছি চোখ বন্ধ করি কিন্তু ভয় যাচ্ছে না,fear,5
নাহ মাথা ঠান্ডা রাখতে হবে ওপরে আসার আগেই আমার পালাতে হবে নিজের জীবন বাঁচাতে হবে আমাকে,fear,5
আমার নিভে যাওয়া প্রদীপ তুমি পারবে কি জ্বালাতে  আমার ভুলে যাওয়া স্বপ্ন পারবে কি দেখাতে আমার হৃদয়ের গোপন কথা তুমি পারবে কি শুনতে  ভেঙ্গে যাওয়া জীবন আমার তুমি পারবে কি গড়তে ,sadness,1
ওদের জন্যই তো এ কোয়ার্টার আমাকে দিয়েছে ফোন দিয়েছে আমি জানি কিছু হলে আমাকেই আগে অ্যারেস্ট করে নিয়ে যাবে,fear,5
আমি সিগারেটের ধোঁয়া ছাড়তে গিয়ে বিষম খেয়ে গেলামছোট্ট একটা মেসেজআমি আসছিনিজের চোখকে বিশ্বাস করতে পারছিলামনা,surprise,2
মাদ্রাসায় পড়া পোলাপান অন্যায় করলে অন্যায় আর কলেজের পোলাপান অন্যায় করলে অন্যায় নয় তাহসিনেশন আপনি মাদ্রাসাকে অপমান করেছেন৷ আপনার ক্ষমা চাওয়া উচিৎ  ব্যাক্তি কর্ম পুরো কমিউনিটির উপর চাপাতে পারেন না,anger,4
যে দেশের সর্বোচ্চ পর্যায় করোনা নিয়ে বাণী দিয়ে প্রতিদিন নতুন নতুন কৌতুকের উদ্ভব করে সেখানে এসব ন্যূনতম কমন সেন্স আশা করাটাও বিলাসিতা‌,disgust,3
এখানে শুধুই অনুরক্তি নিসর্গের সাথে মানুষের জলের শব্দের সাথে নৈশব্দের যে ইচ্ছে আমি সত্য করব ভেবেছিলাম সেটা করে আমিও আনন্দ খুঁজে পাচ্ছি আকাশে বাতাসে,joy,0
এ কি৩ ঘণ্টায় ১৮ বছরের ছেলের এমন অবস্থা কেমনে হল,surprise,2
বিশ্বব্যাপী শিশুদের মধ্যে সেপসিসের সংক্রমণ বেশি থাকার বিষয়টি বিস্ময়কর ২০১৭ সালের তথ্য বলছে সেপসিসে আক্রান্তদের অর্ধেকের বেশি হচ্ছে শিশু এদের একটি বড় অংশ নবজাতক অর্থাৎ এদের বয়স ২৮ দিনের কম,surprise,2
রাগ বা অভিমান তার উপরই করা যায় কাছে আপনার রাগ বা অভিমানের মুল্য আছে আর যার কাছে আপনার মুল্যই নেই তার উপর রাগ বা অভিমান করে কি হবে,anger,4
তখনো আমি বুঝি নাই আমার জন্য কত বড় বিপদ অপেক্ষা করতেছে,fear,5
আমি একদিন নিখোঁজ হবো উধাও হবো রাত প্রহরে সড়ক বাতির আবছা আলোয় খুঁজবে না কেও শহরে,sadness,1
বরগুনায় স্ত্রীকে পিটিয়ে হত্যার দায়ে এক ব্যক্তিকে যাবজ্জীবন সশ্রম কারাদণ্ড দিয়েছেন আদালত পাশাপাশি এক লাখ টাকা জরিমানা অনাদায়ে এক বছরের বিনাশ্রম কারাদণ্ড দেওয়া হয়েছে,anger,4
যে দেশে কৃষকেরা পেঁয়াজের দাম না পেয়ে প্রতিবাদ করলে দায়িত্বশীলরা বলে পেঁয়াজ চাষ করতে কে বলেছে সে দেশে এরচেয়ে বেশি কি আশা করা যায়,disgust,3
আজ বার্নাব্যু গ্যালারিতে ছিলেন রিয়ালের সাবেক তারকা রোনালদো তাঁকে স্বাক্ষী রেখেই এল ক্লাসিকো জিতল রিয়াল মাদ্রিদ,surprise,2
আমার সবচেয়ে পছন্দের নেতা পার্থ ভাই,joy,0
কানে না ধরায় খাবারের প্যাকেটটা হাতে দিয়ে বলতেন যান চাচা বাড়ি যানতাহলে বাহাদুরি হইতো কানে ধরিয়ে বাহাদুরি নিচ্ছেন,disgust,3
সারাজীবন বাটি তে খাবার আগলায় পাঠায় গেলাম 🌚🌚কিসু পাইলাম না প্রতিদান ,sadness,1
অরুন্ধতী রায় মনে করেন এনপিআরএনআরসিসিএএ নামের আইনগুলোর মূল লক্ষ্য হচ্ছে সাধারণ জনগণকে বিভক্ত করা ও তাদের মধ্যে অস্থিতিশীলতা ছড়িয়ে দেওয়া,anger,4
আর এডমিনের কি কোন আক্কেল জ্ঞান নেই মৃত মানুষকে নিয়ে এমন ৩য় শ্রেণির পোষ্ট এপ্রভ করে কীভাবে আজীব ,anger,4
আমার মাথার ছাদটা সরে গেলো আর নিজের আঘাতের খতটা যেনো তাজা হলো,sadness,1
খা খা গু বিষ্টা বেশি করে খা জংলির দল চোখ বোচা নাক বুচা💩💩💩,anger,4
উঁচু কোন ভবনের ছাদে কোন ক্লাউন দেখে চমকে উঠি,fear,5
তিনি যখন সম্ভাব্য বিপদের হাত থেকে বাঁচার জন্য কি করা যায় তাই ভাবছিলেন ঠিক সেই মুহুর্তে আশ্চর্য হয়ে লক্ষ্য করলেন মূর্তিটি আর এক পাও না এগিয়ে এসে ক্রমাগত পিছু হঠতে শুরু করল,surprise,2
মাশুভ জন্মদিন জন্মদিনে অনেক অনেক ভালোবাসা ও শুভকামনা রইল,joy,0
বকা খেয়ে বল্টুর মন খুবই খারাপ হলো সে দল থেকে বেরিয়ে একা একা বনের ধারে গিয়ে বসে রইল লজ্জায় অপমানে কান্না পাচ্ছিল বল্টুর,sadness,1
সে ধোঁয়া ছাড়তেছিলো সামনের দিকে প্রথমবার চুপ করে ছিলাম২য় বার যখন দেখলাম তখন ঝাঁড়ি না দিয়ে পারি নাই,disgust,3
বাংলাদেশ থেকে বিনা খরচে আগামী পাঁচ বছরে ৩ লাখ ৬১ হাজার ৪০০ দক্ষ কর্মী নেবে জাপান,surprise,2
সমালোচনা করেনক্ষোভ প্রকাশ করেন সেটা আপনি করতেই পারেনকিন্তু গালাগালি কেন ভাই বুইড়া,disgust,3
হাসান … হাসান ঠিক মারা যায়নি মানিগার চমকে ওঠে অস্ফুট স্বরে বলল কি …কি আপনি কি বলছেন কাকা,surprise,2
মোবাইলটা হেতির  শাওয়া দিয়া ঢুকাইয়া দেওয়া দরকার ছিলো,anger,4
আগুন যদি পুরো ভবনে ছড়াতে শুরু করে তবে তো উপরের দিকেও আসবে তখন কি করবো আমরা চোখের সামনে আগুনের খেলা দেখবো,surprise,2
সকাল ৮ টায় ক্রমাগত কলিংবেল আর দরজায় সজোর ধাক্কার শব্দে ঘুম ভাঙতেই শুনলাম দখিন হাওয়ায় আমাদের বসবাসের ফ্ল্যাটটার তৃতীয় তলায় আগুন ধরেছে,fear,5
গবেষণায় অংশগ্রহণকারী শিক্ষার্থীদের মধ্যে ২৬ শতাংশ শৈশবে দেখা কোনো ভয়ের সিনেমা দেখার ভয়ঙ্কয় অভিজ্ঞতা আজও বয়ে বেড়াচ্ছেন,fear,5
ওইদিকে নাসিম রে হ্যাট্রিক দিয়ে বসে আছে  শান্ত বাদ দিলাম  তাইজুল মাহমুদুল্লাহ  হুয়াই😡😡,anger,4
অনেক অনেক ধন্যবাদ  Girls Fashion  BD কে আমি আমার অডার টা হাতে পেয়ে ব্যাবহার করে ও খুব আরামটাইম মত পোডাক্ট হাতে পেয়েছি সব মিলিয়ে খুব খুশি আমি,joy,0
ইউনেসকোর ঢাকা দপ্তর এবং এর অংশীজনেরা মিলে কালারস অব বাংলাদেশ শিরোনামে আলোকচিত্র প্রতিযোগিতা এবং প্রদর্শনীর আয়োজন করেছে শুক্রবার সকালে বাংলাদেশ জাতীয় জাদুঘরে এই আয়োজনের উদ্বোধন করা হয়,joy,0
চট্টগ্রামে এমপি আছে মন্ত্রি আছে মেয়র আছে এরা টাকা ছাড়া আর কিছুই বুঝেনা এই অবস্থায় জেলার এমপি মন্ত্রিরা সরকারের কাছে সহায়তা চাইছে ICU ভালো মানের হসপিটাল পিপিই এইসবের জন্য  আর আমাদের মন্ত্রীরা নাকে তেল দিল ঘুমাচ্ছেন উনাদের করোনা হবে না হয়তো এই ভেবে আল্লাহর ধরা খুবই শক্ত ধরা,anger,4
আজম খান বাংলাদেশের রক মিউজিকের স্রষ্টা ভক্তদের কাছে গুরু হিসেবেই যিনি পরিচিত মুক্তিযুদ্ধে অস্ত্র ধরার পাশাপাশি যাঁর উদাত্ত গানের গলা মেলাঘর ক্যাম্পে সেক্টর ২–এর ক্ষুধায় কাতর তরুণদের মনের ক্ষুধা মিটিয়েছে,surprise,2
এ কি তুই টাইলস আর টিশার্টের উপর শাড়ি পরেছিলি,surprise,2
সংবাদ সম্মেলনে এসেই শিস বাজাতে শুরু করলেন কখনো চোখ টিপ মারলেন সাংবাদিকদের স্বভাবসুলভ আমুদে ক্যারিবীয় হিসেবেই নিজেকে উপস্থাপন করলেন রাসেল বললেন বেশি কিছু না কিছু ফল খেয়েছি সঙ্গে ডাবের পানি ,surprise,2
অনেক ছোট হয়ে আসলেও তাদের রাজপরিবারকে নিয়ে মানুষের আগ্রহের কোনো কমতি নেই এখনো রানী এলিজাবেথকে পুরো বিশ্বেই অত্যন্ত সম্মান করা হয়,joy,0
এই কয়দিন আগেও সাকিব কালা পারা না বেয়াদবদল থেকে বের করে দেয়া হউক এরকম অনেক কথায় জর্জরিত করেছেনআমি শিউর কয়দিন পরেও যখন এরকম ফর্মে থাকবেনা তখন এই আপনারাই আবার শুরু করবেন তার চৌদ্দ গুষ্ঠি উদ্ধারে,anger,4
বিএনপির চাপাবাজি আর শুনতে চাই না ,disgust,3
এতো পুরনো আর জনপ্রিয় একটি গানে কি করে ভিডিও এডিটর এতো ভুল লিরিক্স সংযোজন করতে পারে  বিশেষ করে গানটার মূল শিল্পী রাধারমণ এর নামটাও ভুল ভাবে লেখা হয়েছে ,sadness,1
স্ত্রীর ফোন রিসিভ করে শোনেন তিনি বলছেন তোমাকে এখুনি বাড়ি ফিরে আসতে হবে এখুনি ভদ্রলোক কোন কথা বাড়ালেন না বুঝলেন কোন একটা সমস্যা হয়েছে তিনি বাড়ির দিকে রওনা হলেন,fear,5
রিয়াদের নিজের উপরই রাগ উঠে কি দরকার ছিল ঘাব্ড়ে দেওয়ার  সত্য কথাটুকু বলেই হতো সে খুনী কিংবা মাস্তান না,anger,4
একটা আকাশ হেরে গেলো হারিয়ে তার মন অন্য আকাশ হটাৎ হল চাঁদের প্রিয়জন  নতুন আকাশ চাঁদকে যেন সুখের ছোঁয়া দেয়,sadness,1
গত ডিসেম্বরে নতুন করোনাভাইরাসের সংক্রমণ ছড়িয়ে পড়ে চীনে গত শনিবার এই ভাইরাসের সংক্রমণে মারা গেছেন ৮৯ জন মৃত্যুর সংখ্যার বিবেচনায় এটি ছিল চীনের সবচেয়ে প্রাণঘাতী দিন এ নিয়ে দেশটিতে ৮১১ জনের মৃত্যু হলো,sadness,1
স্থাপত্যে পড়ার সময় প্রথমে সহপাঠী তারপর বন্ধুত্ব  একসময় দুইজন উপলব্ধি করলো … নিজেরাই নিজেদেরকে সবচেয়ে ভাল বুঝে  হাতে আর কোন অপশনও নাই  ব্যাস বিয়ে করে ফেলল  তাও যেন তেন বিয়ে নয়  গায়ে হলুদের দিন আকদ  একদম প্রিয় আইয়ুব বাচ্চুর ভাষায়  আমি তো প্রেমে পড়িনি  প্রেম আমার উপরে পড়েছে দুই স্থপতির এর নতুন জীবনের শুরুর ধারণকৃত মুহূর্ত থেকে কিছু ছবি এবং শুভকামনা ,joy,0
এইতো আর একমাস তোমাদের কাছ থেকে কেমনে বিদায় নিবো জানিনাতোমাদের ছাড়া কিভাবে থাকবো জানিনা,sadness,1
রকিবুলও কম যাননি ভারতীয় বোলারদের বোলিংতোপগুলো সামলে তিনি অধিনায়ককে সঙ্গ দিয়ে গেছেন অসাধারণ কৃতিত্বে দলকে জয়ের বন্দরে পৌঁছে দিয়েই মাঠ ছেড়েছেন এ দুজন,joy,0
উদ্ভাবনের মাধ্যমে জীবনযাপনের রূপান্তর ট্রান্সফর্মিং লাইফ থ্রু ইনোভেশন স্লোগান নিয়ে একই প্রাঙ্গণে নানা আয়োজনে চলবে বেসিস সফটএক্সপো ডিজিটাল বাংলাদেশকে এগিয়ে নিয়ে যাওয়ার সব ধরনের হাতিয়ার পাওয়া যাবে এই মেলায়,joy,0
আমরা শুধু ভারত থেকে আমদানি করবো কেনঅন্য দেশ থেকে আমদানি করতে পাছেনা কেনদেশের কৃষক ন্যায্য মূল্য পাচ্ছেনাতারা উৎপাদন করবে কিভাবেভারত পেঁয়াজ বন্ধ করে দেখালো তারা বাংলাদেশকে যেকোনো সময় বিপদে ফেলবে,disgust,3
তার মাথা ঘুরতে থাকে তার মনে হয় যে সে একটা ঘোরের মধ্যে রয়েছে পকেট থেকে মোবাইলটা বের করে শিল্পাকে একটা কল দিবে এই শক্তিও তার নেই সে মুখ দিয়ে যে কোনো শব্দ করবে সেই শক্তিও তার নেই তার মনে হয় কেউ একজন তার মুখ শক্ত করে ধরে রেখেছে,fear,5
আমি এমনিতেই ভয় নিয়ে গল্প লিখতে বসে বউকে ভীষণ ভয় পাচ্ছি ,fear,5
এখন মনে হচ্ছে সরকার ইচ্ছে করেই হত্যা করবে মানুষকে প্রমাণ এদের এসব খামখেয়ালি 😡,anger,4
এক্সিডেন্ট পিংক সিটির পূর্বদিকে পাহাড়তলী  রাউজান লোকাল বাস চট্টগ্রাম থেকে কাপ্তাইগামী প্রত্যক্ষদর্শীর ভাষ্যমতে চাকা পাংচার হয়ে উল্টে রাস্তার পাশের খাদে পড়ে যায় সকাল সাড়ে ১১টার দিকে যাত্রী ছিলেন চুয়েটের মেকানিক্যাল বিভাগের সহকারী অধ্যাপক জনাব মোহাম্মদ আবদুর রাজ্জাক এবং পেট্রোলিয়াম এন্ড মাইনিং ইঞ্জিনিয়ারিং বিভাগের প্রভাষক জনাব নাদিয়া মাহজাবীনও তাঁরা আহত হন  তবে আশার কথা এই যে প্রাথমিক চিকিৎসার পর দুজনই বিপদমুক্ত,sadness,1
সবজি চাষে তাঁর ২ লাখ টাকা খরচ হয়েছে এরই মধ্যে ২ লাখ টাকার লাউ বিক্রি করেছেন আরও ৮১০ লাখ টাকা লাভের আশা করছেন তিনি,joy,0
কিভাবে যেতাম আমরা সবাই পারলেও তুমি আর আমি তো পারতাম না আমাদের না এ্যাক্রোফোবিয়া,fear,5
আজ বাতাসে সুবাসিত স্নিগ্ধতা পাখিরা সারি সারি গাইছে গান প্রকৃতি হেলে দুলে হয়েছে রঙিন ফুলেরা সব ফুটেছে বাগানে আজ আমার কাছের প্রিয় মানুষের জন্মদিন,joy,0
ফেসবুকের ভার্চ্যুয়াল মুদ্রার পরিকল্পনা সামনে আসার কয়েক দিনের মধ্যে বিটকয়েনের দাম তরতর করে বেড়ে চলেছে ১৫ মাসের বেশি সময় পর গতকাল সোমবার রেকর্ড উচ্চতায় উঠে যায় বিটকয়েনের মূল্য বার্তা সংস্থা রয়টার্স জানিয়েছে বিটকয়েনের মূল্য ১১ হাজার মার্কিন ডলার ছাড়িয়ে গেছে,surprise,2
আশ্চর্য সেই কবে পত্রিকায় পড়েছিলাম প্রথমবার পড়ার পর থেকে ভুলতে পারি নাই সংলাপ  যে কী হইতে পারে,surprise,2
চমকে উঠলাম আমি নিচতলার সদর দরজাটা খুলে ফেলেছে কেউ,fear,5
এই কুলাঈগার সন্তান জন্ম হয়েছে সৌদি আরবে আমরা মুসলিম জাতির জন্য দুর্ভাগ্য এর মতো মানুষ এর জন্য আজকে মুসলিম রা অপদস্থ ,sadness,1
পানছড়ির উল্টাছড়ি ইউনিয়নে জনপ্রিয় হয়ে উঠছে মধু চাষ ঘরের কাজের পাশাপাশি বাড়তি খরচ ছাড়াই একবার পুঁজি খাঁটিয়ে বারবার আয় করতে পারায় মধু চাষে ঝুঁকছেন চাষিরা এই ইউনিয়নের চারটি গ্রামেই মধু বিক্রি করে সংসারে বাড়তি আয় করছে ৪০টির বেশি পরিবার,joy,0
তবে দ্বিতীয়বারের ভূমিকম্পটি আগের চেয়েও দ্বিগুণ এলাকাজুড়ে ক্ষতি সাধন করে এই ভূমিকম্পে তছনছ হয়ে যায় দেশটির রাজধানীসহ একাধিক উপশহর মানুষজন যে যেরকম অবস্থায় ছিলো সেরকম অবস্থাতেই ক্ষতিগ্রস্ত হন,sadness,1
রকিবুলও কম যাননি ভারতীয় বোলারদের বোলিংতোপগুলো সামলে তিনি অধিনায়ককে সঙ্গ দিয়ে গেছেন অসাধারণ কৃতিত্বে দলকে জয়ের বন্দরে পৌঁছে দিয়েই মাঠ ছেড়েছেন এ দুজন,surprise,2
তোমার চোখের চেয়ে সুন্দর চোখ আমি জীবনে খুব বেশি দেখিনি দিদিওইদিন গ্রিম রুমে অল্প সময়ের দেখায় বলার সুযোগ হয়নি,joy,0
আমরা গতানুগতিক শিক্ষা কার্যক্রমের বাইরে ব্যবহারিক ও কর্মমুখী কোর্স ডিজাইনে গুরুত্ব দিয়েছি বিশ্ববিদ্যালয়ের শিক্ষার্থীদের জন্য প্রায়োগিক দিকটির গুরুত্ব অনুধাবন করে রাখা হয়েছে ইন্ডাস্ট্রিয়াল অ্যাটাচমেন্ট,surprise,2
সরকারের নির্দেশনানুযায়ী মাদকের বিরুদ্ধে যেমন জিরো টলারেন্স প্রদর্শন করা হচ্ছে তেমনি নদী রক্ষার জন্য দখলকারীদের বিরুদ্ধেও জিরো টলারেন্স প্রদর্শন করা হবে বলে জানান তিনি,joy,0
আপনাকে জীবিত রেখেই ছুরি কাচি দিয়ে একে একে কেটে নেয়া হলো আপনার কিডনি লিভার কর্নিয়া… আহ কী ভয়ংকর ভাবলেই শরীরের সব পশম দাঁড়িয়ে যায়,fear,5
স্বদেশদার উপস্থিতি টা তার কেমন অস্বস্তিকর লাগে আজকাল এত ঘনঘন আসছেন  জয়ন্তীর অসহ্য লাগছে,disgust,3
যুক্তরাষ্ট্রের প্রেসিডেন্ট ডোনাল্ড ট্রাম্পের বিরুদ্ধে অভিশংসন বিচার কার্যক্রম শিগগিরই শুরু হবে আগামীকাল বুধবার ডেমোক্রেটিক পার্টি নিয়ন্ত্রিত প্রতিনিধি পরিষদে অভিশংসনের আনুষ্ঠানিক অভিযোগের ওপর ভোট গ্রহণ করা হবে,surprise,2
আনিসুল হক স্যারের অভাব পূরন হবার নয়,sadness,1
তখনি হঠাৎ মিথির দিকে ভালো করে তাকাতে দেখলাম মিথির চোখগুলো কেমন জ্বলজ্বল করছে আমার বুক কেপে উঠলো,fear,5
না আছে শহীদদের প্রতি শ্রদ্ধা না আছে নিজস্ব সংস্কৃতি বিবেকহীন শিক্ষক তথাকথিত অভিভাবক😡😡,disgust,3
আমি তো সমাজ বহির্ভূত কোনো মানুষ নাতবে কেনো আমি তোমাদের মতো করে চিন্তা করতে জানিনাখুব বেশি কিছু কি চেয়েছিলাম খুব সরল একটা ভালোবাসা ছিলো আমার অল্প দামের একটা শার্ট হলেও তো চলতোনা হয় সারাদিনের ক্লান্তি শেষে তোমার হাতে করা একটু ডাল ভাত খেয়ে তোমার হাত ধরে একটু গল্প আর তোমার কালো কেশের ঘ্রানের আত্নতৃপ্তিএমন একটা সহজ জীবন চাওয়া কি পাপ বলেন হ্যাঁ পাপকারণ তোমার পাশের বাসার ছেলে জর্জমেয়ে ডাক্তার,sadness,1
মানুষের জীবনের একটি মন্দ দিক হলো রাগ বা ক্রোধ মাঝে মাঝে আমাদের সবারই প্রচন্ড রাগ উঠে যায় কোনো কিছুর ওপর কিংবা কোনো বিশেষ ব্যক্তির উপর প্রচন্ড রাগের কারনে অনেক সময় আমরা নিজেরই ক্ষতি করে বসি,anger,4
রাম রাম না বলায় প্রকাশ্যে এক দম্পতিকে বেধড়ক পিটিয়েছে দুই যুবক শুধু মারধরই নয় যৌন হেনস্থাও করা হয়েছে মহিলাকে শনিবার সন্ধ্যায় ভারতের আলওয়ার বাস স্ট্যান্ডে এ ঘটনা ঘটেছে,disgust,3
লোকটা প্রচন্ড ভয় পেয়ে ঐ আঙুল সহ আংটি পকেটে পুরে ছোটা শুরু করলো,fear,5
মনিতে আমি বেশ সাহসী  কিন্তু আমগাছটার তলা দিয়ে যখন যাচ্ছিলাম  তখন খেয়াল করলাম আমি আসলে ভয় পাচ্ছি  সম্পূর্ণ বিনা কারণে ভয়  নির্জন একটা রাস্তা দিয়ে একা গেলে যে কেউ ভয় পেতে পারে  কিন্তু আমার ভয়টা সম্পূর্ণ অন্যরকম ,fear,5
অবাকবিস্ময়ে লক্ষ্য করলাম একজন মানুষ একাই প্রতিবাদ করে কিভাবে পুরো সভাস্থলের সবার সামনে মাথা উঁচু করে বেরিয়ে যেতে পারেন,surprise,2
আমি আরো ভয় পেলাম মোমবাতিটা শেষ পর্যায়ে চলে আসতেছে,fear,5
আমেরিকার মূলধারার নির্বাচনে জর্জিয়া অঙ্গরাজ্য বাংলাদেশিদের অংশগ্রহণ বাড়ছে এই রাজ্যে মূলধারার রাজনীতিতে প্রথম নাম লেখান শেখ রহমান চন্দন গত নির্বাচনে তিনি জর্জিয়া অঙ্গরাজ্যের ডিস্ট্রিক্ট৫ থেকে ডেমোক্রেটিক পার্টির টিকিটে স্টেট সিনেটর নির্বাচিত হন,joy,0
তোমার শহরের কোণে কেউ মায়া জমায় কি আমি এখনো ভাবি সেই তোমাকে ফেরানো যাবে কি,sadness,1
এটা আমার কাছে শুধু একটা উপহার না এটা বিশ্ববিদ্যালয় জীবনে আমার অন্যতম বড় একটা প্রাপ্তি এটি অনুভূতি প্রকাশ না করার মত একটি প্রাপ্তি,joy,0
প্রায় আড়াই বছর পর দুই পায়ে হাঁটতে পেরে ইউনূসের মুখজুড়ে উপচে পড়ছিল হাসির ঝিলিক সেই হাসি নিয়ে বললেন যেন হারিয়ে যাওয়া পা আবার ফিরে পেলাম ,joy,0
টানা এগারোবার বাংলাদেশের সর্বোচ্চ রফতানিকারকের স্বর্ণ ট্রফি অর্জন করেছে জাবের অ্যান্ড জুবায়ের ফেব্রিক্স রোববার প্রতিষ্ঠানের উপ ব্যবস্থাপনা পরিচালক মোহাম্মদ আবদুল্লাহ জাবেরের হাতে প্রধানমন্ত্রী শেখ হাসিনা এ পুরস্কার তুলে দেন,surprise,2
দেশটা তো তাদের বাবার যা ইচ্ছা তাই করতাছে এ জন্যই পুলিশের ছেলে মেয়ে প্রতিবন্ধী হয়,anger,4
আচমকা আমার গায়ের ওপর একটা শীতল হাতের ছোঁয়া পেয়ে আঁতকে উঠলাম ভয়ে বুক ধুকধুক করে উঠল,fear,5
ভাই চিত্রগল্প আপনার জানতাম ই না অথচ কত আগের ভালবাসা চিত্রগল্প💝,joy,0
বাংলাদেশের মানুষদের মধ্যে একটা আইডেন্টিটি ক্রাইসিসে ভুগার মেন্টালিটি আছেযে যে পেশায় না ঠিক অন্য পেশার মানুষকে গালি দিতে এক সেকেন্ডও সময় নেয়না,disgust,3
এই টা যে কি পরিমাণ এ বিষাক্ত সেটার প্রমাণ হলো এই ছবি টা,fear,5
তাহেরিকে নিয়ে এরকম ট্রোল মেনে নেওয়া যায় নাসর্বপ্রথম সে একজন মুসলিম তার তরিকা ভিন্ন হতে পারেতাই বলে ইহুদি মুশরিকর মেয়েরা এরকম করবেজুতার বাড়ি তোদের মুখে,anger,4
বাংলাদেশে যত সৃষ্টিশীল মানুষ আছে এদের মধ্যে ফাহমি ভাইকে অন্যতম মনে করতাম ভাবতাম একটু পাগল টাইপ তবে আসলেই ভাল মনের মানুষ,joy,0
লেখাগুলো ছোট মজাদার বুদ্ধিদীপ্ত ও গতিশীল বিচিত্র তথ্যে ভরা,surprise,2
তারপরও প্রাণীগুলো যে এখনো খুব দেখে তা তিনিও বোধ করেন নাতবে বিপুল বিস্ময় নিয়ে তাঁর প্রকৃতিকে কেউ না কেউ তো দেখেই বাকিরা নাহয় বাধ্য হয়েই দেখলো তাদের জন্যই কি এত আয়োজন ,surprise,2
তাঁর ৫০তম জন্মদিন ছিল কাল ড্যারেন লেম্যান ছেলের ক্রিকেট ম্যাচ দেখতে গিয়েছিলেন গোল্ডকোস্টে এভাবেই উদ্‌যাপন করছিলেন নিজের জন্মদিন কিন্তু হঠাৎ করেই বুকে ব্যথা শুরু হলো কিংবদন্তি অস্ট্রেলীয় ব্যাটসম্যান ও সাবেক কোচের সঙ্গে সঙ্গেই হাসপাতালে নেওয়া হয় তাঁকে,sadness,1
শাবনূর–সামিরা দুজনের আচরণ রহস্যজনক,disgust,3
২০১৬ সালে বিপাশা বসুকে বিয়ের পর এখনো সুখে সংসার করছেন এই দম্পতি অন্তত তাঁদের ইনস্টাগ্রাম তা–ই সাক্ষ্য দেয়,joy,0
চীনসহ যে কয়টি দেশে করোনা ভাইরাস ছড়িয়েছে ঐসব দেশের সাথে অতি দ্রুত সকল ফ্লাইট বন্ধ করার জোর দাবি জানাচ্ছি দেশবাসীর পক্ষ থেকে সরকারের কাছে,fear,5
মার এই অবস্থা দেখে ভয়ে কান্না শুরু করে দিয়েছে এখন আমার ছাদের উপর যেতেও ভয় করে,fear,5
তাহসান ভাইয়ার তোমার মুখটা অনেক অনেক মায়াবী এবং তুমি আসলেই ভদ্রলোক 😍😍কেমন করে যেনো তাকিয়ে থাকো সত্যি অসাধারণ,surprise,2
আমারা বাঙ্গালি হয়ে ও শুদ্ধ ভাষা বলতে পারি নাতাকে দেখে শিক্ষা নেওয়া দরকার,disgust,3
ভারতের মধ্যপ্রদেশের খাটলাপুরে নৌকাডুবির ঘটনায় ১৩ জনের প্রাণহানি হয়েছে খাটলাপুর ঘাটে গণপতি বিসর্জনকে কেন্দ্র করে এ দুর্ঘটনা ঘটে জানা গেছে বৃহস্পতিবার গণপতি বিসর্জন ঘিরে বহু মানুষের সমাগম হয় খাটলাপুরে সেখানের মন্দিরঘাট এলাকায় এমন সমাবেশে ব্যাপক ভিড় হওয়ায় নৌকাতে অতিরিক্ত মানুষ উঠে পড়েন যার জেরে নৌকাডুবি হয় বলে সূত্রের দাবি এরপর থেকেই মৃত্যু সংবাদ আসতে শুরু করে,sadness,1
জাবেদুল  ইসলাম  পরে খেয়াল হইল তোর সাথে সিংগেল কোনো পিকও নাই আবির তামিমের সাথেও নাই 😑,disgust,3
বলিউড আমার চুলের মুভি বানায় একটা জিনিষ খুব ভালো পারে মুসলমানকে জঙ্গি  বানাতে বলিউড,disgust,3
ফরিদপুরের ভাঙ্গা উপজেলায় পথে কুড়িয়ে পাওয়া এক লাখ টাকা তাঁর মালিকের কাছে ফেরত দিয়েছেন এক ভ্যানচালক রোববার বেলা ১১টার দিকে প্রকৃত মালিককে টাকা ফেরত দেন তিনি,surprise,2
ভাই এই চুতীয়া দেশে কোনদিনও এসব অব্যবস্থাপনা ঠিক হবে না আপনার সাহসিকতার প্রশংসা জানাই,disgust,3
এই শালারা আনেক মানুষকে ভ্যটের নামে অনেক টাকা হাতিয়ে নেয় আপনার সাংবাদিক কার্ড নাই তো কি হইসে আপনার মতো মানুষ কে এই রকম ব্যাবহার করছেতাহলে আমাদের সাথে কি ব্যাবহার করবে,anger,4
জোনাকি প্রদীপ হয়ে জ্বেলে দিয়ে যায়তিমির রাতের মুখতেমন প্রদীপ হয়ে তুমি আজ জ্বলে যাও না,sadness,1
সিরিজ  বাদ  দিয়ে  কি  তোর  জামা  পড়া  নাচ  দেখতে  আইসি  শালা ,disgust,3
নিজে যেসব নাটক বানায় সেসব নাটকের না আছে কোনো কন্টেন্ট  না আছে কোনো শিক্ষা সেই সময় আপনার এই সেন্স কোথায় থাকে বাল ছাল নাটক বানানোর সময় এটা মনে রাখবেন কাজে দিবে,disgust,3
যে ভয়টা বোধহয় আমাকে অবচেতনে তাড়িয়ে বেরিয়েছে তা হলো যৌনহিংসার ভয় ,fear,5
ভ্রমর এর কাছ থেকে এই খবর টা শুনে কৃষ্ণ নিশ্চই  বড় দুঃখ পাবে 😔,sadness,1
অসাধারণ বস তাহসান ২জনের অভিনয় কিন্তু সেই হয়েছে,joy,0
তোমার শেষের টাকা আমি রেখে দিলাম এটা আমার সন্তানের প্রথম উপার্জিত টাকা এটা এক জন পিতার জন্য গর্বের একটা প্রাপ্তি এটা সৃতি হিসেবে আমি মৃত্যু পর্যন্ত সাথে রাখবো,joy,0
করোনার আতঙ্কে  আতঙ্কিত পুরো বিশ্ব করোনা ভাইরাস নিয়ে আতংকিত না হয়ে এই রোগ যেন ব্যাপকভাবে ছড়িয়ে পড়তে না পারে এজন্য সচেতন হওয়া উচিত,fear,5
এই মেয়েটা কখনো সুখী হতে পারবে না কেন কি যেখানে যাবে সেইখানে এরকম ভাষা ব্যবহার করবে তার কপালে অনেক দুঃখ আছে ধিক্কার জানাই এই মেয়েটা কে,anger,4
ভারতে এমন অসংখ্য তরুণের ক্রিকেট খেলার একমাত্র অনুপ্রেরণা আমাদের ইম্রুল ব্রো এসব একদুইটা অর্থব দিয়ে লাভ নাই,joy,0
আমি চাকরি করে ঢাকা শহরে বাসা ভাড়া খাওয়া খরচ একা চালিয়েছি ভয়ে কম খেতাম কোনো আত্মীয় স্বজনের দাওয়াতে বিয়েতে খরচের ভয়ে যেতাম না,fear,5
করোনাভাইরাসে কোভিড১৯ আক্রান্ত হয়ে এশিয়ার বাইরে এই প্রথম একজনের মৃত্যু হয়েছে এই রোগে ফ্রান্সে এক চীনা পর্যটকের মৃত্যু হয়েছে বলে নিশ্চিত করেছে ফরাসি সরকার,fear,5
আজীবন সাজাপ্রাপ্ত দণ্ডপ্রাপ্ত আসামীর মত বড় একা আমি বড় একা,sadness,1
তিনি ঘুমের মধ্যে দেখতে পেলেন অসম্ভব ভয়ঙ্কর চেহারার একটি মহিলা…সারা শরীরে তার লোম এবং সেগুলো অনেক বড় বড় হঠাত করে সেটা আম্মুকে একটা খামচি দিয়ে দিল,fear,5
মুভির প্রতিটা ডায়লগ প্রতিটা সিন পুরোপুরিভাবে মুখস্থ হয়ে গেছে না হলে  বার এর বেশি দেখা হয়ে গেছে মুভিটা,joy,0
মেয়ে তিন গুণ রাগ দেখিয়ে বলে উঠে হজুরের বউ হইছি তো কি হইছে সব কি তারে বেইচ্চা দিছি নাকি আমার কি সাদ আহ্লাদ নাই সারাদিন একা বাড়িতে ফালাইয়া রাখে সারা রাইত বেডার নাক ডাকার শব্দ শুইনা রাত কাটাই এইটা কোনো জীবন হইল,anger,4
নোট বিশ্বাসযোগ্যতা হারাবে নকল নোটের জন্য রাতারাতি নিঃস্ব হবে অনেকেই,sadness,1
বৃষ্টির দিন অনেক রোমান্টিক হইলেও আমার মত দিন মজুরের জন্য এই দিন খুবই কষ্টকর ও হতাশাজনক,sadness,1
দীর্ঘ প্রতিক্ষার পর আগামী জুন ২০২০ থেকে বাংলাদেশ ওয়াশিংটন একর্ডের পূর্ণ স্বাক্ষরকারীর মর্যাদা পাচ্ছে তার মানে জুন২০ থেকে আমাদের প্রকৌশলীদের degree assessment এর জন্য অন্য কোনো দেশের দ্বারস্থ হতে হবেনা ঢাকার আইইবিতেই তা করা হবে ওয়াশিংটন একর্ডে স্বাক্ষরকারী অস্ট্রেলিয়া ইংল্যান্ড ও আমেরিকার মত দেশগুলো এখন আইইবির assessment গ্রহন করতে বাধ্য থাকবে এই অর্জন হাজারো বাংলাদেশী প্রকৌশলীদের উচ্চশিক্ষা অভিবাসন সহ স্বপ্ন পূরণের দুয়ার খুলে দেবেউল্লেখ্য আইইবি অস্ট্রেলিয়া চ্যাপ্টারের নেতৃত্ব এবং ঐকান্তিক প্রচেষ্টার জন্যই বলতে গেলে এটা সম্ভব হয়েছে সাথে কেন্দ্রীয় আইইবি প্রধান প্রকৌশলী সবুরের অকুন্ঠ সহযোগীতাতো ছিলই অভিনন্দন সবাইকে,joy,0
খেলা পিছিয়ে যাওয়ায় বরং খুশি এই ডানহাতি পেসার এখন চোট থেকে সেরে ওঠার সময় পাচ্ছেন তিনি টাইমস অব ইন্ডিয়াকে তিনি বলেছেন এই করোনাভাইরাস সমস্যা আমাকে অতিরিক্ত সময় দিয়েছে আইপিএল সময় মতো শুরু হলে আমি শুরুর দিকের কিছু ম্যাচ খেলতে পারতাম না,joy,0
বিশ্বব্যাপী ছড়িয়ে পড়ছে করোনাভাইরাস চীনের বাইরে ফ্রান্স জাপান অস্ট্রেলিয়া মালয়েশিয়া নেপাল সিঙ্গাপুর দক্ষিণ কোরিয়া তাইওয়ান থাইল্যান্ড যুক্তরাষ্ট্র ও ভিয়েতনামে এই ভাইরাসে সংক্রমিত রোগী শনাক্ত করা গেছে,fear,5
আল্লাহ যে কেনো মেয়েদের মন বলে বস্তু দিয়ে সৃষ্টি করেন মন যদি দেনই তবে আশে পাশের মানুষকে কেনো সেটা বুঝার ক্ষমতা দেননা এটা অনেক জ্বালাময় মন থেকেও মনের মত চলতে না পারাটা,sadness,1
হোগায় ক্যাঞ্চার ধরা পড়েছে এখন এমনিতে চলে যাবে,anger,4
ব্যস্ত জীবন এই সময়ে পরিবারের সদস্যদের সঙ্গে বোঝাপড়া ঠিক রাখতে কোয়ালিটি টাইম–এর কোনো বিকল্প নেই পরিবারের সব সদস্য মিলে দল বেঁধে ঘুরতে যাওয়া হতে পারে সুন্দর সময় কাটানোর একটি উপায় মানসিক প্রশান্তি তো আসেই মন ভালো থাকে আনন্দে থাকে পরিবারের সদস্যদের মধ্যে দৃঢ় হয় মানসিক বন্ধন বাড়ে হৃদ্যতা,joy,0
আচ্ছা বলতো তুমি এতো রাতে কিভাবে আসলে তোমার একটুও ভয় করলো না  যদি কেও দেখে ফেলে তোমাকে আমার ঘরে  আমার কিন্তু অনেক ভয় করছে,surprise,2
মার খাইছিস ভালো আরামে ঘুমা তে আবার লাইভ চোদাও কেনো মাদার চোদ তোর বাসা কই রে বানচোদ আবার ঘারানি দিয়ে আসি বল,anger,4
ও চিৎকার করে আমার দিকে দৌড়ে এলো আমি ওকে ঢাক্কা দিয়ে নিচের রুমে এসে একটা রুমে ঢুকে দরজা বন্ধ করলাম সাথে সাথে জ্ঞান হারালাম,fear,5
বেশি না ৮১০দিন আগে কোতোয়ালীর মোড়ে তোর সাথে বসে চা খাচ্ছিলাম আড্ডা দিচ্ছিলাম কিন্তু সকালে কয়েকজন থেকে তোর মৃত্যুর কথা শুনে নিজের কানকেই বিশ্বাস করতে পারছিলাম না,surprise,2
তোরা ছাম্বাদিকেরা এখন গলাবাজি করতে পারবিগ্রেফতারের আগে কোথাই ছিল তোমাদের এসব তথ্য,anger,4
আপনি কি নিজের মহৎ মনে করলেন নাকি একটা শিশু বাচ্চাকে সেবা দিতে গিয়ে আপনি মুরুব্বির গায়ে হাত তুলছেন আপনার মুখে কি ভালো ব্যবহার নাই,disgust,3
অথচ ওই মানুষ টা নাই আমারকেউ আমারে মেনশন দিয়া কয়না ওইদিন একটু তারাতাড়ি অফিস ম্যানেজ কইরা বের হইবা বকুল তলায় বইয়া কোলে মাথা রাইখা গান শুনতাম 😥😥😀😀,sadness,1
দুস্বপ্নময় একটি দিন পার করেছি আজ বারে বারে নিজেকে জিজ্ঞেস করছি আসলেই কি বেঁচে আছি,surprise,2
ওর পাশে বসতেই ও ওর খাতাটা আমার থেকে আড়াল করতে চাইলো আমি তো পুরো অবাক রিয়া আমার থেকে কি লুকানোর চেষ্টা করছে,surprise,2
এই সব বাটপারি ভিডিও কারনেই অকর্মা অন্ধ কল্পনাপ্রসুত গোয়ার তৈরী হচ্ছে মুসলিম দেশগুলোতে,anger,4
৭ মার্চ ভারতীয় সিনেমা ডিকশনারির শুটিং শুরু করবেন এই অভিনয়শিল্পী এমনটাই নিশ্চিত করেছেন মোশাররফ করিমের স্ত্রী রোবেনা রেজা জুঁই,joy,0
তার স্বার্থপরতা জগদ্বিখ্যাতএতো সেলফিশ মানুষ দুনিয়াতে আরেকটা নাই,anger,4
আপনারা যত বড়ই নেড়িবাদী হোন কিন্তু দিন শেষে সেই পাশের বাসার কুটনা মহিলার মত আচারণটা নিজের চরিত্র থেকে দূর করতে পারেননি,disgust,3
কী অসাধারণ ধৈর্যের না পরিচয় দিয়েছেন আকবর আলী ক্যাপ্টেনস নক যাকে বলে সেটিই রীতিমতো ধ্বংসস্তূপের ওপর দাঁড়িয়ে আকবর খেলে গেছেন ৭৭ বলে ৪৩ রান করে তিনি আজ জাতীয় বীর,surprise,2
উপন্যাসের নামচরিত্র ডরিয়ান গ্রে আদতে একজন অত্যন্ত স্বার্থপর ব্যক্তি নিজের সৌন্দর্য সম্পর্কে অবগত হবার পর থেকে সে যেমন স্বেচ্ছাচারী জীবন কাটায় তেমনই নিজের কোনো কাজের জন্য দায় স্বীকার করতে রাজি না সে,disgust,3
হালাল নিয়ে মস্করা একদিন পাছা দিয়ে বাঁশ ডুকালে বুঝবি ছাগলের বাচ্চা,anger,4
মধুপুরে যাওয়ার এক সপ্তাহ পরে হঠাৎ অরুণ আমাকে ফোন করে উদভ্রান্তের মত বলল – দোস্ত তুই আমারে বাঁচা,fear,5
ওপাশ থেকে একটা মেয়ে রিসিভ করেই আমাকে চমকে দিয়ে বলে উঠলো কিরে ইসু চমকে গেলি হাহা আর বলিসনা এটা তপুর কাজ,surprise,2
রাজপরিবারের দুই সদস্যের এই সিদ্ধান্ত নিয়ে একটি টুইট করেছে জনপ্রিয় মার্কিন বহুজাতিক প্রতিষ্ঠান বার্গার কিং ওই একটি টুইটেই বেশ হাস্যরসের জন্ম দিয়েছে প্রতিষ্ঠানটি টুইটে প্রিন্স হ্যারিকে পার্ট টাইম চাকরির প্রস্তাব দিয়েছে তারা,surprise,2
প্রমিথিউসের চালাকি বুঝতে পেরে জিউস প্রচণ্ড ক্ষেপে যান এবং মানবজাতি যাতে দেবতার কিছু উৎসর্গ করতে না পারে সেজন্য জিউস পৃথিবী থেকে সব আগুন তুলে নিয়ে যান,anger,4
মাতাল হাওয়া মাতিয়ে দিয়ে যাক বাংলার সকল প্রাণে ছুঁয়ে দিয়ে যাক আনন্দের পরশ বৈশাখের আগমনে,joy,0
এবার একটা ট্যুরে এত ভ্যারিয়েশন পাইসিযা অচিন্তনীয়,surprise,2
বেলজিয়ামভিত্তিক সংস্থা এনজিও শিপব্রেকিং প্ল্যাটফর্ম প্রকাশিত তালিকায় জাহাজভাঙায় শীর্ষে উঠে এসেছে বাংলাদেশের নাম,joy,0
কেউ এই কথা গুরুত্ব দিয়ে দেখলোই না মানে মানুষজন কিছু একটা পাইলে ট্রল করতে করতে উড়ায় ফেলে অনেকটা ছেলেধরা গুজবের মত অবস্থা,disgust,3
কসবা শেরে বাংলা উচ্চ বিদ্যালয় মাঠে নিচ থেকে মাটি ও পানি ওঠা এখনো বন্ধ হয় নাই ফলে আতঙ্কে এলাকাবাসী,fear,5
ঘুম থেকে একটা হুড়োহুড়ির মধ্যে উঠলাম পাশের জানলায় দাউ দাউ করে আগুন জ্বলছে বাপি আমাকে টেনে বিছানা থেকে নামাচ্ছে,fear,5
১৯৮৯ সালের ১৫ নভেম্বর করাচির জাতীয় স্টেডিয়ামে চিরপ্রতিদ্বন্দ্বী পাকিস্তানের বিপক্ষে আজ এই দিনে অভিষেক হয় কোঁকড়া চুলো এক ছেলের পরের বছরগুলোয় ব্যাটিংয়ের সংজ্ঞাই বদলে দিয়েছিলেন যিনি সেই টেন্ডুলকারঅভিষেকের ৩০ বছর পূর্ণ হলো আজ,surprise,2
লজ্জা করেনা তোদের যে এই বয়সে আইসা মানুষের কাছ থেকে আস্থা হারাইছিস তোদের কাছের কোন বন্ধুবান্ধব এখন আর ভরসা করে একটা কথাও শেয়ার করেনা শুধু এইটা ভেবে যে তোরা এই কথাতে আরো মশলা মেরে জনে জনে শেয়ার করবি কতটা খারাপ তোরা এটা জানিস,anger,4
হিটারের তাপমাত্রা যথেষ্ট বাড়ানো  কিন্তু রুমে প্রচন্ড ঠান্ডা লাগছে  কিছুক্ষণ রিমোট চাপার পর আবার তাপমাত্রা স্বাভাবিক হয়ে গেল  অজানা ভীতি নিয়ে শুয়ে পড়ল সে,fear,5
মাশাআল্লাহ আপু তুমি তোমার অফিস এ নামাজের জায়গা রাখো নিশ্চয়ই আল্লাহ তোমাকে আরো বেশি সফল করবেন ইনশাআল্লাহ,joy,0
এসে যখন সবার সাথে পরীক্ষার ব্যাপারে কথা বলছিলেনতখন আমি বেচারি কি এক অদ্ভুদ আকর্ষণে উনার দিকে ড্যাবড্যাব করে চেয়ে ছিলাম,surprise,2
ফকিন্নির ছেলেরা দেশের সম্পদ লুটেপুটে খাওয়ার জন্য নেতা হয় এমপি হয়  মন্রী হয়  দেশ প্রেম তাদের ভিতর  ১ নেই আজ দেশের করুন পরিস্থিতিতে মানুষ বুঝতে পারতেছে বাংলাদেশ একটা চোরের খনি,anger,4
প্রতিদিন বাঁচো  যেভাবে ভাল্লাগে  দুরাশা নয় শুদ্ধ আশা নিয়ে বাঁচো  মানতে শেখো  বেশীদিন নাহ অল্পদিন হোক জীবন  জীবনাবাসন হোক হাঁসিতে  হতাশায় নয় ,joy,0
অপুষ্টির বিরুদ্ধে লড়াইয়ের জন্য পৃথিবীকে সহজলভ্য একটি হাতিয়ার উপহার দিয়েছেন আইসিডিডিআরবির বিজ্ঞানীরা দেশের জন্য তাঁরা অনন্য গৌরব বয়ে এনেছেন তাঁদের অভিনন্দন,joy,0
শামীম  রেজা  হেটার্সেরও গুষ্টি কিলাই😑😑 যদি এইবার পার্শ্বঅভিনেতার ক্যাটাগরিতে পিট অস্কার না পায় তাইলে অস্কার কমিটি কি বাল্ডা ফালায় এইবার সেটাই দেখিতে চাই😑😑,anger,4
মে‌য়ের জবাব আ‌মি এ বিষ‌য়ের উপর পিএইচ‌ডি কর‌বো তোমা‌দের এ প্রশ্ন কে‌নো না‌কি মে‌য়ে‌দের এ বিষ‌য়ে পড়া নি‌ষিদ্ধ,disgust,3
বর্তমানে উপাধি ভূষিত করতে গিয়ে নেতাদের কোনটা তেল আর কোনটা ককটেল প্রধানমন্ত্রী ভুলতে বসেছেন,sadness,1
এই করোনাভাইরাস আসায় অনেকের লাভই হয়েছে আর কিছু মানুষ যারা না খেয়ে মরছে তারা ঠিকই না খেয়ে থাকবে কিছু মানুষ নামের অমানুষদের কারণে,disgust,3
আমি মনে করি যে ৫০ বিডি ডাক্তার ভাল নয়স্বার্থ ও সাহসী  নৈতিক ও সামাজিক পাঠের অভাবের পাশাপাশি রোগীর পক্ষে ভাল আচরণের কারণও নেই কারণ বিডি লোকেরা বেশিরভাগ ক্ষেত্রেই ভারতে যান চিকিত্সার জন্য,disgust,3
আমি আর বাবা এটা নিয়ে অনেক মজা নিচ্ছিলাম যদিও ক্লাস শুরুর পরে বুঝতে পারি ব্যাপারটা সিরিয়াস খুব কারণ আমাদের ফার্স্ট ইয়ারে ক্যাম্পাসে ছেলে মেয়ে কথা বলা নিষিদ্ধ ছিলো যেটা খুবই ফ্রাসট্রেটিং 😑,disgust,3
আপন ভেবে কাউকে মনের সব কথা বলো না এমন এক সময় আসবে সে তোমাকে তোমারই কথা দিয়ে আঘাত করবে যার কষ্ট তুমি কখনোই সহ্য করতে পারবে না,sadness,1
কিন্তু উমার এই ঝঞ্ঝাটে বিয়েটাই বদলে দিয়েছে তাঁর ভবিষ্যৎ জীবন বদলে দিয়েছে তাঁর ভবিষ্যৎ গতিপথ শুধু তিনি একা নন আরও হাজারো মানুষের জীবনে ইতিবাচক পরিবর্তন এনেছে তাঁর দুঃখগাথা বিয়েটা,surprise,2
তুচ্ছ ঘটনাকে কেন্দ্র করে কক্সবাজারের মহেশখালী উপজেলায় দুলাভাইয়ের ছুরিকাঘাতে আবদুল করিম ৩৫ নামের এক ব্যক্তি নিহত হয়েছেন বলে অভিযোগ পাওয়া গেছে আজ মঙ্গলবার সকাল সাড়ে সাতটার দিকে উপজেলার ছোট মহেশখালী ইউনিয়নের মুদিরছড়া জালিয়াপাড়া এলাকায় হত্যাকাণ্ডের এ ঘটনা ঘটে,anger,4
বেশ ভাল লাগল আপনার ভ্রমন কাহিনী ভ্রমন মানুষকে বেশ মানুষিক দৃপ্তি দেয় প্রচন্ড কাজের চাপে মানুষ যখন হাঁসফাঁস করে তখন একমাত্র এই ভ্রমণই পারে পূর্ণ মানসিক শান্তি দিতে আপনাকে আন্তরিক ধন্যবাদ চমৎকার একটি ভ্রমণ আমাদের সাথে শেয়ার করার জন্য শুভ কামনা,joy,0
এক থাপ্পড়ে সবগুলো দাঁত ফেলে দিলে এই বেটির সব রোগ ভালো হয়ে যাবে আশা করি না হলে উল্টো করে ঝুলিয়ে পিটিয়ে তক্তা করা উচিত ,anger,4
যখনি ভাবী একটু এগিয়ে যাই তখনি পাশে দেখি তুমি নাই একি জ্বালা দিয়ে মোরে আছ তুমি দুরে সরে,sadness,1
তোমাদের পূর্বে বহু মানবগোষ্ঠীকে আমি তো ধ্বংস করিয়াছি যখন তাহারা সীমা অতিক্রম করিয়াছিল স্পষ্ট নিদর্শনসহ তাহাদের নিকট তাহাদের রাসূলগণ আসিয়াছিল কিন্তু তাহারা ঈমান আনিবার জন্য প্রস্তুত ছিল না এইভাবে আমি অপরাধী সম্প্রদায়কে প্রতিফল দিয়া থাকি,fear,5
কিছু অসাধু লোক সুন্দরবন ও পার্বত্য চট্টগ্রাম অঞ্চলের বনভূমি কেটে জীবজন্তু শিকার করে ধ্বংস করে দিচ্ছে এদের বিরুদ্ধে এখনই ব‍্যবস্থা নেয়া হোক,anger,4
অবস্থা মনে হচ্ছে খারাপের দিকেই সকলকে এখনই আরো সতর্ক হতে হবে হে আল্লাহ্ তুমি সবাইকে রক্ষা করো,fear,5
কাশ্মীর থেকে বাঙালি শ্রমিকদের ফিরিয়ে আনার জন্য প্রয়োজনীয় ব্যবস্থা নেওয়া হচ্ছে ইতিমধ্যে পশ্চিমবঙ্গ সরকার প্রথম পর্যায়ে কাশ্মীর থেকে ১৩১ জন বাঙালি শ্রমিককে ফিরিয়ে আনার উদ্যোগ নিয়েছেন ৯ জনকে ইতিমধ্যে কড়া নিরাপত্তায় বাসে করে নিয়ে আসা হয়েছে জম্মুতে,joy,0
আজকে তোরা চুপ থাকস কারণ এইগুলা তোদের স্পর্শ করে নাই আজকে তোদের কিছু যায় আসে না কারণ তোদের ঘরে আগুন লাগে নাই কিন্তু বেশি দিন লাগবে নাটের পাবি তোরাও টের পাবি,anger,4
মস্তিষ্ক দিয়ে নিয়ন্ত্রণ করা যায় এমন একটি রোবটিক স্যুট পরে পক্ষাঘাতগ্রস্ত প্যারালাইজড এক ব্যক্তি তার অবশ হাতপা নাড়াতে সক্ষম হয়েছেন ফরাসি গবেষকরা শুক্রবার এ তথ্য দিয়েছেন,surprise,2
যদিও লিখনির ভাষা খারাপ হয়ে গেল তবুও লিখিহেতের জায়গা বরাবর একটা বাইজ্জা বাঁশ দেওয়ার সময় আসি গেছে,anger,4
যদি জানতাম তোমার কষ্টের কারন হব আমি  তোমার এক ফোঁটা অস্রুর কারন হব আমি  তবে সত্যি বলছি আমি কখনোই আসতাম না তোমার জীবনে  শুধু দুর থেকে ভালবেসে যেতাম তোমায়,sadness,1
ভুটানের  primeminister অামাদের দেশে মেডিকেলে পড়াশোনা করেছেনএটা ভাবতেই অামার খুব গর্ব হচ্ছে বাংলাদেশকে নিয়েঅার ওনার বাংলা ভাষায় কথা বলা দেখে খুবই ভালো লাগছেJust mind blowing ,surprise,2
আমাদের এলাকায় এক পুলিশকে সন্তাস গুলি করেছিল বাকি পুলিশ গুলি না চালায়ে পালায়ে ছিল,fear,5
আজকে অনেক দিন পর হাসলাম হুমায়ুন ফরিদির তোতলামি দেখেপায়খানায় পরলে প প প পয়শাও তুলে আনে কথাটা জোস ছিলো😝😝 ধন্যবাদ যিনি পোস্ট টা করেছেন,joy,0
সেন্ট মেরিস স্টেডিয়ামের স্বাগতিক ইংল্যান্ডের জালে প্রথমেই গোল পরে অবশ্য ম্যাচে ফিরতে সময় নেয়নি ইংল্যান্ড ৮ মিনিটে এভারটন ডিফেন্ডার মিচেল কিনের পাস থেকে ইংল্যান্ডকে সমতায় ফেরান ম্যানচেস্টার সিটির ফরোয়ার্ড রহীম স্টার্লিং এর পরপরই গোল উৎসবে মেতে ওঠে গত বিশ্বকাপের সেমিফাইনালিস্টরা,joy,0
উনি যেভাবে কথা বলতেছে মনে হয় উনি জনগনের বিপুল পরিমান ভোট পেয়ে ক্ষমতায় এসেছেন নির্লজ্জ কোথাকার,anger,4
গন্তব্য স্থানের নাম বলতেই রিক্সা যেন হাওয়ার গতিতে ছুটতে লাগল ইচ্ছে হল রিক্সাওয়ালা কে ধমক দেইএত জোরে চালানোর জন্য,anger,4
এত দূরে বাবা বাসাবেশি সুন্দর বাসার এরিয়া😍একটু পর পাপড়ি গেল দেখেই আমি অবাক যাক সারাদিন গেল আড্ডা আর খাওয়া দাওয়া মাসির ভোগের রান্না অসাধারণ❤🥰😘😋,joy,0
অনেক কথা লিখে ফেললাম আর না ভালো থেকো আনিকা ভালোবাসি খুব 😘 And remember you are the most beautiful girl সুন্দর মনের পরিচয়টা খুব ভালোভাবে পাই তোমার থেকে❤❤❤,joy,0
এই সময় এমপি মন্ত্রীর কিছু কথা শুনলে ইচ্ছে করে কুত্তার মুত দিয়ে আসি তাদের মুখে😡,disgust,3
এমাম  হোসাইন  কাকন  ধুর বাল তাহলে অইটা কি বাল ফেলার জন্য দেয় 😡,anger,4
প্রত্যেকের বুকের নিভৃতে কিছু দগ্ধ ক্ষত থাকে লুকানো কিছু অসম্পূর্ণ নির্মাণ ভাংগাচোরা গেরস্হালি ঘরদোর প্রত্যেকের নিজস্ব কিছু নিদ্রাহীন রাত্রি থাকে যাকে চিরদিন নষ্ট নোখের মতো রেখে দিতে হয় কোমল অনিচ্ছার বাগানে যাকে শুধু লুকিয়ে রাখাতেই সুখ নিজের নিভৃতে রেখে গোপনে পোড়াতেই একান্ত পাওয়া,sadness,1
খালা মনি আন্তর্জাতিক মিথ্যা কথা বলছেন কেনআল্লাহর ভয় রাখেন মনে ভিতর,disgust,3
তার মাথাটি ধড় থেকে টেনে ছিড়ে ফেলেছে বুক ফেড়ে কলিজা বের করে ফেলা হয়েছে সারা শরীরে খামচির দাগ লাশ দেখে বমি করে দিল সেতারপর ভয়ে গ্রামের দিকে দৌড় দিল রাখালটি ,fear,5
প্রতি ২০ জনের বিপরীতে ১ জন ডাক্তারের করোনা ভাইরাস পজিটিভকিন্তু বাংলাদেশে প্রতি ১০ হাজার মানুষের বিপরীতে ডাক্তারের সংখ্যা মাত্র ১জনএরকম চলতে থাকলে সামনে চিকিৎসা করার জন্য ডাক্তার পাওয়া যাবে কি🙃,fear,5
পানির ট্যাংকের পাশে দাড়িয়ে সে কথা বলছিল হঠাৎ  তার পিছন থেকে কেউ ধমক দিয়ে বলে যে এতো রাতে ছাদে কি সে চমকে উঠে পিছনে তাকিয়ে দেখে কেউ নাই,surprise,2
আমি একটা জিনিস মোটামুটি ভালোই শিওর যে আমার রান্না যতই খারাপ হোক একজন মানুষ সবসময় খুশি হয়ে খাবে আব্বু ,joy,0
রুনা খানের কথা এতো সুন্দর বুঝা যায় এরা মেধা দিয়েই এতো দূর আসছে,surprise,2
এরপর নোয়াখালীর মানুষদের সাথে সাবধানে কথা বলবা তারা এখন অন্য গ্রহের প্রাণী পালে,fear,5
হঠাৎ দেখলেন তেলাপোকা মেঝের উপর দিয়ে হেঁটে যাচ্ছে পরিস্থিতি এতটা বিপদজনক না হলেও  ভীতিকর,fear,5
ঐ বছরেরই কোনো এক সময় আলেকজান্ডারের কানে তার বিরুদ্ধে ষড়যন্ত্রের কথা পৌঁছে গেল ষড়যন্ত্র তেমন জটিল কিংবা বড় কিছু ছিল না কিন্তু আলেকজান্ডার অবাক হয়ে গেলেন এই ষড়যন্ত্রের পেছনের কাদের হাত রয়েছে তা দেখে,surprise,2
বাঃ সকাল সকাল মন ভালো হয়ে গেল সাধু সাধু সাধু,surprise,2
শত চেষ্টা থাকার সত্ত্বেও এই আতংকিত পরিস্থিতির মধ্যে বাসা থেকে যেতে না দেওয়ায় উপস্থিত হতে পারলাম নাহ,fear,5
মেডিকেল এর ফাস্ট ইয়ার এ যখন কলেজের ৮ তালায় হোস্টেল এ ছিলাম ২০১৫ আজ কতই না আমূল পরিবর্তন ভালই ছিল সেই দিনগুলি বন্ধু,sadness,1
এখন ঢাল নেই তলোয়ার নেই চোদান কেন ১২ বছর যাবৎ  জিকির করতেছেন শেখ হাসিনা শেখ হাসিনা বইলাশেখ হাসিনা দেশের মানুষরে গু দিছে,anger,4
ভাইয়া সত্যি খুবি ভাল্লাগছে  ভিডিও টা দেখে আমি আপনার চ্যানেল টি subscribe করলাম প্লিজ বন্ধুরা আপনারা সবাই আমার চ্যানেল টি subscribe করেন,joy,0
কিযে করা উচিত আসলে এগুলারে মানুষ এখন দিন দিন অমানুষে রূপ নিচ্ছেতীব্র নিন্দা জানাই আর সুষ্ঠ বিচার চাই,anger,4
আজকেই আমার জীবনের শেষ ঘুম মানে কাল চোখ খুলব কিনা খুব সন্দীহান আমি নিজেই কিরণ তুমি আমার ছোট ভাইয়ের মতো খুব ভালো থেকো আর এই ET গুলোকে প্লুটোতে ছেড়ে এস এতে মানবজাতি বাঁচবে,sadness,1
অর্ধশত কোটি টাকার মালিকের জীবনের প্রথম মূলধন ছিলো ভিক্ষুকের ১৫ টাকা সাহায্য  ঠাণ্ডা মাথায় এই গল্প শুনলে যে কারো জীবন পাল্টে যাবে ইনশা আল্লাহ ,surprise,2
পুকুর পাড়ে কে যেন মড়ার মত শুয়ে আছে কাছে গিয়ে দেখল  শুভ মৃত ভয়ানক বিভৎস সে লাশ,fear,5
খুব জানতে ইচ্ছে করে তুমি কি সেই আগের মতই আছ নাকি অনেকখানি বদলে গেছ খুব জানতে ইচ্ছে করে,sadness,1
বাংলাদেশে বছরে যত টাকা কর আদায় হয় তার ৩৬ শতাংশের সমান টাকা বিদেশে পাচার হয়ে যায় এই তথ্য দিয়েছে জাতিসংঘের বাণিজ্য ও উন্নয়ন সংস্থা,fear,5
দেশের উত্তরাঞ্চলের লক্ষ লক্ষ মানুষ ভয়ঙ্কর বন্যার পানিতে বসবাস করে মানবেতর জীবনযাপন করছে ত্রাণ নেই আশ্রয় নেই সরকার এখানেও ব্যর্থ,sadness,1
আর র‍্যাগ নিয়ে এত সচেতনতার পরও কাটাপাহাড়ে নিয়ে র‍্যাগ দিতে যায় কেন এত বিষ কেন পোলাপাইনদের,anger,4
বন্ধু তুমি অনেক দূরে তাইত তোমায় মনে পরে সুন্দর এই সময় কাটুক খুশিতে সব কষ্ট ভুলে যেও আপনজনের হাসিতে,joy,0
রোজা আমায় বলল হেসে বিদায় আমার খুব কাছে কষ্ট দিয়েছি অনেক দিন কিভাবে মিটাবো সেই ঋণ তাইতো দিলাম ঈদের দিন৷৷ আনন্দ করো সারাদিন সুখে থাক প্রতিদিন,joy,0
আবহাওয়ার এক পূর্বাভাসে বলা হয়েছে রোববার দেশের উত্তরের জেলা দিনাজপুরে তাপমাত্রা ছিল সর্বনিম্ন ৫ দশমিক ১ ডিগ্রি সেলসিয়াস এরপরে রাজশাহীতে ঠান্ডা ছিল বেশি সেখানকার তাপমাত্রা ছিল ৫ দশমিক ৩ ডিগ্রি সেলসিয়াস,surprise,2
শত চেষ্টায়ও মনে করতে পারেন না আর মনে করতে পারছেন না অস্বস্তিকর অনুভুতির ফলে মনে হয় মেমোরি হয়তো লস হয়ে যাচ্ছে আপনি হয়তো সব ভুলে যাবেন কিছুই মনে রাখতে পারবেন না এই ভয় ঢুকে যায় মনে মারাত্বক উদ্বেগ এবং দুশ্চিন্তায় দিন কাটে তখন এসব ভাবনা আপনার নিয়ন্ত্রণহীন হয়ে পড়ে পাগল হয়ে যাচ্ছেন বলে মনে হয় কেউ কেউ মারাত্বক সমস্যায় পড়তে পারে,fear,5
আমার কথার গাঁজাখুরি জেনেও গল্পের টানে শেষ পর্যন্ত না পড়ে উপায় থাকে না এমনভাবে বর্ণনা করেন মনে হয় যেন সবকিছু দেখছেন চোখের সামনে খুব অবাক লাগে আমার কল্পনার চরিত্ররা হেটে চলে বেড়ায় আমার চোখের সামনে,surprise,2
হয়ত এতটা কষ্ট ওর নেয়ার এখনো বয়স হয় নি শুধু জানালা দিয়ে দেখে তার ভাই চলে যাচ্ছে,sadness,1
সবগুলা চোদনা একত্র হইছেশালা মুডের মুগডাল বানাইয়া দিছে ,anger,4
বাংলাদেশ চলতি বছরে রেকর্ড পরিমাণ চা উৎপাদনের পথে রয়েছে ইতিমধ্যে যে পরিমাণ চা উৎপাদিত হয়েছে তাতে নতুন রেকর্ডের ইঙ্গিত মিলছে যেমন গত আগস্ট পর্যন্ত দেশে ৫ কোটি ২৫ লাখ কেজি চা উৎপাদিত হয়েছে যা গত বছরের একই সময়ের ৪ কোটি ২০ লাখ কেজির চেয়ে ২৩ শতাংশ বেশি,joy,0
ছোপ ছোপ রক্ত পড়ে আছে  আঁতকে উঠল মনন  রক্ত দেখে মাথায় বিভিন্ন চিন্তা আসতে লাগলো ,fear,5
সমাজে বহু শিক্ষিত লুচ্চা চিটার বাটপার আছে কৌশলে মহিলাদের পাগল সাজিয়ে গায়ের জোরে পাবনা মানুষিক হসপিটালে বন্দী করে রেখে আসে এতে আইনি কোনো ঝামেলা নেই এই সব অপরাধী দের মুখোশ খুলে দেয়া উচিত,anger,4
২০১৫ সালের মার্চ থেকে সংঘাতে জর্জর হয়ে আছে ইয়েমেন ওই সময় হুতি বিদ্রোহীরা দেশটির পশ্চিমাঞ্চলের নিয়ন্ত্রণ নিয়ে নেয় এবং প্রেসিডেন্ট হাদিকে বিদেশে পালিয়ে যেতে বাধ্য করে বিশ্লেষকদের মতে ইয়েমেনে গৃহযুদ্ধের আড়ালে সৌদি আরবসহ সুন্নি দেশগুলোর সঙ্গে ছায়াযুদ্ধ চলছে শিয়া মতাবলম্বী ইরানের,fear,5
আমি শেলফ হাতড়ে বড্ড অবাক হয়ে গিয়েছিলাম বাংলার কোন গাইড নেই আমার,surprise,2
দুবছর আগে যে স্বপ্নময় যাত্রা শুরু করেছিলাম তার বিদায়ঘণ্টা বাজছেবান্দরবান থেকে বোস্টন যাত্রাটা ছিল অবিশ্বাস্য অদ্ভুত বিচিত্র কিমাশ্চর্যম,surprise,2
কি অদ্ভুতইদানীং মাঝে সাঝে বাবার শরীরের পরিচিত গন্ধটা এত্ত টানে আমারেউইড়া বাড়ি চইলা যাইতে মন চায়খুব হাহাকার লাগে এই দূর শহরটায়খুব,sadness,1
তেরোটা কুকুরের মধ্যে একটা একটু অলস একটু আরামপ্রিয় নড়ে তো নড়ে না হাঁটে তো হাঁটে না এ রকম হরিণ শিকার তো দূরের কথা একটা খরগোশ বা বনমোরগও ধরতে পারেনি,disgust,3
হলুদ প্রজাপতি বললো আমি হারিয়ে গিয়েছি আমি দূর আকাশে উড়তে উড়তে পথ ভুলে চলে এসেছি তোমাদের এই দেশে এখন কি করে ফিরে যাবো জানিনা আমি এই না বলে হলুদ প্রজাপতি কাঁদতে শুরু করলো,sadness,1
বিপিএলে কাল অবিশ্বাস্য ইনিংস খেলেছেন আন্দ্রে রাসেল চট্টগ্রাম চ্যালেঞ্জার্সের বিপক্ষে যখন ব্যাটিংয়ে নেমেছিলেন তখন রাজশাহী রয়্যালস ৮০ রানে হারিয়েছে ৪ উইকেট ফাইনালে যেতে তখনো ৬৪ ওভারে ৮৫ রান দরকার ক্যারিবিয়ান তারকা ম্যাচটা শেষ করেছেন ৪ বল হাতে রেখে ২২ বলে অপরাজিত ৫৪ রানের ঝোড়ো এক ইনিংস খেলে,surprise,2
আবেশ আতঙ্ক এক ধরণের ভয় যা সময়ের সাথে বেড়ে চলে,fear,5
এর বারান্দায় বসে নদী দেখেই পুরো একটি বিকেল কাটিয়ে দেয়া যায় অবাক লাগলো যে আপনি কিন্তু চাইলে বসতে পারেন রিসোর্টের পেছনের নদী তীরে,surprise,2
এদেরকে যদি সময় মতো টিকা দিতো তাহলে আর আমাদের এই ছবি দেখতে হতো না তাই আপনার সন্তানকে সময় মতো টিকা দিন,anger,4
তারপর আসামী আমাকে দেখালো আরও চারজন বিছানায় শুয়ে আছে একটা তিনবছরের ছেলের কোলে ছয়মাস বয়সী একটি বাচ্চা মেয়েকে দেখলাম সবাই মৃত,sadness,1
মহাবিশ্ব নিয়ে যুগান্তকারী আবিষ্কারের জন্য এবার তিন বিজ্ঞানীকে পদার্থে নোবেল পুরস্কার দেওয়া হয়েছে বিবিসি অনলাইনের খবরে জানানো হয় আজ মঙ্গলবার সুইডেনের রাজধানী স্টকহোমে এক অনুষ্ঠানে পদার্থবিজ্ঞানে নোবেলজয়ী হিসেবে জেমস পেবলস মিচেল মেয়র ও ডিডিয়ের কুইলজের নাম ঘোষণা করা হয়,surprise,2
আমার সাথে ও এমনটাই হয় সবসময়আমার পরিক্ষার ফলাফল নিয়ে আমার পরিবারের কেও কখনো খুশি হয় নাসবসময় বকাবকি করে 😥😥,sadness,1
আসলেই বাংলাদেশি এবং ইন্ডিয়ার মানুষজন খুব ন্যারো মাইন্ডেড মুর্খ ভদ্র হতে পারলো না,joy,0
টেলিভিশন নাটকে অভিনয়ের পাশাপাশি সিনেমায় অভিনয় করে হাততালি যেমন পেয়েছে তেমনি অর্জন করেছেন সম্মাননাও দেশের জনপ্রিয় এই অভিনয়শিল্পী এবার সিনেমায় অভিনয় করতে দেশের সীমানা পেরিয়ে বাইরে যাচ্ছেন,surprise,2
আধুনিকতা আর দৃষ্টিনন্দন নকশার কারণে দেশের বাজারে ধীরে ধীরে শক্ত অবস্থান নিচ্ছে আসবাবের ব্র্যান্ড পাশাপাশি বিদেশেও রপ্তানি হচ্ছে দেশের আসবাব তবে এখনো দেশের বাজারের দিকেই অধিকাংশ ব্র্যান্ডেরই নজর,surprise,2
সাউথ ইস্ট ব্যাংকের বুথ থেকে প্রতারণার মাধ্যমে টাকা উত্তোলন করার অভিযোগে এক নারীকে খুঁজছে পুলিশ বুথের সিসি ক্যামেরা থেকে ওই নারীর ছবি প্রকাশ করে তাঁকে ধরিয়ে দেওয়ার অনুরোধ জানানো হয়েছে,anger,4
পহেলা বৈশাখ আমার খুব পছন্দের একটা দিন সবাই কি সুন্দর শাড়ি পাঞ্জাবী পরে ঘুরে বেড়ায়,joy,0
দ্য কনসার্ট ফর বাংলাদেশ নামের এই অনুষ্ঠান থেকে উদ্যোক্তারা ২ লাখ ৪৩ হাজার ৪১৮ দশমিক ৫০ ডলার সংগ্রহ করে ইউনিসেফের বাংলাদেশের শিশু সাহায্য তহবিলে প্রদান করেন ৪০টি মাইক্রোফোনে অনুষ্ঠানের গান ও কথা রেকর্ড করে তিনটি লং প্লেয়িং নিয়ে একটি বড় অ্যালবাম প্রকাশ করা হয়,joy,0
গ্রীন ডেল্টা ইনস্যুরেন্সের সিইও এবং ব্যবস্থাপনা পরিচালক ফারজানা চৌধুরী ২৩তম এশিয়া ইনস্যুরেন্স ইন্ডাস্ট্রি অ্যাওয়ার্ড ২০১৯এ বছরের সেরা নারীনেত্রী হিসেবে স্বীকৃতি পেয়েছেন গতকাল মঙ্গলবার এশিয়া ইনস্যুরেন্স রিভিউ এ জন্য সিঙ্গাপুরে একটি অনুষ্ঠানের আয়োজন করে,joy,0
এইদিকে আমার পরিবারের লোকজন তো খুব চটে আছে মেয়েটার উপর,anger,4
কিচকিচ ঘেউ ঘেউ কা কা একটানা চলছেমনে হচ্ছে এরা উপহাস করছেমানুষরুপী অমানুষদের নিয়ে,disgust,3
সকালের উৎসাহটা রাত বাড়ার সাথে সাথে কেমন মিইয়ে গেলো আপাত সাহসী শিপ্রার এত বড় বাড়িতে দুটো বাচ্চাকে নিয়ে রাত কাটানোটা বেশ ভয়েরই মনে হলো,fear,5
কি করে নির্বোধের মত কাজ করল এরাএদের এত লোভী করে ফেলেছে যে চিন্তা করার কথা ভুলে গেছে পুরো দেশের মানুষকে বিপদেতো ফেলছেই ধ্বংসের দিকে ঠেলে দিয়েছে এরাই অশিক্ষিত বর্বর প্রানী,anger,4
সোজা বাংলায় ডাকাতি দেখাইলে এটা এতো জনপ্রিয় হইতো না সবকিছু নিয়ে আগাছা প্যাচাল জোড়া দেয়া স্বভাব হয়ে দাড়াইছে আপনাদের৷,disgust,3
আসিফ যখন কবরে নেমে তার বাবার লাশটা মাটিতে রাখে তখন এক অন্যরকম গায়ে শিহরণ আনা অদ্ভুত অনুভূতি তাকে গ্রাস করতে থাকে,fear,5
বলে লাভ নাই ফেসবুকে অনেকই মা বাবাই নীতি বাক্যের ঝড় বইয়ে দেয়শিক্ষা ব্যবস্থাকে ধুয়ে দেয় কিন্তু দিন সেই নিজের সন্তানকে এ প্লাসফার্স্ট হওয়ার জন্য যত রকমের তিরস্কার করা সম্ভব সবই করে,sadness,1
মীরজাদী সেব্রিনা বলেন করোনাভাইরাসের ফলে হওয়া কোভিড১৯ রোগটি মারাত্মক নয় কিন্তু ভাইরাসটি অত্যন্ত ছোঁয়াচে বেশির ভাগ ক্ষেত্রেই এখানে মৃত্যুঝুঁকি থাকে না এ ক্ষেত্রে সচেতন হওয়াটা খুবই গুরুত্বপূর্ণ,fear,5
ওদের কিছু করতে পারবে না কারন তাদের কথায় থানা পুলিশ উঠে আর বসে আর এমপি মন্ত্রি তো এদের হাতের ময়লা আর এদের খমতায় সাধারন জনগণের জায়গা জমি আর টাক্কা পয়সা হাতিয়ে নিয়ে আজ কয়েশো কুটি টাকার মালিক অনেক লোককে পথের ফকির করে দিয়েছে দেখি কি বিচার করে নাকি টাকা পয়সা নিয়ে ছেড়ে দেয়,fear,5
ওর মতো অসভ্য ছেলের সাথে না সম্পর্ক  না রাখাই ভালোমেয়েটার ভূল ভেঙেছে অনেক পরে,anger,4
খুব ই ভাল লাগল অসাধরন ইফতেখার আহমেদ হারামি ও থুক্কু ফাহমির এরকম একটা লজ্জা পাক তাই চাচ্ছিলাম ও মানুষককে অনেক ছোট করছে,anger,4
নিজেকে টিপিকাল মিডেল ক্লাস দাবি করে ঐ শ্রেণীর মানুষদের সংগ্রাম করে বেচে থাকার কড়া কড়া গল্প সংসার চালানোর চোখে জ্বল আসা কাহিনী স্ট্যাটাস শেয়ার দেয়া ছেলেমেয়েটা ওই স্ট্যাটাস লিখে নিজের আইফোন ১০১১ দিয়ে,disgust,3
সে হয়ত কাঁদতে কাঁদতে বাবাকে ডাকছিল তাকে বাঁচানোর জন্যে চিৎকার থামানোর জন্যে হয়তো তার মুখ চেপে ধরে বেঁধে রাখা হয়েছিল,sadness,1
এই কবিতা দুটোতে আমি ফিরে যেতে চেয়েছি আবার শৈশবের সেই ভয়ের ভূগোলে,fear,5
বানী তা দেখে দৌড়ে এসে আবারো রেগে গিয়ে বললোতপু তুমি কবে মানুষ হবে ওকে অযথা কেনো টেনশন দিচ্ছো ,anger,4
আপনার ভিডিও জন্য সবসময় অপেক্ষা করি😍😍 আমার পুরো পরিবার আপনার ভিডিও দেখে আর খুব হাসে🤣😂😂🤣😂 এইডা কোনো কথা😁😁আপনার সব ভিডিও best😇😇😇আল্লাহ আপনাকে সুস্থ রাখুক আমিন,joy,0
কিছুদিন আগে একটি সাক্ষাৎকারে পাসওয়ার্ড ছবির শুটিংয়ের ভয়ানক এক অভিজ্ঞতা শেয়ার করেছিলেন রুক্মিণী মৈত্র তার কথায় শুটিংয়ের সময় তার গায়ে ছেড়ে দেওয়া হয়েছিল ৬০টি ইঁদুর তবে অ্যানিম্যাল রাইটসএর সার্টিফিকেট পেতে দেরি হওয়ায় ছবিতে ওই দৃশ্যটি রাখা সম্ভব হচ্ছে না বলে জানিয়েছিলেন অভিনেত্রী,surprise,2
কষ্টে ভরা জীবন আমার দুঃখ ভরা মন মনের সাথে যুদ্ধ করে আছি সারাক্ষণ তারার সাথে থাকি আমি চাঁদের পাশাপাশি আজব এক ছেলে আমি দুঃখ পেলেও হাসি,sadness,1
মুজিব বর্ষেই জামায়াতে ইসলামী ও ছাত্রশিবিরের রাজনীতি নিষিদ্ধ করার দাবি জানানো হয়েছে কেন্দ্রীয় ছাত্রলীগের সন্ত্রাস ও জঙ্গিবাদবিরোধী বিক্ষোভ সমাবেশ থেকে এই দাবি জানানো হয়,disgust,3
এটাকে কেন হলে রেখে আসছি ভাই 😟 বাসায় থাকলে সারাদিন টুং টাং শুনতে পারতাম,sadness,1
জন্মের মাত্র ৩০ ঘণ্টার মধ্যেই চীনের এক নবজাতকের শরীরে করোনাভাইরাস শনাক্ত করা হয়েছে চীনের হুবেই প্রদেশের উহান শহরে শিশুটির জন্ম হয়,sadness,1
বুকটা কষ্টে ফেটে গেলো কখনো সময় হলে আপনার নিজের অবস্থার সাথে এদের অবস্থার তুলনা করবেন,sadness,1
তবে কেন এমন করে দিলে আমায় রাগিয়ে  তাইতো তোমায় অমন করে দিলেম আমি ফিরিয়ে  মিষ্টি কথায় মিষ্টি ঝগড়ায় রাগ যে আমার কমেনা  এতদিনে তুমি বুঝি এটুকু ও আমায় চিনলেনা ,anger,4
হে আল্লাহ তোমার ইজ্জতের কসম যে কেহ এই জাহান্নামের ভয়ংকর অবস্থার কথা শুনবে সে কখনও উহাতে প্রবেশ করবে না,fear,5
প্রশ্নপত্রে তোমাদের দেখে আমি শীতে ও ভয়ে থরহরি,fear,5
গত বছরের ডিসেম্বরে চীনের উহান শহরে করোনার প্রাদুর্ভাব হয় পরে তা চীনসহ সারা বিশ্বে ছড়িয়ে পড়ে এই ভাইরাসে এখন পর্যন্ত সাড়ে ৬ হাজারের বেশি মানুষ মারা গেছে আক্রান্ত মানুষের সংখ্যা ১ লাখ ৬৯ হাজার,fear,5
সত্যিই কি পৃথিবীতে কখনও এমন কোনো সময় ছিল যখন সে সময়টাকে ভয়াবহ ভাবেনি ,fear,5
এটা সামগ্রিকভাবে চলমান এফটিপির বিশাল এক শূন্যতা অন্য ভাষায় আইসিসির জন্য ব্যর্থতা একটা উদীয়মান দেশকে পর্যাপ্ত ম্যাচ দিতে না পারাটা অবশ্যই আইসিসির ব্যর্থতা,disgust,3
প্রতিটা মানুষের জন্যই কখনো না কখনো জয় আসে আজ তুমি যাকে হারাবে কখনো না কখনো তার কাছেই তোমার হারতে হবে প্রত্যক্ষভাবে না হলেও পরোক্ষভাবে প্রকৃতি কাউকে কখনো ঠকায় না,sadness,1
ভাবতেও খারাপ লাগে আমাদের দেশের কদর আমরাই বুজি নাআর ভিন দেশি প্রধানমন্ত্রী  আমাদের দেশের কদর বুঝার চেস্টা করেন  বাংলায় কতো সুন্দর কথা বলে,sadness,1
নইলে যেতে নাহি দেব  বলে সাইকেল ধরে দাঁড় করালাম উফ রোজ বিরক্ত করিস খিদে পেয়েছে বাড়ি যেতে দে বলে কপট বিরক্তি,disgust,3
যেদিন বাসায় আসব তার আগেরদিন যেমন সারাদিন সারারাত সে ঘুমায় না ঠিক তেমনিই,sadness,1
আমার বাবা মা ই বেস্ট আমি যখন যা করি ওনারা সব কিছুতেই খুশি থাকেন এবং মেনে নেন,joy,0
লা লিগার এল ক্লাসিকোতে বার্সেলোনাকে ২০ গোলে হারিয়েছে রিয়াল মাদ্রিদ রিয়ালের হয়ে প্রথম গোল করেন ভিনিসিয়ুস জুনিয়র দ্বিতীয় গোলটি করেন মারিয়ানো ডিয়াজ,joy,0
এই দেশে আওয়ামীলীগের মত সন্ত্রাস পৃথিবীতে কোথাও নেই তারা কিভাবে বড় কথা বলে লজ্জাওদের থেকে লজ্জা পায়,disgust,3
ভয়ং তন্ত্র ভয়ং যন্ত্র ভয়ে অন্ত্র ভভংভয়ে ধাঁ,fear,5
এতো বড়ো বিকৃত মানসিকতার মানুষ এই রোদ্দুর যে একে তিরস্কার করার ভাষাও জানা নেইএই ধরণের প্রতিভাবান মানুষকে তো মিউজিয়ামে রাখা উচিত,disgust,3
রংপুরের গঙ্গাচড়া উপজেলায় শোবার ঘর থেকে স্বামী ও স্ত্রীর মরদেহ উদ্ধার করেছে পুলিশ আজ মঙ্গলবার বেলা একটার দিকে ওই লাশ দুটি উদ্ধার করা হয় নিহত দম্পতি হলেন সাবের আলী ৫০ ও তাঁর স্ত্রী মুক্তারা বেগম ৩৫ তাঁরা উপজেলার গজঘণ্টা ইউনিয়নের বালাটারী গ্রামের বাসিন্দা,sadness,1
সম্প্রতি কলকাতার একটি কনসার্টে ৩০ হাজারেরও বেশি দর্শকের উপস্থিতিতে গান গেয়েছেন আঁখি আলমগীর এ মঞ্চ থেকেই তাঁকে সম্মাননা জানানো হয় সংগীতশিল্পী কুমার শানুর সঙ্গে পাশাপাশি গানের জন্য প্রথম জাতীয় চলচ্চিত্র পুরস্কার পেতে যাচ্ছেন এই গায়িকা,surprise,2
এক টাকার জিনিস দশ টাকা বিক্রি করে  এরাই দেশদ্রহি  এদের ফাসি চাই,anger,4
দেখতে দেখতে ভালবাসার এক বছর পূর্ণ হলো সবকিছুর জন্য আলহামদুলিল্লাহ ,joy,0
বাঁধন খুলে দিতেই নগ্ন আতঙ্কভরা চোখে সার্জনের দিকে তাকিয়েছিল রোগী অবিশ্বাস মিনতি আতঙ্ক মিলেমিশে একাকার দুচোখে,fear,5
রাতভোর সেই ভীষণ মায়ার স্মৃতি গুলো এমন জুনিয়র পাওয়া সৌভাগ্যের ব্যাপার ভালোবাসা রইল ভালোবাসাদের প্রতি,joy,0
আমাকে মিস করার মত সময় হয়তো তোর হবে না জানি কারণ তোর পৃথিবীতে আমি ছাড়াও আরো অনেকে আছে কিন্তু আমার পৃথিবীতে তুই ছাড়া আর কেও নেই তাইতো আজও তোকে অনেক মিস করি,sadness,1
বলেছিল লাগবে সার ম্যালা বিপদ বলার সময় মনে হয়েছিল ভীষণ ত্রস্ততার মধ্যে আছে ওর ঠান্ডার ধাত আছে আজকে হয়তো শ্বাসকষ্ট হবে,fear,5
পৃথিবীতে আনন্দ এবং দুঃখ সব সময় থাকবে সমান সমান বিজ্ঞানের ভাষায় আনন্দের সংরক্ষণশীলতা একজন কেউ চরম আনন্দ পেলে অন্য জনকে চরম দুঃখ পেতে হবে,sadness,1
ধুর এতক্ষণ আমি দাঁড়িয়ে থাকব নাকি মামাকে পাঠাতে হবে না আমি একটা ব্যবস্থা করে চলে আসছি এখন রাখি,disgust,3
আসে পাশের লোকজন  আত্মীয়স্বজন ডাক্তার ও ছেলের বাবা সবাই এক মুহুরতের জন্য বাকরুদ্ধ হয়ে গেলেন  ভয়ে সবার শরীর কেপে উঠল ,fear,5
পটুয়াখালীর কুয়াকাটা পর্যটনকেন্দ্র এলাকার একটি আবাসিক হোটেলের কক্ষ থেকে মহিপুর থানার পুলিশ এক পর্যটক তরুণীর লাশ উদ্ধার করেছে,surprise,2
ক্যাম্পাসের সবচেয়ে সুন্দর ব্যাপারটা ফুটে উঠছে রাতের বাসের মোহ একদম জীবন্ত লাগতেছে ওয়ালটা গ্রেট জব জুনিয়রস,surprise,2
ছেলেটার ম্যাচিউরিটি লেভেল দেখে আমি অবাক সে তার ঋণের কথা পর্যন্ত বলে গেছে,surprise,2
ব্যবসায়িক কারণে বছরখানেক আগে মাইশার বাবার সাথে বাবার একটু ঝামেলা হয়েছিলো সেটারই জের ধরে বাবা জানিয়ে দিলেন প্রয়োজনে ল্যাংড়া বউ নিয়ে আসবে তবুও মাইশার সাথে রাতুলের বিয়ে দিবেনা রাতুল এই কথা শুনে রাগেকষ্টে টয়লেটে ঢুকে পরলো,anger,4
তিন্নিকে দেখার পর আর কারো মুখে কথা নেই অনেকে চোখের পানি ধরে রাখতে পারছে না কি হল মেয়েটার এই গ্রামের একটা জীবন্ত লাল গোলাপ এভাবে অকালে ঝরে যাবে,sadness,1
ভালো সিদ্ধান্ত নেয়া হয়েছে খুব ভাল লাগলো খুব ভাল লাগলো,joy,0
লাশটি কবরে রেখে মাথাটা ঠিক জায়গায় বসানো মাত্রই চোখ কপালে উঠলো তারবড় বড় হলুদ চোখ দিয়ে লাশটা তাকিয়ে আছে তার দিকে আর একটা হাত দিয়ে ধরে রেখেছে,surprise,2
জীবনে বেঁচে থাকাটায় এই দেশে সব চেয়ে বড় পাওয়া আর এর জন্য দায়ী কিছু মুখোশধারিদূর্নীতিবাজ স্বার্থান্বেষী মানুষের মত হুবহু দেখতে,disgust,3
আমার হৃদয়াপ্লুত ভালোবাসা গ্রহণ করো,joy,0
চট্টগ্রামের মানুষরা সিভিল সার্জনকে ধরে মারে না কেনো  সবকিছু আছে যখন এখন নাই কেনো  বিক্রি করে ফেলছে না কি,anger,4
ওপাশ থেকে কি জবাব এলো জানি নাকিন্ত দেখতে পেলাম উনার চেহারা ধীরে ধীরে ফ্যাকাশে হয়ে যাচ্ছে,fear,5
ইইউর সঙ্গে ভিয়েতনামের মুক্তবাণিজ্য চুক্তিতে দুশ্চিন্তা বাংলাদেশে,fear,5
চুয়েটে যাওয়ার আগে প্রতিবছর পহেলা বৈশাখ মানে ছিলো সকালে বাসায় ইলিশ মাছ দিয়ে ভাত খেয়ে সুন্দর করে সেজেগুজে বাবার সাথে ব্লুবার্ড ছোট স্কুলে যাওয়া তারপর বন্ধুদের সাথে এদিক ওদিক ঘুরে সন্ধ্যায় বাসায় ফেরা,joy,0
নাকি চুয়েটিয়ান এলামনাই এর ক্ষমতা নাই,fear,5
আব্বুকে চা দেয়ার পর আব্বু অনেক অবাক আর অসম্ভব খুশি হয়ে পৃথিবীর সবচেয়ে মজার চা খেয়ে ফেলসিল,joy,0
স্বপ্ন মানে বাতির খেলা স্বপ্ন ভালোবাসা স্বপ্ন মানে রাতের মাঝে লুকিয়ে রাখা আশা স্বপ্ন মানে দুঃখ ভুলে নতুন পথযাত্রী স্বপ্ন মানে মিষ্টি মুখে জানায় শুভরাত্রি,joy,0
যে সমস্ত হারামিরা বলেছিল বাংলাদেশ নাকি সিঙ্গাপুর হয়ে গেছে তাদের মুখে জুতা মারা দরকার,anger,4
এতকাল জীবনটা কাটিল উপগ্রহের মত যাহাকে কেন্দ্র করিয়া ঘুরি না পাইলাম তাহার কাছে আসিবার অধিকার না পাইলাম দূরে যাইবার অনুমতি,sadness,1
এই গুলো ছাড়া ভাল কিছু করেন মানুষ কে পচানো খুবি সোজা তানাহলে দেকবেন আপনাকে নিয়েও কেও রস্ট করবে,disgust,3
ফাঁসির আসামি কে এতো কাছ থেকে এর আগে কখনো দেখি নি আমি ওর কাছে গেলেই আমার কেমন যেনো একটা অদ্ভুত অনুভুতি হতো,surprise,2
আগে ভাল ভাল পোস্ট হত এখন কি দিচ্ছে এসব ফাতরামির একটা সিমা থাকা উচিৎ,anger,4
বিদায়ের সময় দাদী কাঁদছেন আমি মুরুব্বীদের সচারচর এভাবে কাঁদতে দেখি না তারা অনেক শক্ত থাকেন কিন্তু তিনি কান্না থামাতে পারছেন না বুঝা যাচ্ছে অনেক বাজে কিছু হতে চলছে,sadness,1
স্থগিত নয় প্রত্যাহার এবং ডিসি অফিসের সাথে সংযুক্ত তারা শাস্তি দিতে খুব মূল্যবান কেবল চোখের জল ,disgust,3
নিবার্চক হিসেবে নান্নু একেবারে ব্যাথনান্নুর পদত্যাগ করা উচিৎ,disgust,3
বিজনেস ইনসাইডার বিল গেটসের আয় নিয়ে মজার কিছু তথ্য বের করেছে যেমন প্রতি সেকেন্ডে তাঁর আয় ৩৮০ ডলার এই হিসাবে প্রতি মিনিটে আয় ২২ হাজার ৮৩১ ডলার তাঁর নিট সম্পদের মূল্য ক্রোয়েশিয়া কম্বোডিয়া ও বাহামার মোট দেশজ উৎপাদনের সমান,surprise,2
মানে কাজের লোকের পায়ে তেল মালিশও করতে হবে  এ তো আচ্ছা যন্ত্রণায় পড়া গেল রক্ষে কর বাপু,disgust,3
ইরানের ক্ষেপণাস্ত্রের হামলায় কয়েক ঘণ্টা পুরো বিচ্ছিন্ন হয়ে পড়েছিল ইরাকে অবস্থিত মার্কিন বিমান ঘাঁটি উচ্চক্ষমতাসম্পন্ন যোগাযোগব্যবস্থা বিচ্ছিন্ন হয়ে সেনারা আকাশে তাদের শক্তিশালী নজরদারির নিয়ন্ত্রণ হারায় যেন কয়েক ঘণ্টার জন্য অন্ধ হয়ে যায় তারা,fear,5
একটু দয়ামায়া করেন কতটা কষ্ট নিয়ে হাসিনা নামটুকু বলে এতেই তাদের কষ্টে ফাটতে থাকে সাথে যদি আবার শেখ বলতে বলেন মরা ছাড়া তাদের গতি নাই,sadness,1
এদের বেতন কমানো হোকএরা আফগানদের সাথে ও হেরেছেএদের কে জুতার মালা পড়ানো হোক,anger,4
যে মায়ের ছোট্ট পেটে সন্তানের যায়গা হয় সে মায়ের জন্য সন্তানের ফ্লাটে যায়গা হয়না ধিক্কার জানাই এমন সন্তানদেরকে,sadness,1
প্রথমে তাকে গুম করে স্থানীয় রাজাকার বাহিনী তারপর হত্যা করে পাকিস্তানি বাহিনী তার পরিবার ভয়ে ভারতে আশ্রয় নেয় কি ভয়ংকর অবস্থা,fear,5
কঠিন সময়ের মুখোমুখি আমরানিশ্চয়ই কোনো ধব্বংস ধেয়ে আসছে তাদের প্রতি যাদের কারণে আল্লাহর আরশ কেপে উঠছেআমাদের অন্তর নিংড়ে যাচ্ছে,fear,5
বগুড়ায় শহীদ জিয়াউর রহমান মেডিকেল কলেজ শজিমেক হাসপাতালের প্রসূতি বিভাগ থেকে চুরি হওয়া নবজাতককে ৩৫ ঘণ্টার মাথায় উদ্ধার করে মায়ের কোলে ফিরিয়ে দেওয়া হয়েছে গতকাল বৃহস্পতিবার রাত ১১টার দিকে বগুড়া শহরের লতিফপুর কলোনি এলাকার একটি বাসা থেকে শিশুটিকে উদ্ধার করে সদর থানাপুলিশ,joy,0
প্রশ্ন ফাঁসের কোনো কথা উঠলেগুজব হলেও তখন সেটার ধাক্কা চুয়েটের উপর দিয়ে কিছুটা হলেও যাবে এখন পর্যন্ত চুয়েটে প্রশ্ন ফাঁসের কোনো তকমা লাগেনি এই স্বচ্ছ সিস্টেমটাকে কলুষিত করার জন্য সমন্বিত ভর্তির মত মোক্ষম কোনো অস্ত্র আর নেই,anger,4
অন্ধকার থেকে একটা ৪৫ বছরের মেয়ে হুট করে আসলোগায়ে দুধের মত সাদা জামা তবে শরীরটা কেমন ঝলসে যাওয়াহাতে একটা আগুনের কুণ্ডলী ভয় পাচ্ছিলাম তবে তাকিয়ে ছিলাম,fear,5
কিছু কিছু কথা আছে বলতে পারিনা এমন কিছু কষ্ট আছে সইতে পারিনাএমন কিছু ফুল আছে তুলতে পারিনাআর এমন ১টা মনের মানুষ আছে ভূলতে পারিনা,sadness,1
আমার কোনো শত্রু তোমার কাছে আমার নামে কী বলেছে সেটা আমি জানতে চাই না তুমি বরং বলো সে তোমার কাছে ওসব বলতে স্বস্তিবোধ করলো কেন,anger,4
গ্রামের অন্যান্যরা আমাকে প্রশ্ন করছেকি হয়েছে  আমি কাউকে কোন উত্তর দেই নিকারন উত্তর দেওয়ার কোন কথা আমার মাঝে ছিলো নাতিন্নি আস্তে আস্তে মারা যাচ্ছে এইটা আমি কখনও বলতে পারবো না,sadness,1
কুড়িগ্রামে মধ্যরাতে সাংবাদিককে ধরে নিয়ে সাজা দেওয়ার ঘটনায় ওই জেলার প্রশাসক মোছা সুলতানা পারভীনকে প্রত্যাহার করা হয়েছে,anger,4
একটা কাকপক্ষীও নেই দূরে শুধু একটা অচেনা পাখির চিঁ চিঁ ডাক শুনে হকচকিত হয়ে উঠলাম,surprise,2
শাকিব খানবুবলী অভিনীত বীর ১৪ ফেব্রুয়ারি মুক্তির সম্ভাবনার কথা শোনা যাচ্ছে কাজী হায়াত পরিচালিত বীর ছবির শুটিং ডাবিং শেষ,joy,0
এই সব জানোয়ারদের উচিৎ শিক্ষা দেওয়া হকআর যারা এই মুখোশি জানোয়ার দের সাপোর্ট করে তাদের জুতার মালা পড়ানো উচিৎ,anger,4
অনুপম  দেয়  আর  কত হতাশ করবে কোটি ক্রিকেট প্রেমী বাংলাদেশীকে😞,disgust,3
রাওলিং অবাক হয়ে দেখেন এত ব্যর্থতার পরও চেষ্টা করে যাওয়ার সুফল তিনি পেয়েছেন,surprise,2
রমিজ মিয়া সাইকেল নিয়ে মেয়েকে জাপটে ধরে দৌড়াচ্ছেন ঠিক তখনই দেখতে পান সামনেই পুরো রাস্তা জুড়ে সাদা কাফন পরা একটা লাশ শুয়ে আছে এটা দেখে অনেক ভয় পেয়ে যান তিনি,fear,5
ক্রোধ এবং ভালবাসার কোন সীমা নেই রাগের মাথায় কিছু করবেন না কখনও অনুরোধ রইলো,anger,4
আমি জানি রবিন এই টাকা গুলো উপার্জন করতে তোমার অনেক কষ্ট করতে হয়েছে বাবার কথা শুনে আমার চোঁখে আবার পানি চলে আসলো,sadness,1
ঘরে থেকে বেরুতে পারছিনা আর বাইন্দারপুতেরা নাচানাচি চুদায়😣 তোগো কি ভাইরাসে ধরবার পারেনা 😤,anger,4
বাবাকে কি করে বুঝাই আমার ক্লান্তির কথা এর চাইতে মৃত্যু যন্ত্রণা অধিক শ্রেয়,sadness,1
পুরো ঢপবাজ মেয়ে ও যে মিথ্যে কথা বলছে তার ওর বয়ান দেওয়ার সময় মুখের এক্সপ্রেশন দেখেই বোঝা যাচ্ছে নিজের বাচ্চাটার কথা একবার ভাবলো না ছিঃ,disgust,3
তৌহিদ হৃদয়ের সেঞ্চুরিতে ত্রিদেশীয় সিরিজে ইংল্যান্ড অনূর্ধ্ব১৯ দলের সঙ্গে ম্যাচ টাই করেছে বাংলাদেশের যুবারা সিরিজের ফাইনাল আগেই নিশ্চিত হয়েছে বাংলাদেশের ৭ খেলায় ৪ জয় ১টি করে হারটাই ও পরিত্যক্ত ম্যাচের কারণে ১০ পয়েন্ট নিয়ে এককভাবে টেবিলের শীর্ষে আছে বাংলাদেশ,joy,0
চুয়েট কে সবচেয়ে বেশি ভালোলাগার বা চুয়েটে সবচেয়ে বেশি সুন্দর সময় পার করার সিজন চলে আসছে আবার ,joy,0
ভাই আমার কাছে মনে হয়  এটা বানিজ্য মেলা নয়  এটা বানিজ্য বাঁশ মেলা দেওয়া দিবস ,disgust,3
লোকজন ভয়ে রাতে তো দূরের কথা দিনেও ওই বাড়ির পাশ দিয়ে যায় না,fear,5
আব্বু আর ভাইয়া আমাকে ঘৃণা করেতাদের মতে আমার জন্য আব্বু তার ভালোবাসার মানুষকে হারিয়েছে আর ভাইয়া ছোট বেলায় আম্মুর ভালবাসা পায় নিতাই হয়তো আআমাকে তারা সহ্য করতে পারে না,sadness,1
রংপুর নগরের বাহার কাছনা স্কুলপাড়া এলাকায় বাঁশের খুঁটি দিয়ে ৬৫টি পরিবারে বিদ্যুৎ–সংযোগ দেওয়া হয়েছে ফলে এলাকাবাসী ঝুঁকির মধ্যে পড়েছে এখানকার লোকজন বলছেন প্রায় চার বছর আগে তাঁরা স্থায়ী খুঁটির আবেদন করলেও এখনো তা বসানো হয়নি,sadness,1
আর সব চাইতে বড় অবাক করা কথা হচ্ছে আমাদের বাংলাদেশেই এত সুন্দর একটা জায়গা আছে আর আমরা এতদিন যানতামই না অনেক মিস করে আসছি,surprise,2
ইংল্যান্ডে আগামী বছরের জুলাই থেকে শুরু হচ্ছে নতুন সংস্করণের ক্রিকেট টুর্নামেন্টে দ্য হানড্রেড ১০০ বলের এ টুর্নামেন্টে বিদেশি খেলোয়াড়দের ড্রাফট তালিকায় বাংলাদেশ থেকে জায়গা পেয়েছেন মোট ছয় ক্রিকেটার সাকিব আল হাসান ও তামিম ইকবাল রয়েছেন একই ভিত্তি মূল্য ক্যাটাগরিতে,joy,0
ছোটবেলায় আমি ছিলাম টেনে টুনে পাশ করার এক ছাত্রী৷ পড়াশুনার প্রতি আগ্রহ শূন্য বললেই চলত৷ মাঝে মাঝে অবাক হয়ে দেখতাম ক্লাসে ফার্স্ট সেকেন্ড থার্ড হবার যুদ্ধ৷,surprise,2
দোকানের ছেলেটার কথা শুনে মনে হচ্ছিলো ওর গালে একটা সজোরে থাপ্পড় মারি কিন্তু ওরই বা কি দোষ দোষ তো আমার বাবা মার কারণ উনারা আমাকে জন্ম দিয়েছে,disgust,3
গানটা মানে জানে সবাই কিন্তু মানে কয়জন,disgust,3
কেউ প্রয়োজন ফুরিয়ে গেলে আস্তে আস্তে দুরত্ব বাড়ায় আর কেউ মোহ কেটে গেলে আস্তে করেই সরে যায়,sadness,1
চুয়েটের মানুষ গুলাই কি খালি এরকম খুবি অবাক হলাম,surprise,2
ছি পার্লার আজ জাতিকে ধ্বংস করছেযাদের ধোনের জোর নাই তাদের বউ পার্লারে যায়এসব পুরুষ দের জন্য জাতি আজ ধ্বংস,anger,4
বোন তো মায়ের ছায়ার ন্যায়  দিনরাত ঝগড়া আর দিনশেষে বোনই ভরসার আরেক নাম যার একটা বোন নেই সে পৃথিবীর অনেক বড় নিয়ামত থেকে বঞ্চিত  বোন ভালোবাসার আরেক নাম  যত্নে লালন করা কলিজার টুকরো,joy,0
সিপিবির সমাবেশে বোমা হামলায় ১০ আসামির মৃত্যুদণ্ড,joy,0
 গা ছমছম করে ভয়ের একটা শীতল অনুভূতি বয়ে গেল আমার ভেতর দিয়ে এত দূর হেঁটে হেঁটে যাব কী করে,fear,5
ভাইরাসের সংক্রমণে চীনে মৃতের সংখ্যা ৫০ ছাড়িয়েছে,sadness,1
ভেবেছিলাম আমার বিধ্বস্ত ক্লান্ত চেহারা হাঠুর কাছে ছেঁড়া পেন্ট দেখে বাবাও হয়তো কেঁদে দিবে হয়তো আমার মাথায় হাত বুলিয়ে সান্ত্বনা দিবে,sadness,1
প্রশিক্ষণ ছাড়াই বিদেশে যেসব শ্রমিক যাচ্ছেন তাঁদের ৯৫ শতাংশই অদক্ষ শ্রমিক বলে জানিয়েছেন এই প্রশিক্ষণ কেন্দ্রের অধ্যক্ষ গিয়াস উদ্দীন আহমদ এ জন্য তিনি সরাসরি দালালদের দৌরাত্ম্যকেই দায়ী করেছেন,anger,4
কই জাই মাথাই চোদেনা 🤣🤣মাননীয় স্পীকার ওকে পাশের দেশ ব্রাহ্মণবাড়িয়াতে পাঠানো হোক 🤣🤣😂😂😂,disgust,3
স্যার অসম্ভব দামি কিছু কথাসচরাচর কেউ বলে নাতাই আপনাকে হৃদয়ের অন্তস্থ থেকে সাধুবাদ❤❤🇧🇩🇧🇩,joy,0
কষ্ট মানুষ কে পরিবর্তন করে  কষ্ট মানুষ কে শক্তিশালি করে আর প্রতিটি কষ্টের অভিঙ্গতাই আমার জন্য নতুন শিক্ষা ,sadness,1
আনিস ভাই মিসিং ইউদূরভাগ্য আপনার দূরভাগ্য ঢাকাবাসীরভালো থাকুন পরপারেআমিন,sadness,1
এসব টকশো আলোচনা করে লাভ কি আমাদের দেশে মানুষকে বোকা বানানো আর গণতন্ত্র হত্যা ছাড়া কিছু নয়,anger,4
সড়কে বিশৃঙ্খলা লেগেই আছে ঝুঁকি নিয়েই রাস্তা পার হচ্ছে পথচারীরা,disgust,3
নিত্যদিনের মত সবারই দিন শুরু হয়খালি যে হারায়তার লাগে ব্যপারটাযখন আমাদের ভাগ্যে আসেতখন খারাপ লাগেএছাড়া আমাদের কোনো ফিলিংস নাই,sadness,1
তাড়িয়ে দেবার আগেই ক্যাম্পাসকে আপন করে নাও জীবন আর জীবিকার তাগিদে ক্যাম্পাস ছেড়ে চলে যাবার পরে ভুলে যাবার ভান করে থাকতে হয়না যেন,sadness,1
এত বিরহএত কষ্টএত দুঃখ প্রকাশ পেয়েছে এই গানটায় 😭😭 কাউকে নাপাওয়ার কষ্টের আর কিছু নেই ,sadness,1
বিয়ের রাতে বিদায়ের বেলায় মরিয়ম তার মাকে জরিয়ে কান্না করছেনআর মরিয়মের মা কিছুতেই থামছেন নাকান্না করেই চলছেন,sadness,1
বিরক্তি আর ক্লান্তি এবার কিছুটা ভয়ে পরিণত হলো অচেনা রাস্তা দুই দিকে ঘন জঙ্গল তাছাড়া গাড়ির ধীরগতি সব মিলিয়ে এখানে ভয় পাওয়াটা অস্বাভাবিক কিছু নয়,fear,5
যার স্বামী মারা গেছে তারই নাম বিধবাদুনিয়াতে তার আর আপন রইল কেবাবিধবা নারী বুক ভাসায় চোখের জলে,sadness,1
সত্যিই কথা বলতে ওপার বাংলার দেব বা জিত বলেন জদি ওরা বাংলাদেশের নায়ক হইতো তাহলে কিং খান শাকিব খানের সাথে টক্কর দিয়ে ওরা এই পজিশনে কখনো আসতে পারতো না কারন শাকিব খান অল রাউন্ডের হিরো সুতরাং শাকিব খানের সাথে ওদের কুনো তুলনা ই চলে না,anger,4
বেতন–ভাতার দাবিতে রাজধানী ঢাকার শ্যামলীর মিরপুর সড়কে অবস্থান নিয়েছেন একটি পোশাক কারখানার শ্রমিকেরা আজ বৃহস্পতিবার সকাল ৯টা থেকে সড়ক অবরোধ শুরু হয়েছে এতে মিরপুর সড়কে যান চলাচল প্রায় বন্ধ হয়ে গেছে,anger,4
আজকে কোনো  ল্যাব  হবেনা  বাট তার  পরেও  বুঝলাম  না  কেন   বি২  এর  পোলাপাইন  গুলা  ল্যাব  এ  গেসোস ,disgust,3
আফগানিস্তানের বিরুদ্ধে মুভি করছ তুই পাগল তর বাপ পাগল ইরান তর বাপ লাগে হারামি কুথাকার,anger,4
করোনাভাইরাসের প্রাদুর্ভাব বাড়ায় বিশ্ববাজারে জ্বালানি তেলের চাহিদা কমছে চাহিদা কমায় দামে নেতিবাচক প্রভাব পড়ছে ,fear,5
মোরারজি দেশাই এর মুখে থু থু ফেলি ঐ শুয়োরের বাচ্চার   জন্য পাকিস্তান আজ পারমাণবিক শক্তির আধিকারী    ,disgust,3
এইসব নায়িকা চলবেনা বাচ্চা ভাচ্চা ভাব এম্নিতেই সাফার কথা বলা অন্য সব কিছুতেই ভাব বেশি,disgust,3
এসব পোস্ট সত্য কি মিথ্যা তা জানিনাআমি হলেবাবাকেই নিতাম বুকে তুলেটাকা নয়এটা দেখে মনে হচ্ছেওই বাবাকি ওদের জন্ম দেয়াই অপরাধ ছিল,disgust,3
শুধু উৎপাদকদের নয় টেকসই ডেনিম উৎপাদনে ক্রেতা ও ব্র্যান্ডদের এগিয়ে আসতে হবে বর্তমানে ডেনিমের ধারা পাল্টেছে আন্তর্জাতিক ধারার সঙ্গে দেশি উৎপাদকদের খাপ খাওয়াতে বিপুল পরিমাণ অর্থ বিনিয়োগ করতে হচ্ছে,joy,0
ভয়সত্যি হয়দেশান্তরে বৃষ্টি নামে হাওয়ায় হাওয়ায় খবর ওড়ে,fear,5
নাবিলা  নাবিলা  দড়জা খোল এই সব কি করতাছস  লজ্জা সরমের মাথা কি খাইয়া ফালাইছস খোল কইতাছি তর বাপ মায় বাড়িত নাই আর তুই এইখানে রং তামাসা শুরু করছস ,disgust,3
ভাই আপনার কথা গুলো অনেক ভালো লাগে  আপনার  কথা গুলো  মানতে খুব ইচ্ছে করে কিছুটা হলেও  নিজেকে পরিবর্তন করতে পেরেছি,joy,0
ইউটিউব এ বোমা ফাটাইয়া কি লাভ🤭🤭 বোমা ফাটাইয়া কি বাল ফালাইলো,anger,4
ডাক্তার রে গালি দে শালারা আই সি ইউ নাই এইটায় ও ডাক্তারকে গালি দেয়া লাগবে রোগী ভর্তি নেয় না হাসপাতাল মালিকদের না গালি দিয়া ডাক্তার রে গালি দে সব শালা ডাক্তারের দোষ,anger,4
সন্ধ্যার সময় এই উন্মুক্ত স্থানে ফালতু মেয়ে এবং ছেলেরা বসে অসামাজিক কার্যকলাপ করে এবং সিগারেট টানে যা জামালখানের পরিবেশ নষ্ট করছে এবং সাধারণ মানুষের হাটাচলায় ব্যাঘাত ঘটাচ্ছেসংশ্লিষ্ট কাউন্সিলের উচিত এই বিষয়ে ব্যবস্থা নেওয়া,anger,4
সেপসিসে আক্রান্ত ও মৃত্যুর ক্ষেত্রে বিশ্বের বিভিন্ন অঞ্চলের মধ্যে পার্থক্য দেখা যায় প্রকোপ সবচেয়ে বেশি আফ্রিকার সাব সাহারা অঞ্চল ওশেনিয়া দক্ষিণ এশিয়া পূর্ব এশিয়া ও দক্ষিণ–পূর্ব এশিয়া,fear,5
সামান্য ইটের ঘুরা চুরির দায়ে মৃত্যুর আসামির থেকে বেসি কঠিন ভাবে বাধতে পারে সুধু আমাদের দেশেই কিছু মানুৃষ নামের জানোয়ারদের জন্যই সম্ভবছেলেটা কতটা অসহায় চেহারা দেখেই বুঝা যায়এখন কম্মেন্ট পরেও দেখলামঅনেকে ছেলেটার বিরুদ্ধেও বলছেহায়রে আজব মানুষ,disgust,3
তার আচারআচরণে স্পষ্ট যে সেও পাহাড়ি সন্ত্রাসীদের একজন এজন্য তাকে পাহাড়ি সন্ত্রাসী বলতে আপত্তি নাই,disgust,3
মাই ডেয়ার পতিমা তুমি যে খানকি হয়ে গেছো সেটা লোকে বুঝে গেছে  তাই চুপচাপ কোনো পোটটি পাড়াতে গিয়ে শুয়ে থাকো  গুড  লাক ,joy,0
মেয়েটা আমার কথা শুনে কিছুটা অবাক হয়ে বললো তা হলে যে মা বললো আপনি নাকি বেশ যুক্তি দিয়ে সবাইকে বুঝাতে পারেন তা হলে কি মা ভুল,surprise,2
কোবে ব্রায়ান্টের মৃত্যুশোক এখনো পুরোনো হয়নি প্রায় তিন বছর পেরিয়ে গেছে তবু শাপেকোয়েনস দলটার জন্য এখনো হয়তো কাঁদেন অনেক ফুটবলপ্রেমী,sadness,1
হঠাৎ মনে পড়ল আরে আমার কাছেতো চৌধুরী সাহেবের বাসার নাম্বার আছে কি বোকাই না আমি,surprise,2
এই উত্তর শুনে শম্মী আরো বেশি অবাক হয়ে যায় আর চিন্তায় পড়ে যায় কারণ ঠিক একই রকম উত্তর সে আনিকার কাছ থেকেও পেয়েছিলো,surprise,2
ভাই সেই অবাক হয়ে যাওয়া ঘটনা আমি আজো ভুলবো না প্রথম এক্সামের দিন যখন সবাই একে অপরের সাথে পরিচিত হচ্ছিল আমি তাকে জিজ্ঞেস করলাম  তোমার নাম কি সে আমাকে বললো  নাম বলবো না পরীক্ষা শুরু হলে পরে শুধু আমাকে ডাকতে থাকবা,surprise,2
ড্রাইভার এবং হেল্পার একটু ভয়পেলেও কিছু বললনা তারা বাসে উঠে এলো,fear,5
ঘটনা যাই ঘটুক না কেনো রানাকে ধিক্কার দেওয়ার ঘৃন্না করার ভাষাও আমার জানা নেই এমন কুলাঙ্গার সন্তানদের সুখশান্তি বলতে কোনকিছু আছে কিনা তাও আমার জানা নেই,disgust,3
অস্ট্রেলিয়ার চলমান ভয়াবহ দাবানল নিয়ন্ত্রণে ব্যর্থতার দায় স্বীকার করে দুঃখ প্রকাশ করেছেন প্রধানমন্ত্রী স্কট মরিসনআজ রোববার এবিসি টেলিভিশনকে দেওয়া এক সাক্ষাৎকারে নিজের দায় স্বীকার করে তিনি বলেনএ ক্ষেত্রে আমার হয়তো আরও ভালোভাবে কিছু করার ছিল,anger,4
ভারত থেকে কথিত অবৈধ বাংলাদেশিদের তাড়ানোর দাবিতে দেশটির বাণিজ্যিক নগরী মুম্বাইয়ে গতকাল রোববার মিছিল ও সমাবেশ করেছে লক্ষাধিক মানুষ,anger,4
লিখতে গিয়ে ভয় অনুভূতিটাকে বেছেছিলাম আমার তীব্র কিছু অনুভূতির মধ্যে ভয় অন্যতম,fear,5
প্রার্থনা করি দিনটা হাসি খুশিতে শুরু করো ও পূর্ণ উদ্যমে কাজ করতে থাকো  শুভেচ্ছা নিও ,joy,0
এই  মিনিট আমার কাছে এখোনো মনে হয় কোটি টাকার চেয়েও দামি কারণ এই  মিনিট আমি যা দোয়া করতাম সবই কবুল হয়ে যেত,joy,0
ছিঁড়ে ফেলেছি আমি ডায়রির পাতা সেথা লেখা ছিল হাজার স্বপ্নের কথাছিঁড়তে পারিনি আমার মনের পাতা যেখানে জমে আছে আছে জীবনের অনেক ব্যথা ,sadness,1
পাক প্রধানমন্ত্রী জুলফিকার আলী ভুট্টো বলেছিলেন পাকিস্তানীরা প্রয়োজনে ঘাস খাবে তবু তারা পারমাণবিক বোমা বানাবে,anger,4
আমি প্রচন্ড ব্যাথা আর ভয়ে চিৎকার দিয়ে উঠিএবার গলা দিয়ে বাঁচাও বাঁচাও চিৎকার আসছেতবে শুধু আমারই কথার প্রতিফলন হচ্ছিলোনদীর এপাশ আর ওপাশ আমারই চিৎকারে ফেটে যাচ্ছে,fear,5
আশ্চর্য এই শব্দের বানান পর্যন্ত ভুল করে মানুষ বাহ,surprise,2
কুমিল্লাতে কাজ করে আলাদা একটা মজা আছে  আপুর গায়ে হলুদের অনুষ্ঠান উনারা যেমন উপভোগ করেছেন  করেছি আমরা ,joy,0
আমি গুলি খাওয়া মুসলিম বন্দীর শরীর থেকে লিভার আর কিডনি কেটে নিচ্ছি আর ওদিকে ওর হার্ট বিটের শব্দ শুনছি আহ কী নৃশংসতা,disgust,3
আওয়ামীলীগ এর নেতা কর্মীরা চোরেরা পিপিই পরিধান করে ঘুরে বেড়াচ্ছে অথচ ডাক্তাররা পাচ্ছে না পিপিই হায়রে হাসিনা দেখেও না দেখার শুনেও না শুনার ভান করতাছে,anger,4
এক খাল খনন প্রকল্পেই ভাগ্যের চাকা পাল্টে গেছে নওগাঁ জেলার দেড় লাখেরও বেশি কৃষকের আগে যেখানে জলাবদ্ধতার কারণে জমি আবাদ করতে না পেরে অর্থনৈতিক মন্দায় ভূগতেন ওই অঞ্চলের কৃষকরা সেখানে এখন গোলা ভরা ধানপ্রাপ্তিতে তৃপ্তির ঢেকুর তুলছেন তারা,joy,0
জানি জানিপাতায় খাতায় অক্ষরে কালা মার্বেলমণির রাগ ঢালছো ওটা এদিকে না এসে তীর্যক তীর ছুঁড়ছে সরাসরি বললেই পারো রাগ করেছো,anger,4
এখন যদি শিক্ষা প্রতিষ্ঠান চালু করা হয় তাহলে সকল শিক্ষার্থীই সংশ্লিষ্ট প্রতিষ্ঠানে ফিরে আসবে এতে করে ঝুঁকি আরও বেড়ে যেতে পারে ,fear,5
এত ভয়ে নিয়ে জীবনে বেচে থাকা সম্ভব,fear,5
বাড়িতে মানুষ মাত্র ক জন একটা ভয় ভয় আবহ তৈরী হয়ে গেছে,fear,5
সবকিছু ঠিক থাকলে এ বছর ইচ্ছা ছিলো কাপ্তাই যেয়ে পাহাড়িদের বৈশাখ উদযাপন দেখবো হইলোনা কিছুই হইলোনা,sadness,1
শালা  মুর্খ মানব পৃথিবীর কোনো দেশ কে এক সম্প্রদায়  হয়ে অন্য সম্প্রদায় চিরদিন দখল রাখতে পারেনা এটা ইতিহাস প্রমান করেতোর ধর্ম কোন বাল বলছে সালা মৌলোবাদ ,anger,4
রাকিব ভাই তোমার কাজের fan from India পুরোনো ভিডিও গুলো দেখে হাসপাতাল এর ডিউটির ফাঁকে বেশ বিনোদন হয় চালিয়ে যাও boss❤️,joy,0
কিরন অনেক বদলে গেছে আগের সেই উচ্ছলতা আর ওর মধ্যে নেইকেমন একটা বিষন্ন ভাব চলে আসছে ওর মধ্যে,sadness,1
ভয়ের সিনেমা দেখার কারণে আমি ভয়ের কারণে মানসিক চাপে থাকি অনেক,fear,5
দেশের গরীব মানুষরা খেতে পারছে না আর আপনি বিদেশে বসে রেসিপি ফুটাচ্ছেন,disgust,3
আরে রাখেন আপনের বংশ পরিচয়  কোন বড়লোক এর বাচ্চা এই পোলা এইডা আমগো দেহার বিষয় না এই পোলা আমগো পাড়ায় আইসা আমগো মাইয়ার ইজ্জৎ এর উপর হাত দিছে  ওরে ধইরা পায়ে থাইকা মাথা পর্যন্ত পিডাইলে ওর আক্কেল ওইবো ,anger,4
সিলেটের চা বাগানের দৃশ্যাবলী কতই না মনোরম সূর্যাস্ত দেখতে কি সুন্দর কি সুন্দর আমাদের এই দেশ,surprise,2
আমি জানিনা বাংলাদেশ সবাই বলে আগের থেকে অনেক উন্নত হয়েছে তাহলে এগুলো কি দেখা যাচ্ছে এটাকে কি উন্নয়ন বলে,surprise,2
আবেগ অনুভুতির উপর নিয়ন্ত্রন খুব কম মানুষেরই থাকে তাই হঠাৎ রাগ উঠে যেতেই পারে,anger,4
এই রকম মাস্টারপিস একটা মুভিকেও লোকেরা নেগেটিভ অপিনিওন দেয় বাহ বাঙালি বাহ,disgust,3
ইরাকে গত কয়েকদিনে সরকারবিরোধী বিক্ষোভে নিহতের সংখ্যা বেড়ে ১১০ জনে দাঁড়িয়েছে এর মধ্যে শুধু গতকালই রাজধানী বাগদাদের উত্তরাঞ্চলে ১৫ জন নিহত হয়েছে পুলিশ এবং চিকিত্সাকর্মীরা এ খবর জানিয়েছেন এদিকে দেশটিতে গত এক সপ্তাহের এ বিক্ষোভে বহু লোক হতাহত হওয়ায় অবিলম্বে এ প্রাণহানি বন্ধের আহবান জানিয়েছে জাতিসংঘ,disgust,3
দুঃখ না হয় তুমি পেলে সীমাহীন  তবুও তুমি ভালবেসো আমায়,sadness,1
মৃত্যুর পরেও লােকটির চোখে মুখে একটা অস্বাভাবিক ভয় লেগে ছিল আর চোখ দুটো ঠেলে বেরিয়ে এসেছিল,fear,5
আমার দুচোখ বুঝে ফেলি গানটা শুনার সময়কানে অন্যরকম একটা আরাম লাগে গানটা শুনলেপ্রিয় হয়ে রবে গানটা💙💙,joy,0
দীর্ঘদিন ধরে বিশ্বে পোশাক রপ্তানিতে দ্বিতীয় অবস্থানে বাংলাদেশ তবে সেই মুকুট আর কত দিন থাকবে তা নিয়ে শঙ্কা তৈরি হয়েছে কারণ বাংলাদেশের ঘাড়ে ভিয়েতনাম নিশ্বাস ফেলতে শুরু করেছে যেকোনো সময়ে দেশটি বাংলাদেশকে ছাড়িয়ে যেতে পারে,fear,5
যখন কেউ কারো জন্য কাঁদে সেটা হল আবেগ যখন কেউ কাউকে কাঁদায় সেটা হল প্রতারনা আর যখন কেউ কাউকে কাঁদিয়ে নিজেও কেঁদে ফেলে সেটাই হল প্রকৃত ভালবাসা,sadness,1
এই শীতে ভারতের উত্তর প্রদেশের গরুর জন্য তৈরি হচ্ছে বিশেষ কোট কোট তৈরির এ প্রকল্প হাতে নিয়েছে অযোধ্যা পৌরসভা চলতি মাসের শেষের দিকেই পৌরসভার হাতে চলে আসবে এই কোট একটি কোট তৈরিতে খরচ পড়বে আড়াই শ থেকে তিন শ রুপি,surprise,2
দেশ এর  মানুষই বুঝে  না  ওদের  জন্য  কি   ভালো  আর   খারাপ এগুলিরে  কি  বলবে  কিছুই  বলার  নাই  ইতালির  মতো  হলে  তারপরই  মজা  বুজবে এর আগে  না ,disgust,3
এইটারে সামনে পাইলে থাপ্রায়া সবগুলা দাঁত ফালায় দিতামযেন আর কখনো রেসিস্ট দের মতো কালো ফর্সা নিয়ে কথা বলতে না পারে,anger,4
বাইরের মানুষ বানানে ভুল করলে কত কি বলা হয়ে যায় আমাদের এই যদি হয় নিজেদের গাড়ির অবস্থা তখন নিজেদের কি বলবো আমরা,anger,4
 বাবু মামা তার বন্ধুটির দিকে তাকিয়ে যা দেখেছিলে তা বলতে বাবু মামা আজও ভয় পান,fear,5
প্লট অতটা স্ট্রং ছিলনা আই মিন এর থেকে বেটার আশা করেছিলাম তবে প্রেজেন্টেশনে ছোট ছোট মজার জিনিস ছিল সব মিলিয়ে ভালই ছিল ,joy,0
করোনাভাইরাসের কারণে প্রাকপ্রাথমিক থেকে উচ্চশিক্ষা পর্যন্ত দেশের সব শিক্ষাপ্রতিষ্ঠান ও কোচিং সেন্টার ৩১ মার্চ পর্যন্ত বন্ধ ঘোষণা করেছে সরকার ,sadness,1
জাতীয় নদী রক্ষা কমিশনের চেয়ারম্যান মুজিবুর রহমান হাওলাদার বলেছেন নদী রক্ষার জন্য অবৈধ দখলকারদের বিরুদ্ধে নির্ভয়ে আইনের প্রয়োগ করতে হবে,joy,0
সত্যিকারের পুরুষ হয়ে ওঠার জন্য সমাজ যে মিথ তৈরি করে রেখেছে সেখানে পুরুষের আবেগের প্রকাশ বড্ড বেমানান পুরুষ নারীর সামনে সমস্যা নয় বরং সমস্যা সমাধানের নায়ক হিসেবে নিজেকে উপস্থাপন করতেই ভালোবাসেন,sadness,1
পাপিয়া নরসিংদী জেলা যুব মহিলা লীগের সাধারণ সম্পাদকের পদে থাকা অবস্থায় বিদেশে পালিয়ে যাওয়ার সময় ২২ ফেব্রুয়ারি হজরত শাহজালাল আন্তর্জাতিক বিমানবন্দরে আটক হন ধরা পড়ার পর তাঁকে দলীয় পদ থেকে বহিষ্কার করা হয়,anger,4
একই ঘটনাকে সম্পূর্ণ ভিন্নভাবে দেখছে দুই ভিন্ন ধর্মের কমিউনিটির মানুষ তার মানে দাঁড়ালো আমাদের চিন্তা ও বিচারবোধ জন্ম থেকে পাওয়া আমাদের ধর্ম দ্বারা দারুণভাবে প্রভাবিত,disgust,3
সিনেটর ও ডেমোক্র্যাট রাজনীতিবিদ বার্নি স্যান্ডার্স যুক্তরাষ্ট্রে ২০২০ সালের প্রেসিডেন্ট নির্বাচনে দলের মনোনয়ন পেতে প্রচার শুরু করেছেন যুক্তরাষ্ট্রের প্রেসিডেন্ট পদপ্রত্যাশী এ নেতা তাঁর ভেরিফাইড ফেসবুজ পেজে বাংলায় একটি স্ট্যাটাস দিয়েছেন এতে তিনি লিখেছেন স্বাস্থ্যসেবা একটি মানবাধিকার,surprise,2
শীতের সময় এই এলাকাটি আবার শুকিয়ে যায় তখন সেখানে দিগন্ত বিস্তৃত মাঠ দেখে বিস্ময়ে স্তব্ধ হয়ে যাই পৃথিবীর আর কোথাও এরকম বিচিত্র ভূপ্রকৃতি পাওয়া যায় কি না আমি জানি না,surprise,2
ট্রান্সকম গ্রুপের পরিচালক শাহনাজ রহমান এ বছর ঢাকা সিটি করপোরেশন এলাকা থেকে সর্বোচ্চ নারী করদাতা হয়েছেন,surprise,2
স্তব্দ রাতগুলো একসময় হাসিতে পূর্ণ থাকতো আজ নীরবতায় পূর্ণ থাকে,sadness,1
প্রথম এবং প্রধান কারণ সালমান শাহ ও চিত্রনায়িকা শাবনূরের মধ্যকার অতিঅন্তরঙ্গতা এ নিয়ে সালমানের স্ত্রী সামিরার সঙ্গে দাম্পত্য কলহের জেরে আত্মহত্যা করেন সালমান শাহ,sadness,1
বিএনপির এমপিরা কথা বলতে গেলেই হইচই ফেলে দেয় আঃলীগের বে আদব এমপি গুলোজনগণের ভোটাধিকার ছিনিয়ে নিয়ে লজ্জা শরমও খেয়ে নিয়েছেন আপনারাছি ছি,disgust,3
আমি শিউরে উঠিকেননা জমাট রক্ত তাড়া করে আমায়,fear,5
হাসপাতাল সূত্রে জানা গেছে সৌদি আরব থেকে আসা এক ব্যক্তি তিন থেকে চার দিন আগে পঙ্গু হাসপাতালে ভর্তি হন তাঁর হাতেপায়ে সমস্যা আছে ওই সময় থেকেই তাঁর জ্বর হাঁচিকাশি আছে আজ সকালের দিকে হঠাৎই ছড়িয়ে পড়ে যে তিনি করোনাভাইরাসে আক্রান্ত এ সময় তাঁর সঙ্গে ওই ওয়ার্ডে থাকা রোগী হাসপাতালের কর্মচারীসহ সবার মধ্যে আতঙ্ক ছড়িয়ে পড়ে,fear,5
তাহসান খান এর গান গুলা আমার জেনো মুন ছুয়ে জায়আই লাভ তাহসান বস এর গান,joy,0
কতটা নিকৃষ্ট আর হিংস্র এই সরকার দেখেনশরিয়তপুরে বিএনপির তরফ থেকে ত্রাণ দেয়ার কথা থাকলেও সরকার সেটা দেয়া বন্ধ করে দিয়েছে,disgust,3
শালার বলদনাট্যকার জোকারকতগুলা রামছাগল সহজসরল বলে কমেন্ট করে,disgust,3
এই ওয়েদারে হালকা বৃষ্টির সাথে ইন্ডিয়ার টপাটপ উইকেট বৃষ্টি মন ভাল হইতে কিইবা লাগে আর,joy,0
সত্যি বলতে গত কয়েক মাস ধরে খুবই ডিপ্রেশনের ভুগছিলাম আপনার প্রথম বলা পয়েন্টটি আমার সাথে খুব বেশি করেই ঘটছিল ভিডিওটি তৈরি করার জন্য আপনাকে অনেক ধন্যবাদ নিজের বিশ্ববিদ্যালয়ের বড় ভাই হিসেবে আপনাকে নিয়ে সত্যিই সবার সামনে গর্ব করে আপনার কথা বলতে পেরে নিজেকে অনেক ভাগ্যবান মনে হচ্ছে,joy,0
গানের নেশা আসিফকে কঠিন এক বাস্তবতার মুখোমুখি দাঁড় করিয়ে দিয়েছিল এতটাই অর্থকষ্টে ছিলেন যে খ্যাতি পাওয়ার আগ পর্যন্ত ঈদের আনন্দ পর্যন্ত আসেনি তাঁর জীবনে,sadness,1
কি অসাধারণ গান  লিরিক্স কালার কম্বিনেশন ভিডিওগ্রাফি পুরায় মাথানষ্ট মামা,joy,0
পরীক্ষা নিয়ে প্রধান শিক্ষক আরও অবাক হয়ে গেলেন বাস্তবিক বজেন্দ্রনাথ ভালোভাবেই বীজগণিতের সব কিছু আয়ত্ত করে ফেলেছেপ্রথম বার্ষিক শ্রেণীতে পড়ার সময় এক অদ্ভুত ঘটনা ঘটল,surprise,2
এই দেশে হাজার হাজার মেয়েরা নির্যাতিত হচ্ছেএখনো এমনো অনেক পরিবার আছে যৌতুকের জন্য মেয়েদের মেরে ফেলতেছেতাছড়া এখনো অনেক মেয়েরা রাস্তা ঘাঠে ইভটিজিং শিকার হচ্ছেতখন তো কেউ সমানে আসেন নাতখন তো কেউ মামলা করবে তো দূরে থাক সাক্ষী দিতে ও কেউ রাজি হয় নাআপনারা এমন পাবলিক রাস্তায় দাঁড়িয়ে মজা নিবেন না হয় ভিডিও করেন,disgust,3
বাড়িটির দরজায় হাত দেওয়ার সাথে সাথে একটি বাতি জ্বলে উঠল সকলে বলতে লাগল বাড়িতে কেউ আছেন কিন্তু তারা কোন সারাশব্দ পেল না তারা অবাক হয়ে গেলকেউ না থাকলে বাতিটা জ্বালাল কে,surprise,2
ফাটাফাটি হইছে ভাই মালয়েশিয়া থেকে দেখছি অনেক অনেক সুন্দর হয়েছে অনেক ধন্যবাদ আপনাকে হাসির ঠেলায় খাট থেকে পড়ে গেলাম,joy,0
আমাকে দেখেই ভূত দেখার মত করে চমকে উঠে দুজনে একসাথে বলে উঠলো ইসু তুই এসময় এখানে,surprise,2
 তাহলে কি চুয়েট রুয়েট কুয়েট একত্রে ভর্তি নিবে বিআইটির মত আর বুয়েট আলাদা আমার মনে হয় বুয়েট যদি না আসে কারোরি যাওয়া উচিত না প্রকৌশল বিশ্ববিদ্যালয়ের সম্বনিত ভর্তি পরীক্ষা নিলে ৪টাকেই আসতে হবে না হলে না,anger,4
গবেষণাগারে খাওয়া–দাওয়া করা নিশ্চয়ই খুব কাজের কথা নয় কিন্তু এই কাজটি করতে গিয়েই পার্সি স্পেনসার নামের এক আমেরিকান ইঞ্জিনিয়ার যুগান্তকারী এক আবিষ্কার করে ফেলেন,surprise,2
কেদারবাবু বদরাগি লোক যখন রেগে বসেন কান্ডাকান্ড জ্ঞান থাকে না,anger,4
মামার মুখে হঠাৎ এই কথাটা শুনে আসিফ ভয়ে আৎকে উঠে সে জানে যে শম্মী একা বাড়িতে রয়েছে তাহলে তার আবার কিছু হয়নিতো,fear,5
অনেক ভালোবাসি স্যার আপনাকে  আপনার কথাগুলো আমাকে অনুপ্রেরণা যোগায়,joy,0
টেলিকমিউনিকেশনে পড়া বিপ্লব ব্যবসায়ী বংশধারা আর কোডিং শিক্ষা নিয়ে তৈরি করেছেন একটি আধুনিক কুরিয়ার সার্ভিস ইকুরিয়ার সম্প্রতি ৩০০ কোটি টাকা মূল্যমানের কোম্পানি হিসেবে খবরে উঠে আসে ইকুরিয়ার ও এর প্রতিষ্ঠাতা বিপ্লব,surprise,2
এজন্য দায়ী আওয়ামী লীগের সরকার এরা বারবার বলেছে আমরা করোনার চেয়েও শক্তিশালী এত সময় পেয়েও ওবায়দুল কাদের সাহেব আঙ্গুল চুষছিল নাকি সামনে যত বড় বড় কথা বলে শালারা,anger,4
নিহা দ্বীপ কে দেখে ভয় পেয়ে যায় আরো বেশি ভয় পাই তখন যখন দেখে দ্বীপের হাতে তাঁর নিজের ফোন নিহা ভয় পেয়ে জড়োসড়ো হয়ে যায়,fear,5
কমাও তো বললেন রাগ যে মুখের কথায় বাগ মানবে—এ রাগ আমার তেমন নয়,anger,4
আচ্ছা কেউ যদি আপনাদের এই মিডিয়া   জগতের মানুষদের হয়ে অন্যায় করে কই তাদের নিয়ে তো কিছু বলেন না নাকি তাদের বাঁচিয়ে দেন সহকর্মী বলে এতো খারাপ কেন আপনারা আপনাদের চরিত্র এমন কেন,anger,4
এসে গেলো Baaghi  এর ট্রেইলার দেখুনউপভোগ করুনমজা নিন✌✌,joy,0
দেশে মুঠোফোনের যাত্রা শুরুর পর তিন দশক কেটে গেছে এখন চার অপারেটরের তিনটিই বিদেশি একটি সরকারি একটি অপারেটর বন্ধও হয়ে গেছে বাংলাদেশের মাটিতে বিদেশি অপারেটরদের এই দীর্ঘ যাত্রায় একমাত্র এদেশীয় প্রধান নির্বাহী কর্মকর্তা সিইও মাহতাব উদ্দিন আহমেদ,surprise,2
 জিম্বাবুয়ে আফগানওমানহংকং এর সাথে জেতার থেকে ওদের সাথে হারলে বেশি খুশি হই এখন😐কারণ বর্তমান টিম এটাই ডিজার্ভ করে এখন,disgust,3
অভিশংসনপত্রে ট্রাম্পকে জাতীয় নিরাপত্তার জন্য হুমকি হিসেবে অ্যাখ্যা দিয়ে তাকে পদচ্যুত করা হবে বলে প্রত্যয় ব্যক্ত করেছেন ডেমোক্র্যাটরা এর জবাবে প্রেসিডেন্টের আইনজীবী দল বলেছে সিনেটে প্রেসিডেন্টের বিরুদ্ধে উত্থাপিত অভিশংসনের অভিযোগগুলোকে গণতন্ত্রের ওপর বিপজ্জনক আক্রমণ,anger,4
হ্যাঁ পারব মগা দের সাথে কিন্তু ভারত পাকিস্তানের সাথে পারবেনা,anger,4
একটি স্কুলে ১৩ বছর বয়সী এক শিক্ষার্থীর হাতে সিল মেরে দিয়েছে স্কুল কর্তৃপক্ষ ওই সিলে স্কুলের ফি দিতে দেরি করার বিজ্ঞপ্তি ছিল এ ঘটনায় স্থানীয় লোকজনের মধ্যে ব্যাপক ক্ষোভ দেখা দিয়েছে,anger,4
সাথে সাথে ভয়ে তার শরীরের লোম দাঁড়িয়ে যায় তার বাবার লাশটার চোখ খোলা চোখদুটো যেনো সোজা আবিরের চোখের দিকেই তাকিয়ে রয়েছে কি ভয়ঙ্কর লাশটার চেহারা,fear,5
রূপার অবাক হওয়া চোখ দেখার লোভ সামলাতে পারছিলাম না,surprise,2
ঘন কুয়াশায় দৃষ্টিসীমা কমে যাওয়ায় হজরত শাহজালাল আন্তর্জাতিক বিমানবন্দর থেকে অভ্যন্তরীণ ও আন্তর্জাতিক সব গন্তব্যের ফ্লাইটের সময়সূচি এলোমেলো হয়ে পড়ছে গত দুই সপ্তাহে শতাধিক ফ্লাইটের যাত্রা বিলম্বিত হয়েছে,disgust,3
এই মুহূর্তে জগতের সবচেয়ে সুখী মানুষ মনে হচ্ছে আমার নিজেকে আজ এতদিন বাদে আবার চোখের তৃষ্ণা মিটবে আনন্দে সিগারেটে টান দিতে পর্যন্ত ভুলে যাচ্ছিলাম বারবার,joy,0
এই বাল তার মুখ যদি কেউ অফ করতে পারে বাল একটা,disgust,3
চারদিকে অন্যায়ের জয়জয়কার দেখতে দেখতে এখন আর দুনিয়াতে বিচারের আশা করিনা একদিন মহান আল্লাহ নিশ্চই ভয়ংকর কঠিন বিচার করবেন সেই দিনের আশায় অপেক্ষা করা ছাড়া কিছুই করার নেই,sadness,1
তুমি পড়ে শোনালে প্রথম শক্তিদার পাঠকরা নকল করে  তুমি তখন নিজেও কবিতা লিখছো ছাতিমকে লেখা চিঠি শুনে বিস্মিত হয়ে এখনো মনে পড়ে গৌরপ্রাঙ্গনের গা দিয়ে সদ্য ফোঁটা টগরগুলোর দিকে তাকিয়ে ছিলাম,surprise,2
গান টা শুনলে গায়ে কাটা দিয়ে উঠে সত্তি কি অদ্ভুত গান দুজন দুজন কে ভালোবাসলেও আজ ও আমার থেকে অনেক দুরে চলে গেছে ফ্যামিলির কারণ একিন্তু আজও ওর মন আমার কাছে পড়ে আছে,sadness,1
এ জানোয়ার এ ঘুষখোর তুই তো পবিত্র পোশাকটার অসম্মান করলি তুই কি জানস  যে তোর থেকে ওই রিক্সাওয়ালা চাচা কত্ত ভালো,disgust,3
চমেক হাসপাতাল পুলিশ ফাঁড়ির পরিদর্শক জহিরুল ইসলাম বলেন ছাত্রলীগের দুই পক্ষ মারামারিতে লিপ্ত হওয়ার পর পুলিশ গিয়ে অ্যাকশনে যায় এরপর অতিরিক্ত পুলিশ ডাকা হয়,fear,5
গ্যালারির দর্শকদের সমর্থিত উল্লাসে পারভেজ ইমন শত ব্যাথা নিয়েও জয়ের নেশায় নিজেকে উৎসর্গ করে দিয়ে জয় ছিনিয়ে এনেছে পারভেজ ইমনের এমন ভালোবাসা বাংলার ক্রিকেট প্রেমিরা ভুলবে না,joy,0
এখান থেকে বেচে ফেরার পরে ও যদি মানুষ নিজেদের মানুষ ভাবে গড়ে তুলতে না পারে তাহলে এর থেকেও আরো বড় বিপদ আসবে আবার আমাদের শাসন করতে,fear,5
আমার আমার মনে হয় বাংলাদেশ টিমকে টেষ্ট থেকে বাদ দেওয়াই উচিত কারণ তারা কখনো শিখবে না,disgust,3
সত্যিই আমাদের মধ্যে কিছু অমানুষের বেঁচে থাকার থেকে মরে যাওয়া ভালো তারা রক্ত মাংসের একটা প্রাণী হয়ে গিয়েছি মানুষ হয়তো হতে পারছে না,anger,4
একটা জঘন্য সিটি দিয়ে সকালের শুরু আসার পথে একটা ফাইল কিনে নিয়ে আসলাম ফাইলটা ক্লাসেই হারিয়ে গেল সিটির জন্য একটা নতুন কলম নিয়ে আসলাম তাও হারিয়ে গেল,disgust,3
অ্যান্ড্রয়েডচালিত ডিভাইসে ৫০০ কোটি ডাউনলোডের মাইলফলক পেরিয়ে গেছে ফেসবুক অ্যাপ সামাজিক যোগাযোগের প্ল্যাট ফরম হিসেবে কোনো কিছু গুগল জনপ্রিয় করতে না পারার পুরো সুবিধা পেয়েছে ফেসবুক গুগল সামাজিক যোগাযোগের মাধ্যম চালু করার বেশ কয়েকবার প্রচেষ্টা চালিয়েছে তবে ফেসবুক ব্যবহারকারীদের টেনে আনতে পারেনি এখন গুগলের অ্যাপ বাদে বাইরের কোনো অ্যাপ হিসেবে বৈশ্বিক পর্যায়ে ৫০০ কোটির মাইলফলক পেরোল ফেসবুক,surprise,2
ওই এসি ল্যান্ড না হয় নিজের আইন ক্ষমতার অপব্যবহার এবং দাম্ভিকতা প্রকাশের দায়ে অপরাধী কিন্তু যারা উনার ব্যক্তিগত তথ্য প্রকাশ করেছে তারাতো রাস্তায় ঘুরে বেড়ানো পাগলা কুকুর ছাড়া আর কিছুর পর্যায়েই পরে না,anger,4
চীনে ব্যাপকভাবে ছড়িয়ে পড়েছে করোনাভাইরাস দেশটির অধিকাংশ কারখানা ও অফিস বন্ধ তাদের পণ্য সরবরাহব্যবস্থা ভেঙে পড়ার উপক্রম,fear,5
আমি যখন সাভারের উপকন্ঠে পৌঁছলাম তখন মাত্র ভোরের আলো ফুটতে শুরু করেছে সাভারের মতো ছোট একটি জায়গায় যে এত মসজিদ থাকতে পারে তা আমার ধারণার বাইরে ছিলো,surprise,2
মাঝেমধ্যে রাত্রিবেলায় জেনি লুকিয়ে লুকিয়ে আমার বাসায় চলে আসত শুধু এই জন্য যে সে বলত তার ভয় লাগছে,fear,5
কিরে ভাই মানুষ উসুত খেয়ে পারছেন এইটা দেখলেন ছোট ছোট বাচ্চারা যে স্কুলে যায় এ রাস্তা দিয়ে হাইও মিষ্টির দোকানের বিপরীত পাশে রাস্তা থেকে শুরু খাস্তগীর স্কুল পর্যন্ত রাস্তা যে ভাঙ্গা অবস্থা শৈবাল দাদা কি জানে না কিংবা দেখেন না একটা রিক্সা যদি এক্সিডেন্ট হয় এর দাইকি শৈবাল দাদার উপর বর তাইনা আমারপ্রশ্ন,anger,4
চট্টগ্রাম বিশ্ববিদ্যালয়ে স্নাতক প্রথম বর্ষের বিভিন্ন বিভাগে ভর্তি হতে আবেদন করেছেন ১ লাখ ৬৬ হাজার ৮৭০ জন শিক্ষার্থী এর আগে এত–সংখ্যক আবেদন আর জমা পড়েনি আজ বুধবার প্রথম আলোকে বিশ্ববিদ্যালয়ের আইসিটি সেলের পরিচালক মো হানিফ সিদ্দিকী বলেন গতবারের মতো এবারও আসন রয়েছে ৪ হাজার ৯২৬টি ফলে প্রতি আসনের জন্য লড়বেন ৩৪ জন,surprise,2
কানের উপর পক  পক  করবে  বাইরে  খাওয়া  যাবে  না  বাইরে যাওয়া যাবে  না,disgust,3
করোনার কারণে দেশের পাঁচ তারকা হোটেল ব্যবসায় ধস নেমেছে রাজধানীর পাঁচতারকা হোটেলগুলো বলতে গেলে এখন প্রায় অতিথিশূন্য হয়ে পড়েছে,sadness,1
আমি তাজ্জব হয়ে গেলাম ষ্টেশন মাষ্টারের ধৃষ্টতা দেখে,surprise,2
ভিডিওর শেষ দিকে জাদুর দরজা দেখিয়া শাহতাজ ওয়াও বলিয়া উঠিলেন,surprise,2
প্রশ্ন শুনে বুঝা যায় বাংলাদেশের অধিকাংশ সাংবাদিক এক একটা নিচু মানের উৎকৃষ্ট দালাল,anger,4
এই অহেতুক মন্তব্য মাতব্বরদের দেখে বুঝলাম বাংলাদেশে করোনার থাবা যতোই ভয়ানক হোক এই দেশ মানসিক রোগীদের হাত থেকে মুক্তি পাবে না,disgust,3
স্পেনিশদের রোগ প্রতিরোধ ক্ষমতা অনেক হবার পরেও তারা মারা যাচ্ছে গরমে করোনা ভাইরাসের রাজত্ব চলে যাবে এই গুজোব ট্রাম্প ছড়িয়ে ছিলো,fear,5
আমি বাংলা সিনেমার অনেক বড় ফ্যানকিন্তু ২০২০ সালে এসে কিভাবে এসব বানাই মাথায় আসেনা অনেক লজ্জা লাগে এসব দেখলে একদম সত্য জিনিস তুলে এনেছেন ভাই,disgust,3
অসাধারন শামীম ভাই কাঁদিয়ে দিয়েছেন একদম আর নতুন আপুটা এত পারফেক্ট অভনয় করবেন আশাই করিনি এরকম সুন্দর গল্পের নাটক বেশি বেশি চাই,surprise,2
বিচার ব্যবস্থা সবার জন্য সমান হওয়া উচিত কারো বিচার হবে আর কিছু মানুষ দিনের পর দিন অপরাধ করে পার পেয়ে যাবে এ কেমন বিচার ভাই,disgust,3
ধিক্কার জানাই যখন কোন কিছুই নিরাপদ না তখন পত্রিকা নিরাপদ এই নিউজ প্রচারের জন্য আপনাদের জেল হওয়া উচিৎ সম্পাদক সাহবে সেনিটাইজারের পরিবর্তে পত্রিকা দিয়ে হাত ধুতে বলেনি কপাল ভাল,anger,4
২০২৫ মিনিট গুগল দেখে বিগ ব্যাং নিয়ে ভিডিও বানায় দেওয়ার এফেক্ট এটা এই পোলা সব সময় শোঅফ করে,joy,0
তাঁর জীবন কাহিনি থেকে জানতে পারা গেল যে তাঁর ওই সব শারীরিক উপসর্গের কারণ ভয়,fear,5
আমার অবস্থা খারাপের দিকে যাচ্ছে চোখ বন্ধ করতেই কেমন যেন ভিন্ন জগৎ চোখে ভেসে উঠে ভয়ে চোখটাও আর বন্ধ করতে চাইতাম না,fear,5
চোখ কি জানেনা আঁখিতে কতটুকু মেঘ জমে আছে কতটুকু বর্ষার পূর্বাভাস জমে আছে  কতখানি বর্ষা না হওয়া গভীর স্তব্ধতা ,sadness,1
রং লেগেছে মনে মধুর এই ক্ষনে তোমায় আমি রাংগিয়ে দিবো এই দিনে,joy,0
বন্ধুটিও একই দৃশ্য দেখে ভয়ে কাপতে লাগলএবং তারা দুজনই প্রচন্ড ঘামতে শুরু করল ,fear,5
অনেকেই বিরুপ মন্তব্য করছেন অনেকে উনার এই প্রচারণা নিয়ে নেতিবাচক কথা বলছেন আপনাদের এত সমস্যা তাহলে আপনারা নিজেরা কিছু করে দেখান ঘরে বসে বড় বড় ডায়ালগ না দিয়ে কিছু করে দেখান  ভালো কাজের উৎসাহ না দিয়ে ব্যঙ্গ করা আমাদের রক্তে মিশে গেছে,disgust,3
বিশ্বব্যাপী সব ধরনের রাজনৈতিক বিজ্ঞাপন নিষিদ্ধ করেছে অন্যতম সামাজিক যোগাযোগমাধ্যম টুইটার গতকাল বুধবার এক বার্তায় এ তথ্য জানিয়েছেন সংস্থাটির প্রধান নির্বাহী কর্মকর্তা সিইও জ্যাক ডরসি,surprise,2
রতন কাহার বেঁচে আছে না মরে গিয়েছে কেউ কি জানেন যে মানুষটা গান কে তার নিজের কন্যাসম মানতেন গানের কথা সুর কাউকে নির্দ্বিধায় দিয়ে দিতেন বদলে কেউ টাকা দিতে এলে বলতেন আমি বিটি বিচে টাকা লুবো না কেউ জানতেও চায় না আর সেই মানুষটার কথা,sadness,1
কিন্তু পারস্যের এই প্রান্তরে আলেকজান্ডারের এ ঘোষণা শুনে রাগে ফেটে পড়লো তারা কেউ কেউ চিৎকার করে বললোতুমি বাড়ি যাও নিজের বাবার সাথে মরুভূমিতে হেঁটে আসো,anger,4
মাশাআল্লাহ এটাতো ২০১৫ সালের ওয়াজ তখন তিনি নতুন করে ওয়াজ করা শুরু করতেছেন,joy,0
কানের নিচে একটা থাপ্পড় দেন যেন বিটিবির মত সারাক্ষণ সুধু ঝিরঝির করে৷ খারাপ মহিলা কোথাকার  এদের জন্য একটা সংসারে অশান্তি হয়,anger,4
কিউবা বিপ্লবের মহানায়ক চে গুয়েভারার আজ ৫২তম মৃত্যু দিবস বিপ্লবের অগ্নিপুরুষ হিসাবে গেরিলা নেতা হিসেবে বিশ্বজুড়ে তার নামই ধ্বনিত হয় চে গুয়েভারা বিংশ শতাব্দীর সবচেয়ে খ্যাতিমান সমাজতান্ত্রিক বিপ্লবীদের অন্যতম এই মহান বিপ্লবীর মৃত্যুর পর তার শৈল্পিক মুখচিত্রটি একটি সর্বজনীন বিপ্লবের মুখচ্ছবি হিসাবে বিশ্বপ্রতীকে পরিণত হয়,joy,0
দলনেতা হিসেবে আমাদের ওপর এদায়িত্ব বর্তেছে তা ছাড়া অন্যরা এখনই পাহারায়যেতে ভয় পাচ্ছে ,fear,5
কিছু কষ্টো আছে জমা এইনা মনের ঘরে  কিছুটা জল চোখটা বেয়ে অঝোর ধারায় ঝড়ে  চোখটা মুছে হঠাত আবার মিথ্যেকরে হাসি  হাসতে হাসতে খুঁজতে থাকি কেন ভালোবাসি,sadness,1
যারা মরে যায় তারা সব কিছুর পাট চুকিয়ে চলে যায় আমরা যারা থেকে যাই শরীর ও স্মৃতির অসহায়ত্ব নিয়ে দীর্ঘশ্বাস ও না বলা কথার যন্ত্রণা নিয়ে তারাও এক রকম মরি আমাদের পাট চুকে না,sadness,1
চুয়েটে ২০১৫ সালে১০ব্যাচের র‍্যাগডে দেখে ঠিক করেছিলাম এখানে তো এই প্রোগ্রামের জন্য হলেও পড়তে হয় পড়ছি ঠিকই কিন্তু প্রোগ্রাম এটেন্ড করা হয়ে উঠে না,sadness,1
মুন্সিগঞ্জে গজারিয়ায় তিতাস গ্যাসের মূল লাইন ছিদ্র করে সেখান থেকে গ্যাস চুরি করে চলছিল মার্বেল কারখানা ও রেস্টুরেন্ট এর আগেও কয়েকবার তাদের গ্যাস–সংযোগ বিচ্ছিন্ন করা হলেও তারা দমেনি আজ রোববার এসব প্রতিষ্ঠানের চারজনকে র‌্যাব আটক করে বিচ্ছিন্ন করা হয় গ্যাস সংযোগ,disgust,3
মেধার জোরে আসে নাই স‍্যার সরকারের দালালি করে এখানে আসছে তাদের চেয়ে যোগ্য লোক বাংলাদেশে অনেক আছেসরকারের দালালি করতে পারে নাই বলে তাদের চাকুরী হচ্ছে না,disgust,3
এটাই আমাদের বাংলাদেশ আমরা বাংলাদেশ কে অনেক ভালোবাসি,joy,0
প্রেসিডেন্ট ভ্লাদিমির পুতিন ছাড়া রাশিয়ার পুরো সরকার পদত্যাগ করেছে দেশটির সংবিধান পরিবর্তনের বিষয়ে পার্লামেন্টে দেওয়া পুতিনের ঘোষণার কয়েক ঘণ্টা পরই এ সিদ্ধান্ত জানায় রাশিয়ার সরকার,surprise,2
বঙ্গবন্ধু বেঁচে থাকলে এখন হায় হায় করতেন   কাদের জন্য এই স্বাধীনতা   নরকের কীটের মতো শুষে মরাই শ্রেয় ছিল এই জাতির,sadness,1
অনেক সুন্দর কাভারেজ আর এক শিল্পী আরেক শিল্পীর সাথে মিলিত হয়ে গান রিকভারি করাটা অনেক সম্ভাবনাময় শুভকামনা,joy,0
বর্তমান এই ভিয়েতনামকে দেখে ৩০ বছর আগের দেশটিকে চেনা দায় বিশ্বের অন্যতম দরিদ্র এই দেশটি কীভাবে গত ৩০ বছরে নিজেদের মধ্যম আয়ের দেশে পরিণত করেছে তা যেন এক গল্প,surprise,2
কিন্তু গতকাল যখন ওরা হারলো তখন শুধু আমি নই বাংলাদেশের কমপক্ষে ৮০ মানুষ ঈদ মোবারক বলে ঈদের খুশি অনুভব করছ,joy,0
ব্যাপার হইলো বীর চট্টলার সবচেয়ে বড় ভার্সিটি র‍্যাগ উৎসব চুয়েট র‍্যাগ এর পরপর দুই বছর এর ই র‍্যাগ কমিটির মিস্টার ফিন্যান্স হল গবর্নমেন্ট ল্যাব ঢাকা এর প্রোডাক্ট ,surprise,2
সোয়া আটটায় রোকেয়া হলের সামনে থেকে একলা ফেরত আসার সময় চাঁদের আলোয় বুঝতে পারলাম ক্যাম্পাসের প্রতি মায়া চলে আসলো বোধহয়  সেইযে মায়া বাড়া শুরু করলো হায়,sadness,1
তুমি এই দিনে পৃথিবীতে এসেছ  শুভেচ্ছা তোমায় তাই অনাগত ক্ষণ হোক আরো সুন্দর উচ্ছল দিন কামনায় আজ জন্মদিন তোমার,joy,0
চট্রগাম আমি থাকি এইখানের মানুষ এতো বাইঞ্চোদ সেই লকডাউন থেকে তারা পাড়ায় পাড়ায় আগের মতই অবাধ চলা ফেরা করে,anger,4
দুজনেরই প্রথম দেখা হয়েছিল গ্রামের মেলায় বসা সার্কাসে এরপর প্রণয় শেষে ঘর বাঁধার স্বপ্ন দুজনই শারীরিক প্রতিবন্ধী ঘর বাঁধতে এই প্রতিবন্ধকতাকেই বানিয়েছেন জীবিকার অবলম্বন,joy,0
কিন্তু ক্রাশ শেষ মুহুর্তে যা করেছে  সত্যি মনটা ভেঙ্গে দিয়েছে  খুব কষ্ট পেয়েছি,sadness,1
গত বুধবার এক বিবৃতি দিয়ে রাজকীয় দায়িত্ব ছাড়ার ঘোষণা দেন প্রিন্স হ্যারি ও তাঁর স্ত্রী মেগান সিনিয়র রয়্যাল উপাধি না নিয়ে তাঁরা স্বাবলম্বী হয়ে বেঁচে থাকতে চান,surprise,2
এ খনার বচন আমাদের সেই পুরোনো পড়া মাধ্যমিক শ্রেণিতে পড়েছিলাম পল্লী সাহিত্য প্রবন্ধে কী অসাধারণই না ছিলো সেই প্রবন্ধটি কতো আদরের কথা বাঙলা মায়ের কোলের কথা সেই প্রাঞ্জল প্রবন্ধে আমাদের চোখের সামনে মেলে ধরেছিলো অচেনা এক সুখপাখির মতো,joy,0
ভালবাসা হলো এমন একটি মায়া তুমি যত দুরে যাবে যাবে ততই কাছে টানবে যত ভুলে যাবে ততই মনে পড়বে আর যতটুকু হাসবে তার থেকে বেশি কাঁদবে,sadness,1
হে আল্লাহ সবাইকে মাফ করে দিন এবং সবাইকে বেহেশত নসিব করুন আমরা যারা আমেরিকায় বসবাস করছি তারা বুঝতে পারছি  নিউইর্য়কের কি ভয়াবহ অবস্থা  আল্লাহ আমাদের সকলকে রক্ষা করুন ,fear,5
জাহাজ নির্মাণ ও মালিকানায় বিশ্বসেরার তালিকায় বাংলাদেশ নেই তবে জাহাজ ভাঙায় বিশ্বের সব দেশকে ছাড়িয়ে গেছে বাংলাদেশ ২০১৮ সালে বিশ্বে যত জাহাজ ভাঙা হয়েছে তার ৪৭ দশমিক ২ শতাংশই বাংলাদেশে ভাঙা হয়েছে,surprise,2
আমি যে তার উপরে রেগে আছি সেটা সে টেরই পাচ্ছে না এতে করে আমার রাগ আরও বেড়ে যাচ্ছে,anger,4
সবচেয়ে বেশি যে ভয়টি আমাদের জেঁকে ধরে তা হলো জীবনযুদ্ধে ব্যর্থতার ভয়,fear,5
বাংলাদেশে ক্রিকেট টিমে চান্স পেতে হলে একজন ছেলেকে কি পরিমান খড়কুটো পোড়াতে হয় সেটা ওই ছেলেটাই জানে ওই মানুষগুলোকে শুধু শুধু গালি দিয়েন না,sadness,1
এরকম অভিযোগে বুধবার রাত ৩টা থেকে বিশ্ববিদ্যালয় ক্যাম্পাস উত্তাল হয়ে উঠেছিল এসময় ক্ষুব্ধ শিক্ষার্থীদের বিরুদ্ধে ছাত্রকল্যাণ পরিচালকের কার্যালয়ের জানালা এবং নেমপ্লেট ভাঙা বিশ্ববিদ্যালয়ের বিভিন্ন বিভাগের তালায় সুপার গ্লো লাগিয়ে দেওয়ার অভিযোগ উঠেছে,anger,4
এর মধ্যে বেশি ঝুঁকিতে আছেন সিনিয়র চিকিৎসকগণ তাঁদের অনেকেরই ডায়াবেটিস হাইপারটেনশন সহ নানবিধ রোগ আছে ফলে করোনা মানেই নিশ্চিত মৃত্যু,fear,5
স্বাস্থ্য অধিদপ্তরের মহাপরিচালক আবুল কালাম আজাদ প্রথম আলোকে বলেন ডেঙ্গু মোকাবিলায় সরকারি হাসপাতালগুলোকে বিশেষ বরাদ্দ দেওয়া হয়েছে সদর হাসপাতালে ১০ লাখ এবং উপজেলা হাসপাতালকে ২ লাখ টাকা দেওয়া হয়েছে হাসপাতালগুলো বরাদ্দের টাকা দিয়ে কিট সংগ্রহ করতে পারবে,joy,0
আর ভয় দেখিয়ে বলেছে— তুমি নেই কোথাওএর থেকে বেশি ভয়ের গল্প আমার অন্ততজানা নেই,fear,5
না জানি আমার এই দেশের কি হবে আল্লাহ ভালো জানেনগ্রাম এলাকা গুলোতে এখনো হোম কোয়ারান্টাইন মানতেছে নাতারা গাদাগাদি হয়ে বসে আছে😥 আল্লাহ মাফ করিও তোমার এই গুনাগার বান্দাদের😥,fear,5
নায়িকার কাদার ঢং দেইখা আমি অবাক,surprise,2
আপনার জন্য আমার হেসে হেসে বুকে ব্যাথা হয়ে গেল তাই কষ্ট করে Inhealer নিতে হলো এখনো কাশি হচ্ছে,joy,0
এফডিসিবি ও ইউনিলিভারের হেয়ার কেয়ার ব্র্যান্ড ট্রেসেমের আয়োজনে ফ্যাশন কিউয়ের শুরুতে একঝাঁক মডেল মঞ্চ মাতিয়ে তোলেন,surprise,2
শালার পেয়াজের কথা চিন্তা করতে করতে দেশে যে এত কিছু হয়ে গেল তা তো খেয়ালই করলাম না অনেক ধন্যবাদ ভাই আপনাকে দেশের এত গুরুত্বপূর্ণ একটা বিষয় তুলে ধরার জন্য,surprise,2
আর এফ এল মেনেজমেন্ট কখনো এটা করতে বলে নাই কিছু কিছু চোর বাটপার দের করনে আমার সুনামধন্য প্রতিস্ঠানের সুনাম নষ্ট হয়এই মূহুর্তে এদের কে চাকরি থেকে বাদ দেওয়া উচিৎ,disgust,3
নতুন দশকের প্রথম সূচকটি গত সপ্তাহে প্রকাশ করে হেনলি পাসপোর্ট ইনডেক্স এতে ভিসামুক্ত ও ভিসা অন অ্যারাইভাল বিবেচনায় সূচকের শীর্ষ স্থানটি দখল করেছে জাপান বিশ্বের ১৯১টি দেশে ভ্রমণের ক্ষেত্রে দেশটির পাসপোর্টধারীদের আগে থেকে ভিসা নিতে হয় না,surprise,2
বর্তমানে খুব বোরিং দিন যাচ্ছেআজ তোমার ভিডিও পেয়ে অনেক ভালো লাগলো হাসতে হাসতে পুরাই জীবন শেষএতো হাঁসির ভিডিও আর দিবেনা 😁😁,joy,0
জীবন্ত লাশ হয়ে অনেক বেশিদিন বাঁচতে পারে না,sadness,1
অনুষ্ঠান শেষে রাতে বাড়ি ফেরার পথে ঠান্ডা লাগবে ভেবে ছেলেকে শ্যালিকার সঙ্গে মাইক্রোবাসে তুলে দেন নিজে রওনা দেন মোটরসাইকেলে করে তবে তাঁর আর বাড়ি ফেরা হয়নি পথে থেমে থাকা এক ট্রাকের সঙ্গে মোটরসাইকেলটি ধাক্কা খাওয়ার ঘটনায় তিনি নিহত হন,sadness,1
শোনা যায় টাওয়ার অব লন্ডনের সল্ট টাওয়ার নামক এলাকায় কুকুর ও ভয়ে ঢোকে না পশুপাখি ভুত প্রেত বা প্রেতাত্বার উপস্থিতি টের পায়,fear,5
কয়েক বছর ধরে দেশিবিদেশি বিশেষজ্ঞ ও উন্নয়ন সহযোগীরা বাংলাদেশে দুর্নীতির প্রসারে উদ্বেগ প্রকাশ করে আসছিলেন কিন্তু সরকার তখন আমলে নেয়নি দুর্নীতির সব দায় পূর্বসূরি বিএনপির ওপর চাপিয়ে নিজেদের শুদ্ধতা প্রমাণের চেষ্টা করে আসছিল,anger,4
একদিনে চীনের থেকে ভালো হসপিটাল করবে আমাদের মাননীয় প্রধানমন্ত্রী বুঝলাম না ওনার কি হলো আগে জানতাম আমাদের প্রধানমন্ত্রী নাকি সবথেকে সফল প্রধানমন্ত্রী মুখে না বলে কাজে করাটাই উত্তম নইলে জাতির বাঁশ খাওয়া ফরজ হয়ে যাবে,anger,4
সিরিয়ান নেটওয়ার্ক ফর হিউম্যান রাইটস জানায় আসাদ সরকার ও ইরান সমর্থিত সন্ত্রাসীদের মধ্যে গোলাগুলিতে ২২ হাজার ৭৫৩ জন শিশু নিহত হয়েছে অন্তত ১৮৬ শিশু সরকারের রাসায়নিক হামলায় নিহত হয়েছে এবং ৩০৫ শিশু অপুষ্টি ও ওষুধ স্বল্পতায় মারা গেছে,disgust,3
কোন না কোন নিয়ামক সেটা ধর্ম হোক কিংবা জাতীয়তাবাদ যুগে যুগে সব জায়গায় অশান্তি ক্রিয়াট করসে এবং শেষ হয়সে  কিন্তু এখানে এর নাম গন্ধ নাই,disgust,3
এই করতে যেয়েই তো মরেএদের তো কিছু হয়নাপরিবার গুলা শুধু শেষ হয়,anger,4
একদিন রাতে আমার ঘুম ভাঙ্গার পর দেখি ফারিয়া নাই আমার পাশে আমি উঠে বসতেই দেখি ও দাড়ায় আছে বিছানার সামনে চোখ ২ টা লাল জ্বল জ্বল করে জ্বলছে আমি ভয়ে ভয়ে বললাম চলে যাও তুমি,fear,5
করোনা আক্রান্ত রোগীদের উচিত আমি তো মরেছি তবে আওয়ামী লীগের মন্ত্রী ও মিনিস্টারদের এর সাথে মিশে এদের কেউ মেরে ফেলা উচিত শালারা শুধু মিথ্যা কথা বলে ওদেরকে ধ্বংস করায় এটাই একমাত্র হাতিয়ার,anger,4
একটু পরে ঘড় থেকে একটা মেয়ে বের হলতাকে দেখেই আমার বুকের বাম পাশটায় একটা মোচড় দিয়ে উঠলোআমি আড় চোখে তন্ময়ের দিকে তাকালামদেখি ও হা করে অপলক দৃষ্টিতে তাকিয়ে আছেএকটা মেয়ে এতো সুন্দর হয় কি করে,surprise,2
ইয়াসির আজমান আরও বলেন তাঁদের দিনে প্রায় ৫০ হাজার নতুন সিম দরকার হাতে থাকা সিম ফুরিয়ে যাওয়ার পর প্রায় চার লাখ খুচরা বিক্রেতার কাছে থাকা সিম বিক্রি হবে সিমের দাম বেড়ে যেতে পারে সব মিলিয়ে একটা খারাপ পরিস্থিতি আসছে,disgust,3
আমার দিকে অপলক দৃষ্টিতে কিছুক্ষণ তাকিয়ে রইলো এরপর আমার দিকে একটা হাত বাড়িয়ে দিলআমি ভয়ে জ্ঞান হারানোর মত অবস্থা চিৎকার করতে চাচ্ছি কিন্তু মুখ দিয়ে কোনও আওয়াজ বের হচ্ছে না,fear,5
কেউ সন্তান ডাস্টবিনে ফেলে দিয়ে দায়মুক্ত হতে চাইছে কেউ একটা সন্তানের জন্য সারাটা জীবন হাহাকার করছে,sadness,1
চিরসুখীজন ভ্রমে কি কখন ব্যথিতবেদন বুঝিতে পারে কী যাতনা বিষে বুঝিবে সে কিসে কভূ আশীবিষে দংশেনি যারে,sadness,1
প্রাথমিকভাবে ইউনিটটি ১০ মেগাওয়াট বিদ্যুৎ উৎপাদন করছে এবং উৎপাদনের চূড়ান্ত পর্যায়ে তা ৬৬০ মেগাওয়াটে উন্নীত হবে বলে এনডব্লিউপিজিসিএল কর্মকর্তা জানিয়েছেন,surprise,2
উপন্যাসের নামচরিত্র ডরিয়ান গ্রে আদতে একজন অত্যন্ত স্বার্থপর ব্যক্তি নিজের সৌন্দর্য সম্পর্কে অবগত হবার পর থেকে সে যেমন স্বেচ্ছাচারী জীবন কাটায় তেমনই নিজের কোনো কাজের জন্য দায় স্বীকার করতে রাজি না সে,disgust,3
মৃত বিভৎস কিসে জানি পুরো মাথাটা ধড় থেকে টেনে ছিড়ে ফেলেছে এমন অবস্থা তারপর পেট ফেড়ে কলিজা বের করে ফেলেছে,fear,5
ব্লাড ক্যানসারে আক্রান্ত সংগীতশিল্পী এন্ড্রু কিশোরের চিকিৎসায় পূর্ণ সহায়তা দেওয়ার জন্য সিঙ্গাপুরের বাংলাদেশ দূতাবাসকে নির্দেশ দিয়েছেন প্রধানমন্ত্রী শেখ হাসিনা,joy,0
জুনের প্রথমদিকে আলেকজান্ডার মেসিডোনিয়ান সৈন্যদের সাথে শেষবার দেখা করার ইচ্ছা পোষণ করলেন সৈন্যরা এক এক করে আসতে থাকলেন আর আলেকজান্ডার মাথা সামান্য নেড়ে কিংবা ভ্রূ কুঁচকিয়ে তাদের সাথে শেষবার মোলাকাত করলেন আলেকজান্ডার মারা গেলেন জুনের ১০ তারিখ,sadness,1
ওয় যে বান্দরের মত পানির উপর গড়াগড়ি করলো এইডার ভিডিও কোন শুয়ার করেছে 👿যে শালায় করুক ওর ধৈর্যশক্তি যে কোন pornographyr ভিডিও যে করে ওর তে কম না সেটা আমি সিওর ,anger,4
আমার এই আচরণের জন্য সে মোটেও প্রস্তুত ছিলো না বিরক্তি ভাব নিয়ে জিজ্ঞেস করলো ওমর হাসছিস কেনো মৃত্যুর ভয় নেই,disgust,3
আমি জানি না কেনো আমার প্রচন্ড ভালো লাগছে এটা দেখে 😍 আন্টির কলিজা টা কত খুশি হইছে সেটা ভাবতেই নিজের আনন্দ হচ্ছেআপু তুমি মায়ের দোয়ায় অনেক অনেক ভালো থাকবা ইনশা আল্লাহ সারাজীবন ❤,joy,0
কন্ট্রাক্টরের মুখ থেকে এমন কথা শুনে বাসের অন্য সব যাত্রীরা আমার উপর ক্ষেপে উঠলো একজন লোক চিৎকার করে বললোঅবশ্যই নোংরামি করেছে তা না হলে আপা সিট ছেড়ে উঠতে যাবে কেন,anger,4
ইসলাম বা মুসলমান আপনার শত্রু নয়কিছু কুলাঙ্গারই আপনারআমার এবং দেশের শত্রু,anger,4
হ্যাঁ এটা আমি খুব ফিল করি রাখীপা এই জেনারেশন জির বাচ্চারা অধিকাংশই ব্যাক্কল এদের নিয়া কি হবে ,disgust,3
উনি আম্মুকে নিয়ে যেতে পারবে না কেন আর এই সিম্পল জিনিসটা বলারই বা কি আছে উনিতো কোনো পুরুষও নিয়ে যান নি নিয়ে গেছেন উনার মা কে,disgust,3
ইভ টিজিংয়ের প্রতিবাদ করায় বগুড়ায় বখাটেদের হামলার শিকার হন ঝাঁজর পঞ্চশক্তি উচ্চবিদ্যালয়ের সভাপতি নজরুল ইসলাম হামলার প্রতিবাদে এবং বখাটেদের বিচারের দাবিতে আজ সোমবার বগুড়ার শেরপুর উপজেলার ঝাঁজর সড়কে মানববন্ধন করেছে বিদ্যালয়ের শিক্ষক শিক্ষার্থীরা ছবি সবুজ চৌধুরী আসামি তুফানেরা প্রভাবশালী তাঁদের টাকা আছে ক্ষমতা আছে কারাগারে বসেও তাঁরা থেমে নেই তাঁরা এতই ভয়ংকর যে তাঁদের বিরুদ্ধে কথা বলার সাহস পর্যন্ত পাচ্ছেন না সাক্ষীরা,disgust,3
রাকিব ভাই ভিডিও মেকিং এর পিছে যে কত পরিশ্রম তা বুঝতে পারি আমাদের মন জয় করার জন্য আপনার এত্ত ডেডিকেশন দেখে খুব ভালোলাগে ♥,joy,0
প্রত্যেকেই বিস্ময়ে স্তম্ভিত হয়ে গেল কেউ কল্পনা করতে পেরেছিল যখন জেতা তার হাতের মুঠোয় এবং আইনগত সব সিদ্ধান্তও তার পক্ষে তখন সে নিজেই নিজের ভুল ধরিয়ে হেরে যাবে,surprise,2
ভয়ংকর এক স্বপ্ন দেখলো মনে হয় অরিন হঠাৎ ঘুম ভাঙতে দেখে ট্রাকটা শূন্যে ভাসছে,fear,5
আমার স্বপ্ন আজ আমার আর্তনাদের মূল কারণ আজ আমি কাঁদছি তবে অতীতকে নিয়ে ভাবছি না,sadness,1
 ভয়ের বিষয় যাই হোক না কেন মোট কথা হলো অমূলক ভয়ভীতি আমাদেরকে ঘিরে ধরে,fear,5
ধান্দাবাজ সব গুলো বিচারক টাকা নিয়ে ভাব মারাইতে আসছে কি হয়ে গেছে এমনফাজিল সব,anger,4
কিছুই হয়নি ফালতু একটা জিনিস দুনিয়ার অখাদ্য কুখাদ্য হইছেকুষ্টিয়ার ভাষাটাও হয়নি কিচ্ছু হয়নি কিচ্ছু না,disgust,3
সেই ভাঙাচোরা কফিশপের ভিতর দাঁড়িয়ে থাকতে থাকতে হঠাৎ খেয়াল করলাম আমার ঘাঁড়ে কিছু একটা যেনো বারবার স্পর্শ করছে অনেকটা মেয়েদের ভেজা চুলের মতো এটা অনুভব করার পর আমি আর নাড়াচাড়া করতে পারছিলাম না পেছনে ফেরার মতো সাহসটুকু আমার হচ্ছিলো না,fear,5
 রাগ্গিং  হোক  আর  না  হোক  তাই  বলে  কি  এই  স্যার রা  কারো  হাত  ভেঙে  দেয়ার  সার্টিফিকেট  পাই   এমন  ঘটনা  সত্যি  হয়েই  থাকে  রাগ  যে  দিসে  র  এই  স্যারদের  ডিফারেন্স  তা  কোথায় ,disgust,3
হাতঘড়ির দিকে তাকাতেও বিরক্ত লাগতে ছিল নিজেকে অভিসাপ দিয়ে ভাবছিলাম কেন ঝোকের মাথায় এভাবে চলে এলাম,disgust,3
আমার বউ আমি বিয়ে করলাম কবে হায় আল্লাহ কই আমি,surprise,2
উদ্ভাবনী তরুণদের জন্য আয়োজিত ডিজিটাল ব্যবসায়িক পরিকল্পনার প্রতিযোগিতা বাংলালিংক ইনোভেটর্সএর তৃতীয় আসরের বিজয়ীদের নাম ঘোষণা করা হয়েছে বাংলাদেশের অন্যতম ডিজিটাল সেবাদাতা প্রতিষ্ঠান বাংলালিংক উদ্ভাবনী তরুণদের নতুন পরিকল্পনা নতুন উদ্যোগ ও নতুন সৃষ্টিতে উৎসাহ দিতে এই প্রতিযোগিতার আয়োজন করে আসছে,surprise,2
নীলিমার নিলে হেমন্তের সোনালী ধানের শীষে সারাবেলা মাতাল হাওয়া যেমন করে ভাসে তেমনি করে সবার জীবন কাটুক আনন্দ আর উচ্ছাসে ,joy,0
♥♥♥♥আমি চালাকের শহরে এক বোকা মানুষ ভাই বলি গান কিন্তু ভাল লাগছে এক অন্যরকম গানের লিরিক গুলি♥♥♥♥,joy,0
ইতিহাস থেকে যতটুকু জানা যায় যে প্রবল জাতীয়তাবাদ এবং আধিপত্যবাদের কারণে এ পৃথিবীতে যতো মানুষ প্রাণ হারিয়েছে ধর্মীয় হিংস্রতার কারণে ততো হারায়নি একমাত্র প্রথম ও দ্বিতীয় বিশ্বযুদ্ধের সময়ে কোটি কোটি মানুষকে হত্যা করা হয়েছে তার পেছনের কারণ উগ্র জাতীয়তাবাদ ও প্রবল আধিপত্যবাদ,anger,4
ভাইরাস জনিত রোগটির অস্বাভাবিক বিস্তার  আক্রান্ত হওয়া ঠেকাতে সবার জন্যই সর্বাধিক সাবধানতা অবলম্বনের এটিই চুড়ান্ত আর শেষ সময়এর পর আর সাবধানতার কোনও সুযোগ নেই সাবধান হয়েও কোনও লাভ নেইআল্লাহ মাফ করুন,fear,5
হালারপো হালা থাবড়াই নেটোয়ার্কের বাইরে ফালাই দিমু শালা বানচোদ তোরে যাতে ফেসবুকে আর না দেখি খানকির পোলা,anger,4
তাকে একটু বিদেয় করে পাশটি ফিরছো না বলিতোমার এমন রাগের বাহার কাকে দেখাও ভাবছো রেগে গেছি  না না মোটেও রাগি নি ওটা তোমায় মানায় ভাল,anger,4
সে হাসল তার হাসিটা বেশ অদ্ভুদ লাগতে ছিল তাকিয়ে দেখি জিপের ভেতর কোন ড্রাইভার নেই,surprise,2
রাজশাহীতে বড় ভাইয়ের লাঠির আঘাতে ছোট ভাইয়ের মৃত্যু হয়েছে নিহত ব্যক্তির নাম আশরাফুল ইসলাম ৩৫ এ ঘটনায় বড় ভাই নূর আলমকে ৪২ গ্রেপ্তার করেছে পুলিশ,sadness,1
গ্রামীণ ও শহুরে মধ্যবিত্ত নিম্ন–মধ্যবিত্ত এমনকি নিম্ন–মধ্যবিত্ত পরিবারের মেধাবী শিক্ষার্থীদের কর্মমুখী শিক্ষার সুযোগ নিশ্চিত করবে ইউসেট,joy,0
প্রাথমিক পিইসি ও ইবতেদায়ী শিক্ষা সমাপনী পরীক্ষার নির্দেশনার শিশুশিক্ষার্থীদের বহিষ্কারসংক্রান্ত বিধানটি বাতিল করা হয়েছে,joy,0
এইতো কয়েক মাস আগে উন্নয়নের নামে ঢাকাশহরে হাজার হাজার গাছ কাটা হলো যার কোন দরকার ছিলোনা সরকার চাইলে গাছগুলো রাখতে পারতো এর মাশুল আগামিতে গুনতে হবে,anger,4
যেতে যেতে দেখলাম সেই পুকুরটা আমি বুঝতে পারলাম না এখানে আসলাম কিভাবে আমি আংকেলের দিকে তাকাতেই দেখি ও আংকেল নয় ওর মুখটা একটা ভিবস্য চেহারা ধারন করেছে,fear,5
ওটা মঙ্গল শোভাযাত্রা নয় ওটা জাহান্নামের রাস্তা   মানুষ সৃষ্টির সেরা জীব আর সেই মানুষ পেঁচা  কুমির অন্যসব প্রাণীর মুখোশে নিজেকে আড়াল করে পূজারী সাজে  মেলার নামে যুবক যুবতী নাচে গানে মেতে উঠে তা শরিয়তের দৃষ্টিতে একেবারেই হারাম ,disgust,3
বানী তপুর দিকে তাকিয়ে কঠিন দৃষ্টিতে ধমকের সুরে বললো তপু ও অসুস্থ আর এসময় ও তোমার মজা আসছে সিরিয়াসলি তোমার কি কোনো বিবেকবোধ আছে আর তুমি দেখছো যে ও আসার পর থেকেই কেমন অস্থির তাও এসব কেনো বলছো ও এখানে বেড়াতে এসেছেস্ট্রেস নিতে নয়,anger,4
এবি ব্যাংক ৫৯টি এজেন্টের মাধ্যমে ব্যবসা পরিচালনা করছে ২০১৯ সালের ডিসেম্বর শেষে মোট হিসাব খোলা হয়েছে ১৪ হাজার ২৮৯টি আমানতের পরিমাণ ৫০ কোটি টাকা রেমিট্যান্স বিতরণ হয়েছে ১৩ কোটি টাকা এবি ব্যাংক নারীদের ক্ষমতায়নের লক্ষ্যে উল্লেখযোগ্য সংখ্যক নারী উদ্যোক্তাকে এজেন্ট আউটলেট পরিচালনার অনুমতি দিয়েছে,joy,0
১৯৮৮ সালে যুক্তরাষ্ট্র ইরান এয়ারের এয়ারবাস বোয়িং ধ্বংস করে ২৯০ জন যাত্রীকে হত্যা করে যুক্তরাষ্ট্র এর দায়দায়িত্ব বা ভুল স্বীকার করেনি বরং হামলাকারী কমান্ডার উইল সি রজার্সকে পুরস্কৃত করে,sadness,1
পঞ্চগড়ে বাণিজ্যিকভাবে বাড়ছে সুপারি চাষ উৎপাদিত সুপারি স্থানীয় চাহিদা পূরণ করে সরবরাহ করা হচ্ছে দেশের বিভিন্ন প্রান্তে লাভবান হচ্ছেন কৃষকেরা,joy,0
আজকে আমারে বলসে এরপর ক্যাম্পাসের অন্য মেয়েদের বলবে এ ধরনের নোংরা মেন্টলিটির পোলাদের কাছে কোনো মেয়ে ফ্রেন্ড সেইফ না,disgust,3
চুয়াডাঙ্গায় হাটবাজারগুলোতে ধানচালের দাম লাফিয়ে লাফিয়ে বাড়ছে তিন সপ্তাহের ব্যবধানে পাইকারি বাজারে প্রকারভেদে প্রতি মণ ৪০ কেজি চালের দাম ৮০ থেকে ৩২০ টাকা পর্যন্ত বেড়েছে,fear,5
বাস হচ্ছে ভয়ানক ঘাতক আমাদের সবার উচিৎ বাস থেকে ৩০০ গজ দূর দিয়ে চলাফেরা করা,fear,5
যাঁরা নিয়মিত হাঁটেন তাঁদের অনেকেই শীতকালে হাঁটা বন্ধ করে দেন এতে শীতে আবার ওজন বাড়ে ফিজিক্যাল অ্যাক্টিভিটি কমে যায় তাই কনকনে ঠান্ডায় বাইরে না গিয়ে ঘরের ভেতরেই করতে পারেন কিছু ব্যায়াম যা হাঁটার মতোই উপকারী,joy,0
গানের রাজা প্রতিযোগিতার প্রথম আসরে চ্যাম্পিয়ন হতে পারেনি শফিকুল ইসলাম সে হয়েছিল প্রথম রানারআপ ওই সময় সামাজিক যোগাযোগমাধ্যমে তা নিয়ে অনেকেই নানা মন্তব্য করেন চ্যাম্পিয়ন না হতে না পারলেও সেই শফিকুল ইসলামের প্রথম মৌলিক গান ভাবতে ঘেন্না লাগে সাড়া ফেলেছে ইউটিউবে গানটির ভিডিও প্রকাশের ৩৬ ঘণ্টার মাথায় ১১ লাখ ৫৮ হাজারবার দেখা হয়েছে,joy,0
দুরত্ব জানে শুধু একদিন খুব বেশি নিকটে ছিলাম,sadness,1
এ ছাড়া দক্ষিণ আফ্রিকার বিপক্ষে জেতা ম্যাচেও দেখা গিয়েছিল বাংলাদেশি ফিল্ডারদের পিচ্ছিল হাত ডেভিড মিলার যখন ১৬ রানে ক্যাচ ছেড়েছিলেন সৌম্য সরকার মিলার পরে যোগ করেছিলেন আরও ২২ রান এর আগে কুইন্টন ডি ককের ক্যাচও ছেড়েছিলেন মুশফিক তবে ওই একই বলে ডি কক রান আউট হয়ে যাওয়ার সেটি নিয়ে অত আলোচনা হয়নি,anger,4
সেটা যে শেষ অবিবাহিত পহেলা বৈশাখ হবেউদযাপনের সময় তা ঘুণাক্ষরেও ভাবিনি আমরা দুজন আর পরের বছর বৈশাখে যে মৃত্যুভয়ে গৃহবন্দী থাকব সেটাও কী কখনো ভেবেছিলাম ,surprise,2
সবচেয়ে আশ্চর্যের কথা হচ্ছে যেঘটনার রাতে ঐ গ্রামের একটা কবর থেকে একটা লাশ চুরি হয়েছিল যার খবর আজ পর্যন্ত কেউ পায় নাই,surprise,2
রাঙ্গামাটিতে চাকমা বিয়ে  মাত্রই কভার করে এসে কিছু গরম গরম ছবি  আরও ছবি আসছে নতুন দম্পতির জন্য অনেক অনেক শুভকামনা ,joy,0
অস্ট্রেলিয়ার মতো দেশে তাদের সকল সাহায্যসহযোগিতা সুযোগসুবিধা ও সহায় সম্পদ নিয়ে যে বিশ্ব রেকর্ডটি তৈরি করা হয়েছে বাংলাদেশের একটি উপজেলাতে সেটি ভাঙার পরিকল্পনা করতে বুকের পাটা লাগে আমি তার বুকের পাটা দেখে যথেষ্ট অবাক হলাম,surprise,2
উচিত শিক্ষা হইছে আকাম করবি ঠিক আছে কিন্তু পর্দা ফেলতে বললি কেন মাথাতো গরম হবেই,anger,4
খানকির পোলারা এই বার করোনার রিপোর্ট ছাড়া ওন্যো কিছু নিয়ে রিপোর্ট কর তোরা বাংলাদেশে সচেতন করতেছত না বরং তোদের এই রিপোর্ট গুলোর কারোনে আরো আতোংক ছড়াইতাছে,anger,4
সামনের সারিতে ঠাঁই হয়নি চুয়েটের প্রথম উপাচার্য মোজাম্মেল হক স্যারের অন্যরা কোন ক্যাপাসিটিতে সামনে দাড়ালেন আর উনাকে কেন অসম্মানজনকভাবে পিছনে ঠেলে দেয়া হলো চুয়েটের সাবেক উপাচার্যের চেয়ে কি অন্য বিশ্ববিদ্যালয়ের সাবেক উপাচার্যের মর্যাদা বেশি,surprise,2
আমাদের সমাজের মানুষরা সন্তান হলে খুশি হয় মেয়ে হলে একটু কম খুশি হয় ছেলে হলে মহা খুশি হয়,disgust,3
হঠাৎ সে চমকে উঠলোদেখলো মেয়েটি যে হাত দিয়ে খাবার মাখাচ্ছে সে হাতে চারটি আঙুল,surprise,2
ওয়াও এত সাবলীল ভাবে কথা খুব কম মানুষই পারে,surprise,2
ভয় ঝগড়ায় ভয় রগড়ায় ভয় চিত্তে ধুম দনাদন ভয়,fear,5
আমার সামি বিদেশে থাকেআমি তাকে খুব ভালবাসিতার কাছে সুধু চাই সময়ও খুব বিরক্ত হয় আমার উপর,sadness,1
বাস থেকে নেমে পড়লাম কোথায় নামলাম কিচ্ছু চিনতে পারছি না চারিদিক শুনশান যেন কোনো ভীষণ মহামারিতে শহরের সকল প্রানি মারা গেছে ঢাকার রাজপথ কখনো এমন প্রানহিন হয়,surprise,2
বাংলাদেশর অনেক জনপ্রিয় গানের বারটা বাজায়েদিলো এই গায়ক গাঁদা কোথাকার আসল সুর শুনে তার পরে গানগাও,anger,4
কিন্তু পঞ্চাশ পেরুনো মোসাম্মৎ আনোয়ারা বেগমের বড়ই অভিমান হয়কেন ভুলে গেলো মেয়েটা তার কথা তিনি তো সবার কথা মনে রাখেন,sadness,1
 আমাদের সমাজ শেষ করে দিছে যারা সেবন করে তারাও মরবে আর বাকি মানুষ দেরও মারবে এই সব কম্পানি বন্ধ করে দেওয়া দরকার আর যারা এইসব কিছু সেবন করে তাদের মাদক নিরাময় বা চিকিৎসা কেন্দ্রে যাওয়া দরকার নিজে মাদক থেকে মুক্ত থাকুন আর অন্য কে বাঁচান এই বিষ থেকে,fear,5
এটা নিয়ে এর আগেও এই গ্রুপে বহুত পোস্ট হইসিল দুঃখজনক হলেও সত্য সেই পোস্টগুলার কমেন্ট সেকশনে সব সিগারেটখোর রা এসে পোস্টকারীকেই ধুয়ে দিসিল,disgust,3
পোস্টের কমেন্টবক্সে লকডাউনে ঘরে আটকে থাকা আমাদের মতো মানুষজন গিয়ে হাহুতাশ করছে জীবনে জীবনে কত পার্থক্য,sadness,1
তিনি ঠিক তখনো মেয়েটিকে একি জায়গায় দেখলেন  ব্যপারটা তার কাছে অনেক ভয়ঙ্কর মনে হল  সকাল বেলায়ও যে একই ঘটনা ঘটবে তা তিনি ভাবেন নি  ,fear,5
টানা দুই মাস ধরে ছোটবড়মেজসেজ বিবিধ মোচ্ছব চালিয়ে ভাসান ড্যান্স দিয়ে  কাজে অকাজে ছুটি বাগিয়ে চলতে থাকব আর দিনের শেষে বলব সব ব্যাটা শিল্পপতিগুলো সংস্কৃতিমনস্ক বাঙালির বিরোধীপক্ষ তাই এখানে কাজ নেই…এইভাবে আর কতদিন চলবে বাপু,disgust,3
সবাই আল্লাহ পাক দেখছে ঠিকই আল্লাহ পাক বিচার করবেন আর পুলিশ ভাই যে কথা বলছে এই সব সামিরা আর ডন ভাইর কথা ওরা যে ভাবেই বলছে বিদেশ থেকে ওই মহিলাটা ইউটিউবে যে সব কথা বলছিলো ওই সব কি মিথ্যে সরকারি ভাবে চাইতেছে যে এক কথা সবই শেষ,anger,4
এই গান তোমার গলায় সরাসরি শুনতে পারা একটা সৌভাগ্যের ব্যাপার,joy,0
মিথিলার রোস্ট চাইছিলাম যে মেয়েটা একটা ভালো ছেলের জীবন নষ্ট করে দিলো মা হয়ে নিজের বাচ্চা মেয়েকে মানষিক ভাবে সমাজের কাছে হেও প্রতিপন্ন করলো তাকে কিছু বললেন না,anger,4
অনেক তাড়াতাড়ি বলা হয়ে গেছে  কিন্তু ভালো ছিলো😍😍😍😍😍😍 শেষটা আরো জোস ছিলো😍😍,joy,0
দুইদিন আগে বাড়ি কিনেছিলেন অঘোরনাথ বাবুতার মধ্যেই ঘটতে শুরু করল অস্বাভাবিক সব ঘটনাচিন্তিত হয়ে পড়লেন অঘোরনাথবাবু,fear,5
মাজহারুল আর আলম দুইটাই মাদারচুদ  এদের টাইম ধরে সকাল বিকাল জুতা দিয়ে পেটালে ও শান্তি পাবনা,anger,4
নৈতিকতার ধ্বংস হয়ে জাতিগতভাবে নিকৃষ্ট হতে থাকলে কে কাকে দোষ দিবে শুধু ব্যবসায়ীদের দোষারোপ করেই বা কী হবে রাজনীতিবিদ আমলা সরকারী অফিস ডাক্তার ইঞ্জিনিয়ার আইনজীবী সাংবাদিক শিক্ষক পরিবহন শ্রমিক প্রাইভেট কার ড্রাইভার সিএনজিরিকশা ড্রাইভার দারোয়ান কাজের লোক ইত্যাদি কোন্ শ্রেণীপেশার মানুষের অধিকাংশের সার্ভিসে খুব খুশি আপনি কোথায় কার কাছে গিয়ে একটু স্বস্তি পাবেন স্বস্তি তো অনেক পরের ব্যাপার ব্যবসায়ীরা তো এবার আর আপনাকে বাঁচতেই দিবে না,anger,4
এই মহিলার পাশে ঘুমাতে হবে মনে হয়ে আমার হাত পা ঠাণ্ডা হয়ে গেল আমি কানে আঙ্গুল দিয়ে দরুদে ইব্রাহিম পাঠ করতে করতে কোনমতে রাত কাটালাম,fear,5
ফ্রান্সের রাজধানী প্যারিসে পুলিশ সদর দফতরে ছুরি নিয়ে হামলা চালিয়ে চার কর্মকর্তাকে হত্যা করা হয়েছে পরে পুলিশের গুলিতে হামলাকারীও নিহত হয়েছেন স্থানীয় সময় বৃহস্পতিবার দুপুরে প্যারিসের কেন্দ্রস্থলে নটরদাম ক্যাথেড্রালের কাছে এই হামলার কারণ সম্পর্কে তাৎক্ষণিকভাবে কিছু বলতে পারছেন না কর্মকর্তারা,sadness,1
ওদের আড্ডার মাঝে দুপুরে খেয়ে ঘুম দিলাম হঠাৎ পাপড়ি এসে ছাদে নিয়ে গেল 😎ঘুম থেকে তুলে  এদিকে বিপা পাপড়ি মিলে এত সুন্দর একটা আয়োজন করলআমি সত্যি বেশি সারপ্রাইজড হলাম,surprise,2
পিতৃত্বকালীন ছুটি নেওয়ার সিদ্ধান্ত নিয়েছেন জাপানের পরিবেশমন্ত্রী শিনজিরো কোইজুমি  একজন মন্ত্রীর এমন ছুটি নেওয়ার ঘটনা জাপানে বিরল দেশটিতে মন্ত্রীর এমন সিদ্ধান্ত বেশ আলোচিত হয়েছে,surprise,2
নারায়ণগঞ্জ শহরের এক নম্বর বাবুরাইল এলাকায় চারতলা ভবন ধসের ঘটনায় নিখোঁজ স্কুলছাত্র ওয়াজিদের ১২ এখনো খোঁজ মেলেনি তার সন্ধানে তল্লাশি অভিযান চালাচ্ছে ফায়ার সার্ভিসের উদ্ধারকারী দল গত ২৪ ঘণ্টায় শিশুটির খোঁজ না মেলায় ক্ষোভ প্রকাশ করেছেন তাঁর স্বজন ও এলাকাবাসী,anger,4
বিয়ে তো করতে চাই আমার পছন্দের মতো ভালো পাত্রীও তো পেতে হবে মাবাবা খোঁজ করছেন আমারও তো মন চায় বিয়ে করে বউ নিয়ে বেড়াতে বউ নিয়ে ওয়ার্ল্ড ট্যুরে যেতে মন চায়,joy,0
হক ভাই কথা বলতে পারেন না ভয়ে থরথর করে কাঁপছেন অনেক কষ্ট করে বললেন আ আ আমার ঘরে…আপনার ঘরে কীআমার ঘরে একটা মানুষঘরের ছাদের সমান লম্বা,fear,5
হয়তবা আমি তোমার হাতে হাত রেখে অনেকটা পথ হাটতে পারিনি তোমার চোখে চোখ রেখে তোমার চাওয়া পাওয়াটা বুঝতে পারিনি হয়তবা তোমার আশা পূরণ করতে পারিনি তার মানে এই যে আমি তোমাকে ভালোবাসতাম না ,sadness,1
জনতার সর্বনাশ আওয়ামী লীগের পৌষ মাস এখন দেশে শুধু আওয়ামী লীগের আনন্দ লীগের কর্মী দিয়ে ত্রাণ কমিটি গঠন করছে   যেখানে টাকা সেখানে লীগের লোক ,anger,4
কাজী সাহেব আমাদের মতো লেখকদের বেআইনিভাবে শোষণ করছেন এই কথাটা বেশ কবছর আগেই কপিরাইট অফিসকে আমি লিখিত ভাবে জানিয়েছি,disgust,3
কেন যে মানুষ এই রায়হানের জন্য এতো পাগল বুঝলাম নাবাবা খায়া লাইভে আইসা পাগলের মতো নাচে অশ্লীল অঙ্গভঙ্গি করে এগুলাই নাকি মানুষ পছন্দ করে ভাইরাল করেকতোটা বিকৃত রুচির হয়ে যাচ্ছি আমরা দিন দিন,disgust,3
জীবকে হত্যার পরিকল্পনার পর তাঁরা ইনটেল গ্রুপ গঠন করেন এই দলের কাজ ছিল ব্লগ ও ফেসবুক থেকে তাঁর সম্পর্কে নানা তথ্য সংগ্রহ করা ও তাঁর পরিচয় সম্পর্কে নিশ্চিত হওয়া আর রাজীবকে হত্যার জন্য তাঁরা এক্সিকিউশন গ্রুপ গঠন করেন প্রায় এক মাস তাঁরা রাজীবকে অনুসরণ করেছেন,fear,5
আরো ধন্যবাদ এই ফাতরার বাজারে নিজের জীবনরে যাপন কইরা যাবার বিনয় শিখানোর জন্য,joy,0
শুধু চট্টগ্রাম নয়সারা বাংলাদেশেই এই অবস্থা যে টাকা বরাদ্দ করা হয় সব টাক হয় চুরিআপনারা দেখেন না বিপদের সময় যারা চাল আর তেল চুরি করতে পারে তাদের দ্বারা সবকিছু চুরি সম্ভব আর হোক সব মরে যাকমরে যাবার জন্য প্রস্তুত আছি,anger,4
শিক্ষামন্ত্রী দীপু মনি বলেছেন কোনো কোনো গাইড ও নোট বই মুদ্রণকারী প্রতিষ্ঠান অনৈতিকভাবে কোনো কোনো শিক্ষাপ্রতিষ্ঠানের শিক্ষকদের আর্থিকভাবে প্রলুব্ধ করে তারা এসব নোট ও গাইড শিক্ষার্থীদের কিনতে বাধ্য করে এই নোট ও গাইড বন্ধে জেলা প্রশাসনের সহযোগিতা চেয়েছেন শিক্ষামন্ত্রী,anger,4
ভালো লাগেতাই এইখানে বার বার হারাতে মন চাই,joy,0
জীবনে সব থেকে সুন্দর মুহূর্ত মনে হয় আব্বু আম্মু কে এক সাথে নামায পড়া দেখাআমার বাবা সব সময় মসজিদে নামায পড়েআমি আর মা একসাথেআবার কখনো আগে পরে পড়িআজ আমার তাড়াতাড়ি শেষ হলে দেখলাম আব্বু আম্মু জামাত করে নামায পড়ছেকি সুন্দর না,joy,0
এই মোহামেডান মাথা নিচু হয়ে ক্লাবে ফেরা এক দল যারা সমর্থকদের বুকের হাহাকার বাড়িয়ে চলে এক দশকের বেশি সময় মোহামেডানে দেশের শীর্ষ ফুটবলারদের দেখা যায় না অখ্যাতদের নিয়ে অল্প টাকায় কোনোমতে একটা দল গড়ে সেই দল যেন পেছনের বেঞ্চের ছাত্র গভীর সমুদ্রে খড়কুটো ধরে বেঁচে থাকা মানুষের মতো,sadness,1
বাসার কাছে গিয়ে তার বাসায় ঢুকতে দেওয়া হলো নাতার কারণ আমার সাথে করে আমার আম্মুকে নিয়ে গিয়েছিলামতার কথা হলো Tuition আমি করব আমার মা না,disgust,3
পরে অবস্থা কিছুটা খারাপের দিকে গেল ছোট রবার্ট যখন রাতে ঘুমাত তখন পুতুলটা তার অদ্ভুত কর্মকান্ডে তাকে ভয় পাইয়ে দিত,fear,5
বাড়ি এসে দেখেন তাঁর পুরো বাড়ি পুলিশ মেডিক্যাল ডাক্তার এবং সরকারী লোকজনে গিজগিজ করছে পুলিশ জানালো তাঁর স্ত্রী তাঁর পাঁচ সন্তানকে মেরে ফেলেছে,disgust,3
জনসম্মুখে কথা বলতে বা প্রেজেন্টেশন দিতে ভয় পাই অনেক ভয় লাগে,fear,5
ভোরের প্রথম আলো যেমন সুন্দর ভোরের হাওয়া যেমন স্নিগ্ধ ভোরের পাখির ডাকযেমন মধুর তেমনি সুন্দর হোক তোমার জীবন,joy,0
তোমার গোটা জীবনটাই কেমন এলোমেলো হয়ে গেলো ক্লাসে যাওয়া বাইরে বের হওয়া বন্ধ করে দিলে নিজের প্রতি যত্ন নেওয়া ভুলে গেলে সারাদিন সারারাত তুমি ঘর অন্ধকার করে শুয়ে থাকো আর মানুষটির কথা ভেবে অদম্য ক্রোধ অনুভব করো,anger,4
মন খুলে যে হাসতে পারে না সেই পৃথিবীর সবচেয়ে অসুখী ব্যক্তি,joy,0
এগুলা নিম্নমানের সিনামা গুলোর পরিচালকদের কাছে আমরা সত্যিই কৃতজ্ঞ কেননা এসব নিম্নমানের সিনামা তারা না বানালে আজ আমরা রাকিব ভাইয়ের কাছ থেকে এত বিনোদন আমরা পেতাম না,joy,0
আর এই নৌপথে বছরের পর বছর জাহাজ ভাসিয়ে চলা নাবিকদের প্রাণ হারাতে হতো স্কার্ভি নামক এক রহস্যময় রোগের কারণে স্কার্ভি নিয়ে বিজ্ঞানীদের আগ্রহের অন্ত ছিল না,surprise,2
এই গানটা আমি যতবার শুনি ততবার কালিকা তার কথা মনে পড়ে চোখের জল ধরে রাখতে পারিনা মন কে শক্ত রেখে তোমার গান আমার পাশে পাওয়া কালিকা দা কে শেষ বারের মতো দেখা স্বরনীয করে এগিয়ে যেতে হবে,sadness,1
সেখানে একবেলা সময় করে বেরিয়ে পড়েছিলেন হাজারী গুড় তৈরি দেখতে একই গুড় শুধু বানানোর কায়দার পার্থক্যের জন্য সম্পূর্ণ ভিন্ন স্বাদ সাধারন গুড় যেখানে ১০০ টাকা কেজি হাজারী গুড় সেখানে ৮০০ টাকা ভাবা যায়,surprise,2
যারা পরের ম্যাচ খেলা নিশ্চিত করার জন্য খেলতে নামে তাদের কাছে ভালো কিছু আশা করা যায় না,disgust,3
কারো কারো কোলে বাচ্চা আছে সে বাচ্চা নিয়ে কোলে নিয়ে মাইলের পর মাইল হাঁটতেছে এই দৃশ্য দেখার পরে চোখের পানি এসে যায়,sadness,1
আমার ভৎসনায় ওরে খুব বিচলিত দেখায় ও ভাল করেই জানে মেয়েদের ব্যাপারে আমার সিমাহিন অস্বস্তির কথা,disgust,3
হায়রে বাঙ্গালি  এত শুন্দর একটা ভিডিও তবুও কতগুলা মাদারচুদে ডিসলাইক দিছে,anger,4
প্রতিটি আধুনিক বিমান প্রতিরক্ষাব্যবস্থায় কমপক্ষে তিনটি অংশ থাকে একটি ক্ষেপণাস্ত্র ফায়ারিং ইউনিট যা বিমানটির প্রতিরক্ষা ক্ষেপণাস্ত্র ধারণ করে একটি অ্যাকুইজিশন রাডার যা একটি বিস্তৃত অঞ্চল অনুসন্ধান করে এবং কোনো হুমকি সম্পর্কে আগেভাগেই সতর্কবার্তা পাঠায় এবং একটি এনগেজমেন্ট রাডার যা লক্ষ্যবস্তু নির্ধারণ করে,surprise,2
করোনার সময়ে বর্ণের গান মেডিসিন হয়ে আমার দিন যাপনে সহয়ায়ক হলো ঠাকুর ও তোমায় ধন্যবাদ ব্রাদার,joy,0
চুয়েটের প্রোগ্রাম এইরকমই হয় এর চেয়ে ভালো হয়না হ্যাঁ চুয়েটের জন্য খাটাখাটুনি করা সিনিয়র জুনিয়র শিক্ষকদের জন্য কষ্ট হয় তারা খাইটা মরে তেলবাজরা মজা নেয়,disgust,3
দিদি কি ভুল ভাল বলছো ৩০০ টাকা দিয়ে ঐ পাগলের ভিডিও দেখে নাকি ,surprise,2
জীবনটার এখন কোনো মূল্য নাইসময় কম লাগবে দেখে আস্তে আস্তে করে বেড়ে উঠা জীবনটাকে আমরা এক সেকেন্ডে বলি দিতে রাজিমেন্টালিটি সম্ভবত আমাদেরই নিচের দিকে যাচ্ছে,disgust,3
সোনার ছেলেদের কাজ বুঝাই যাইতেসে নিজেরা কিছু করতে পারতেসে না অন্যরেও করতে দিবনা,disgust,3
বিনোদনের জন্য এ জায়গাটা অনেক ভালোলাগে আমার ধন্যবাদ ভাইয়ারা এতো খারাপ সময়ের মধ্যে কিছু বিনোদন দেওয়ার জন্য 😍😍😍,joy,0
ধর্মনিয়ে এতো চুলকানি কেনোবড় মুহাদ্দিস হয়ে গেছেন দেখিমাহফিলে নেমে যানা হুজুর দিয়ে কি ইসলাম চলে কুরান  সুন্নাহ দিয়ে ইসলাম চলে বুঝছেন,anger,4
তাহসিন ভাই আপনি ফাহমির মতো জানোয়ারকে ভাই বলে সম্বোধন করে ভাইদের অপমান করেন কেন,disgust,3
এক সপ্তাহ বন্ধ থাকার পর মোহাম্মদপুরের জাকির হোসেন রোড–সংলগ্ন খেলার মাঠে আবারও মেলা বসেছে এতে ক্ষোভ প্রকাশ করেছেন এলাকার বাসিন্দারা তাঁরা অভিযোগ করে বলেছেন ঢাকা উত্তর সিটি করপোরেশনকে ডিএনসিসি অনেকটা চ্যালেঞ্জ ছুড়ে দিয়ে খেলার মাঠে মেলার আয়োজন করা হয়েছে,anger,4
মাশাআল্লাহ্ বালাম ভাইয়ের voice টা অনেক সুন্দর উনার ভক্ত হয়ে গেলাম সাথে সাথে,joy,0
তোমার ছুটির দিনগুলি যেন ভরে ওঠে অনেক অনেক ভালো সময়ে মিষ্টি স্মৃতিতে যেন সেজে ওঠে তোমার নতুন বছর আর বড়দিনের আশীর্বাদে তোমার জীবন যেন হয়ে ওঠে আলোকজ্বল শুভ বড়দিন,joy,0
সিবিলের এই অবস্থা দেখে ক্ষিপ্ত হয় ডরিয়ান তার সাথে সম্পর্ক ত্যাগ করে সে,anger,4
নিম্ন মানের হেড লাইন প্রথম আলোটাকে আমরা ফলো করি এমন সস্তা লাইক সেয়ারের জন্য ছোটাছুটি এই প্রতিষ্ঠানের মানায় না,disgust,3
তাইলে মাস শেষে যেই ট্যাক্সটা দেই সরকারকে ঐটা কি চা নাশতা খাওয়ার জন্য না জন্মদিনের কেক খাওয়ার জন্য,disgust,3
পরদিন সবাই ছাদে উঠে দেখে অরুণের লাশ পরে আছেসবাই অবাক হয়ে গেলেন এবং কান্নায় ভেঙে পড়লেন,sadness,1
তোমাকে দেয়া হলো জনগণের সুরক্ষার দায়িত্ব আর তুমি ওদের জ্বালিয়ে দিবে বাহ্ ভালো তোআদর্শ রাষ্ট্রপ্রধান হতে,disgust,3
মহিলাটিকে দেখে আর ত্রয়ী নামটা শুনে আমার কয়েকটা হার্টবিট মিস হয়ে গেলো আরেহ এ যে নিটোল,surprise,2
এইটা আমার আনন্দ যে শিহাব আমাকে ভালবাসে ও আমার বন্ধুপ্রেমিকবর  একটা অচেনা দেশেঅচেনা ভাষার মধ্যে যে স্বস্তি ও আমাকে দিয়েছে সেইটা কখনো বোঝানো সম্ভব না এমন হতেই পারতো যে আমি বিদেশে একা বসে থাকতাম আর ও ওর প্রিয় টং দোকানের চা খেতোতার বদলে এই মূহুর্তে সর্ষের তেলের আলু দেয়া তেহারি খাবো দুইজনে এইটাই আমার সব,joy,0
এই ভিডিওগুলো তাদেরকে দেখা উচিত যারা নাকি দেশটাকে লুটপাট করে খাচ্ছে দেশের সরকার এগুলো দেখে না মানুষের অভিশাপে ধ্বংস হয়ে যাবে,anger,4
কেমনে বানাইলেন ভাই মনে হইতেছিল পুরোটাই বাস্তব একটা মুভি রিভিউ মনে হচ্ছিল ডিপজলই extraction মুভির ভিলেন ,surprise,2
রুনা খান জয়া আহসান তিশা উনার আসছে মেধা দিয়ে ফারিয়া মারিয়া এগুলা ফেসবুক সেলিব্রেটি এরা শারীরিক সম্পর্ক দিয়ে আসবে এটাই স্বাভাবিক  প্রতিবাদ কখন করে যখনই দেখে খাইয়ে দেয় কাজ দেয় না তখন প্রতিবাদ করে,disgust,3
আমার ধ্যান ভেঙ্গে গেল আমি চমকে আমার পিছনে ফিরলাম,surprise,2
ফালতু গানআমি তো  Dislike Like দিছি😎😎😎😎সালা আবাল মারকা গান,disgust,3
সে হাঁটতে হাঁটতে হঠাৎ একটা চিতার লাশ দেখতে পেলো চিতার গায়ে তীর গাঁথা চিতার রক্তগুলোও তাজা লাওহেস এর ভয়ে কেউ এখানে শিকারে আসেনা তাহলে এই চিতার শিকার করলো কে,fear,5
এই কথাটা শুনে পুরোই আৎকে উঠলো সে  সে কল ধরার পর মায়ের কাছ থেকে এই রকম কোন কথা শোনার জন্য মোটেও প্রস্তুত ছিলো না,fear,5
আমরা খুবই অবাক হয়ে জানতে পারলাম ফিলিপাইনের ক্যাসিনোতে ৮০ মিলিয়ন ডলার নিয়ে হাজির হলেও সেটি কীভাবে কীভাবে জানি পুরোপুরি অদৃশ্য হয়ে যায়– সেটাকে আর কোনোভাবে খুঁজে পাওয়া যায় না,surprise,2
কানাডার টরন্টো শহরের মারখাম এলাকার ক্যাসেলমোর অ্যাভিনিউয়ের একটি বাসা থেকে গত রোববার চারজনের মৃতদেহ উদ্ধার করেছে স্থানীয় ইয়র্ক রিজিওনাল পুলিশ এরা সবাই বাংলাদেশি বংশোদ্ভূত বলে জানা গেছে,sadness,1
পরের দিন সকাল ৭ টায় বাবা আমাকে ডেকে ঘুম থেকে উঠিয়ে দিল কি যে বিরক্ত লাগছিল মাত্র ২০০ টাকার জন্য এতো সকালে ঘুম থেকে উঠতে হবে,disgust,3
শব্দমেট্রো একটা ভালোবাসার জায়গা♥ গতকাল ৩০০১২০২০ এ শব্দমেট্রো এর সব টিম এর মেম্বাররা একটা অন্যতম সুন্দর দিন কাটিয়েছি বুদ্ধি টা প্রেসিডেন্ট Sakib Ul Alam এর ছিল☺,joy,0
যে সমস্ত বস্তা পচা সিনেমা করা হয় তাতে হল বন্ধ হওয়াই উচিত,anger,4
থাকবে কি করে সব আওয়ামী লীগের চোরেরা লুটপাট করে সব শেষ করে ফেলেছে জনগণ বাচলো না মরলো সেটা ওদের দেখার বিষয় না,disgust,3
 জিম্বাবুয়ে আফগানওমানহংকং এর সাথে জেতার থেকে ওদের সাথে হারলে বেশি খুশি হই এখন😐কারণ বর্তমান টিম এটাই ডিজার্ভ করে এখন,disgust,3
মেয়েটি ছেলেটাকে বলেছিলো  তোমার চোখগুলা অনেক সুন্দর আজ থেকে এই চোখের দিকে তাকানোর অধিকার শুধু আমার ,joy,0
একমাত্র মেয়েটা অনার্স সেকেন্ড ইয়ারে সুইসাইড করে ফেলে প্রেমিক নেশাখোর জানতে পেরেএক পৃথিবীর একাকীত্ব নিয়ে তিনি চলে আসেন এইখানে,sadness,1
এত ভালো একটা ঘোড়াকে এভাবে ছেড়ে দেওয়া হচ্ছে এরকম অনভিজ্ঞ আর দুর্বল লোক থাকলে এরকমই হয় পেছন থেকে চিৎকার করে উঠলেন যুবরাজ,disgust,3
হাসপাতালগুলা রোগী নেয়না আমার বাবার বন্ধু মারা গেলেন বিনা চিকিৎসায় ক্যান্সারের পেশেন্ট ছিলেন করোনার না লোকটার অক্সিজেনের দরকার ছিলো তিনটা হাসপাতাল ফিরায় দিলো পরে চতুর্থ হাসপাতালে নিতে নিতে দম শেষ,sadness,1
স্ক্রিপ্ট কালেক্ট এবং সবকিছু নিয়ে নতুন গল্প সাজানো  এক কথায় জাস্ট অসাধারণ ❤❤,joy,0
সিরিজ  বাদ  দিয়ে  কি  তোর  জামা  পড়া  নাচ  দেখতে  আইসি  শালা ,disgust,3
প্রায় সব প্রচলিত ধর্মেই শান্তি ও মানবতার কথা বলা হয়েছে যদিও কোনো ধর্মের অতীত ইতিহাসই সে স্বাক্ষ্য দেয় না প্রচলিত প্রায় সকল ধর্মই শক্তি এবং প্রতিশোধ স্পৃহা দিয়েই প্রচার ও প্রসার লাভ করেছে যদিও অধিকাংশ ক্ষেত্রেই গোষ্ঠী কিংবা ব্যক্তির নিজস্ব স্বার্থ উদ্ধারের কাজে ধর্ম ব্যবহ্নত হয়েছে,disgust,3
বাংলাদেশের থিয়েটার অঙ্গনের পরিচিত মুখ ইশরাত নিশাত মারা গেছেন ইন্না লিল্লাহি ওয়া ইন্না ইলাইহি রাজিউন গতকাল রোববার রাত সাড়ে ১১টায় গুলশানে বোনের বাসায় হৃদ্‌রোগে আক্রান্ত হয়ে শেষনিশ্বাস ত্যাগ করেন তিনি তাঁর বয়স হয়েছিল ৫৬ বছর,sadness,1
জিকু নামের দোকানের মালিক নজরুল ইসলাম বলেন ঈদে কৃষকেরাই দোকানে বেশি খরচ করেন গত ঈদের সময় প্রতিদিন দুইআড়াই লাখ টাকার কাপড় বেচতাম এবার ধানের দাম কম হওয়ায় সপ্তাহেও কৃষকের দেখা নেই কৃষক নেই তাই দোকানের বিক্রিও কম,sadness,1
কিছুক্ষণ আগে লক্ষ্য করলাম কিছু মানুষ বাঙলাদেশের পাসপোর্টে লেখা  ALL COUNTRIES OF THE WORLD EXCEPT ISRAEL লেখাটি শেয়ার করছে অবাক হলাম এই সব মানুষই ৩দিন আগে মানবতা নিয়ে উচ্চবাচ্য করছিলো,surprise,2
যে ৩৮ জন আনলাইক করিয়াছে তারা শ্রবনক্ষমতা হারিয়েছে ,anger,4
এবার ধানের ফলন ভালো হলেও বাজারে দাম নেই বাজারে ধান বিক্রি করে উৎপাদন খরচই উঠছে না,sadness,1
সাংবাদিক ভাই হাসি পাই আপনাদের নিউজ দেখলে ঢাকা চট্টগ্রাম কক্সবাজার প্রথ্যেক জায়গার হোটেল গুলোতে পতিতা ব্যাবসা হয় কয়টার নিউজ এ পরযন্ত করছেন,disgust,3
দোকানের ছেলেটার কথা শুনে মনে হচ্ছিলো ওর গালে একটা সজোরে থাপ্পড় মারি কিন্তু ওরই বা কি দোষ দোষ তো আমার বাবা মার কারণ উনারা আমাকে জন্ম দিয়েছে,disgust,3
ওবাইদুল কাদেরজাহিদ মালেক বার বার বলছে করোনার চেয়ে আওয়ামীলীগ বেশি শক্তিশালীকরোনাভাইরাস কোভিড১৯ এর মোকাবেলা করতে প্রস্তুত তারাআর বাস্তব এ এসে এখন প্রতি হাসপাতাল এ পর্যাপ্ত সরঞ্জাম নাইএদের কে কি জনগন গণপিটুনি দিতে পারে না🤬🤬🤬,anger,4
ভাইয়া ভালো গল্প তো আমাদের কাছে আছেবাট আমরা প্রকাশ করতে পারি না 😢আমাদের জন্য একটু কাজ করেনভালো ছবি আমরা উপহার দিবো☺,sadness,1
বাচ্চাটা খুব জোরে এসে পড়েছিল নীচে  বাচ্ছাটা তখন ভয়ে ক্ষীণস্বরে কাঁদছিলো,fear,5
ঢাকার মঞ্চেই যেন দেখা গেল বলিউডের খ্যাতিমান নায়িকা মীনা কুমারী মধুবালা রেখা শাবানা আজমি মাধুরী দীক্ষিত ও দীপিকা পাড়ুকোনের নাচগুলো ঢাকার নৃত্যশিল্পীরা গতকাল শনিবার সন্ধ্যায় এই নায়িকাদের নাচগুলো উপস্থাপন করলেন,joy,0
প্রতিদিন রাত জেগে চ্যাটিং করা ছেলেটাও চায় তার হুবু বউয়ের যেন ফেসবুক আইডি না থাকে  কি আজব চিন্তাধারা ভাবা যায়,disgust,3
বেটা জেলের বাচ্চা  তুই কি জানিস আবহাওয়ার খবর  আর আমাকে কি মূর্খ পেয়েছিস আমি খবর জেনে তবেই এসেছি ,anger,4
ছেলেটা অবাক হয়ে চেয়ে আছে জামান আবার প্রশ্ন করলো বলো ন্যাটোর সদর দপ্তর কোথায় অবস্থিত,surprise,2
ঢাকা মহানগর দক্ষিণ যুবলীগের সহসভাপতি এনামুল হক আরমান তিনিও বহুল আলোচিত ক্যাসিনো কাণ্ডের অন্যতম হোতা সামান্য লাগেজ বিক্রেতা থেকে ক্যাসিনো ব্যবসা করে কোটি কোটি টাকার মালিক বনে গেছেন এই আরমান,surprise,2
নাটোরে সব লুচা আর বাবা গাজা খাওয়া লোক বসবাস করে থাকেএখন অনেকে বলবে আমাকেও পাবনা দিয়ে আসা হোক,disgust,3
বিভিন্ন তারকা হোটেলে বাংলাদেশে অবস্থানকারী বিদেশি কিছু অতিথি দীর্ঘ মেয়াদে অবস্থান করেন করোনা–আতঙ্কে তাঁরাও চলে যাচ্ছেন এ অবস্থা চলতে থাকলে হোটেলগুলো একেবারে অতিথিশূন্য হয়ে পড়বে,fear,5
যা দেখলাম আমি জানি আপ্নারা বললে বিশ্বাস করবেন নাভয়ংকর দর্শন এক মহিলা কুতসিত দাতগুলো বের করে আমার দিকে তাকিয়ে ছিলো,fear,5
১৬ বছরের নিচে কেউ ধর্ষণের শিকার হলে সে ক্ষেত্রে ধর্ষকের সর্বোচ্চ শাস্তি মৃত্যুদণ্ড কেন দেওয়া হবে না তা জানতে চেয়ে রুল জারি করেছেন হাইকোর্ট পাশাপাশি ধর্ষণের ঘটনায় কারও মৃত্যু হলে সে ক্ষেত্রে আইনে মৃত্যুদণ্ডের পাশাপাশি যাবজ্জীবন সাজার যে বিধান রয়েছে সেখান থেকে যাবজ্জীবন উঠিয়ে দিতে সরকারের নিষ্ক্রিয়তা কেন অবৈধ হবে না রুলে তাও জানতে চাওয়া হয়েছে,anger,4
কুষ্টিয়ায় ট্রাকচাপায় পারভেজ ২৬ নামে এক মোটরসাইকেল আরোহী নিহত হয়েছেন বলে জানা গেছে মঙ্গলবার সন্ধ্যায় কুষ্টিয়াপাবনা মহাসড়কের তালবাড়িয়া এলাকায় এ দুর্ঘটনা ঘটে নিহত পারভেজ সদর উপজেলার জুগিয়া এলাকার হাফিজুর রহমানের ছেলে কুষ্টিয়ার মিরপুর থানার ওসি আবুল কালাম জানান পেছন দিক থেকে আসা ট্রাক তার মোটরসাইকেলটিকে চাপা দিয়ে পালিয়ে যায় এতে পারভেজ ঘটনাস্থলেই মারা যান,sadness,1
কিরে বৃষ্টি নিয়া তোমাগো স্টেটাসটিকটকগাননাচহাগামুতা কইঘুম থেকে উঠে এভাবে হতাশ হয়ে যাবো ভাবিনাই🙄,disgust,3
মিথি আচমকা ঘুম থেকে জেগে বোকার মত হা হয়ে রইলো,surprise,2
অতি সম্প্রতি নিউজিল্যান্ডের ক্রাইস্টচার্চে এক উগ্র শ্বেতাংগ জাতীয়তাবাদী পবিত্র মসজিদে নামাজরত নিরীহ মানুষকে যে ভাবে হত্যা করেছে তার নিন্দে ও ঘৃণা জানানোর ভাষা নেই সারা পৃথিবী এ হত্যাকান্ডের ভয়াবহতায় শিউরে উঠেছে ঠিক এ রকম কান্ডজ্ঞানহীন হত্যাকান্ড এ বিশ্ব প্রত্যক্ষ করছে যুগ যুগ ধরে পেছনের কারণ অধিকাংশ ক্ষেত্রেই ধর্মান্ধতা কিংবা উগ্র জাতীয়তাবাদ,disgust,3
লম্বা লম্বা চুলের গান আসিলো এইটা  কিন্তু শারিরীক ঝাকুনি ছাড়া আর কিছুই দেখলাম না,disgust,3
কিন্তু বইটাকে তখন কেউ কেউ সহজেই ধর্মবিরোধী হিসাবে অভিযুক্ত করতে পারে সেই আশংকা সামনে আসলো শেষ পর্যন্ত কন্ট্রোভার্সি এড়িয়ে যাওয়ার স্বার্থে সেই প্রস্তাব তুলে নিলাম,fear,5
আমার শৈশবটা কেটে গেছে দুঃখমেশানো আনন্দেআনন্দে যতই দিন যাচ্ছে সেই আনন্দের পরিমাণ কমে আসছে আমি জানি একসময় আমার সমস্ত পৃথিবী দুঃখময় হয়ে উঠবে তখন যাত্রা করব অন্য ভুবনে যেখানে যাবতীয় আনন্দ বেদনার জন্ম,sadness,1
এ পথ্য শিশুর অপুষ্টি দূর করতে সাহায্য করবে তা ছাড়া এটি অন্ত্রে এমন এক ধরনের উপকারী ব্যাকটেরিয়া তৈরি করবে যাতে শিশুর শরীর সহজে পুষ্টি শোষণ করতে পারবে দেশি উপাদানে তৈরি বলে শিশুর খাদ্যরুচি পরিবর্তন নিয়ে পুষ্টিবিদদের শঙ্কাও এতে দূর হলো,surprise,2
আধুনিক সমাজে সবচেয়ে বড় সমস্যা একাকীত্ব বিয়ে করেও একা না করেও একা,sadness,1
আমার সবচেয়ে বেশি আনন্দ হত যখন মনে পড়ত যে ড আতিউর রহমান ঠিক আমার মতো একজন বিশ্ববিদ্যালয়ের শিক্ষক,joy,0
হ্যা আপনারে অবশ্যই কিছু বলার আছে আপনে এতো আবাল হইয়া বাইচা আছেন কেমনে অবশ্যই বলার আছে আপনাকে কোথায় দেখেছিলাম প্রথম বলতে চাই সেই দেখা না হইলেই ভালো হইতো,anger,4
দাদা অামি বাংলাদেশ থেকে বলছি তোমার ভিডিও গুলো এক কথায় বলতে গেলে অসাধারণ হাসতে হাসতে পেট ব্যাথা হয়ে গেছে আর পারতেছি না🤣🤣🤣🤣🤣,joy,0
ব্রাজিলআর্জেন্টিনা ম্যাচ খানিকটা নাটক রোমাঞ্চ না হলে কি চলে হোক সেটা প্রীতি ম্যাচ সুযোগ পেয়ে কাজে লাগাতে পারেনি ব্রাজিল আর্জেন্টিনাও অল্পের জন্য রক্ষা পেয়েছে,surprise,2
দ্বিতীয় বিশ্বযুদ্ধ বা অক্ষশক্তি মিত্রশক্তি সম্পর্কে বিন্দুমাত্র ধারণা না রেখেও গ্রামের সাধারণ মানুষ প্রত্যক্ষ করে এক ভয়াবহ মানবসৃষ্ট দুর্ভিক্ষ,sadness,1
এক নাপিতের কোটিপতি হওয়ার গল্প শুনে আপনি অবাক হবেন ,surprise,2
এমন সুন্দর গানেও ২০ টা ডিজলাইক মানুষ পারেও বটে অবাক হই শুধু,surprise,2
মার্কিন যুক্তরাষ্ট্রে ৯০ জনের বেশি নারীকে হত্যার দায় স্বীকার করেছে এক ব্যক্তি ৭৯ বছর বয়স্ক এই ব্যক্তির নাম স্যামুয়েল লিটল তাকে যুক্তরাষ্ট্রের ইতিহাসের সবচেয়ে ভয়ঙ্কর খুনি হিসেবে চিহ্নিত করছে মার্কিন কেন্দ্রীয় গোয়েন্দা সংস্থা ফেডারেল ব্যুরো অব ইনভেস্টিগেশন এফবিআই,fear,5
ইট আর সিমেন্ট এর দেয়ালে মানুষের এক চিলতে ভালোবাসা আমাদের বাঁচতে শেখায় বাঁচাতে  শেখায় আল্লাহর কাছে প্রার্থনা করি যেন সুখে থাকো ভালো আর সুস্থ থাকো,joy,0
অতিথিরা সম্মাননাপ্রাপ্ত গুণীজন অভিনয়শিল্পী আফজাল হোসেন এবং আবৃত্তিশিল্পী প্রজ্ঞা লাবণীর হাতে তুলে দেন উত্তরীয় একগুচ্ছ কবিতার বই সম্মাননা পদক এবং সম্মাননা আর্থিক মূল্য ১০ হাজার টাকা,joy,0
ছো‌টো বেলায় শু‌নে‌ছিলামবাবামার ভা‌লো সন্তান কখ‌নো পু‌লিশ হয়নাখারাপটায় হয়কথাটা দেখ‌ছি ১০০ সত্যি,disgust,3
পথ খুঁজে যায় পথের সীমানায় আমার ঝাপসা চোখের বারান্দাতে দীর্ঘ শ্বাসের জল আমার মুঠোয় বন্দী এখন শুধুই স্মৃতির শতদল,sadness,1
ওয়ানডে ও টিটোয়েন্টির কিংবদন্তি হয়েই ক্যারিয়ার শেষ করবেন রোহিত শর্মা এমনটাই ভাবা হচ্ছিল ছোট সংস্করণে ইনিংস উদ্বোধন করে অসংখ্য রেকর্ড গড়া এই ব্যাটসম্যান টেস্ট দলের মিডল অর্ডারে জায়গা করতে পারছিলেন না অনেক বিতর্ক জন্ম দিয়ে টেস্টে এই প্রথম ইনিংস শুরু করতে নেমেছিলেন রোহিত সুযোগ মিলতেই রেকর্ডের পর রেকর্ড দখলে নিয়েছেন,surprise,2
ভবিষ্যতে পরবর্তী জেনারেশনের কাছে গর্ব করে বলতে পারবো আমাদের একজন তামিম আর একজন পারভেজ ছিলো ধন্যবাদ তামিম আর পারভেজ কে,joy,0
অবাক করার বিষয় হলো মারাঠারা তিনদিন খাবার না খেয়েও একের পর এক আবদালির সেনাদের মারতে থাকে,surprise,2
ইতালিফেরত এক যুবকের ক্ষোভ নিয়ে বিভক্ত হয়ে পড়েছিল বাংলাদেশ তিনিসহ আরও অনেক বাংলাদেশি যাত্রী প্রায় ২০ ঘণ্টা ভ্রমণ করে দেশে এসেছিলেন আরও কয়েক ঘণ্টা আনুষ্ঠানিকতার পর তাঁদের নেওয়া হয় আশকোনা হজ ক্যাম্পে করোনা সন্দেহে তাঁদের কোয়ারেন্টিন করার কথা বলা হয় সেখানে অনেকেই ক্ষিপ্ত হয়ে ওঠেন এতে,anger,4
ঐ শব্দের ভিতর কেমন একটা পৈচাশিক ভাব আছে মনের ভিতর আচমকা একটা ভীতি ভাব জন্মে,fear,5
বরফের পিছে বাশঁ দেওয়ার নাম আইচক্রীমজনগণের পিছে বাশঁ দেওয়ার নাম  দিছে  গণতন্ত্র,anger,4
আপনাদের ত্যাগের তুলনায় আমাদের এই চেষ্টা খুবই নগন্য হয়তো অমূলক তবুও আপনাদের পাশে রাখলে কৃতজ্ঞ থাকবো,joy,0
চলতি মাসে দেশের ওপর দিয়ে তিন থেকে চারটি কালবৈশাখী বয়ে যেতে পারে এর মধ্যে অন্তত দুটি ঝড় মাঝারি মাত্রার তীব্রতা নিয়ে আঘাত হানতে পারে আবহাওয়া অধিদপ্তর এমন পূর্বাভাস দিয়েছে,fear,5
ভাইরে ভাই গাজা খেয়ে সিনেমা বানালেও এতো বাজে সিনেমা বানানো সম্ভব না এরা আসলে কি খায়,disgust,3
একটা প্যাঁচা ডেকে উঠল একটা ডাক যে ঐ পরিবেশে এতটা ভয়ের অনুভূতিকে নিয়ে আসতে পারে তা কেবলমাত্র ভুক্তভোগীই উপলব্ধি করতে পারবে,fear,5
কাউকে মেরে ফেলতে চান তাহলে তাকে খুব ভালোবাসুন তারপরে আস্তে আস্তে অবহেলা করতে শুরু করুন তার পর হঠাত করে হারিয়ে যান দেখবেন সে জিন্দা লাশ হয়ে গেছে,sadness,1
কারা অধিদপ্তরের উচ্চপর্যায়ের একাধিক সূত্র বলেছে ঢাকার বাইরে ৬৫টি কারা হাসপাতালে চিকিৎসক নেই সেখানকার বন্দীদের চিকিৎসার জন্য বাইরের হাসপাতালে পাঠানোর একধরনের যুক্তি রয়েছে,disgust,3
তোর মত কাউয়াকাক যদি উপস্থাপনা করে তাহলে অনুষ্ঠানে যে কয়জন মানুষ আসবে সেই মানুষগুলোও পালাবে,disgust,3
কাপ্তাই হ্রদের পানি কমতে শুরু করেছে মাছ শিকারে শুরু হয়েছে পাখিদের আনাগোনো,joy,0
ভোর হলো দোর খুল চোখ মেলে দেখরে  রোযা শেষ রোযা শেষ ঈদ চলে এল রে  নতুন জামা পড়বো রে হাসি খুশি থাকবো রে  ঈদ চলে এল সবার দুয়ারে  শুভেচ্ছা রইলো সবাইকে ঈদ মোবারক ,joy,0
হারিয়ে যাওয়া আরশি খানাযায় কি তা আর ফিরিয়ে আনা ,sadness,1
এইসব তো একটু আধটু পড়তে হয় রে মদন সবকিছু নিয়ে ফাতরামো চলেনা মূর্খতারও একটা সীমা থাকতে হয়,anger,4
 বিগত ১৩০২২০২০ইং তারিখে কতিপয় উশৃঙ্খল শিক্ষার্থী কর্তৃক আমার অফিস কক্ষের সামনে আমারসহ আরও কিছু শিক্ষকদের নামফলক ও জানালার কাচ ভাংচুর করা হয় যা আমার গায়ে হাত তােলারই সমতুল্য,disgust,3
যুক্তরাজ্যের ডিউক অব সাসেক্স প্রিন্স হ্যারি ও তাঁর স্ত্রী ডাচেস অব সাসেক্স মেগান মার্কেল তাঁদের রাজকীয় উপাধি আর ব্যবহার করতে পারবেন না বাকিংহাম প্রাসাদের পক্ষ থেকে গতকাল শনিবার এ তথ্য জানানো হয়েছে চলতি বছরের বসন্ত থেকেই এটি কার্যকর হবে,surprise,2
দেশের প্রতিটি গণমাধ্যমে বারবার অপ্রস্তুত ও অপ্রতুল ব্যবস্থা উঠে আসছে সরকারের এই হাল হলে আমাদের সৃষ্টিকর্তার উপর  ছেড়ে দেওয়া ছাড়া আর উপায় নেই,fear,5
আগামীকাল আমি যাব  ঢাকা কলেজ  সিটি কলেজ এবং ধানমন্ডি আইডিয়াল কলেজ এর ১০০  ১৫০ জন নিয়ে  সবার হাতে ক্যামেরা বা মোবাইলে ভিডিও চালু থাকবে  দোকানের কেউ টু শব্দ করলে ওদের নিস্তার নেই  ওপেন চ্যালেন্জ করলাম নকল হাজীর বিরিয়ানীকে ,anger,4
আসুন সবাই আল্লাহর পথে চলি আল্লাহ যা করে সব ভালোর জন্যই করে হয়তোবা আল্লাহ আমাদের জন্য অনেক বড় উপহার রেখে দিয়েছেন,joy,0
বিগ বিসের সেরা জুটি সিডনাজ❤দুজনকে একসাথে কি সুন্দর লাগে😘,joy,0
তাহসিন ভাই জাকির নায়ক এর কথা গুলা নিয়ে এখন প্রায় মুসলিম মানুসঈ হিন্দুদের নিন্দা করে হিন্দুদের আর মুসলিম আর বাকি ধর্ম তাদের কি আলাদা আলাদা খুদা বানিয়ে ছেন সবাই কে ১জন ই তহ বানিয়েছেন,sadness,1
খুব সুন্দর গান মনের  প্রতিটি কোন ছুয়ে যায়,joy,0
চট্টগ্রাম কিন্তু ভয় আর কষ্টের বিষয় হচ্ছে এই শহরও ঢাকার মত পরিণতির দিকে আগাচ্ছে,sadness,1
মিথিলার মেয়ে কোন দিকে হিসু করছে ওইসব বালের নিউজ কইরা বসে থাকো আর মানুষ জনকে বলবে তোমাদের পত্রিকা পড়তে পাব্লিক তুদের মত আবাল না,anger,4
নিজেকে শান্তনা দিলাম হয়তো রাত জেগে পড়ার ফলে উল্টা পাল্টা শব্দ শুনছি ছাদ তালা দিয়ে নামার জন্য পেছন গুড়তেই চমকে উঠলাম ,surprise,2
ঠিকানা মতো পৌঁছে কলিংবেল বাজালেন আদিল দরজা যে মহিলা খুললেন উনি পুলিশ দেখে চমকে উঠলেন,fear,5
আরেহ বলদ বাংলাদেশ ক্রিকেট বোর্ড যে জিম্বাবুয়ের সাথে জিতায়া দেশের জনগন কে বলদ বানায় এইটাও বোঝো নানিজের বলদ হওয়াতে খুব গর্বিত মনে হচ্ছে তোমারে ছাগল কথাকার,anger,4
আমি মাথা নামিয়ে বালুতে মুখ গুঁজলামমুখ গুজেই জোরে জোরে কাঁদছি তবে বালুগুলো সব পানি টেনে নিচ্ছেনিজেকে পাগল মনে হচ্ছিলোভয়ে জোরে জোরে খিঁচুনি দিচ্ছিলো শরীরটাজীবনের প্রথম এমন পরিস্থিতির শিকার হয়েছি,fear,5
জি রুবানা হোক অমানুষের মত কাজ করেছেন কিন্তু নারী হওয়ার পরেও ওয়েম্যান চাপ্টার তার পিছনে লেগেছে কেনো কারণ কয়েকদিন আগে নারী দিবস নিয়ে তার করা মন্তব্য নিয়ে যা এখনো তাদের গায়ের জ্বালা মিটে নাই,disgust,3
এডমিনদের প্রতি অনুরোধ কোন পোস্ট যাতে ডিলিট না করে সবাইকে কথা বলার সুযোগ দিতে হবে সত্য প্রকাশিত করতে হবে আলোচনা ছাড়া কোন পোস্ট ডিলিট করলে এডমিন প্যানেল থেকে বাদ দেওয়া হতে পারে,anger,4
বন্দি পটল তোলার আগে কাজ সেড়ে নেয়ার জন্য যথেষ্ট সময় যেন আমি পাই ওদের নিষ্ঠুরতায় ভড়কে গেলাম আমি,surprise,2
এক দেখতাম আযাহারীর পোষ্টে বলদা মার্কা কমেন্ট আর কোন হিন্দু নবিকে কুটক্তি করলে সারা দেশে আন্দলন ভালো আর কোন আলেম নবিকে কুটক্তি করলে হিন্দুর চেয়ে বেশি গুনা হয় তার সাথে সবাই সহমত আর এই দেখলাম একটা পোষ্ট বাবা মার সুখইতো প্রকৃত সুখকুলাঙ্গার সন্তান কোন আকাশ থেকে আসলা,anger,4
কিন্তু এই যুগে তা ঠিকই বটেপপুলারিটির জন্য নয়বরং অপর ভাইদের ইন্সপায়ার করার জন্য কাজটা আমার কাছে ঠিকসাহায্য করতে থাকুন ভাইপাশে আছি ইনশাআল্লাহ,joy,0
ওসব আকাশকুসুম ভেবে সময় নষ্ট করে লাভ নেই বাস্তবে ফিরে এস,disgust,3
ইনি যে এত বড় ব্যক্তিত্ব অর্থনীতির বর্তমান দিকপালদের একজন এটা পুরো সেমেস্টারে তাঁর পাশের সীটে বসে ক্লাস করেও বুঝতে পারিনিজানিও নি যে অমর্ত্য সেনের সাথে সাথে আরেকজন নোবেল বিজয়ী একই ক্লাসে আমাদের পড়াচ্ছেন কেউ জানানোর প্রয়োজনও বোধ করেনি,surprise,2
টমাস আলভা এডিসন একজন ছিল এক মেধাহীন শিশু একজন অসাধারণ মায়ের প্রেরণায় সে হয়ে উঠে আশ্চর্যময় সেরা মেধাবী,surprise,2
যাদের কাছে ভালো হবার জন্য সকলের কাছে খারাপ হয়েছি আজ তাদেরই চোখে আমি নিকৃষ্ট,disgust,3
ভাই তুই এই জন্তুর টা খুঁজে পেলি কোথা থেকে ইউটিউব থেকে এ আবার বিশ্বকবি কি বলব ভীষণ লজ্জা পাচ্ছে ,disgust,3
টানা এগারোবার বাংলাদেশের সর্বোচ্চ রফতানিকারকের স্বর্ণ ট্রফি অর্জন করেছে জাবের অ্যান্ড জুবায়ের ফেব্রিক্স রোববার প্রতিষ্ঠানের উপ ব্যবস্থাপনা পরিচালক মোহাম্মদ আবদুল্লাহ জাবেরের হাতে প্রধানমন্ত্রী শেখ হাসিনা এ পুরস্কার তুলে দেন,joy,0
ছোট থেকেই শুনতে হতোআমি আপুর মতো নাআমাদের বোন বলে মনে হয় নাবিয়ের অনুষ্ঠানে অথবা ফটো ফ্রেমে পরিবারের সবার মাঝখানে নিজেকে খাপছাড়া লাগতোসবাই ঠাট্টা করে বাবামাকে বলতোওকে দেখে বোঝা যায় না আপনাদের সন্তান কথাটা গায়ে কাঁটার মতো লাগতো,sadness,1
শোভন উপুড় হয়ে থাকা সাধুকে চিৎ করলো সাধুর চেহারা দেখে চমকে উঠলো সে,surprise,2
দুঃখমুক্ত জীবন যাপনের ইচ্ছা না থাকলে যা ঘটতে যাচ্ছে তাকে ঘটেই গেছে বলে মনে করতে হবে,sadness,1
আপনারা  এসব  করে  হীনোমোনোত্তর প্রমান দিচ্ছন জাস্ট  ইর্রিটেটেড   সকাল   থেকেই  দেখছি ,disgust,3
খারাপ ও লাগতেসে সেই মহিলা একা ভাড়া থাকেন শুনলামহয়ত দেখার ও কেউ নাই আল্লাহ এমন কঠিন পরিস্থিতি থেকে সবাইকে মুক্তি দিক,sadness,1
করোনা চিকিৎসায় চট্টগ্রামের অবস্থা ঢাল নেই তলোয়ার নেই নিধিরাম সর্দারের মতো দেশের দ্বিতীয় বৃহত্তম নগরী হলেও হাসপাতালে নেই আইসিইউ এবং ভেন্টিলেটর সুবিধা,anger,4
এক মিনিট তাদের জন্য যে  বলেছে যে রাশিয়া নামছে হাহাহাহা  আরে মানুষ আপনার তথ্যগুলি কেবল ভ্রান্ত আর হাস্যকর ,joy,0
আমি আর ত্রয়ী খেতে বসলাম মহিলাটি খেতে দিচ্ছে মহিলাই তো আমার থেকে নিম্নে হইলেও তো ৭ বছরের বড় সে না কি আমার বউ যত্তসব,disgust,3
চীন থেকে বাংলাদেশে গত ছয় দিনে সরাসরি যেসব ফ্লাইট এসেছে তার দুই হাজারের বেশি যাত্রীর স্বাস্থ্য পরীক্ষা করা হয়েছে এই পরীক্ষায় কারও মধ্যে করোনাভাইরাসের লক্ষণ পাওয়া যায়নি আজ রোববার ঢাকার হজরত শাহজালাল আন্তর্জাতিক বিমানবন্দর কর্তৃপক্ষ এই তথ্য জানিয়েছে,joy,0
চাকায় একটা ব্রেক চিলো ঐ চুইচ টা পা দিয়ে চাপ দিলে হতো ঐ খানে যারা চিলো বলদ মার্কা তাই এমন হলোঐখানে লোকগুলো দেখতেছে সবাই সহযোগিতা করলে এমন হতোনা সব শালারা ভিডিও করতেছে সব মাদারচোদ,anger,4
হালার পুত সাংবাদিক প্রধানমন্ত্রী বলছে বিরাট উপহার  বিরাট আর শ্রেষ্ঠ এখনও পার্থক্য শিখস নাই,anger,4
বাত্‌ ও শ্রবণপ্রতিবন্ধীদের জন্য ইশারা ভাষায় বঙ্গবন্ধু শেখ মুজিবুর বহমানের ঐতিহাসিক সাতই মার্চের ভাষণ ধারণ করেছে বেসরকারি মোবাইল ফোন অপারেটর গ্রামীণফোন,surprise,2
সে মোটেই ভাবতে বসছে না—আহা অমুক যে ভয়—কি তার রস কি তার আমেজ কি তার চলন— ভয়ই যদি হবো তবে অমনটাই হবো ,fear,5
অবাক হয়ে লক্ষ্য করলাম কেরিকে বেশ হাসিখুশি মনে হচ্ছিল এবং কোনো একটা বিষয়ে কথা বলতে বলতে চির শত্রু ফ্রেডের গায়ে ঢলে পড়ছিলেন,surprise,2
অথচ দিনশেষে যারা আমাদের আইডল হওয়ার কথাসেই ডাক্তাররা সেবা দিয়ে খায় গালিমাগনা গালি,disgust,3
অবশেষে ভাল মানের বাংলাদেশী কোন ইউটিউবার পাওয়া গেল😍,joy,0
তখন থেকে মাশাল্লাহ ছেলেটার একাগ্রতা দেখে অবাক হয়েছি রাতে ঘুমাতে যাওয়ার সময় দেখতাম ভাইটা পড়ছে মাঝ রাতে ঘুম ভাংলেও দেখতাম পড়ছে,surprise,2
গুলশান বনানী বারিধারা এলাকা লেক দিয়ে ঘেরা লেকগুলো ভাগাড়ে পরিণত হয়েছে নিয়মিত পরিষ্কার করা হয় না এতে মশার ওষুধ দিলেও তা কাজ করে না,anger,4
ব্রেকি সুপারস্টানার হাতে নিয়ে ক্লাস্রুমে ঢুকেছি কেউ এখনও আসেনি বাতি নেভানো বিশাল গ্যালারী জুড়ে নিশ্চুপ আলো আঁধারি আমি বাতি জালানোর সুইচ এ হাত রেখেছি মাত্র হঠাত মনে হল গ্যালারির এক কোনে একটা ছায়া মূর্তি দাড়িয়ে আছে ভালো করে তাকিয়ে দেখলাম ঠিক তাই নিশ্চল একটা ছায়ামূর্তি এই বিষয়ে আর কোন সন্দেহ নেই উত্তেজনায় আমার গায়ের লোম দাঁড়িয়ে গেল তাহলে কি সত্যিই ভূত দেখছি এও সম্ভব,surprise,2
উনার কথা শুনে আমরা পুরাই অবাক যেএত জোরে শব্দহলো আর আমাদের বাড়ির পাশের প্রতিবেশী কিছুই শুনতে পেল না,surprise,2
রাজশাহী পলিটেকনিক ইনস্টিটিউটের অধ্যক্ষকে তুলে নিয়ে গিয়ে পুকুরে ফেলে দেওয়ার ঘটনায় ক্যাম্পাসে একটি টর্চার সেলের সন্ধান পেয়েছে তদন্ত কমিটি ক্যাম্পাসের একটি ভবনের ১১১৯ নম্বরের ওই কক্ষ থেকে লোহার রড পাত ও পাইপ উদ্ধার করে পুলিশের হেফাজতে দেওয়া হয়েছে,fear,5
কবে আবার সুস্থ হবে নগরি কবে আবার যাওয়া হবেআদৌ কি হবে,sadness,1
সে জঙ্গলের ভেতরে কিছুদুর এগিয়ে অনুভব করলো কে যেনো তার পিছু নিয়েছে শাহিন সাহস করে পেছনে ফিরে দেখলো কিন্তু কিছুই নেই সে সামনে হাঁটার সময় পাতার মড়মড় শব্দ শুনছে কিন্তু পিছনে ফিরলেই কিছু নেই,fear,5
বাস্তবতা হল সংকট ভয়াবহ হলে দিন আনা দিন খাওয়া মানুষগুলো চরম বিপদে পড়বে,sadness,1
অনেক সুন্দর 🌸,joy,0
যাই হোক যেদিন চুয়েটে পরীক্ষা দিতে আসছিলাম গেট দিয়ে ঢুকেই মনে মনে ভগবান কে বলেছিলামপ্লিজ ভগবান আমি যেনো এখানে পড়তে পারি অবাক কান্ড পুরা কপাল জোরেই চুয়েটে চান্স পেয়ে গেলামকিন্তু আর্কিতে না,surprise,2
সামনে এখন আরেকটা বাড়ি রক্তাক্ত ধারালো ছুড়িটা নিয়ে এগিয়ে যাচ্ছে সেদিকে হাসিমুখে নতুন শিকারের খোঁজে,fear,5
নিখোঁজ হওয়ার ৪৫ ঘণ্টা পর ফরিদপুর মেডিকেল কলেজের পঞ্চম বর্ষের শিক্ষার্থী নয়ন চন্দ্র নাথের ঝুলন্ত লাশ উদ্ধার করা হয়েছে আজ শনিবার সকাল সাতটার দিকে ফরিদপুর সদরের মুন্সিবাজার এলাকা থেকে লাশটি উদ্ধার করা হয়,sadness,1
দেখি কংক্রিট ঘেষে বেড়ে উঠা সেই কুমড়া লতায় চারটি ফুল আড়ষ্টতা ভেঙ্গে সবে ফুটেছে তাজা ফুল আম্মারে দেখাতেই বললো খাবিঘরে থাকার এসব দিনে তাজা ফুল ভেজে দিলো আম্মা আহা,joy,0
অপূর্বভাবনা এবং তাকে প্রকাশ করার ভাষা এতো সুন্দর ও হতে পারে,joy,0
বাহ খুঁটিনাটি বিষয় প্রাধান্য দেয়া বন্ধন খুব কমই দেখা যায় এই পার্টনারশিপ দীর্ঘ হোক এটাই কামনা করি❤,joy,0
নিজেকে ওই মেয়েটার মায়ের জায়গায় কল্পনা করেন ভাবতে চাচ্ছেন না রাগ লাগতেসে অসহায় লাগতেসে এইবার চিন্তা করেন আপনার ভয়েস রেইজ করা উচিত কিনা,anger,4
ভয়ে হাতপা আমাদের শরীরের ভেতর সেঁধিয়ে যাচ্ছে আর কী আশ্চর্য ঠিক তখন শুনতে পেলাম বাসার পাশে যে গাছ সেই গাছের ডাল নড়তে শুরু করেছেজানালার মাঝে গাছের ডালগুলো জীবন্ত প্রাণীর মতো হুটোপুটি খাচ্ছে আমরা ভয় পেয়ে আর্তচিৎকার করে উঠি কী হচ্ছে কিসের শব্দ,fear,5
সেন্টমার্টিনে কাটানো প্রতিটি মুহূর্ত অসাধারণ ছিলো অসংখ্য সে মুহূর্ত থেকে ক্যামেরা বন্দী কিছু মুহূর্ত,joy,0
ভাই মিম দেখছেন ভাল সবাই মিম দিছে সবাইকে সমান চোখে দেখেন মাদ্রাসায় পড়ে এটা হাইলাইট করার কী দরকার ছিল কই কলেজে পড়ুয়াদের তো হাইলাইট করলেন না,anger,4
তাদের সেই ব্যারিকেড তাদের তল্লাশি চৌকিতাদের বর্ণবাদী দেয়াল সব টপকে আমি আমার মাতৃভূমিতে ফিরে যাবই আমি আরবের কালো মেয়ে আর আমরা আসছি যাবতীয় ক্রোধের সিঁড়ি বেয়ে,anger,4
ঘরের ভেতরে আমাদের নিঃশ্বাস ছাড়া আর কোনো শব্দ নেই হঠাৎ একটা বিচিত্র ব্যাপার ঘটতে থাকে মোমবাতিগুলো হঠাৎ করে নিভু নিভু হয়ে যায় আর একসঙ্গে সব মোমবাতি নিভে গেল,surprise,2
খুব মজা হলো আর সাথে হাসি সত্যি আগের সিনেমাতে মজা আছে,joy,0
রাজ আঙ্কেল তোমার মোবাইল বন্ধ দেখে বাড়ির ল‍্যান্ড ফোনে ফোন করেছিলেন তুমি তাড়াতাড়ি তৈরি হয়ে নাও সকাল দশটা নাগাদ আসবেন বলেছেন উনি আঙ্কেল কলকাতায় এসেছেন আমাকে তো জানান নি,surprise,2
আর  এত  টাকার  কাজই   বা  কিভাবে   করলো আজ  কাল  পার্লার  মানে  ডাকাত উনার  শরীর  কোথাও  ১২  হাজার  টাকার  কাজ  দেখলাম না ,disgust,3
ভাই এক কথায় যথেষ্ট সৃজনশীল,joy,0
তুমি খুব বুদ্ধিমান দাদা  তোমার নিজের মাএর প্রতি ভালোবাসো  শ্রদ্ধা আর অপর মায়ের প্রতি সন্মান প্রমাণ করে দিলো বাঙালিয়ানার মর্ম ,joy,0
কিছু দূর পার হতেই আলেকজান্ডার বুঝতে পারলেন এই ইন্দু আর অন্য পাঁচদশটা সাধারণ নদীর মতো নয় টাইগ্রিস আর ইউফ্রেটিস নদীর চেয়েও এর প্রবাহের গতি অনেক বেশি এমনকি এর উৎসস্থলও নীলের মতো অজানা,surprise,2
অভিনেতা হিসাবে দুজনি গুনি শিল্পী তবে চঞ্চল চৌধুরির অভিনযের পাশা পাশি ভাল সংগীত শিল্পী হিসাবেও খ্যাতি আছেপ্রথম আলোকে মজার দৃশ্যটি উপস্থাপনের জন্য অভিনন্দন,joy,0
তারপর হঠাৎ লক্ষ করলাম আমি ছাড়া বাসে আর কেউ নেই বাস ভর্তি মানুষ ছিল সবাই কখন নেমে গেল কিচ্ছু টের পেলাম না,surprise,2
পাবলিক ভার্সিটির টিচারের মত নোবেল প্রফেশন রেখে উনি ক্ষমতার মোহে হারিয়ে গেছেন সেই সাথে তার বিবেকবুদ্ধি ও মনুষ্যত্ব ক্ষমতার সাথে সাথে হারিয়ে গেছে,disgust,3
দেশের ক্রিকেটে সবচেয়ে বড় তারকা সাকিব আল হাসান অন্যদিকে প্রশাসনিকভাবে দেশের সবচেয়ে গুরুত্বপূর্ণ ব্যক্তি প্রধানমন্ত্রী শেখ হাসিনা দুজনের মধ্যে যোগাযোগটা নিবিড় এবং ধীরে ধীরে তা পারিবারিক পর্যায়ে উন্নীত হয়েছে,joy,0
বর সেই এলাকার ছিলো নাতারপরও রোজ সেই সময়ে এলাকায় গিয়ে দাঁড়িয়ে থাকতোআবার যদি দেখা পেয়ে যায়কিন্তু আফসোসদিনের পর দিন গেলোকিন্তু দেখা মিললো না,sadness,1
দুনিয়াটা পাপে ভরে গেছে সব মরে সাফ হউক,anger,4
দূর থেকে মাকড়শা দেখলে আমার ত্বকে সুড়সুড়ি অনুভব করি এবং নিজের অজান্তেই ভীত হয়ে উঠি,fear,5
কয়েকটা গাছ একেবারে গোড়া থেকে শিকড় শুদ্ধ উপড়ে এলো এমন ভয়ংকর বজ্রপাত আর তুফান এই এলাকার লোকজন জীবনেও দেখেনি,fear,5
আপুর শ্বশুর আমাদের কিছু না বলেই উঠে টয়লেটের দিকে গেলো উনি টয়লেট থেকে ফিরে এসে রেগেমেগে আমাকে ডেকে বললো আর কোনোদিন তোমাদের বাড়িতে আসবো নাশুধু এটা বলেই উনি বাসা থেকে বের হয়ে গেলেনপরে,anger,4
নতুন বছরের নতুন আলো নতুন আশার প্রদীপ জ্বালো নতুন সুরের নতুন গানে নতুন করে এগিয়ে চলো,joy,0
সবাই মিলে আমাকে না জানিয়ে মনে মনে এতো দিন ধরে এই প্ল্যান করেছিলো  আমি ওদের সারপ্রাইজ দেয়া দেখে অবাক হয়েছি বললে ভুল হবে আমি সত্যি বিষ্মিত হয়েছি,surprise,2
আমি আর ত্রয়ী খেতে বসলাম মহিলাটি খেতে দিচ্ছে মহিলাই তো আমার থেকে নিম্নে হইলেও তো ৭ বছরের বড় সে না কি আমার বউ যত্তসব,disgust,3
অনবদ্যগানের স্কুল মুখরিত বন্দনাগানে অসাধারণমনোমুগ্ধকর শুভ শ্রী পঞ্চমী,joy,0
বি এ ন পির ২ চারজনের কতায় জদি এত কাটা লাগে ২০ জন হলে আওয়ামিলীগ এর এমপিরার গায়ে তকন কাটা গায়ে লবন লাগত,anger,4
এতদিন যারা বড় বড় কথা বলছেন সেই সব রাজনৈতিক নেতা কোথায় সব সময় চুরি আর চুরি এখন এই চুরি আপনার নিজের পরিবার কেও বাঁচাতে পারবেনা কোথায় যাবেন বিদেশে যান দেখি সব গরীবের অভিশাপ,anger,4
আমার মাথা চক্কর দিয়ে উঠল মনে হলো ঘুরে পড়ে যাব আমার ভয় এখন চরম অবস্থায়,fear,5
রাতে বাথরুমে যেতে হলে রুমে যে আছে তাকে জাগিয়ে তুলে বাথরুমের সামনে দাঁড় করিয়ে সে বাথরুমে যায় এবং তার সাথে কথা বলতে থাকে ঘুমের সময় রাতের বেলায় কোনো শব্দ হলেই সে চিৎকার করে ওঠে তার মনে হয় কোনো অশরীরী কিছু বা ভূত এমন শব্দ করছে এবং এটি তার আশপাশেই আছে,fear,5
থাকতে হবে তোমায় ছাড়া কথা ছিলো না আজ ভেতর ঘরে ধোঁয়া থাকে তুমি থাকো না আমার লাল রঙা হৃৎপিন্ড হইতেছে কালো কলিজাটা যাক পুড়ে তবু তুমি থাকো ভালো,sadness,1
একটা পুঁচকে মেয়ে বয়স সবে ১৮ হলো সেই মেয়ে নাকি জেমস বন্ড সিরিজের নতুন ছবির জন্য গান গাইছেন সেই গানের নাম নো টাইম টু ডাই,surprise,2
দেশে শুধু লুটপাট হয়েছে এতদিন কোনো খাত এর মান উন্নয়ন হয়নি তার জন্য শুধু আমরা সাধারণ জনগণ নয় উপরের লোকেরাও মরবে  ইনশাআল্লাহ,anger,4
করোনাআতঙ্কে বিক্রি কমছে দুশ্চিন্তা বাড়ছে,fear,5
এক বিয়ে খাইছে বাপরে তোমাদেরকে বিয়েতে দাওয়াত দেয় কে,disgust,3
চারপাশে অ্যাপ্রোন পরা অনেক মানুষ ঘুরঘুর করছিলো দেখে মনে হচ্ছিল আমাকে হাসপাতালে নিয়ে আসা হয়েছে কিন্তু কেন জানি গতানুগতিক হাসপাতালের সাথে এটাকে মেলাতে পারছিলাম না ভয়ে হাত পা একবারে অসাড় হয়ে ছিল,fear,5
শুনলে অবাক হয়ে যাবেনআমাদের বর্তমান পররাষ্ট্রমন্ত্রী আব্দুল মোমেন সাহেব ছিলেন তৎকালীন স্বৈরশাসক আইয়ুব খানের ছাত্র সংগঠন এনএসএফ এর সলিমুল্লাহ মুসলিম হল ঢাবি শাখার সভাপতি,surprise,2
আমি পুরোপুরি স্তব্ধ কে এই মেয়ে কিছুই বুঝে উঠতে পারছিলাম না আপনি আমাকে এতক্ষণ জ্বীন পরী ভাবছিলেন নাকি,surprise,2
 যা করসেএরকম বেয়াদব ব্যাচ ক্যাম্পাসে আর কখনো ছিলো বলে মনে হয় না,disgust,3
কষ্ট গুলো যদি কাগজ হতো আগুন দিয়ে পুড়িয়ে ছাই করে দিতাম কিন্তু কষ্ট গুলো হল আগুন যা আমাকে কাগজের মত পুড়িয়ে ছাই করে দিচ্ছে,sadness,1
আমি মানসিক হাসপাতালে কাটিয়ে এখন সামান্য সুস্থ তাও অন্ধকার দেখলে প্রচণ্ড ভয়ে চিল্লায়ে উঠি,fear,5
তাহলে ভালো নেইব্লা ব্লা এতো সব চিল্লাচিল্লি কেন আপনি যদি জীবন যাপনের সব সুযোগ সুবিধা পেয়ে থাকেন সংখ্যাগরিষ্ঠদের মতোই তাহলে কোন দিক দিয়ে ভালো নেই,disgust,3
জীবনের প্রথমই যাকে চাইলাম তাকেই পাইলাম নাহ 😥,sadness,1
যেটা ছিলনা সেটা না পাওয়াই থাক সব পেয়ে গেলে জীবনটাও একঘেয়েমি হয়ে যায়মনে রেখো পৃথিবীর সকল কষ্টই ক্ষণস্থায়ী,sadness,1
সালার মানসিক সমস্যা আছে ভাই সালা দেখতে কুত্তার চেয়ো খারাপ এই সালাকে আমি মানুষ হিসাবে গন্য করিনা একটা কুকুর নিয়ে এত মাথা মাথি করার কি দরকার,anger,4
আমি এ দৃশ্য দেখে কাঁপতে শুরু করলাম মনে হচ্ছিলো ভয়ে এক্ষুণি বেরিয়ে আসবে আমার প্রাণ,fear,5
মনে রাখবেন পাপ তার বাপকেও ছাড়ে না এই দেশটাকে এই দেশের মানুষগুলোকে যারা শোষন করছেন তারা কখনো সময়ের পরিনাম থেকে বাঁচতে পারবেন না,anger,4
উত্তরাঞ্চলের ভিলার কটার শহরের কাছে সম্প্রতি ২৯ বছর বয়সী ওই নারীর লাশ পাওয়া যায় জঙ্গলে নিজের কুকুর নিয়ে হাঁটতে যান ওই নারী পরে কুকুরের আক্রমণের শিকার হন তিনি তবে এখনো জানা যায়নি কোন কুকুর তাঁকে আক্রমণ করেছিল,fear,5
আমাদের দেশের মানুষ যে আসলেই এতটা মূর্খ আমি জানতাম না সবাই দেখতেছি বড় বড় রাষ্ট্র গুলো যেখানে হিমিশিম খাচ্ছে আর আমরা এগুলা জেনেও বলদামি করতাছি ,disgust,3
রাতে ঘুম আসছে না একদম চার বছরের একটা সম্পর্ক এক নিমিষে শেষ করে দেয়া মুখের কথা না আমার ভেতরে কি ঝড় বয়ে যাচ্ছে তা আমি ছাড়া কেউ জানে না,sadness,1
ওখানে গিয়ে না খাইলেই হয় সবাই যদি এইগুলা খাওয়া বন্ধ করে দেয় তাহলে এই 🤬 খাবার গুলা এতো দাম দিয়ে কেনার কোন মানে দেখি না আরও থাকে ভেজাল মেশানো,anger,4
এদিকে শহরের লোকজন আলেকজান্ডারকে মেসিডোনিয়ানদের নেতা হিসেবে চিনতে পেরে আগুনের তীর ছুঁড়তে শুরু করে প্রবল বেগে আক্রমণ করা শুরু করে,surprise,2
এম সি কলেজে বর্বোরোচিত হামলায় আক্রান্ত নার্গিস সিলেট সরকারি মহিলা কলেজের শিক্ষার্থী নার্গিসকে কুপিয়ে গুরুতর জখম করা হয় বদরুল ছাত্রলীগের নেতা বা কর্মী নয় ভন্ডবখাটে বদরুলের দৃষ্টান্তমূলক শাস্তি চাই,anger,4
ভয়ে আমার বুক কেঁপে উঠল ,fear,5
নতুন করোনাভাইরাসের সংক্রমণে জেরবার গোটা চীন এরই মধ্যে প্রায় দেড় হাজার মানুষের প্রাণ গেছে ভাইরাসের সংক্রমণ থেকে বাঁচতে মুখে মাস্ক পরে চলাচল করছেন সাধারণ মানুষ তবে শুধু মানুষ নয় চীনে এখন মাস্ক দেখা যাচ্ছে অনেক পোষা প্রাণীর মুখেও,fear,5
এরা জনগনের নিরাপত্তার কথা চিন্তা করে জনগনের সেবার জন্য জনগনের ভালোবাসা নিয়ে চেয়ারে বসে,joy,0
দুই দিনব্যাপী টরন্টো বইমেলা শেষ হয়েছে ৭ জুলাই এদিন চমৎকার আবহাওয়ায় বেলা বারোটায় মেলা শুরু হয়েছে মেলার শেষ দিনেও বর্ণিল নানা অনুষ্ঠান দিয়ে সাজানো ছিল মেলার সূচি ডকুমেন্টারি বা প্রামাণ্যচিত্র প্রদর্শন দিয়ে শুরু দিনের সূচি বিষয়বস্তু বাংলাদেশে রবীন্দ্রনাথ,joy,0
যারা নিজের দায়িত্ব থেকে অবহেলা করে এবং পালিয়ে বেড়ায় তাদের ডাক্তার হিসেবে থাকার কোন প্রয়োজন নেই তাদের লাইসেন্স বাতিল করা এবং ডিসমিস করাটাই উত্তম,disgust,3
আমাদের প্রিয় আমাদের এলাকার আমার ছোট ভাই নওফেল কে আন্তরিক অভিনন্দন ও পারবে ইন শাহ আল্লাহ,joy,0
কেউ আমাদের মারবে না প্রকৃতি আমাদের কি মেরে ফেলবে আমরা প্রকৃতি থেকে সব নিয়ে ফেলছি প্রকৃতি আমাদেরকে চুষে নেবে,sadness,1
তার গা শিহরে উঠে ভয়ে দু কানের সামনে পিছনের চুল গুলো টান খেয়ে দাড়িয়ে যায় দু কান দিয়ে গরম ভাপ বেরুচ্ছে ভয়ে বুকের ভিতর ঢিপ ঢিপ করে নিশ্বাস ঘন ঘন পড়ে এ এক অবিশ্বাস্য ব্যাপার,fear,5
এগুলা ভিডিও করে পিক তুলে আমরা সবাই যদি ভার্চুয়ালে স্যাড রিয়েক্ট দিয়ে কমেন্টবক্সে সমবেদনা জানাই তাহলে এই অসহায় দের পাশে দাড়াবে কে,disgust,3
আমি  উনাকে   চিনি  না   জানিও  না  বাট  উনি  যতই  খারপ  হোক  আমাদের   বাবার  বয়সী  লোককে নিয়ে  এভাবে  ট্রল  করা  মোটেও  ভালোনা ,sadness,1
এই উশৃঙ্খল আর বিশৃঙ্খল জাতিকে করোনা থেকে রক্ষা করা কঠিন চ্যালেঞ্জ বটে,disgust,3
সবচেয়ে বড় সন্ত্রাসী তো তারা যারা ভিডিও করতে পারছে দর্শক হিসেবে ঐখানে উপভোগ করছে কিন্তু একবারের জন্য হত্যাকারীদের বিরুদ্ধে রুখে দাড়াতে পারে নি ,anger,4
ভয় আছড়ে ভয় পাছড়ে ভয় নিত্য ভয় সনাতন ভয়,fear,5
কোন বিষয়ে ভয় পাই সে ব্যাপারে সচেতন হতে হবে,fear,5
বাংলাদেশের জনগণ জিম্মি কারি ব্যবসায়ীদের প্রকাশ্যে গুলি করে মারার আহ্বান জানাচ্ছি,anger,4
বাংলাদেশের কল্লা মোটা মন্ত্রিদের জন্য জনগন ভোগবেকোন কিছুর যথা সময়ে সঠিক সিদ্ধান্ত নিতে পারেনাউল্টাপাল্টা কাজ যতসব,disgust,3
স্যার আপনার কথাগুলো শুনছিলাম আর সমাজের কিছু চিত্র দেখতে পাচ্ছিলামঅনেক ধন্যবাদ স্যার❤আপনার জন্য অফুরান ভালবাসা❤,joy,0
আমরা মহামারীর নিয়ন্ত্রণ হারিয়ে ফেলেছি আমরা শারীরিক ও মানসিকভাবে মারা গেছি আর কী করতে হবে তা আমরা জানিও না,sadness,1
বাথটাবের পানিতে চুবানি খেতে খেতে সে কাঁদতে কাঁদতে বলছিল আমি আর করবো না মা আর করবো না,sadness,1
আম্মুর নাম্বার বলে লাভ নাই ছেলের বউ হিসাবে তুমাকে আমার মোটেই পছন্দ হয় নাই এরকম বউ ঘরে আনলে ত পাশের বাসার ভাবিদের সামনে মুখ দেখাতে পারবো না দেখো কিভাবে ফেসবুকে ভিডিও আপলোড করে রং তামাশা করতেছে  নির্লজ্জ মেয়ে কোথাকার ,anger,4
ওর মতো অমানুষ পশু জানোয়ার কে জুতার বারি দিয়ে প্রশাসন এর দায়িত্ব থেকে বহিষ্কার করা হোক,anger,4
ভাল থাকুক পৃথিবীতে বেচে থাকা প্রতিটা বোন নিরাপদে থাক ভাই বোনের এত প্রেম আর এত ভালবাসা,joy,0
মানুষের ভূল ধরো রোষ্ট করো আর নিজে যে বোকাচোদার মত ভূল করো সেটা কে রোষ্ট করবে উপরে যে একজন মানুষ আছে মানে উনি মানুষ তুই তো জঘন্য ভূল করছিস সেটা এডিটও করসনাই সালা নোয়াখাইল্লা হিপোক্রিট,anger,4
ফলাফল এক কথায় ভয়াবহ তিনি বুঝতে পেরেছেন এই ভাবে চললে ২০০৫ সাল নাগাদ দেশ বিরাট বিপদে পড়বে বিদ্যুৎ অবস্থা ভয়াবহ হবে দেশ অন্ধকার হয়ে যাবে,fear,5
আমি আশ্চর্য হয়ে গেলাম কেননা আমি  নাস্তা করার সময় ফ্রীজের পানি খাইছি কিন্তু এখন খুলছেনা কেন,surprise,2
আমি কল্পনায় ভাসি তুমি ভালোবাসো বলে আমি সুখের মাঝে হারাই তুমি ভালোবাসো বলে আমার সকাল শুভ হয় তুমি ভালোবাসো বলে তাইতো তোমায় আমি জানাই শুভ সকাল,joy,0
মন ভালো করা ছবি আর লেখা দিদি খুব ভালো লাগলো তোমাদের এই ছবি,joy,0
বিজ্ঞানের ইতিহাসে অনেক আশ্চর্য জিনিস আবিষ্কৃত হয়েছে যেগুলো আসলে আবিষ্কার করার কথা কল্পনাই করেননি আবিষ্কারক,surprise,2
যদি কাউকে ধোঁকা দিয়ে থাকো তাহলে ভেবো না সে বোকা শুধু এটাই ভাববে সে তোমাকে এতটাই বিশ্বাস করেছিল যার যোগ্য তুমি নও,sadness,1
কাউকে ঠকিয়ে নিজেকে বড় ভেবো না সময়ের ব্যবধানে তুমিও একদিন ঠকে যাবে,sadness,1
আপনাদের বিবেক বলতে কিছু আছে বইলা তো মনে হয় না দেশের এই অবস্থায় আপনারা বিনোদন নিয়ে পরে আছেন,disgust,3
আমি তোমাকে অভিনন্দন জানাচ্ছি তোমার বিয়েতে এবং কামনা করছি তুমি তোমার নতুন জীবন উপভোগ করো,joy,0
পৃথিবীতে স্বর্গের ভূখণ্ডের কথা বললেই কাশ্মীর এর কথা আসেআমার স্বপ্ন ছিলো এবং সেটা সত্যি হয়েছে অনেক দিন যাপন করার পর ও মন চায় এখানেই থেকে যাই আহা কি শান্তি কোথাও খুঁজে পাওয়া যাবে নাএখানের খাবার থাকা সব কিছুই একদম পারফেক্ট ,joy,0
অনেক সময় কিছু কিছু পরিবারে দেখছি ছোট ভাই গুলো পড়াশোনা শেষ করে পরিবারে তার ইনকামের টাকা দেয় আর বড় ভাই টানা ফেল করে আর পড়াশোনার মধ্যেই থাকে,sadness,1
নারীদের ক্ষেত্রে চুলের ঘনত্ব কমে যাওয়াটা ভয়ংকর যদি খুব বেশি চুল পড়ে যেতে থাকে তাহলে চিকিৎসকের কাছে যাওয়া দরকার পুষ্টিহীনতা বা কোনো অসুখ থেকে এমনটা হতে পারে,fear,5
হাসপাতালে নেওয়ার পর চিকিৎসকরাও ভাবেননি ওয়াটসন বাঁচবেন ৪০ দিন কোমায় ছিলেন মাথায় ১২টি অস্ত্রোপচার করতে হলো জ্ঞান ফেরার পর আরও ছয় মাস কাটল ইনটেনসিভ কেয়ারে,sadness,1
তিনি গোয়েন্দা বাহিনীকে র এর এজেন্টদের খুঁজে বের করার নির্দেশ দেন পরবর্তীতে এনএসআই প্রত্যেক এজেন্টকে খুঁজে বের করে তাদের হত্যা করে,disgust,3
এইসব গবেষক নামের কুলাঙ্গারদের দেখলে আমার নিজের সব সার্টিফিকেট ছিড়া কচুগাছের সাথে গলায় দড়ি দিয়া গায়ে কেরোসিন ঢাইলা আগুন জ্বালাইয়া বুড়িগঙ্গার কালা জলে ডুইবা আত্মহত্যা করতে মন চায়,disgust,3
ওরা একে একে মননের সামনে এসে দাঁড়াল মনন ওদের ভয়ানক রূপ দেখে এক পা এক পা করে পিছাতে থাকে এই ভাবে পিছাতে পিছাতে ওর ফেলে যাওয়া মায়াবী পানি রূপি রক্তে পা পিছলে পরে গেল ফ্লোরে ,fear,5
আর যারা গত দিনগুলো খোঁজখবর নিয়েছেন তাদের সবাইকে ভালোবাসি ১৪০১ সালে জন্ম নেয়া গাভিটির মতো দুধ এবং বাচ্চা বিয়োনোর উপযোগিতা না থাকার পরেও আমাকে আপনারা ভালোবেসেছেন এতগুলো বছর তার জন্যে আমি কৃতজ্ঞ ,joy,0
লাত্থি মেরে অণ্ডকোষ স্রেফ হাওয়া করে দেওয়া হোক বাঁচলে বাঁচবে মরলে মিষ্টি খাওয়ানো হবে,anger,4
বলদের ঘরের বলদ চাকরির ইন্টারভিউ দিতে গেলে লাথি মেরে বের করে দিবে এসব আবালগিরি এপিসোড বানিয়ে বেটাগিরি দেখাইসনা জেহেতু ভাল জায়গায় সেহেতু ভাল কাজে নিজের ব্রেন টাকে কাজে লাগা ,anger,4
সবার চোখে ঘুম এখন নীরব রাত আমার চোখে ঘুম নাই কেন বলতে পারো কোন সুখের আশায় আমার এই রাত জাগা কেন মন আনন্দতে আজ দিশে হারা,joy,0
সারাদিন এফবিতে পড়ে থাকিকই এই কচুর ওয়ার্ল্ড তো চোখে পড়লো নাআসলেএগুলা পাবলিক এখন আর খায়না,surprise,2
আমি আবার ঘটনার আকস্মিকতায় চমকে যায় লাফিয়ে উঠি,surprise,2
এদেশের  সরকারের  মাথার গিলু কবে খুলবে আল্লাহ ভাল জানেএরকম যদি  করে থাকে তাহলে এটা হবে আত্বঘাতী সিদ্ধান্ত,disgust,3
খুব ভয়ঙ্কর আমার মায়ের কাছে এমন ঘটনা শুনেছি  আমার জান বের হবে হবে লাগছিল গল্পটা পড়ে,fear,5
বিরহ যে এত সুন্দর হতে পারে তা আগে বুঝতে পারিনি যদিও বিদ্যাপতি চন্ডীদাস এর অনেক আগে বুঝতে পেরেছিলেন,surprise,2
এদের কথা শুনে হৃদয়টা কেঁপে উঠলো আসলেই এদের আচরনে বুঝা যাচ্ছেনা যে এরা মানসিক রোগী এরা ষড়যন্ত্রের শিকার,sadness,1
একজন রাজনিতি কর্মি পোষ্ট যদি   এইরকম হয় তাহলে সাধারন জনতা পোষ্ট কি রকম হওয়া উঠিৎ বন্ধু,disgust,3
নাইট রেঞ্জ এই চ্যানেলটিকে সবাই রিপোর্ট মেরে উড়িয়ে দেওয়া হোক জনগণ এখন মাছের কাঁটা খায় না,anger,4
প্রিয় মানুষযাকে নিজের থেকেও বেশি ভালোবাসি যাকে কোনোদিন ও পাবো না তার উদ্দেশেই রইল গান টা,sadness,1
আমার বড় ভাই সম্প্রতি কোভিড ১৯ পজিটিভ হয়ে তার পরিবার আত্মীয়স্বজনবন্ধুবান্ধব সকলের পিলে চমকে দিয়েছেন,surprise,2
এই শুয়োরের বাচ্চার জরিমানা হওয়া উচিত ওর কথায় বুঝা যাচ্ছে ও মিথ্যাচার করছে,anger,4
বেড়ানোর কথা বলে ঢাকায় এনে বাসায় সাত দিন আটকে রেখে এক ছাত্রীকে ধর্ষণের অভিযোগ পাওয়া গেছে,anger,4
সর্বনাশ নয়টা বেজে গেছেএত সময় কোনদিকে গেলো ,surprise,2
একবার মনে হল বলি  আপা এত কষ্ট করে হজ্ব করতে এসেছেন  মানুষকে গালি দিয়েন না আপা কিন্তু সাহসে কুলালো না ,fear,5
দিনেশ কার্তিক ক্যাচটা ধরা পর সাকিব অনেক ক্ষণ অসহায়ের মতো তাকিয়ে থাকলেন বিশ্বকাপে ৭ ইনিংসে ষষ্ঠবারের মতো ৫০ পেরিয়েছেন দলের ভীষণ প্রয়োজন ছিল তাঁকে কিন্তু তৃতীয় সেঞ্চুরির দিকে টেনে নিয়ে যেতে পারলেন না ইনিংসটা,sadness,1
তাদের কিছু বলা যাবে না বললে বলবে ক্রান্তিকালেও বিনোদনের দরকার আছে বাংলাদেশ ঐ অর্থে একাত্তরে স্বাধীন হইয়া বাইচা গেসে এই চিড়িয়া গুলান অই সময়ে থাকলে পাবলিক এটেন্সান কুড়াইতে কুড়াইতে দেশ চ্যালচ্যালায়া পরাশক্তির কাছে ছাইড়া দিতো,disgust,3
সেই কৈশোর থেকে যৌবনে উপনীত হওয়া ছেলেটির মুগ্ধতার রেশ আজ ও কাটেনি   💕,joy,0
ছোটবেলার সেই ছেলেটি বা মেয়েটি যে মার খাবার ভয়ে রোজ পড়া মুখস্ত করে স্কুলে যায় সেটাও ভয়,fear,5
আমাদের দেশে এই রকম সিনেমাগ্রাফি😮😮,surprise,2
Campus Life এ যাদের খেলা দেখে মুগ্ধ হতাম যাদের সাথে খেলতে ভালো লাগতো যাদের থেকে শিখেছি অনেক কিছু,surprise,2
অন্তত ৩৪ বার এই টকশ আমি বিভিন্ন সময় দেখেছি  ঠিক যতবার দেখেছি ততবার শরীরে শিহরণ  দিয়েছে ,surprise,2
এই মাগি পতিতা নির্লজ্জ স্পিকারকে মাননীয় বলবেন না আপু ও এটার জ্যগ না  আওয়ামীলীগের এমপি মানে কুত্তা গুলা এমন ঘেউ ঘেউ করে কেন ওদের কি পাছায় কেউ গরম রড ঢুকাইছে,anger,4
শরীরে হঠাৎ কোনো দাগ দেখতে পেলে সাবধান শরীরে হঠাৎ করে তিল বা আঁচিলের সংখ্যা বেড়ে গেলেও নজরদারি দরকার তিল বা আঁচিল ক্ষতিকর নয় কিন্তু তিল বা আঁচিলের বদল থেকে বড় সমস্যা হতে পারে,fear,5
দেশকে যে বাঙালি জীবনের চেয়েও বেশি ভালোবাসে তা আবার প্রমান করে দেখালো ইমন স্যালুট জানাই এইসব বীরদের❤,joy,0
এই  লোক  এর  ফেস  এক্সপ্রেশন  তা  আজকে  দেখার  মতো  ছিলো 😐কেমন  জানি  চোর   চোর  ভাব ,disgust,3
আশা করি ভালো ছবি তুলবেন আর এপ্রুভড হবেআর আশা করি সম্মান দিতে শিখবেননিজের ছবির নিজে জাজ না হয়ে অন্যকে জাজমেন্ট করতে দেন,disgust,3
চিরচেনা সেই রাত জাগা নির্ঘুম সেই ভোর দেখা সব আগের মতইশুধু কারণগুলোই কেমন যেন বড় অচেনা,sadness,1
ঢাকনাটা খুলতেই কালচে নীল একটা ধোঁয়া কুণ্ডুলী পাকিয়ে উপরে দিকে উঠতে শুরু করেছে অসম্ভব ভয় লাগছে আমার বাড়ির বাকি সদস্যদের সঙ্গী করার উপায় নেই ঘড়াটা যদি সোলেমানী ঘড়া হয় তাহলে আমি সবার জন্য বিরাট বিপদ ডেকে এনেছি,fear,5
কলিজার গার্লফ্রেন্ড বলে সে আমাকে বেস্ট ফ্রেন্ড ছাড়া আর কিছুই ভাবে না তাহলে প্রোপোজাল এক্সেপ্ট করলো কেনো এত দিন এমন অভিনয় কেনো করলো আমি কি দোষ করেছিলাম,sadness,1
সে পুরো আৎকে উঠে বাবাতো মারা গেছে তাহলে মা তার সাথে কথা বলছে কী করে,fear,5
গরু পালন করে পুষ্ট পাঁচ গ্রাম দিনাজপুরে এবার আসন্ন ঈদুল আজহায় কোরবানির উপযোগী উৎপাদিত গরু ১ লাখ ১৯ হাজার ৯৬৫টি এর মধ্যে শুধু বীরগঞ্জের ১৬ হাজার ১১৪টি আর শিবরামপুর ইউনিয়নের পাঁচটি গ্রামের গরু ৬ হাজার ৩৬৯টি অর্থাৎ এ উপজেলায় উৎপাদিত মোট গরুর প্রায় ৪০ শতাংশ এই পাঁচ গ্রামের,joy,0
খুব ভালো দিন গেলো একটা অনেক দিন পর বন্ধুরা সবাই মিলে সারাদিন একসাথে ঘুরা খাওয়া দাওয়া করা সত্যি ই অসাধারণ একটা দিন,joy,0
বিদ্যুৎ না থাকায় পল্লী বিদ্যুৎ অফিস ভাংচুর করে সাধারণ শিক্ষার্থীরা,anger,4
আমি আমার মতো ঘরে এসে শুয়ে পড়ি রাতে ভয়ংকর বিদঘুটে স্বপ্নে মাথাটা গুলিয়ে আসে প্রচন্ডরকম মাথা ব্যথা কিন্তু কিছুতেই ঘুম থেকে উঠতে পারছি না,fear,5
নির্বাচনের সময় কস্ট করে ভোট চাইসে এর চেয়ে বেশি এইসব প্রতিবন্ধী থেকে আর কি আশা করা যায়,disgust,3
আজ আমি বিষন্ন হতাশ দমবন্ধ বিরক্ত দুঃখিত একঘেয়ে আর বিশেষণ খুঁজে পাচ্ছি না বিশেষায়িত করার জন্য,sadness,1
নিজের ভালা সকলেই বুঝেপত্রিকা  ব্যবসায়ীদের অবস্থা খারাপ দেখে তারা এই নিউজ করতাছে অথচ দিন মুজুরের পক্ষে কোন কথাই বলে না বাইঞ্চোদ গুলা😡😡,anger,4
আমার বড়ভাইকে পছন্দ হয়নি ভালো কথা কিন্তু যে ছেলে দেখতে গেছে তার ছোটভাই কে কিভাবে পছন্দ হয় মেয়েটার কি লজ্জা শরম বলতে কিছুই নেই পরিবারই বা কি শিক্ষা দিয়েছে মেয়েটাকে,anger,4
রূপপুর পারমাণবিক বিদ্যুৎকেন্দ্রের জন্য ছয় মাস আগেই নর্থ বেঙ্গল পেপার মিলটি নেওয়ার সিদ্ধান্ত নিয়েছে সরকার পাবনার পাকশীতে অবস্থিত এই কাগজকলের ১০০ দশমিক ৫১ একর জমি রয়েছে নিরাপত্তা ও ভৌত সুরক্ষা নিশ্চিত করতে পুরো জমিই বিদ্যুৎকেন্দ্রটির জন্য লাগবে বলে সরকার মনে করছে,surprise,2
কিন্তু এ কি বালিশের পাশে রাখা মোবাইল টা পাচ্ছি না খাটের পাশে রাখা ব্যাগটা নেই,surprise,2
ভাইয়া আমারও এমন একটা ভিডিও করার ইচ্ছে বিয়ের পরে কিন্তু ততদিনে ভাইজান আমার সেলেব্রিটি হয়ে গেলে আমার মত গরীব মানুষ আপনাকে দিয়ে এমন ভিডিও করাতে পারবো কিনা কে জানে 😅,joy,0
নাটোরে সব লুচা আর বাবা গাজা খাওয়া লোক বসবাস করে থাকেএখন অনেকে বলবে আমাকেও পাবনা দিয়ে আসা হোক,disgust,3
এতদিন পর সত্যিই বুঝতে পারলাম যে নাম মাত্র ডিজিটাল বাংলাদেশ কিন্তু বাস্তবে পুরোটাই ভিন্ন,sadness,1
বায়ুদূষণ রোধে বৈদ্যুতিক বাস সার্ভিস চালু করার কথা বলেন আতিকুল ইসলাম আর ডিজিটাল পদ্ধতিতে অনলাইনে গৃহকর দেওয়ার ব্যবস্থা জন্ম–মৃত্যু নিবন্ধন ট্রেড লাইসেন্সসহ নাগরিক সেবা দেওয়ার ব্যবস্থা করবেন,surprise,2
ঔপনিবেশিক শাসনের বর্তমান অবস্থান হচ্চে দাদাগিরি গরিব দেশগুলোতে নিজেদের সর্থিত তাবেদার সরকার প্রতিষ্ঠা করে ঐদেশের সম্পদ লুট করাই হচ্ছে শত্তিশালী পশ্চিমা দেশগুলোর টার্গেট আমেরিকা হচ্ছে নব্য ঔপনিবেশিক দেশ তারা মধ্যপ্রাচ্যে তাবেদার সরকার প্রতিষ্ঠা করে মধ্য প্রাচ্যের সম্পদ লুট করাই হলো আসল লক্ষ্য,joy,0
লে বাবা  সোশাল ডিসটেন্স বাড়াইতে বলসিল কিন্তু এখন দেখি এলিয়েন দের সাথেও করোনা শেয়ার হবে ,surprise,2
কাঁচা সোনাবরন চম্পাকলি আঙ্গুলে আংটি ভীষণ ভাবে ঝলমল করছে | কেমন যেন ভয় ভয় করছে রহমত মিয়ার |,fear,5
না মানে কোন লেবেলের বোকাচোদামি এগুলা  জন্মের পর থেকে কি একটুও বুদ্ধি হয়নি সিরিয়াসলি,disgust,3
বলতে গেলে তখন পুরোপুরি সুস্থ আমি এমন সময় আম্মু পাশে বসে কেঁদে উঠে বলেন তোর দাদী আর নেই,sadness,1
কেউ কি কাউকে সত্যি এতটা ভালবাসতে পারে,surprise,2
ঘাড় কালো হয়ে যাওয়ার সমস্যার নাম অ্যাকানথোসিস নাইগ্রিকেনস সাধারণত এই বয়সে পলিসিস্টিক ওভারি সিনড্রোম নামের একটি হরমোনজনিত জটিলতায় এটি হয় সমস্যাটি ওজন বেড়ে যাওয়ার সঙ্গে সম্পর্কিত এতে মাসিক অনিয়মিত হয়ে পড়ে,sadness,1
যত বড়ো হলাম সেই গান দেওয়া নেওয়া একটা আশ্চর্য বন্ধুত্বে গড়ালো সুখ দুঃখের প্রেমঅপ্রেমের কথা আজেবাজে বকা,surprise,2
গা শিউড়ে উঠল খুব ভয় পেয়েছি,fear,5
আমার এক ছেলে বড় হয়ে সিরিয়াল কিলার হতো আরেকটা ড্রাগ অ্যাডিক্ট আর মেয়ে হতো বেশ্যা তোমাকে এই কথা কে বলেছে শয়তান শয়তান তোমাকে নিজে বলেছে হু,disgust,3
ইটালিতে গতকাল করোনায় মারা গেছে ৯৬৯ জন অ্যামেরিকায় ৪০১ জন স্পেনে আজ মারা গেছে ৮৩২ জন,sadness,1
কি এমন কাজ ১২০০০ হাজার টাকা বিল হলোএভাবে টাকার জন্য কারোর উপড় হাত উঠানো আইনত দন্ড নীয় অপরাধপার্লারের মালিকের লজ্জা শরম থাকা উচিত ছিল,disgust,3
৬০ বছর বয়সে চাকুরী শেষে ১০ কোটি টাকা দিয়া কি হবে যদি ২৮ বছর বয়সে এক্টা পছন্দের জুতা না কেনা যায়,sadness,1
অনেক অনেক বড় হও সেই শুভকামনা য় জন্মদিনের অনেক অনেক শুভেচ্ছা,joy,0
ঈমানআমল সব নষ্ট হয়ে যাবে ধোকাবাজ,anger,4
তাঁর সাথে আমি বেশ অস্বস্তি নিয়াই মিশতাম একটা বাইরে থেইকা বুঝতে পারার মতোই দূরত্ব ছিল আমাদের,disgust,3
এ ভন্ডদের ভন্ডামি দেখলে মনে হয় জুতো পিটা করিগাধারা জানেনা ঈমাম মাহদি আসার আগে পৃথিবীতে আরো বড়ো বড়ো ১০টি ঘটনা ঘটবে,anger,4
আকাশে বজ্রের লেলিহান শিখা লকলক করছে সাপের জিহ্বার মত হঠাৎ করে পরিস্কার আকাশে দমকা হাওয়া ও বজ্রপাতের কারণে ভয় পেয়ে গেল লোকজন,fear,5
যেখানে ফেরাউন এর মত শাসক টিকে থাকতে পারেনি সেইখানে আপনি কী,anger,4
  যত ভয়ের ব্যাপারটি নিয়ে মজা করছি তত ভয়  লাগছে,fear,5
ধন্যবাদ ভাইয়াঅনেক উপকৃত হই ভিডিও গুলোতে❤এভাবেই সাহায্য করে যাবেন আশা করি💚,joy,0
হঠাৎ করেই আমার মনে হলোওর মনে হলো ওর মধ্যে কোন বড় পরিবর্তন এসেছে আগের সেই উচ্ছলতা আর নেই আমার সাথে কথাও বলে দায়ষারা ভঙ্গিতে,sadness,1
আমার মতে চুয়েটের যত ধরণের সমস্যা আছে তার অন্যতম প্রধান কারণ তার ভৌগোলিক অবস্থান আর অসুস্থ পলিটিক্স এর প্রভাব এটা আমার একান্তই ব্যক্তিগত ধারণা ,disgust,3
কি সেই ভয়ানক মুহূর্ত সেই কথা মনে হলে আজও শরীরের পশমগুলোতে শিহরণ জাগে সজারুর কাঁটার মতো দাড়ায় মাথার চুলগুলো এতো ভয় পেতাম সেই মুহূর্তটিকে যে মনে হলেই মুখের থু থু বুকে মেশাই,fear,5
আজকে আমার এক বন্ধুর সাথে কথা বলছিলাম সে আমাকে একটা ভয়ংকর ঘটনা বললো এতটাই ভয়ংকর যেতাকে বাংলাদেশে অত্যন্ত গোপনে ডেকে আনা হয়েছে এটার সম্পর্কে রিসার্চের জন্য,fear,5
অবন্তির রাগের যথেষ্ট সুনাম আছে তার বন্ধু মহলে তার বন্ধুরা বলে অল্পতে রেগে যাওয়া তার বদঅভ্যাস,anger,4
😂😂😂😂😂😂😂😂😂😂 আপু টা একটুও হাসে নি আল্লাহ 😂😂😂আর ভাইয়া টা সেই😂😂😂😂😂😂😂ভালো লাগছে,joy,0
আমি তিনটা বছর একা কষ্ট করেছি কী পরিমাণ কষ্ট সেটা কাউকে বলতে ইচ্ছে করছে না সেই তিন বছর আমার হাসবেন্ড উচ্চতর ডিগ্রী নিতে সিলেট ওসমানি মেডিকেল কলেজে ছিলেন সরকারী কোনো টাকা পেতেন না,sadness,1
দিনক্ষণের কোন হিসেব নেই মোজাম্মেল ভাইয়ের সম্পর্কের পরেও পরপর তিন বছর ঊষা আপুর জন্মদিনের দিনটা ভুলে বসে ছিলেন তেমন মানুষটা যখন আবার ২০১৩ সালের ৮ ফেব্রুয়ারি তারিখটাকে ডায়েরিতে টুকে রাখেন সেটা সত্যিই অবাক করা বিষয়,surprise,2
ফাউল নাটক এই নাটক থেকে কি শিক্ষা পাবে মানুষ বাস্তবতার সাথেও মিল না আজাইরা কাহিনী দিয়ে নাটক লম্বা করে,disgust,3
ভোরবেলা ঘুম থেকে উঠে দেখি আমাদের কাউকে চেনা যায় না ভয়ে আতঙ্কে একেকজনের উদ্ভ্রান্ত চেহারা উষ্কখুষ্ক চুল চোখ গর্তে ঢুকে গেছে রক্তশূন্য ফ্যাকাশে মুখ,fear,5
প্রায় অনেকটা হাঁটার পর একটা রিকশার দেখা মিললো রিকশাওয়ালা প্রায় ১০১২ সেকেন্ড ভ্রু কুঁচকে আমার দিকে তাকিয়ে ছিলো আর বললো সত্যি ঐখানেই যাইবেন সে আবার কিছুক্ষণ হতভম্ব হয়ে তাকিয়ে ছিলো,surprise,2
ম্যাশকে রাজনীতিতে আরো সক্রিয় করতে পাপন দা তোরজোর শুরু করছেএই মাশরাফি রাজনীতিতে আসতে চায় নাই 😥পাপন হটাও বাংলাদেশ ক্রিকেটকে বাঁচাও আমি জানি মাশরাফি ক্রিকেটকে কিপরিমান ভালোবাসেন,anger,4
নিজেকে খ্যাতনামা করতে গিয়ে চাইলে আপনি নিজেকে সস্তা থেকে সস্তাতর করে তুলতে পারেন সেটা আপনার ব্যক্তিগত রুচি  কিন্তু বাঙালির ঐতিহ্য আর সংস্কৃতিকে বিকৃত করবেন না,anger,4
তোদের মতো হিপোক্রেট না যে বাইরে ভালো আর ভিতের ভিতরে ছ্যাছড়ামি এখানে সাধু সাজার কি আছে,disgust,3
আপনার দিক থেকে দেয়া মতামতকে আমি শ্রদ্ধা জানাই বাট আপনার সময়জ্ঞান এর অভাব স্পষ্ট পোস্টটা আপনি ২ দিন পর ও দিতে পারতেন,disgust,3
ভয় আর কষ্টের বিষয় হচ্ছে এই শহরও ঢাকার মত পরিণতির দিকে আগাচ্ছে,fear,5
বেড়াতে নিয়ে যাওয়ার কথা বলে গত ২২ ফেব্রুয়ারি ওই ছাত্রীকে ঢাকায় নিয়ে যান মহসিন মিরপুর১১ নম্বর এলাকার একটি বাসায় সাত দিন আটকে রেখে তাকে ধর্ষণ করেন মহসিন,disgust,3
একটা সময় হারিয়ে যায়অনেক সময়ের মাঝে একটা সম্পর্ক হারিয়ে যায় একটা কথার ভুলে একটা মন ভেঙ্গে যায় ছোট্ট অপমানে একটা জীবন শেষ হয়ে যায় একটু অভিমানে,sadness,1
রাজধানীর জুরাইন শ্যামপুর ধোলাইপাড় দনিয়াসহ আশপাশ এলাকায় খাবার পানির তীব্র সংকট ওয়াসার পানিতে দুর্গন্ধ রং ও কালচে পানির কল ছাড়লেই দুর্গন্ধসহ ফেনায় ভরে ওঠে পাত্র,disgust,3
কিন্তু ঐ বয়স্ক লোকটিকে মারল কেরে বাইচ্চাটারে খুইল্যা পুলিশ ডাকলে ভালা আছিল না একটা মানবিকতা দেখাইয়া আরেকটা অমানবিকতা দেখাইয়া লাভটা কী হইল,disgust,3
গুরুতর পরিস্থিতিতে ভয় পাবেন এটাই স্বাভাবিক কিন্তু যদি অহেতুক ভয়ভীতি পেয়ে যাই,fear,5
সবকিছুই কেমন একটা বানানো বা মেকি মনে হয় মা এর মত কষ্ট ও কেউ বুঝে না কেউ বারবার ফোন দিয়ে আর বলে না  বাবা মন খারাপ করে থাকিস না  সবাই নিজের স্বার্থ নিয়ে যার মত ব্যাস্ত,sadness,1
খেলাপি ঋণ হ্রাসসহ ব্যাংকিং খাত সংস্কারে অর্থ মন্ত্রণালয় থেকে ক্র্যাশ প্রোগ্রাম নেয়া হচ্ছে এর আওতায় সংশ্লিষ্ট বিভিন্ন আইনের সংস্কার করা হবে সংস্কারের আগে সুনির্দিষ্ট সুপারিশ পেতে আগামী মাসে একটি জাতীয় সেমিনারের আয়োজন করবে অর্থ বিভাগ,joy,0
উফ্ সত্যিই তুমি অসাধারণ গুরুআর কিচ্ছু মনে আসছে না আপাতত অনেক দিন বাদে দারুণ লাগলো দারুণ লাগল  দারুউউউন লাগল জিও,joy,0
বল্টু বুঝে গেল মহা বিপদে পড়েছে সে এখনই চিতা তাকে ঘাড় মটকে খাবে এখন যে প্রাণটা যাবে,fear,5
এটা কোন কোটি টাকার আয়োজন না যে যার খরচ নিজেই দিয়ে গেছে এবং সবাই যেভাবে এত কষ্ট করে যাত্রার ক্লান্তি নিয়ে কাজ করেছে তা আসলেই বলে বোঝানো যাবে না ইভেন্ট ম্যানেজার তাকমিলাকে বলা হইছিল সাজানোর কাজে মানব সৃষ্ট কোন উপাদান ব্যাবহার করা যাবে না কিন্তু সেটা ছিলো বান্দরবন এর জন্য পরে নিঝুম দ্বীপে এসেও যে কেমনে কি করে এত অল্প সময়ে এত কিছু ম্যানেজ করে ফেলছে আমি পুরাই হা,surprise,2
গাড়ীর ইঞ্জিন গরম হয়ে গেছে আবাক হয়ে নিজেই নিজেকে বলল ,surprise,2
নীরার সাথে সম্পর্কের সময় এর চেয়ে আরো বেশি অবাক করা কথা বলতো,surprise,2
টেকনাফ স্থলবন্দর থেকে খালাস করে তা ট্রাকে করে সারা দেশে পরিবহন করা হয় এতে দুই থেকে তিন দিন সময় লেগে যায় মূলত এই সময়ে গরমে অনেক পেঁয়াজ নষ্ট হয়ে যাচ্ছে আবার কাঠের ট্রলারে নিচের স্তরে থাকা পেঁয়াজে পানি লেগে ১০ থেকে ১৫ শতাংশ নষ্ট হয়ে যায়,sadness,1
লোকাল চ্যানেলগুলোতে বারবার দেখাচ্ছে যে শহরের জেলখানা থেকে এক ভয়ঙ্কর খুনী পালিয়েছে টিভিতে খুনির ছবিও দেখাচ্ছে ফোন করে কেউ পুলিশে খবর দিয়েছে যে তাকে দেখা গেছে এই আবাসিক এলাকায় গা শিউরে ওঠার মতো খবর,fear,5
এইটা কি ছিলো  কি ছিল এইটা  এইটা কোন কথা,joy,0
আজ প্রধান নির্বাচক মিনহাজুল আবেদীন ও কোচ রাসেল ডমিঙ্গোকে মুশফিক নিশ্চিত করেছেন তিনি এবারও পাকিস্তান সফরে যাবেন না,surprise,2
টাকা সবাই ইনকাম করতে পারে কিন্তু শিক্ষক সবাই হতে পারে না তাই শিক্ষকদের গালি দেয়ার আগে ভাববে যে তোমার সে যোগ্যতা আছে কিনা,anger,4
পত্রপত্রিকার খবরে রেগুলার দেখতে পাচ্ছি করোনাভাইরাসে মৃত্যু সন্দেহে অনেক মৃতদেহ সৎকারের ব্যাপারে অনেকের মধ্যে ভীতি কাজ করছে,fear,5
হঠাৎ বাবু মামা খেয়াল করলেন তার পাশের একটা লোক জোরে জোরে হাসছে,surprise,2
লাথির  উপরে  লাথি  দিলে  ঠিক  হয়ে   যাবে ,disgust,3
আশরাফ সাহেবের মুখ কালো হয়ে গিয়েছিল আমি উঠতেই তিনি দাঁড়ালেন তিনি এবং উপস্থিত অন্যেরা যথেষ্ট অবাক হয়েছেন,surprise,2
ভেতরে ভেতরে ভয় পেয়ে গেছি মেয়েটা আমার সাথে মাইন্ড গেইম খেলছে এ বয়সে এটা খেলার কথা না শেখার কথাই না,fear,5
এই লাশটার চোখ বন্ধ করা লাশটার শরীর যেন অনেকটা পঁচে গেছে লাশটা থেকে তিব্র পঁচা গন্ধ ভেসে আসছে লাশটাকে চিনতে রহিমের অসুবিধে হয়নি এটা সেই মাঝির লাশ যে মাঝি এতক্ষণ ধরে নৌকা চালাচ্ছিল নৌকায় এখন রহিম শুধু একা নৌকার বৈঠা কেউ বাইছে না তবুও নৌকা ভেসে চলেছে,fear,5
সে নিজের কাজ গুটিয়ে আপনার জন্য রান্না করে ঘর সামলায় আপনার একটা অংশ নিজের শরীরে ধারণ করে আর কতো চান,anger,4
কিন্তু এই গেরুয়া পতাকা হনুমান চিহ্নিত পতাকা যে পবিত্র মসজিদের মিম্বরে লাগানো হল তার প্রতিবাদের ভাষা আমার জানা নেইএই বাড়াবাড়ি মনুষ্যত্ব নৈতিকতা ধ্বংসের দিকে দাবিত করবে,sadness,1
আমি  গত বুধবার এক ১৭ এর জুনিয়রকে মানা করছি সে অবাক হয়ে গেছে,surprise,2
তারপরেও মানুষ যদি নিজের চরিত্র না বদলায়   অন্যের ক্ষতি করা থেকে বিরত না হয়  তাহলে সে শ্রেনীর মানুষের না থাকাই ভালো,disgust,3
তাহসান ভাই আসলেই একজন ভদ্রলোক ওনার নাটক সব সময় কুল অসাধারন অভিনয় করেনঅনেক সুন্দর হইছে ভাইয়া,joy,0
আমি তাকে সঙ্গে সঙ্গে চিনে ফেললাম কি আশ্চর্য কিরন দাড়িয়ে আছে আমার সামনে সে আমার স্কুল এবং কলেজ লাইফের সবচেয়ে অন্তরঙ্গ বন্ধু,surprise,2
চোখ বন্ধ করলেই যেন মেরুদণ্ড বেয়ে শিরশিরে একটা অনুভূতি নেমে আসা টের পেলাম,fear,5
ভারত অধিকৃত জম্মুকাশ্মীরিদের প্রতি সংহতি জানানোর উদ্দেশে আজাদ কাশ্মীরের মুজাফফরাবাদে জড়ো হয়েছেন হাজার হাজার জনতাস্বাধীনতার ডাক দিয়ে জম্মুকাশ্মীর লিবারেশন ফ্রন্ট শুক্রবার থেকে এ বিক্ষোভের আয়োজন করে,anger,4
হে  আল্লাহ্  যারা মৃত ব্যক্তির জন্মদিন পালনের জন্য ৪০০ কোটি টাকা খরচ করে ফেলে তাদের উপর আপনার গজব বর্ষিত করুন,anger,4
এই ব্যাকগ্রাউন্ড মিউজিকটা এত সুন্দর এত সুন্দর আর শর্টফিল্মটা নিয়ে নতুন কিছু বলার তো নাই 😍,joy,0
২০১১ সালের অক্টোবরে পুঁজিবাদ বিরোধী হাজার হাজার মার্কিন নাগরিক ওয়াল স্ট্রিট দখল করো ব্যানারে নিউ ইয়র্ক সিটির অর্থনৈতিক অঞ্চলের রাস্তাঘাট বন্ধ করে আন্দোলন শুরু করেন ধনীদের কর প্রদানে অপারগতা দিন দিন আরও ধনী হওয়া এবং বেকারত্ব বেড়ে যাওয়ায় সামাজিক যোগাযোগ মাধ্যমে একতাবদ্ধ হয়ে রাজপথে নামেন কতিপয় যুবক,disgust,3
পাবনার রূপপুর পরমাণু বিদ্যুৎ প্রকল্পের বিভিন্ন ভবনের জন্য বিছানা বালিশ ও আসবাবপত্র কেনায় দুর্নীতির বিষয়ে অনুসন্ধান শুরু করেছে দুর্নীতি দমন কমিশন দুদকদুর্নীতির সঙ্গে জড়িত ৩৩ কর্মকর্তাকে তলব করা হয়েছে,joy,0
অস্ট্রেলিয়ায় কয়েক মাস ধরে চলা দাবানলের ধোঁয়া শিগগির সারা বিশ্ব ঘুরে আবার অস্ট্রেলিয়াতে ফিরে আসবে এই দাবানলের ধোঁয়া অন্তত একবার হলেও বিশ্ব প্রদক্ষিণ করবে যুক্তরাষ্ট্রের মহাকাশ গবেষণা সংস্থার নাসা বিজ্ঞানীরা এ কথাই বলেছেন,sadness,1
ঘরের বাইরে হাঁভয় পেয়েছিস সোনার খুকিএবার ঘুমু যা,fear,5
সমাজের শিক্ষিত লোকেরা যদি এই ভাবে অপচয় করে তাহলে কাকে কি বলব,disgust,3
হারানো ভালবাসা আজো আমার অনুভূতিতে মিশে আছে আজও শিহরন জাগায় মনে হারিয়ে যাওয়া পথের বাঁকে যেন নতুন পথের সন্ধান মেলে যায়,sadness,1
বিরক্ত আমি বিরক্ত এই পৃথিবীর পরে দেখে সীমাহীন অবিচার আর দ্বিধাহীন মিথ্যাচার,disgust,3
অ প্রিয় মানুস এর সাথে থাকার চেয়ে বিছেএদ অনেক ভাল  সত্যি বলতে পারার সাহস মানুস কে অনেকটা পথ এগিয়ে নিয়ে যায়,sadness,1
এত দিন দুপুরে ডাকাতি এত পুকুর চুরির চেয়ে কম না আবার চোরের মার বড় গলা দোকানদার কে শাস্তি দেয়া হল না কেন মোবাইল কোর্ট ঘুষ খায় নি তো‌,disgust,3
সব বিদেশিকে লাথি দিয়ে বের করে দেন,anger,4
সরকারের সাথে জনগণের সম্পর্কের ছেদ ঘটে গেছে অনেক আগেই কিন্তু বিদ্যমান সংকটে তা এতটা নগ্নভাবে প্রকাশ পাচ্ছে যা আগে কখনো ঘটেনি,sadness,1
আপনি তো দেখতেছি কড়া মালাউন লাভার 😂 আরিজিত সেন্টি খাওয়া গান কইরা ও নিজেই সেন্টি + হয়ে গেছে 😂😂 ওর গান শুনলে না আসে মনে জোড় না আসে আবেগ  শুধু সেন্টি আর সেন্টি ,disgust,3
নওগাঁর আত্রাই উপজেলায় ট্রাক্টরের ধাক্কায় এক যুবক নিহত হয়েছেন এতে আহত হয়েছেন অপর দুই ব্যক্তি সোমবার সন্ধ্যায় উপজেলার ভবানীপুর বাজারের পাশে স্লুইসগেট এলাকায় এই ঘটনা ঘটে,sadness,1
ছবিগুলো অসাধারন  বিশেষ করে গলফ মাঠে ক্যাঙ্গারুর ছবিটা অতুলনীয় যাবার আগ্রহ থাকলো হয়ত একদিন,joy,0
দুধের বদলে সয়াবিন ব্যবহার করায় এতে অপুষ্টির চিকিত্সাব্যয় নেমে আসবে প্রায় অর্ধেকে বাংলাদেশের শিশুরা তো এর প্রত্যক্ষ উপকার পাবেই খরচ বেশ কম বলে বিশ্বজুড়ে সব অপুষ্ট শিশুই এর উপকার পাবে অপুষ্টিসেবার আওতা পৃথিবীব্যাপী বহুগুণ বেড়ে যাবে,surprise,2
মেগাহেদের ভাষ্যনুযায়ী পুরাতন রাজবংশীয় কবরগুলোতে মৃতদের নিজের ছবি থাকার ব্যাপারটি অভাবনীয় কারণ তা সাধারণত দেখা যায়না,surprise,2
ইয়েমেনে একটি সামরিক প্রশিক্ষণ শিবিরে ক্ষেপণাস্ত্র হামলায় কমপক্ষে ৮০ সেনার মৃত্যু হয়েছে শনিবার দেশটির কেন্দ্রীয় প্রদেশ মারিবে এ ঘটনা ঘটে এই হামলায় অনেকে আহত হয়েছে,anger,4
ভাই আপনার মুখে গল্প শুনতে খুব ভালো লাগে তারাতারি নতুন গল্প নিয়ে আসেন এই গল্পটাও খুব ভালো লাগছে😍😍😍,joy,0
বিষাদে মধুরতা মেশানোযতবার শুনি ততবার ই চোখের কোন ভিজে যায়আমার সব প্রিয় গান গুলো র মধ্যে একটি,sadness,1
করোনা মৃত্যু এটা বলতে তোদের ব্যথা লাগে তোদের থেকে বড় গুজব সৃষ্টিকারী কেউ নেই 😠😠😠,anger,4
আস্তে করে উঠে দাড়ালামতবে এবার বেগতিক ভাবে চিৎকার করছিসাথে কাঁদছি সাদা কাপর সরে গেছে তবে ভিতরে আরও ধবধবে সাদা রঙ এর মানূষ,fear,5
আরেকটু এগুতে স্পষ্ট দেখলাম জিনিসগুলো  নিজের চোখকে বিশ্বাস করতে পারছিলাম না ,surprise,2
খবরদার এই দুইটা আমার ইমোশন আমি অ্যাড দিব,anger,4
এরা এখনো নানান কুসংস্কারে বিশ্বাস করেই জীবন যাপন করে এরা মুর্খ তাই এরা এইরকম বোকার মতো অদ্ভুত কথা বলছে এইসবই হলো কুসংস্কার,disgust,3
বিক্রি কইরা দিয়া আসতেছে পুরা খুবই লজ্জার বিষয় এই যে মেরুদণ্ডহীন রাজনৈতিক ব্যক্তিত্ত্বরা এইসব নিয়া কিছু বলবে না,disgust,3
মেসেঞ্জারে দুই তিনজনকে যেকোন একটা প্রোডাক্ট নিয়ে কথা বললেই পেয়ে যাবেন সেই প্রোডাক্টের সব ধরনের চলমান অফার  একদম নিউজফিডেই,surprise,2
মন ভরে গেল এত সাবলীল অভিনয় এবং কাহিনি দেখে এই জুটির আরও নাটক চাই,joy,0
আমার রুমের জানালার বিপরীতে ৩হাত উপরের জানালা মেবিদুরত্ব ৫হাত হবেএই মাত্র সেই বাসায় একজন মহিলা করোনা পজিটিভ পাওয়া গেলো মাত্রস্বাভাবিকভাবেই অই ফ্লোরের আশেপাশের বাসার সবাই খুবই প্যানিকড কারণ খবরটা আসছে বিনা মেঘে বজ্রপাত এর মত,fear,5
কৃষ্ণকাঠি এলাকার জ্বরের রোগী সুখী আক্তার ২২ বলেন প্রচণ্ড জ্বরের কারণে দাঁড়াতেই পারছি না ভাবছিলাম হাসপাতাল থেকে চিকিৎসা পাব কিন্তু ডাক্তার জ্বরের রোগী দেখতে ভয় পাচ্ছেন,sadness,1
অনলাইন ট্রাভেল এজেন্সি হাল ট্রাভেলের হালট্রিপ সঙ্গে ব্যবসায়িক সম্পর্ক ছিন্ন করছে দেশিবিদেশি উড়োজাহাজ কোম্পানিগুলো এর ফলে কোনো উড়োজাহাজ কোম্পানির টিকিট বিক্রি করতে পারবে না হালট্রিপ উড়োজাহাজ কোম্পানিগুলো সূত্রে এ তথ্য জানা গেছে,sadness,1
এই যে এই মানুষ গুলা একাই এতো গুলা বাজার করে নিয়ে ঘরে মজুদ করতেছে এদের মধ্যে কি বিন্দু মাত্র মনুষ্যত্ব আছে,disgust,3
কত স্বামী আছে শুধু নামে স্বামীবউ কে সময় দেয় না দেহ ব্যাবসা কারীনিদের কে সময় দেয় বউ এরকাছে হুজুর সাজে ,disgust,3
এই সব নতুন নতুন ইউটুবার কোথায় থেকে যে আসে আহরে পাগলের দল ব্যবসার জন্য এতো নিচে নামতে হয়না বুজলেন মিয়া,disgust,3
তারপর প্রবল বন্যার পানি তৈরি করলাম এবং ফসলি জমিগুলো পরিবর্তন করে দিলাম অকৃতজ্ঞ অহংকারী ছাড়া এমন শাস্তি আমি কাউকে দিই না ,disgust,3
মুশকিল হয়েছে কি ভয়েদের তো দায় নেই—সাজানো গোছানো গভীর গম্ভীর মৌলিক শালীন কি যুক্তিসংগত হওয়ার,fear,5
মাঝে মাঝে মনে হয় কান এর নিচে একটা চওর লাগাই দিই  অনেক অসহ্য লাগে মাঝে মাঝে তার উপর একটা বেত নিয়ে মনের জোট ক্ষোভ আছে সব মিটাই নিই,anger,4
এক্সিডেন্ট পিংক সিটির পূর্বদিকে পাহাড়তলী রাউজান লোকাল বাস চট্টগ্রাম থেকে কাপ্তাইগামী চাকা পাংচার হয়ে উল্টে যায় সকাল সাড়ে ১১টার দিকে যাত্রী ছিলেন চুয়েটের মেকানিক্যাল বিভাগের সহকারী অধ্যাপক জনাব মোহাম্মদ আবদুর রাজ্জাক এবং পেট্রোলিয়াম এন্ড মাইনিং ইঞ্জিনিয়ারিং বিভাগের প্রভাষক জনাব নাদিয়া মাহজাবীনও প্রাথমিকভাবে দেখা গেছে হাতে এবং ঘাড়ে জখম রয়েছে,sadness,1
লোকটা ভয়ে ভয়ে বলল মানে মেয়েটা ভয়ংকর একটা হাসি দিয়ে বললমনে পড়ে আজ থেকে দশ বছর আগে রাস্তার পাশে একটা মেয়ের লাশ পড়ে থাকতে দেখেছিলেন,fear,5
তিনি একে একে পাঁচটা বাচ্চাকেই বাথটাবের পানিতে চুবিয়ে মারলেন,disgust,3
আমি সারাবছর ভয় পাইসবকিছুকে ভয় পাই,fear,5
প্রশ্নটা রুনা করে আকস্মিকভাবে আমি হতচকিত হয়ে যাই তাকাই বিস্ময়ে আশ্চার্য আমি সেটা জানব কী করে,surprise,2
মুভিকে মুভির মতই দেখা উচিতএকদল বাঙালি ভাবছে মুভি দেখে মানুষ বাংলাদেশ সম্পর্কে ভুল ধারনা নিবেআরে ভাই বিদেশি রা আপনার মতন আবাল না যে মুভির কাহিনী সিরিয়াসলি নিবে এটা কোন ডকুমেন্টারি নামুভিকে মুভির মতন ই রাখুনইনজয় করুন,anger,4
এক ভদ্রমহিলা মুখ বাঁকিয়ে বললোচেহারা দেখেই বুঝা যায় বদমাইশ টাইপ এইসব কুলাঙ্গারদের জন্য মেয়েদের রাস্তাঘাটে চলাচলই এখন দায় হয়ে পড়েছে,disgust,3
শুয়ে শুয়ে আকাশ পাতাল ভাবছিএসময় বেয়াড়া শব্দে টেলিফোন টা বেজে উঠলোআমি ভয়ানক চমকে উঠলাম মনের দিক থেকে কতখানি দুর্বল হয়ে পড়েছি সেটা চিন্তা করে অবাক লাগলো,surprise,2
এই আপনারা মানে চেতনা বোদ্ধারা যদি দেখতেন যে কেউ বেধে রাখার ভিডিও আপলোড করেছে তখন বলতেন দাড়িয়ে দাড়িয়ে ভিডিও না করে বাচ্চাটাকে ছাড়াতে পাড়েন নাই আপনাকে আগে বেধে মারা দরকার,disgust,3
সব ডাক্তার সাহেব যে মেডিকেল থেকে পাশ করে তার নামের সাথে প্রতিষ্ঠানের নাম থাকে তাহলে আজহারী লেখায় ওর সমস্যা কি ,disgust,3
সামান্য অসুখে কম ভিজিটের জুনিয়র ডাক্তারকে দেখালেও পারত অথচ তারা নামকরা প্রফেসর ডাক্তার দেখাতে চান এই নামকরা প্রফেসরের বয়স কত তার জীবনের সংগ্রামের গল্পটা কেউ জানেন দিন শেষে ডাক্তারকে তারা গালি দিয়ে গেছে তিন মিনিটে হাজার টাকা বাপরে বাপ,disgust,3
পুরুষদের পেশির শক্তি নারীদের তুলনায় বেশি কারণ নারীদের তুলনায় পুরুষদের দেহের ওপরের অংশ বেশি শক্তিশালী,surprise,2
অবাক হলাম তাকে দেখে নাগর কথাটা কত সহজভাবে উচ্চারণ করলো ,surprise,2
 না হয় সেটা ব্যর্থ প্রয়াস হয়ে যেতে পারে এবং এরকমটা হলে সেটা এখানে বসবাস করা প্রত্যেকটা মানুষের জন্য অশনি সংকেত,fear,5
অসাধারণ ভাই এ ধরণের ভিডিও আরোও চাইএই ব্যস্ততার মাঝেও আমাদের জন্য সময় বের করেন বলে আমরা কৃতজ্ঞ ভালো থাকবেন সবসময় ♥,joy,0
দুঃখ জনক আমরা মূর্খ জাতি আমাদের ঘুমন্ত বিবেক সত্যিই আমরা লজ্জিত,sadness,1
বুলাপু ❤️এত সাহস নিয়ে কিভাবে এত গুছায় কথা বলল কে জানেমেয়েটার বই বেরিয়েছে বইমেলায়তাম্রলিপি থেকে  নাম বিজ্ঞান টিজ্ঞান পাওয়া যাবে ১৭ নাম্বার স্টলে,surprise,2
এই পৃথিবীতে প্রিয় মানুষ গুলোকে ছাড়া বেঁচে থাকাটা কষ্টকর কিন্তু কারো জন্য কারো জীবন থেমে থাকে না জীবন তার মতই প্রবাহিত হয়,sadness,1
আমি অপূর্ব ভাইয়ার অনেক বড় একজন ফ্যেন  আমার কাছে অপূর্ব ভাইয়ার সকল নাটক ভালো লাগে I love u apurbo vaiya,joy,0
ওহ পল্লব ভাইও লিখে ফেলসে কী আনন্দ করোনাকাল না থাকলে আপনার সঙ্গে কোলাকুলি করা যেত ভাইয়া ,joy,0
রাজধানীর কল্যাণপুরে জাহাজবাড়িতে জঙ্গিবিরোধী অভিযানে নয়জন নিহতের ঘটনায় করা মামলায় অভিযোগ গঠনের শুনানি হয়েছে আগামী ২ মার্চ অভিযোগ গঠন বিষয়ে আদেশের জন্য দিন ধার্য করেছেন আদালত ঢাকার সন্ত্রাস বিরোধী বিশেষ ট্রাইব্যুনালের বিচারক মুজিবর রহমান আজ বৃহস্পতিবার এই আদেশ দেন,joy,0
সাকিব আল হাসান চুরি করার মানসিকতার কারনে আই সি সি তাকে দুই বছর নিষিদ্ধ করেছে না হলে জুয়াড়ির ইনফরমেশন সে কেন লুকিয়েছিল শালা চোর,anger,4
 বেসাসকে সবচেয়ে যন্ত্রণাদায়কভাবে হত্যা করা হলো তার লাশের প্রতিও আলেকজান্ডার বিন্দুমাত্র সম্মান দেখলেন না কাপুরুষোচিতভাবে দারিউসকে হত্যা করার কারণে বেসাসের দ্য কিং অভ কিংস উপাধিও তিনি অস্বীকার করেছিলেন,disgust,3
আপনি যদি ব্র্যান্ড ম্যানেজমেন্ট সেক্টরে কাজ করে থাকেন তাহলে নিশ্চয়ই ব্রুজো শব্দটি শুনে থাকবেন স্প্যানিশ ভাষায় ব্রুজো শব্দের মাধ্যমে উইচ ডাক্তারদের বোঝানো হতো যাদের আরেক নাম শামান তাহলে bandbuo শব্দ দিয়ে কী বোঝানো হয় একটি ব্র্যান্ডের ডাক্তার বা একজন শামান যে কিনা ব্র্যান্ডের সব ভালো দিকগুলোর দাবিদার বাংলাদেশি ব্র্যান্ড জগতে এমনই একজন মাস্টারমাইন্ড ইশরাক ঢালি,surprise,2
সত্যিই সে সময়টা অন্যরকম ছিলো ফেভারিট টিভি শো গুলোর একটি অনেক ভাল লাগত ছোটবেলায় এই টিভি সিরিজটা দেখতে সারাদিন লেগে থাকতাম টিভির সামনে,joy,0
আমার হাত থেকে ঝটকায় মোবাইলটা নিয়ে মেঝেতে ছুঁড়ে দেয় ঝনঝনিয়ে ভেঙে যায় ফোনটা গিয়ে লাশ শনাক্ত করে আসে,sadness,1
থাপ্পড় খাইছ নাকি খাবা ও গেদো বাংলায়ই লিখলাম নাও এবার বাংলায় তাফসীর করবেদ্দপ,anger,4
মনের মধ্যে যত ই কষ্ট থাক না কেন যে কোনো মানুষ এই গান শুনে কষ্ট কে জয় করে নিতে পারবে,joy,0
বাড়ির সবাই অবাক হয়ে বলে মরা নদীতে তো নৌকা চলে না ও নদী শুকিয়ে গেছে কবে আশ্চর্য নদীটা আসলেই মরা নদীতে পানি নেই বললেই চলে,surprise,2
এতো কিছু হয়ে গেলো জানতামই নাহ নির্দোষ হলে অবশ্যই জনিকে ক্ষতিপূরণ দেয়া উচিত,surprise,2
ভিডিও আর গান যেন একদম ফুটে উঠেছে ❤,joy,0
পথে একের পর এক আসছে আলপাইনের বিস্তৃত ভূমি আর নাম না জানা চমৎকার সব গ্রামাঞ্চল অপূর্ব শব্দটা আর কতইবা বলা যায়,joy,0
মেকআপ ছাড়া রীয়া এমনিতেই অনেক অনেক সুন্দর Lovely স্বাভাবিক সৌন্দর্যের অসাধারন ছবিগুলো দেখে মন জুড়িয়ে গেলআশীর্বাদ রইল রীয়ার জন্য,joy,0
এই সব দেখার জন্যই কি বাংলাদেশ স্বাধীন হয়েছিলো,sadness,1
ভয় পাই ভয় আমার চার পাশেও আছে এমন বোকার দল,fear,5
খাই দাই ক্লাসে যাই আড্ডা দেই এরশাদ বিদায় হয়েছে দেশে বড় কোন সমস্যা নাই থাকলেও ফেইসবুক নাই বলে আওলা হাউকাউও নাই আমরা ভালোই ছিলাম,joy,0
৩৮ বছরের ওরিনবেক ককসিবেক এভাবেই বলছিলেন চায়নার কনসেন্ট্রেশন ক্যাম্পে তার মেডিকেল চেকাপের ভয়াবহ অভিজ্ঞতার কথা,fear,5
আকাশের কষ্ট গুলো মেঘ হয়ে ভাসে মেঘের কষ্ট গুলো বৃষ্টিহয়ে আসে পাথরের কষ্ট গুলো ক্ষয়ে ক্ষয়ে পরে আর মনের কষ্ট গুলো অশ্রু হয়ে ঝরে,sadness,1
স্ত্রী কে সুন্দর করে ম্যাডাম বলেছেন এটা এই সব বর্বর রা নিতে পারবে না এটাই স্বাভাবিক,disgust,3
ছুটির দিনে আমার ঘুম আসে না দুপুরে অথচ অফিসে ঢলে পড়ি বড্ড মুশকিলে পড়া গেল,disgust,3
সেই বিষাক্ত মানুষ গুলি আনলাইক লিস্ট এই আছে,disgust,3
অন্ধকারে ঢিল মারা স্বভাবটা বাদ দাও কবে যে ঢিল তোমার পিঠেই এসে পড়বে কে জানে,disgust,3
মেয়েরা গিফট পেতে যতটা না ভালবাসে তার থেকে বেশি ভালবাসে সেটার শো অফ করতেআসল কথা তারা শো অফ করার জন্যই গিফট চায়,disgust,3
চীনের উহানে বসবাসরত বাংলাদেশিরা চরম উৎকণ্ঠার মধ্যে আছেন এখানে বিভিন্ন বিশ্ববিদ্যালয়ের শিক্ষার্থী ও তাঁদের পরিবারের সদস্যরা বসবাস করছেন এই শহরে চার শতাধিক বাংলাদেশি রয়েছেন,fear,5
যুক্তরাষ্ট্রের অন্যতম বড় ওই শহরের হোটেলগুলোকে এভাবে পর্যায়ক্রমে হাসপাতালে পরিণত করার উদ্যোগ নিয়েছে স্থানীয় সিটি করপোরেশন কর্তৃপক্ষ এর মধ্যে তারা দেড় হাজার কক্ষ ভাড়া নিয়ে হাসপাতালের শয্যা তৈরির জন্য হোটেলমালিকদের সঙ্গে চুক্তি করেছে,joy,0
অনেক দিন পর ভিডিও দিলেন মনটা খারাপ হলেও এখন একটু ভালো লাগছেধন্যবাদ দেখে শুনে থাকবেনএখন পর্যন্ত ১৮২ টি দেশে আক্রান্ত হয়েছেসবাই দোয়া করবেন আমাদের জন্য,joy,0
যখন আপনি অফিস থেকে বাড়ি ফেরেন ছোট ছোট কারনে রাগ ফ্রাস্টেশন নিজের উপর ওয়াইফ এর উপর বা পরিবারের অন্য সদস্যদের উপড়ে ফেলেন,anger,4
আন্তর্জাতিক শ্রম সংস্থার আইএলও প্রতিষ্ঠার শতবর্ষ পালন উপলক্ষে গিনেস রেকর্ড ভাঙতে বাংলাদেশ বিশ্বের সর্ববৃহৎ টিশার্ট সেলাইয়ের পরিকল্পনা করেছে বিশ্বের দ্বিতীয় বৃহত্তম রফতানিকারক বাংলাদেশ পোশাক শিল্পকে তুলে ধরার জন্য বাংলাদেশ গার্মেন্ট প্রস্তুতকারক ও রফতানিকারক সমিতিকে বিজিএমইএ সুতি কাপড়ের এই টিশার্ট সেলাইয়ের দায়িত্ব দেয়া হয়েছে,surprise,2
এবার ছাগল সব কোথায় যারা কথায় কথায় বলতো এতো কম করোনা রোগী কেন এই ছাগলদের পাছায় যদি পিটাইতে পারতাম,anger,4
সিদ্দিক ভাই অভিনয়টা খুব সুন্দর হয়েছে,joy,0
কাউকে বেশি দেখো না খুব মনে পরবে কাউকে কষ্ট দিও না পরে নিজেই কষ্ট পাবে আর কাউকে কাছে পেয়েও হারিও না পরে সারা জীবন কাঁদতে হবে,sadness,1
বাকিরা যে এখনই বিয়ে করতেছে এটাই আমি ভাবতে পারতেছি নাআমার নিজের তো থাক আর নাই বললামআর আপনার বিয়ে খাইতে পারলেই হবে,surprise,2
ভয়ের একটা অদ্ভুত শিরশিরানি তার মেরুদন্ড বেয়ে নেমে গেল মনে হল মেয়েটাকে সে কোথাও দেখেছে,fear,5
অলওয়েজ ক্রিয়েটিভ সং দিয়ে যাচ্ছেন আমাদের শুভ কামনা রইলো প্রিতম ভাই😍,joy,0
গোটা দুনিয়ার মানুষ আছে করোনা আতংকে  আর এই কথিত চেতনাবাজ রা আছে বৈশাখ নিয়ে  চিরদিনের জন্য নিষিদ্ধ করা উচিত এই নাস্তিক মার্কা কথিত উৎসব টাকে ||,anger,4
কি চিকিৎসা করছে কি টেস্টের উপরে ভিত্তি করে এদের আটকে রেখেছেখুবই দুঃখ জনক ঘটনা,sadness,1
লোকাল চ্যানেলগুলোতে বারবার দেখাচ্ছে যে শহরের জেলখানা থেকে এক ভয়ঙ্কর খুনী পালিয়েছে টিভিতে খুনির ছবিও দেখাচ্ছে ফোন করে কেউ পুলিশে খবর দিয়েছে যে তাকে দেখা গেছে এই আবাসিক এলাকায় গা শিউরে ওঠার মতো খবর,fear,5
আশ্চযের বিষয় সে রাতের পর ঐ ছেলেটিকে আর কোনদিন আমাদের ছাদে দেখা যায়নি সে রাতে অবশ্য আরেকটি ঘটনা ঘটেছিল সেটি হলো আমাদের পাশের বাসার রবিন চাচ্চু মারা গিয়েছিলো ,surprise,2
ওদের বাবা ভয়ার্তশুকনো মুখে অপেক্ষা করছিল দোরগোড়ায় ,fear,5
পটুয়াখালীর কলাপাড়ায় পায়রা বন্দর প্রতিষ্ঠার পাঁচ বছর পার হয়েছে কিন্তু টার্মিনাল নির্মাণের কাজ শুরুই হয়নি,anger,4
শীতল সকালে মুন্সীগঞ্জএর আলদী বাজারে মাঠা খেয়ে আসলামএই সকালে কুয়াশা শিশির অন্যরকম হয় সকালবেলা খেজুররস মাঠা ছানা দই মুন্সিগঞ্জ এর আলাদী বাজার এলাকার হিন্দু ঘোসেরা এই পেশায় নিয়োজিত যুগ যুগ ধরে এই মাঠার দোকান গুলো প্রাচীন ঐতিহ্যের একটি অংশ হয়ে আছে আলদী বাজার এলাকার লোকালয়ের মাঝে,joy,0
উপস্থাপক কে শুদ্ধ বাংলা বলতে শিখিয়ে পাঠান বুড়ো বয়সে এত নেকা উচ্চারণ কেনো,disgust,3
তাহসান ভাই আসলেই খুব ভদ্র একজন মানুষ বিক্রমপুরে তার এবং আমার বাসা পাশাপাশি  তিনি আমাদের বিক্রমপুরের গর্ব,joy,0
আশ্চর্য আমার দোয়ায় এখনও ওদের অমর প্রেম চলতেসে,surprise,2
রররক্ত  ভীত গলায় তোতলাতে তোতলাতে বলল মনন ,fear,5
মনমুগ্ধকর সুন্দর বাক্ দেবীর মাতৃ বন্দনায় আমি বিস্মিত ও আবেগাপ্লুত,surprise,2
এত ভালো একটা ঘোড়াকে এভাবে ছেড়ে দেওয়া হচ্ছে এরকম অনভিজ্ঞ আর দুর্বল লোক থাকলে এরকমই হয় পেছন থেকে চিৎকার করে উঠলেন যুবরাজ,disgust,3
তোর মত কাউয়াকাক যদি উপস্থাপনা করে তাহলে অনুষ্ঠানে যে কয়জন মানুষ আসবে সেই মানুষগুলোও পালাবে,disgust,3
তার মানে বলতে চাইছেন আমাদের কষ্টে জমানো টাকায় বড়লোক বড়ভাইদের ড্রাইভারদেরকে খাওয়ানো হইসে জিনিসটা সিরিয়াসলি একটু বলেন স্যার,surprise,2
এই দল বেঁধে ঘুরতে যাওয়াটা অতি আনন্দের,joy,0
সাম্প্রতিক কয়েকটি ঘটনায় নিজের মনের ক্ষতগুলো যেন জেগে উঠল ২৩ অক্টোবর প্রথম আলোর অনলাইনের এক খবরে প্রকাশ রাজধানীর একটি ইংরেজি মাধ্যম স্কুলে চেহারার ধরনসহ নানা বিষয়ে সহপাঠীদের বুলিং সইতে না পেরে স্কুলে যাওয়া বন্ধ করে দিয়েছে ১৫ বছর বয়সী এক কিশোরী,sadness,1
স্থগিত নয় প্রত্যাহার এবং ডিসি অফিসের সাথে সংযুক্ত তারা শাস্তি দিতে খুব মূল্যবান কেবল চোখের জল ,disgust,3
বিশ্বের সবচেয়ে নেতৃস্থানীয় সংস্থা জনসাধারণকে এই তথ্যটি কীভাবে লিক করেছে তা আশ্চর্যজনক,surprise,2
রাতে শুয়ে শুয়ে গভীর মনোযোগ দিয়ে বই পড়ছিলাম কিন্তু মনোযোগ বেশিক্ষণ ধরে রাখতে পারলাম না মিথুনের ফোনের যন্ত্রণায় বিরক্ত হয়ে কল রিসিভ করলাম,disgust,3
শালা রামছাগল হক্কানি আলেমদের একটা বালের সমানও কি তোর যোগ্যতা আছ কোন কিছু না বুঝে ছাগলের ৩ নাম্বার বাচ্চার মত কিছু বলা থেকে বিরত থাক কোরআন হাদিস সম্পর্কে তুই কি বুঝছ,anger,4
আজ ঘুম থেকে উঠে দেখলাম গত তিন বছরে এই দিনে আমার একাউন্টে কোনো memory নেই ভালো লাগলো না ব্যাপারটা,sadness,1
দক্ষিণ আমেরিকা মহাদেশের ক্লাব ফুটবলের আর্জেন্টিনার ফুটবল ইতিহাসের ঘটল এক ন্যাক্কারজনক ঘটনা,disgust,3
 কিন্তু কিছুদূর যেতেই  হঠাৎ মট মট শব্দ করে তাদের একেবারে পায়ের সামনে এসে পড়ল একটা ঝোপড়াল জামের ডাল  তাই থমকে দাঁড়াল তারা ,surprise,2
এমনভাবে প্রায় মিনিট দুয়েক কাটল হটাত আমাকে চমকে দিয়ে কে যেনও আমার নাম ধরে ডেকে উঠলো,surprise,2
দেশের প্রাকৃতিক গ্যাস রপ্তানি নয় বিদেশ থেকে এনে প্রক্রিয়াজাতের পরে তা ভারতে রপ্তানি করা হবে বলে জানিয়েছেন পররাষ্ট্রমন্ত্রী এ কে আব্দুল মোমেন সিলেটে আন্তর্জাতিক স্টেডিয়ামের আউটার স্টেডিয়ামের নির্মাণকাজ পরিদর্শন শেষে আজ মঙ্গলবার দুপুরে সাংবাদিকদের প্রশ্নের জবাবে পররাষ্ট্রমন্ত্রী এ কথা বলেন,joy,0
আমার ডিপার্টমেন্টের প্রতি আমার তেমন টান নাই থাকার কারণও নাই  মানুষ হিসেবে আমি বড় বাইঞ্চোদ হওয়ায় আমার সাথে অনেকেরই কথা বন্ধ দেখতে পারে না এবং পারিনা ,disgust,3
এই শালী দেশের জন্য একটা ক্ষতিকর তার ফাসি চাই এবং তার রিমান্ড হোক দশ দিনের এত টাকা এবং যৌনো লুপ্ত মেয়ে দিয়ে এই পাপিয়া মৃত্যু দন্ড দেশেবাসি চায় কারণ সে একজন মেয়ে হয়ে এত কম কান্ডে জড়িত কথা শুধু পাপিয়ার ফাসি চাইদানব মাগীদুনিয়ায় থেকে বহিষ্কার করা উচিত আমি মনে করিতার ফাঁসি চাই,anger,4
রাজধানী সুপার মার্কেটে অগ্নিকাণ্ডের ঘটনায় নিঃস্ব হয়েছেন অনেক দোকান মালিক বৃহস্পতিবার এসব দোকানদার নিজেদের ভস্মীভূত দোকানঘরের সামনে আহাজারি করছিলেন,sadness,1
মহিলার চেহারায় কোন অভিব্যক্তি নেই তিনি হাউমাউ কান্নায় ভেঙ্গে পড়লেন,sadness,1
কথা দিলাম আমি আসবো তোমার কল্পনায় কোনো একদিন কোন এক বিকেলে আসবো তোমার ভাবনায় কথা দিলাম তবে হয়তো সেদিন আমাকে আর পাবে না,sadness,1
অনেক ভালোবাসি তারে কিন্তু মুখ ফুটে একবার ও বলতে পারি নাএই গান শুনলে মনে হয় চিৎকার করে তাকে বলি ভালোবাসি তোরে,sadness,1
চোরের দল দিয়ে চিকিৎসা সেবা অসম্ভব ও সত্যিই দুংখ জনক 😠😠কিন্তু মন্ত্রীদের দেয়া বক্তব্য শুনলে জুতা দিয়ে মারতে ইচ্ছে করে 😡😡😠,anger,4
এনআরবি ব্যাংক লিমিটেডের মোবাইল ব্যাংকিং অ্যাপ এনআরবি ক্লিকএর উদ্বোধন করা হয়েছে এনআরবি ব্যাংক লিমিটেডের চেয়ারম্যান মোহাম্মাদ মাহতাবুর রহমান মোবাইল ব্যাংকিং অ্যাপের উদ্বোধন করেন,joy,0
আমাদের জীবনে আমরা কেউই সুখী নই আমারা সুখের সন্ধান করতে গিয়ে অন্যকে এমন কি নিজের দেহকে কষ্ট দিয়ে থাকি কিন্তু সেই সুখ অর্জন করতে পারি না ,sadness,1
কৃষিবিদ ওবায়দুর রহমান মন্ডল আরও বলেন সময়ের ব্যবধানে খেতের ধান তরতর করে বেড়ে উঠছে যত্ম ও পরিচর্যায় কোনো খামতি রাখছেন না কৃষকরা রোগ বালাইয়ের আক্রমণ এখনো পর্যন্ত অনেক কম,joy,0
 রাগ্গিং  হোক  আর  না  হোক  তাই  বলে  কি  এই  স্যার রা  কারো  হাত  ভেঙে  দেয়ার  সার্টিফিকেট  পাই   এমন  ঘটনা  সত্যি  হয়েই  থাকে  রাগ  যে  দিসে  র  এই  স্যারদের  ডিফারেন্স  তা  কোথায় ,disgust,3
আমি ভয় পেয়ে গেলাম তার চেহারা এমন চোখ দুটো রক্তের চেয়ে লাল একটা হাত কাটা আর নাক নেই সেখান থেকে অনবরত রক্ত ঝড়ছে,fear,5
সিরিয়াসলি তাই বলে এমন করবে সে সিরিয়াসলি,surprise,2
আমেরিকার বড় অংশজুড়ে তীব্র শীত ধেয়ে আসছে তাপমাত্রা কমে গিয়ে ১৭০ বছরের রেকর্ড ভাঙার কথা বলছে মার্কিন আবহাওয়া দপ্তর পুরো আমেরিকার প্রায় দুই–তৃতীয়াংশ এলাকার তাপমাত্রা কমে যাবে এবং মানুষ ঠান্ডায় বড় ধরনের ঝুঁকির মধ্যে পড়বে বলে সতর্ক করা হয়েছে,fear,5
কিন্তু তার ভয় কথার সঙ্গে বায়তুল মোকাররমের সামনের ভয় কথাটার কেমন যেন মিল খুঁজে পেলাম,fear,5
খুলনার কয়রা উপজেলায় সেতু নির্মাণকে কেন্দ্র করে মারধরে গুরুতর জখম হয়ে উপজেলা ছাত্রলীগের সাধারণ সম্পাদক মো হাদিউজ্জামান ওরফে রাসেল ২৮ মারা গেছেন,sadness,1
ও ভেবেছিল শক্ত কিছুর সাথে ও বাড়ি খাবে কিন্তু ওকে অবাক করে দিয়ে সেরকম কিছুই ঘটলনা ও বিনা বাঁধায় একটা ঝোপের উপর পরে গেল ,surprise,2
আজকে  টেম্পু  তে  এক  মাদারচোদ  আমার  সামনে  আমার  দিকে কাঁশতেছিলো মনে  হচ্ছিলো  মারি  দি  ইতারে,anger,4
বেশী জ্ঞান দিবি না তো আজীবন নিগ্রো ডেকে আসলাম এখন খুব আসছিস আমেরিকান শো দেখে আমাকে শিখাতে আর হিন্দুদের মালাউন ডাকলেও এমন খারাপ কিছু না মালাউন মানে অভিশপ্ত আর বিধর্মী হিসেবে তারা তো একপ্রকার অভিশপ্তই এখানে মাইন্ড করার কি আছে এখন কি বলছিলাম ও হ্যা ঘানার নিগ্রোরাও নিজেরা বানিয়ে স্যাটেলাইট আকাশে পাঠায় আর আমরা পারি না ছিঃ ছিঃ স্বদেশী পণ্য কিনে হও ধন্য এই কথাটা আজকাল মানুষ ভুলেই গেছে,disgust,3
তাই সিটি কর্পোরেশন কর্তৃক ডেংগুর হটলাইন চালু করে বাসায় বিনামমূল্যে ওষুধ বা চিকিৎসা প্রদান করার ঘোষণা লোক দেখানো ছাড়া আর কিছু না তাছাড়া তারা এখন নিজেদের ব্যর্থতা ঢাকতে কৌশলে প্রতিরোধের চেয়ে চিকিৎসার উপর দায় চাপিয়ে দিচ্ছে,disgust,3
ভয়ে শরীরের পশমগুলো দাঁড়িয়ে গেছে এবার আমি স্পষ্ট শুনতে পেয়েছি অনেকটা বাতাসে ভর করে যেনও আসছিলো কথাগুলো মিম মিম,fear,5
প্রায় ৫ মিনিট পর আমি আমার উপস্থিতিকে এক বিশাল খোলা নদীর তীরে আবিষ্কার করলাম শো শো করে প্রচুর বাতাস বইছেসাথে উড়ে আসছে বালিএবার কিছুটা ভয় পেয়ে গেছি,fear,5
নানা রকম চেনা অচেনা পাখির কলতান অরণ্যর নিস্তব্ধতার মাঝে নানা শব্দ আদিবাসিদের মাছ ধরা বাচ্চাদের গোছল করা আরো কত কি আশ্চর্য এ যেন চির চেনা জগত ফেলে অচেনার এক জগত,surprise,2
ঐ রাস্তায় হাটঁতেও ভয় লাগে সবসময় কাপলরা থাকে,sadness,1
হঠাৎ ছাদ থেকে ধুপ ধুপ শব্দ ভেসে এলো  আমি বেশ অবাক হলাম  এতো রাতে ছাদে আবার কে খেলছে ,surprise,2
ব্যপারটা হইলমানুষ এখন কেমন যেন চোখ থাকিতেও অন্ধ টাইপের হয়ে গেছেপত্রিকার পাতা কিংবা অনলাইন নিউজ পোর্টালেপ্রতিদিন কতগুলা মৃত্যুর খবর দেখি সড়ক দুর্ঘটনায়আমরা এখন অভ্যস্ত হয়ে গেছিচোখ সয়ে গেছে আরকি,disgust,3
হামলার মধ্যে গুলি ছোড়ার শব্দ শোনা গেছে দুই পক্ষের মধ্যে ছড়িয়ে পড়া এই হামলায় উভয় পক্ষের বেশ কয়েকজন আহত হয়েছেন আধা ঘণ্টা পর্যন্ত এ অবস্থা চলার পর পুলিশ এসে পরিস্থিতি নিয়ন্ত্রণে আনে,fear,5
ওদের কিছু করতে পারবে না কারন তাদের কথায় থানা পুলিশ উঠে আর বসে আর এমপি মন্ত্রি তো এদের হাতের ময়লা আর এদের খমতায় সাধারন জনগণের জায়গা জমি আর টাক্কা পয়সা হাতিয়ে নিয়ে আজ কয়েশো কুটি টাকার মালিক অনেক লোককে পথের ফকির করে দিয়েছে দেখি কি বিচার করে নাকি টাকা পয়সা নিয়ে ছেড়ে দেয়,anger,4
সময় মানুষ এবং অবদান নিয়ে চর্চ্চা অনুশীলনের রীতি নেই বলে এই কন্যাদের নিয়ে এমন কথাগুলো উচ্চারিত হয়নি অপ্রস্তুত সময়ে এদের আত্মবিশ্বাস বিজ্ঞাপনমাধ্যমে অনুপ্রেরণাদায়ক ভূমিকা বিস্ময়কর,surprise,2
ভোট আসে ভোট যায় কিন্তু বন্যায় ভেসে থাকা মানুষের উন্নয়ন হয় না মশার কামড়েরও সুরাহা হয় না আবার গুজবের গণধোলাইয়েরও শেষ হয় না,disgust,3
পরিবেশ দূষণকারী পলিথিন ব্যাগের ব্যবহার কমাতে দৈনিক এক লাখ পিস সোনালী ব্যাগ উৎপাদনের কার্যক্রম চালু করেছে বাংলাদেশ পাটকল কর্পোরেশন বিজেএমসি এতে অর্থায়ন করছে জলবায়ু পরিবর্তন ট্রাস্ট ফান্ড,joy,0
এসব পোস্ট সত্য কি মিথ্যা তা জানিনাআমি হলেবাবাকেই নিতাম বুকে তুলেটাকা নয়এটা দেখে মনে হচ্ছেওই বাবাকি ওদের জন্ম দেয়াই অপরাধ ছিল,disgust,3
লাথির  উপরে  লাথি  দিলে  ঠিক  হয়ে   যাবে ,disgust,3
একজন বললো কেমন জানি ভয় করতেছে রে করোনার ভয়,fear,5
ভাইয়া বাংলাদেশে ক্রিকেট প্লেয়ারদের নিয়ে একটা রোস্ট করেন কি পাইছে এরা খেলতে পারে না শুধু শুধু দলে জায়গা পায় কেনো এর পিছনের রহস্য যানতে চাই,disgust,3
অই জায়গার ডাক্তাররা কি গু খায়কে পাগল কে সুস্থ্য তারা বোঝে না,disgust,3
নাগরের ফোন এবং কয়েকটি ভয়ের গল যা শিহরিত করে ,fear,5
কারণ তখন তার সমস্যাকে নিজের মত করে কেউ দেখে না কিংবা মূল্যায়ন করে না তাই মন খারাপের বেলায় একাকীত্বই হয় মানুষের একমাত্র সঙ্গী,sadness,1
তিনি গাড়ির মেকানিক—এ পরিচয় শুনে ব্যাংকের ব্যবস্থাপকের চোখ কপালে উঠে গেল কিছুতেই বিশ্বাস করতে চাইলেন না বাধ্য হয়ে রাব্বি তাঁর পরিচয়পত্র দেখালেন তারপরও বিস্ময় কাটে না একজন নারী কীভাবে গাড়ির মেকানিক হন,surprise,2
তার চেয়ে বরং তারাই সুখে থাকুক তাদের সুখের দিন এভাবেই চলতে থাকুক পৃথিবীর সকল খেটে খাওয়া ভালোবাসার কাঙালরা সুখে থাকুক আলহামদুলিল্লাহ,joy,0
বঙ্গবন্ধুর জন্মশতবার্ষিকীতে বাংলাদেশে এনে দেশকে কলঙ্কিত করবেন নাআমরা মোদীকে বাংলাদেশে দেখতে চাই নাজেগে ওঠো বাংলার তাওহীদি জনতাআন্দলনে নুরু রাশেদদের সমথর্ন করুন,anger,4
 জাপানের দুই নাগরিক বাংলাদেশ ও বাংলা ভাষাকে অনেক ভালোবাসে কিন্তু আমরা বাংলার সন্তান হয়ে কখনই বাংলা ভাষা এবং বাংলাদেশকে ভালবাসতে শিখিনি,sadness,1
ইরানি জেনারেল কাশেম সোলাইমানির হত্যাকে কেন্দ্র করে যুক্তরাষ্ট্রের সঙ্গে টান টান উত্তেজনার ১০ দিন পর সংঘাত এড়ানোর পক্ষে আভাস দিয়েছে ইরান,joy,0
এই দেশে মোড়ে মোড়ে হাতুড়ে ডাক্তার ফার্মেসি উন্নত কোন চিকিৎসার ব্যবস্থা নাই আছে চিকিৎসার নামে পকেট কাটার উপায় সরকারের ঊর্ধ্বতন কর্মকর্তাদের জন্য আছে বিদেশে চিকিৎসা,anger,4
মনযোগ দিয়ে পড়েছিভাল লেগেছে তোমার আম্না নিকটজন সকলের স্বপ্ন সফল হবে প্রাত্যশা প্রার্থনা,joy,0
চিনে কি তাবলীগ জামাত ছিল মুসলমানদের ধরমীয় যে কোন আচারণের বিরুদ্ধে এই পেজের সব সময় এত চুলকানী কেন,disgust,3
ঝাপির পেছনে ভয়ংকর গোপন কিছু ঘটে যাচ্ছে ল্যাম্পের আলো এমন রহস্যময় লাগছে কেন রাস্তা এতো শুনশান এতো স্থির,fear,5
আ আ আ কী ব‍্যাথা চামড়া উঠে গেলকেউ borolin নিয়ে আসো🤡😂😂😂একটু নাচ হোক🤡 আহা কী expressionকী লচক পচক বডি কী লুল্লুরানী বডি,disgust,3
তাইলে মাস শেষে যেই ট্যাক্সটা দেই সরকারকে ঐটা কি চা নাশতা খাওয়ার জন্য না জন্মদিনের কেক খাওয়ার জন্য,disgust,3
আসাদুজ্জামান নূর এর মত স্বামীকে মাইরা ফালান দরকার কুলাঙ্গার স্বামীর দায়িত্ব সব স্ত্রী করতেছে এরপরও কি ভাব আবার টাকা চুরি করার কথা বলছে দেখে দেশান্তরী হবে সয়তান ,anger,4
ফলে কয়েকবার কাহুটায় হামলা চালানোর পরিকল্পনা করেও ভারতের পক্ষে তা করা সম্ভব হয়নি এর পেছনে অবশ্য বড় কারণ ছিল পাকিস্তানের সম্ভাব্য পাল্টা আক্রমণের ভয়,fear,5
এক জন দাঙ্গাবাজ প্রধান মন্ত্রী হিসেবে আপনাকে এদেশে স্বাগতম,anger,4
কাছে যেয়ে দেখতে গিয়ে দেখি অসম্ভব বড় ২টা পায়ের পাতা সেই সঙ্গে পায়ে কালো ঘন লোমের লম্বা লম্বা নোখ এই দেখেই আমি প্রথমে খুব ভয় পেয়ে যাই,fear,5
 ইউরোপজুড়ে ছড়িয়ে থাকা নাৎসি কন্সেন্ট্রেশন ক্যাম্প থেকে টাকা পাসপোর্ট দলিল জালিয়াতের অভিযোগে গ্রেফতার ইহুদিদের খুঁজে বের করেন,disgust,3
সূর্য্যকে ম্লাণ করে দিয়ে বৃষ্টি ভেজাচ্ছে জাগতিক নৈসর্গ এই মুহর্ত্তে ঘর থেকে বেড় হওয়া দুস্কর তারপর ও বিরক্তিকর ছুটা ছুটি,disgust,3
 দ্য স্যাক্রেড ব্যান্ড অফ থিবস ৩৩০ জনের দুর্ধর্ষ এক যোদ্ধাদল ইতিহাসের পাতায় মুহূর্তের মধ্যে হারিয়ে গেল তরুণ আলেকজান্ডারের মুখোমুখি হয়ে,sadness,1
তোমার জন্য ফোঁটা পৃথিবীর সব গোলাপ তোমার জন্য এই কবিতা নয় সে প্রলাপআলোকিত হয়ে নিজে তুমি আলোকিত কর পৃথিবীকে শুভ জন্মদিন ,joy,0
এবার কোনো আওয়াজ হলো না বরং যা শোনা গেলো তাতে শিপ্রার শিরদাঁড়া বেয়ে ঠান্ডা স্রোত নেমে গেলো মা দরজাটা খোলো না মা এখানে খুব অন্ধকার আমার খুব ভয় লাগছে মা,fear,5
অতি শোকে পাথর হবার মত সে অতি ভয়ে বিহবল এখন হঠাৎ তার মনে হলো এখনই বুঝি প্রত্যেকটি লাশ উঠে এসে এভাবে পড়ে থাকবে তার সামনে,fear,5
মানুষ চিরোকাল বেঁচে থাকবে এমনটা নয় তবে এভাবে তার মৃত্যু কারো পক্ষে কাম্য নয় আসলেই খুব দুঃখজনক,sadness,1
যে সম্পর্ক ভেঙে যাবার পর মানুষ অপেক্ষাকৃত অধিক ম্যাচিউর না হয়সে সম্পর্ক কস্মিনকালেও কোনো সিরিয়াস সম্পর্ক ছিল না,anger,4
আমাদের দেশের প্রশাসন এমপি মন্ত্রীরা তাদের পোস্টারব্যানার ছাড়া আর কি কাজ করে তা তো দেখা যায় না,disgust,3
এই উত্কণ্ঠী বা উদ্বেগ ভয়ে পরিণত হয় তা হলে চিকিতৎসার সময়ও বেড়ে যায়,fear,5
আর অবাক লাগে শিবিরের প্রতি কিভাবে গত একটা দশক তারা আন্ডারগ্রাউন্ড থেকে এত এত মানুষকে ব্রেনওয়াশ করছে মহাবীর আলেকজান্ডারও অবাক হয়ে যাইতেন এই স্ট্র‍্যাটিজি দেখে,surprise,2
প্রথমআলো বাদ দিয়ে অন্য যেকোনো পত্রিকা কিনেন ভাই হেতেরা ডান পাশে আরেকটা জুইড়া দিসে😐,anger,4
আগে কম বেশি বাংলা সিনেমা দেখতাম কিন্তু এখন মনের ভুলেও বাংলা সিনেমা দেখিনা কারন এইসব সিনেমার কাহিনী প্রায় একই হয়ে থাকে ১০ মিনিট দেখলেই বোঝা যায় পরে কি হবে,disgust,3
এই পতিতার ছবির ভাইরাল করতে কি আপনাদের খুব কষ্ট হয় ভাই কোন মেয়ে রেপ হলে ত্য তার ছবি ভাইরাল কে ভাইরাল করেন সবাই,anger,4
যেই খানকির পোলারা কয় দেশটা নাকি সিঙ্গাপুর হইছে সুইজারল্যান্ড হইছে বাইনচোদ রা কই,anger,4
আমাদের ভালবাসায় কোনো খাদ নেই নেই কোনো অপূর্ণতা শুধু এই ভালবাসাটুকু কে বুকে আঁকড়ে ধরে বাকিটা জীবন অনায়াসে পার করে দেয়া যাবে,joy,0
তখন খুবই খারাপ লাগে যখন দেখি একজন সম্পাদক তার লেখাতে কোন একটি রাজনৈতিক দলের পক্ষে কথা বলেছন কিন্তু সাহেব আপনার মনে রাখা উচিৎ আপনি এখন আর কোন দলের না আপনি আপনার মাতৃভূমির সন্তান,sadness,1
আমি আর বাবা এটা নিয়ে অনেক মজা নিচ্ছিলাম যদিও ক্লাস শুরুর পরে বুঝতে পারি ব্যাপারটা সিরিয়াস খুব কারণ আমাদের ফার্স্ট ইয়ারে ক্যাম্পাসে ছেলে মেয়ে কথা বলা নিষিদ্ধ ছিলো যেটা খুবই ফ্রাসট্রেটিং 😑,disgust,3
তুমি তোমার বাসায় যেই বাটা রান্না করে খাও তোমার ওইটা ফেইসবুকে মারানো লাগবে কেন কোন মানুষ জন্ম দিছে তোমাদের ভাই যাদের মধ্যে এতটুক সেন্স নাই ,anger,4
নিজে নিজেদের দায়িত্ব নিয়ে ঘরে বসে থাকুন দেখেন এই দেশের সকল দায়িত্বশীলেরা আজ গ্রিন হাউজে যে যার মত আসন পেতে বসে আছে নিজেদের সুরক্ষা নিয়ে,disgust,3
তবে এটা ঠিক জিম্বাবুয়ে পেলে আমাদের গলির ক্রিকেটারদের মাঝেও ব্রাডম্যানের আত্মা ভর করে,joy,0
জ্যোৎস্না রাতে চাঁদের আলোয় ঝকঝক সাদা পাথরের তাজমহল দেখতে পারবেন পর্যটকেরা এই লক্ষ্যে তাজমহলে খোলা হলো নতুন একটি ভিউ পয়েন্ট এই নতুন ভিউ পয়েন্ট থেকে রাতে ও ভোরবেলায় তাজমহল দেখা যাবে,surprise,2
কর্মীর সঙ্গে প্রেমের সম্পর্ক গড়ে তোলার কারণে ফাস্ট ফুডের বিশ্ব বিখ্যাত চেইন ম্যাকডোনাল্ডস তাদের প্রধান নির্বাহী কর্মকর্তাকে সিইও বরখাস্ত করেছে এ ব্যাপারে মার্কিন এই ফাস্ট ফুড জায়ান্ট জানিয়েছে সম্পর্কটি দুজনের সম্মতিতে হলেও সিইও স্টিভ ইস্টারব্রুক প্রতিষ্ঠানের নীতি ভঙ্গ করেছেন এবং সিদ্ধান্ত গ্রহণে অদক্ষতার পরিচয় দিয়েছেন,anger,4
কষ্ট যে আমারো হচ্ছে ভেতর টা দুমড়ে মুচড়ে যাচ্ছে কিন্তু আবেগ অনুভূতিগুলো ঠিকঠাকভাবে প্রকাশ করতে পারি না বলে কেউ আমাকে বুঝতে পারে না,sadness,1
প্রথম শিশুটির বয়স মাত্র  দিন আর দ্বিতীয় শিশুটির বয়স সম্ভবত এক বছর পার হয়েছে রাশিয়ার বিমান হামলায় দুজনই প্রাণ হারিয়েছে,sadness,1
গাড়ীর ভিতরে বাইরের এত দূরের কোন শব্দ কানে আসার কথা না মনন এই কথাটা ভেবে একটু ভয় পেল ওর শিড়দারা দিয়ে ভয়ের শিহরণ বয়ে গেল ,fear,5
ফিকশনের ভার না বুঝে হুদাই ফাল পারলে সমস্যা এটা মানি হাইস্ট দেখে এতো কথা বললাম ব্যাপারটা এমন না সব কিছুর আলাদা ব্যাপার আছে আর যার যার নিজের সেক্টরের বাইরে খবরদারি করা বলদামি ছাড়া কিছু না,disgust,3
সন্ধ্যায় বাড়ির গৃহিণী ঘরের পাশেই কাজ করছিলেন রান্না শেষ করে শোবার ঘরের দরজার কাছে যেতেই কুপির মিটিমিটি আলোয় দেখেন বিছানায় কিছু একটা শুয়ে আছে আলো হাতে কাছে যেতেই তাঁর পিলে চমকে যাওয়ার অবস্থা এ যে বাঘ মেঝেতে পাতা বিছানায় আরামে ঘুমোচ্ছে তিনি চিৎকার দিয়ে দৌড়ে ঘরের বাইরে আসেন,fear,5
আন্দোলিবের কাছে এগুলা কোত্থেকে গরু ছাগল ধরে আনলো 😑,disgust,3
সব গুলা তো পাঠার দল এই গুলা দিয়া কাজ হবে না,anger,4
এতোদিন কিরণ দার ভিডিও দেখতাম কিন্তুু সাসক্রাইব করিনিঅঙ্কুষের সাথে চালেন্জের জন্যে আজ সাসক্রাইবি টিপে দিলামলাভ ইউ দাদা,joy,0
এক মেয়ে দেখলাম স্ট্যাটাস দিছে পাঞ্জাবি পরা ছেলে দেখলেই চুমু দিয়ে দৌড় দিবে বলি সব পাঞ্জাবিওয়ালা কি তোর বাপের সম্পত্তি,anger,4
তাদের কিছু বলা যাবে না বললে বলবে ক্রান্তিকালেও বিনোদনের দরকার আছে বাংলাদেশ ঐ অর্থে একাত্তরে স্বাধীন হইয়া বাইচা গেসে এই চিড়িয়া গুলান অই সময়ে থাকলে পাবলিক এটেন্সান কুড়াইতে কুড়াইতে দেশ চ্যালচ্যালায়া পরাশক্তির কাছে ছাইড়া দিতো,disgust,3
বাংলাদেশের তিন মাসে তিনবার পাকিস্তানে যাওয়ার পরিকল্পনা নিয়ে প্রশ্ন উঠেছে সাবেক পাকিস্তানি তারকা শোয়েব আখতার অবশ্য বলছেন বাংলাদেশের এভাবে পাকিস্তান সফরের পেছনে বাইরের কারও হাত আছে,disgust,3
আমার ফ্যামিলি আমেরিকার গ্রীন কার্ড হোল্ডার তোকি হইসেতোর এত চুলকানি কেন,anger,4
আমার পোস্ট এপ্রোভ করেন নাই কেন সেটা বলেন মিঞা বাঘি ৩ নিয়াতো আমিও মতামতই দিসিলাম,sadness,1
ওদের কিছু করতে পারবে না কারন তাদের কথায় থানা পুলিশ উঠে আর বসে আর এমপি মন্ত্রি তো এদের হাতের ময়লা আর এদের খমতায় সাধারন জনগণের জায়গা জমি আর টাক্কা পয়সা হাতিয়ে নিয়ে আজ কয়েশো কুটি টাকার মালিক অনেক লোককে পথের ফকির করে দিয়েছে দেখি কি বিচার করে নাকি টাকা পয়সা নিয়ে ছেড়ে দেয়,sadness,1
মোঘল নিয়ে সিরিজের বাকি লেখা আসে না কেন  ইহুদি ধর্ম নিয়ে সিরিজ শুরু করেও আর কোন খবর নাই এখন এই সিরিজ শুরু করে আবার মাঝপথে থামায়ে দেবেন  অতীত ইতিহাস তাই বলে ,disgust,3
ঘুষদুর্ণীতিতে দুর্বীনিত প্রশাসন এবং সরকার দলীয় নেতাকর্মীরা অথচ কোথাও প্রতিবাদ নেই সচেতনতা নেই প্রচার নেই শুদ্ধিকরণের জন্য জনমত গঠনের প্রয়াসও নেই অথচ জনৈকা প্রিয়া সাহার এক বিচ্ছিন্ন অভিযোগকে সামনে নিয়ে এসে সরকার ও তার আজ্ঞাবহ কিছু মিডিয়া দিনরাত প্রচারণা করেই চলেছে উদ্দেশ্য আর কিছু নয় সরকার ও প্রশাসনের সব ব্যর্থতাকে আড়াল করা,anger,4
কিন্তু তার এই স্বপ্ন পূরণ হওয়ার আগেই ঝামেলা শুরু হলো রাভি নদীর কাছে পৌঁছাতেই মেসিডোনিয়ানরা অস্বীকৃতি জানালো তারা আর সামনে যাবে না,disgust,3
ভয়ে  কলিজা শুকিয়ে গেল সবার কারণ সবাই জেনে গেছে মানুষ শিকারেও অরুচি নেই দানবের ,fear,5
সংগঠনটি কার্যক্রম শুরু করার পরের বছর ফার্গুসনের শ্বেতাঙ্গ পুলিশ কর্মকর্তা ড্যারেন উইলসনের হাতে খুন হয় ১৮ বছর বয়সী কৃষ্ণাঙ্গ কিশোর মাইক ব্রাউন,sadness,1
ও মাবুদ দয়ার আল্লাহ দুনিয়ায় সমস্ত মানুষ কে এই মহামারি গজব থেকে বাচিয়ে দিন সবাই কে সিরাতল মুস্তাকিমের রাস্তায় আসার তৌফিক দান করুন আমিন,fear,5
বেসিস সফটএক্সপোর অ্যাপে নিবন্ধন করে মেলায় বিনা মূল্যে প্রবেশ করা যাবে প্রথম ২৫ হাজার নিবন্ধনকারী দর্শক পাবেন ২০ টাকার টকটাইম এছাড়া নিবন্ধিতদের জন্য লটারির মাধ্যমে আছে নানা পুরস্কার,surprise,2
মুহূর্তেই পার্সিয়ান বাহিনীর সামনের অংশ ছত্রভঙ্গ হয়ে পড়ে আলেকজান্ডারের ঘোড়সওয়ার বাহিনী দারিউসের অনেকটা কাছাকাছি চলে আসে এটি দেখে দারিউস ইসাসের মতো আবারো তার স্বল্পসংখ্যক বাহিনী নিয়ে যুদ্ধক্ষেত্র থেকে পালিয়ে যান,surprise,2
খোলা চোখে হাজারো মানুষ দেখলে বন্ধ চোখের সামনে যে দাঁড়িয়ে থাকে তার নাম ভালোবাসা,sadness,1
পুলিশ এ  দিলেই  হয় নিজেরাই  বিচার  শুরু  কইরা  দিসে জানোয়ার  এর  বাচ্চাদের  হাত  দিয়া  বাচাইছেন   আপনি  ছেলেটাকে ,disgust,3
দেশের বর্তমান আতংকের নাম কিশোর গ্যাংকিশোর অপরাধ কমাতে অপরাধী কিশোরকে লাই দেওয়া যাবেনা ছোট বলে একেবারে কিছু বলা যাবেনা এরকম না,fear,5
একটা মানুষ কতটা বোকাচোদা আর ব্যাক্তিত্বহীন হলে নিজে নায়ক হয়ে আরেক ইন্ড্রাস্টির নায়কের ক্যাপদাড়িজ্যাকেট সব সেম কিনে নিজেকে প্রেজেন্ট করতে পারে,disgust,3
তার মুখ থেকেই শোনা যায় আলেকজান্ডার যখন বুকেফ্যালাসকে নিয়ে ফিলিপের সামনে দাঁড়ালেন ফিলিপের মুখ বেয়ে তখন আনন্দাশ্রু ঝরে পড়ছে পুত্র তুমি অন্য কোনো রাজ্য খুঁজে নাও মেসিডন তোমার জন্য একটু বেশিই ছোট,joy,0
আমরা স্বর্ন চিনিনাইমিটেশনের দাম আমাদের কাছে স্বর্নের চেয়ে বেশিসরি স্যারমাফ করিয়েননা আমাদেরকেএসবের যোগ্য না আমরা,sadness,1
যে ছেলে কাপর ছিড়ছিল তখন তাকে বলা উচিত ছিল তার নিজের মা বোনের কাপড় গিয়ে ছিড়তে অবশ্য এদের জন্মেরইতো ঠিক নেই মা বোন থাকবে কোথ্থেকে,anger,4
খুবি সুন্দর ও যুক্তিগত উত্তর দিয়েছেন,surprise,2
তারা অভাবী হলে আল্লাহ নিজ অনুগ্রহে তাদেরকে অভাবমুক্ত করে দেবেন আল্লাহ প্রাচুর্যময় ও মহাজ্ঞানী,joy,0
আবরার ফাহাদ হত্যার প্রতিবাদে করা বাংলাদেশ প্রকৌশল বিশ্ববিদ্যালয়ের বুয়েট শিক্ষার্থীদের আন্দোলন আজ মঙ্গলবার রাতের জন্য স্থগিত করা হয়েছে আগামীকাল বুধবার সকালে এই কর্মসূচি আবার শুরু হবে তবে দাবি–দাওয়ায় কিছুটা পরিবর্তন আসবে বলে জানিয়েছেন আন্দোলনকারীরা,anger,4
এতো ভালো একটা গান থাকতেও আমার বিয়েতে এই গানটা বাজানো হলো না😭😭আইজকাই ছোট ভাই গুলারে বাইন্ধা ট্রস ট্রস কইরা পিডামু👿👿,anger,4
কলিমদ্দি এগিয়ে আসল সেই বলল সবকিছু সাধুর ভয়ানক আচরণ আর হুমকির কথা শুনে শোভনের মুখও কালো হয়ে গেল,fear,5
অন্নপূর্ণা পর্বতশ্রেণির চুলু ফার ইস্ট পর্বত আরোহণে নেপালে গেছেন বাংলাদেশি চার পর্বতারোহী আগামী সোমবার থেকে তাঁদের অভিযানের আনুষ্ঠানিকতা শুরু হবে এই শীতকালীন অভিযানের উদ্যোগ নিয়েছে অ্যাডভেঞ্চার ক্লাব দ্য কোয়েস্ট বাংলাদেশ,surprise,2
জাপানি জীবনের নানা ব্যাপার দেখে ও একাই শুধু অবাক হয়েছে তা নয় ওর স্বাদু চিত্তাকর্ষক আর আমেজি লেখার মৌতাতে পাঠক হিসেবে আমরাও যেমন কিছুটা অবাক হয়েছি,surprise,2
শেষ পর্যন্ত নায়িকাকে মারা যেতে হল  তাইতো আজব,surprise,2
কাটাপাহাড়ে নিয়ে গেছে এইটা কখনোই সাপোর্ট করার মতো না আর এইটা অনেক স্ট্রং পয়েন্ট ছিলো তাদের চিরতরে বহিষ্কার করার জন্যদুই একটা চড় থাপ্পড় হলে কিছুই হতো না এখন তুই যদি বলিস আমার বাপ আমাকে ভালোবাসে তাই মারতে মারতে আমার হাতই ভেঙে দিবে তাহলে অবশ্যই সেইটা গ্রহণযোগ্য না,anger,4
এতোদিন কার বাটা ফালাইছেএখন আসছে পাপিয়ার অপরাধ জগতের পরিচিতি দিতেধরা খাওয়ার আগে কিছুই জানতেন না বালের সাংবাদিকতা,anger,4
এগুলো কী ছিলো যারা এদের এনেছেন তারা কতো টা ছাগল ভাবুন কানা হালাল হিরু আলুমকে ডাকেনি কেনো,anger,4
এই নাটক ভাল লাগে নাই  কোন গল্প নাই কিছু  ভিন্ন কিছু নিয়ে আসতে পারে নাহ আমাদের পরিচালক ,disgust,3
জাহিদ ভাইসেই কবে থেকে অভিনয় করতেছে এখন পর্যন্ত তার মত কোন সুপারস্টার আর তৈরী হয় নিএখন পর্যন্ত সমান জনপ্রিয়  এত টেলেন্ট কেমনে হয় স্যালুট বসস্টিল জোসগান এর জনপ্রিয়তা অনেক অনেক বাড়াই দিলো উনি,joy,0
মাদক মামলায় যুবলীগ নেতা আরমানকে আদালতে নেওয়া হয়েছে এদিকে আরেক যুবলীগ নেতা সম্রাটকে আদালতে নেওয়ার কথা থাকলেও শারীরিকভাবে অসুস্থ হওয়ায় তাকে আদালতে নেওয়া যাচ্ছে না বলে আদালতে প্রতিবেদন দিয়েছে কারা কর্তৃপক্ষ এ সময় সুস্থতা সাপেক্ষে সম্রাটকে রিমান্ড ও শোন অ্যারেস্টের শুনানি ও মাদক মামলায় আরমানকে গ্রেফতার দেখানোর নির্দেশ দেয় আদালত,disgust,3
ভীতসন্ত্রস্তগ্রামবাসী এবারে গড়ে তুললো একটি স্বেচ্ছাসেবী দল তারা রাতেরবেলা পালা করে গ্রামপাহারা দেবে ,fear,5
আম্লিক সবগুলে কি বেজন্মাএদের কি জন্মের ঠিক নেইএই সময়ে সবাই একসাথে কাজ না করে সরকার বিএনপির পুটকিতে আঙ্গুল দিয়ে বসে আছে,anger,4
শুধু ক্যাচিং নয় বিশ্বকাপে গ্রাউন্ড ফিল্ডিংটাও একদমই মনমতো হয়নি বাংলাদেশের ভারত ম্যাচের আগে পর্যন্ত পরিসংখ্যান অনুযায়ী এ বিশ্বকাপে মিস ফিল্ডিং থেকে দ্বিতীয় সর্বোচ্চ রান হজম করেছে বাংলাদেশ বাজে ফিল্ডিংয়ের কারণে ৬০ রান অতিরিক্ত গুনতে হয়েছে মিস ফিল্ডিংয়ে বাংলাদেশের চেয়ে বেশি রান দিয়েছে কেবল আফগানিস্তান টুর্নামেন্ট শেষে এ পরিসংখ্যানগুলো নিশ্চিতভাবেই বাংলাদেশের ক্ষতস্থানে আরেকটু জ্বালা ধরাবে,anger,4
বরাবরের মত সবাই কাঠের চশমা পরে নিছে লাভ নাই ভাই কিছু করতে পারবেন না ভুইলা যান হলে গিয়ে ঘুম দেন,disgust,3
টাকাটা বড় কথা নাবড় কথা হলো একটা মেয়ের সম্মান সম্মানটা চলে গেলে পুরো পৃথিবি বিক্রি করে টাকা দিলেও সেই সম্যানটা আর ফিরে আসতো না,sadness,1
অবাক হয়ে দেখলামদোকানেরলোকগুলো আমার দিকেই তাকিয়েআছেবিশেষ করে দোকানী,surprise,2
বগুড়া লেডিস ক্লাব ও ইনার হুইল ক্লাবের সদস্য হয়ে সামাজিক কার্যক্রমেও জড়িত ইসরাত জাহান তাঁর মতে ব্যবসা মানেই ঝুঁকি নারীদের সাহস করে ঝুঁকিটা নিতে হবে ভবিষ্যতের চ্যালেঞ্জ মোকাবিলার জন্য নিজেদের তৈরি করতে হবে,joy,0
মিষ্টি আলোর ঝিকিমিকি সবুজ ঘাসে ঘাসেস্নিগ্ধ হাওয়ায় দুলিয়ে মাথা ফুলের কলি হাসেপাখির গানে পরিবেশে মায়াবী এক ধোয়াদিলাম তোমার শুভ নববর্ষের ছোয়া |,joy,0
বিরক্ত আমি নিয়ত সাজিয়ে ফুলের তোড়া শ্মশানে ঝরে রক্ত আর অশ্রুজল সান্তা ফে স্কুলে,disgust,3
আমি ওকে খাবার খাওয়ার কয়েকবার ডেকেছি ও শোনেনি তারপর নিচে চলে আসি একটু পর দেখি ও রুমে আসে কিন্তু হঠাৎ ই ও কেমন দানব হয়ে যায় আর আমাকে মারতে আসে আমি নিজেকে ছোটানোর আপ্রাণ চেষ্টা করি,fear,5
কাউকে না পাওয়ার চাইতে  পেয়ে হারানাের ব্যাথাটা  সত্যিই অনেক কষ্টের,sadness,1
আপনি আমার নাম ধরে জোড়ে ডাক দিলেন এবং ডাকতেই থাকলেন কী আজব তিন ফুট দূরে দাঁড়িয়ে এত জোরে ডাকার কী কারণ থাকতে পারে আমি ভেবে পাচ্ছিলাম না,surprise,2
ঘাড় ঘুরিয়ে পিছে তাকিয়ে মাথা পুরাই হ্যাং হয়ে যাওয়ার অবস্থা এটা সেই মুখ যে মুখটা আমি এই বাড়ির ভেতর ঢুকার পর দেখেছিলাম যে আমার জামার কোণা ধরে শুয়ে থেকে টানছিল,surprise,2
বাংলাদেশের সুন্নি জামাতের কিছু ফুটকি পাতলা মানুষ আছে মিজানুর রহমান আজহারীর দুষ খুজে দেশটাকে নাকি  নষ্ট করে ফেলছে কেউ কিছু কথা বলেনা কেন সানাইয়ের বিরুদ্ধে যে যুব সমাজকে ধ্বংসের পথে নিয়ে যাচ্ছে,anger,4
কিছুই হয়নি ফালতু একটা জিনিস দুনিয়ার অখাদ্য কুখাদ্য হইছেকুষ্টিয়ার ভাষাটাও হয়নি কিচ্ছু হয়নি কিচ্ছু না,disgust,3
বড় একটি বাগাড় মাছ কিনতে সবাই দাম হাঁকছেন বিক্রেতা দাম হেঁকেছেন ১ লাখ ২০ হাজার টাকা ক্রেতাদের মধ্যে আলমগীর হোসেন ভূঁইয়া নামের এক জামাই মাছটির দাম সর্বোচ্চ ৬০ হাজার টাকা বলছেন,surprise,2
তাহসান ভাই আপনার কথা গুলো সত্যি অসাধারণ কোন মানুষকে কষ্ট দেওয়া ছাড়াই শিখিয়ে দেয় অনেক কিছু,joy,0
ওপাশ থেকে তাঁর মা কাঁদতে কাঁদতে বলতে লাগলো বাবা তুই তাঁড়াতাড়ি তোর ভাইয়াকে নিয়ে বাড়িতে চলে আয় বাড়িতে বড় বিপদ ঘটে গেছে আনিকা মারা গেছে তোরা তাড়াতাড়ি বাড়িতে চলে আয়,sadness,1
হৃদয়ের অনুভূতি কেবল সেই মানুষটাই বোঝে যে মানুষটার বুকের মধ‍্যে প্রতি মুহূর্তে একটা জীবন্ত লাসের চীতা জ্বলছে,sadness,1
ট্যাফিক ভাই আপনি কাজটা মোটেও ভালকরেন নি জদিও ওর ভুল হয়ে থাকে তবুও আপনার দরকার ছিল ওকে বুজিয়ে বলেদেয়া,anger,4
পরবর্তী প্রথম প্রতিক্রিয়াতেই রুসুপা আমাকে ছিটকে ফেলে দেয় জারুলের হেলে পড়া ডালের আশ্রয় থেকে খোয়াইয়ের জলকাদায় পড়ে যেতে যেতে আমি হতবিহবল হয়ে তার চোখের দিকে তাকাই,surprise,2
হঠাৎ করেই প্রচণ্ড চিৎকার চেঁচামেচিতে আমার ঘুম ভেঙ্গে গেল কে যেন আমারনাম ধরে ডাকছে,surprise,2
এই গান টা আমার এত প্রিয় কারন আমি তাকে আর পাবোনা আর কোনো রাস্তা নাইসব বন্ধ হয়ে গেছেআমি অনেক দূরেবুক ফেটে যায়কাউকে বুঝাতে পারবনা ,sadness,1
আজকে রাতে শহর থেকে ক্যাম্পাসে ফিরার সময় মাতামুহুরি বাসে আমার একটা ব্যাগ ভুলে ফেলে এসেছি ব্যাগটি BYLC এর ছিলোব্যাগে কিছু কাপড় এবং একটি খাতা ছিল যদি কেউ পেয়ে থাকেন তাহলে জানানোর জন্যে অনুরোধ করা হলো,sadness,1
দাদীর কথায় স্তব্ধ হয়ে যাই ডায়েরির দিকে আগাতেই অমনি উনি আমার গলা টিপে ধরেন বিদঘুটে গন্ধ বের হচ্ছে শরীর দিয়ে ভয়ংকর পুরুষালি কন্ঠে বলছেন মর তুই মর মর মর তুই,fear,5
১৫টি নতুন ব্রেইল পদ্ধতিতে বইয়ে প্রকাশ করেছে স্পর্শ এর মধ্যে ড আনিসুজ্জামান মুনতাসীর মামুন মুহম্মদ জাফর ইকবাল আনোয়ারা সৈয়দ হক ও মোর্শেদ শফিউল ইসলামের বই রয়েছে অনুষ্ঠানে স্পর্শের পক্ষ থেকে চারজনকে দৃষ্টিজয়ীকে বিশেষ সম্মাননা দেওয়া হয়,joy,0
জীবনটা একটা যুদ্ধ  পরিশ্রম ছাড়া এই যুদ্ধে জেতা যায় না  আবার শুধু পরিশ্রমেও হয় না ভাগ্য লাগে  অনেক পরিশ্রমের পরেও ভাগ্য মাঝে মাঝে প্রতারণা করে ভাগ্য মাঝে মাঝে অপেক্ষায় রেখে দেয় ,sadness,1
ভাই আজকেই প্রথম আপনার ভিডিও দেখলামদেখেই ভালো লাগে গেছে😊 স্যলুট বস চালিয়ে যানআর সাবস্ক্রাইব করলাম😁,surprise,2
ইচ্ছা করতেছে মন্ত্রী এমপি প্রধানমন্ত্রী সব গুলারে ধইরা থাপ্রাই,anger,4
আমার খুবই খারাপ লাগছেযত সময় এগিয়ে আসছে ততই খারাপ লাগার ভাব টা বাড়ছেচোখের সামনে একজন জলজ্যান্ত মানুষ কে ঠান্ডা মাথায় মেরে ফেলতে দেখা খুবই কষ্টদায়ক,sadness,1
পেঁয়াজ সম্পর্কে বাঙালি বদ্ধমূল ধারণাকেই পাল্টে দিছে মিসরীয় এক জাতের পেঁয়াজসেখানে উৎপাদিত এক জাতের পেঁয়াজ গাছের গোড়ায় হয় না অন্যান্য শস্য বা ফলের মতো গাছের আগায় শাখাপ্রশাখা ধরে,surprise,2
আইইউসির এখন যা অবস্থা বন্ধ হয়ে গেলেও একজন সাবেক ছাত্র হিসাবে আমার কোন আপত্তি নাই নস্ট সন্তানের কুকৃর্তী দেখার চেয়ে পিতার মৃত্যুই ভাল,disgust,3
রাজধানীর জাতীয় অর্থোপেডিক হাসপাতাল ও পুনর্বাসন প্রতিষ্ঠানে পঙ্গু হাসপাতাল করোনাভাইরাসে আক্রান্ত রোগী আছেন—এমন কথা ছড়িয়ে পড়লে আজ সোমবার সবাই আতঙ্কিত হয়ে পড়েন,fear,5
আমি আশ্চর্য হয়ে গেলাম কারন এই কফিশপটা এখন কফিশপের হালে নেই প্রায় ধ্বংসস্তূপে পরিণত,surprise,2
দিলাম এক চিৎকার দিয়ে দৈৗড় আমার কাকাদের বাসার দিকে এবং তাদের বাসায় গিয়ে বললাম এই ঘটনা এলা্কার লোকজন এসে হাজির তখনো আমার সারা শরীর কাপছে সবাই শিবানিদের ঘরে গিয়ে দেখি সে বসে কাদছে তার নাকি সারা শরীর জালা করতেছে কিন্তু তার ঘাড়ে কোন হ্মত নেই,fear,5
গত ৭ এপ্রিল বাংলাদেশের মীরপুরে বঙ্গবন্ধু শেখ মুজিবুর রহমানের খুনি আব্দুল মাজেদ গ্রেপ্তারের পর সংবাদমাধ্যমে প্রকাশিত ছবি দেখে রীতিমতো অবাক পার্ক স্ট্রিটের বেডফোর্ড লেনের বাসিন্দারা,surprise,2
বলার কোন ভাষা নাই এইটা কি ছিল 😂😂 এটা সত্যিকারের সিনেমা হিসাবে বানাতে পারলে অস্কার পেয়ে যাবে 😂,surprise,2
এর আগে কখনো শুনিনি এখানের কোন পরীক্ষা বাতিল হয়েছে পরদিন সকালেই নোটিশ বোর্ডে লেখা দেখলাম গতকালের পরীক্ষা অনিবার্য কারনে বাতিল করা হয়েছে,surprise,2
এখানে কাওকে কবর দিয়ো না তাহলে তোমাদের পরিবারের আর কেউ বেঁচে থাকবে না ও তোমাদের কাউকে বাঁচতে দিবে না  চলে যাও এখান থেকে নিজে থেকে অভিশাপকে আহ্বান করো না,fear,5
আমি পাগলের মতো হাটতে থাকি কোথায় যাচ্ছি জানি না এই গলি থেকে সেই গলি প্রেতের মতো ঘুম আমার চোখ অন্ধ করে দিতে চায় যেন হাটতে হাটতেই ঘুমিয়ে যাব কোথায় যাচ্ছি জানি না,fear,5
মমতাজের আরেক ভাতার আইছে মমতাজ ও গান গায় আযাহার আলী ও গান গায়মমতাজ হলো বেশ্যা আর আযাহার লুচ্চাতাহসিন মমতাজ আযহার এক মাগী দুই ভাতার মমতাজের সাথে তাহসিন আযহারের বিয়ে,anger,4
ছবিদি কেষ্টপুর থেকে রোজ সল্টলেকে ঠিকে কাজ করতে আসে আজ খুব ভয় পেয়েছে,fear,5
রাকিব ভাই আপনি এত বুদ্ধি রাখেন কোথায়  এত বুদ্ধি নিয়ে ঘুমান কীভাবে,surprise,2
ফেসবুক চালাই তোদের মতো ব্রেইন ওয়াশড যারা হয়ে যাচ্ছিস তাদের একটু দিশা দিবো বলে আর নামাজ কয় ওয়াক্ত পড়ি সেটা জবাবদিহি করবো আল্লাহর কাছে তোদের মতো জ্ঞানপাপী রাই এমন প্রশ্ন রাখিস,anger,4
হায়তে মানুষভালোবাসা কি জিনিস নাএখন বলে বিস্কুট দিবেআমি ভাবছি অন্য কথাএকটু সুস্থ হলেও তো কি আর আসে যায়আমাদের ছেড়ে তো সে চলে যাবেই,sadness,1
একটু রেগে বললাম আপনি একজন হজুরের বউ হয়ে এই মাঝ রাতে বাহিরে  তাও একটা ছেলের সাথে দেখা করতে,anger,4
সেই চিন্তার মাঝখানেই আমি এলেভেটেরের ভিতর উনারে চুমু খাইলাম উনি পুরাই ভরকায়ে গেলেন,surprise,2
গত তিন বছরে মাত্র ১৩টি চালান ভারতের কলকাতা থেকে আশুগঞ্জ হয়ে ত্রিপুরার রাজধানী আগরতলায় গেছে এই সুবিধা দেওয়ার বিনিময়ে বাংলাদেশ মাশুল পেয়েছে মাত্র ২৮ লাখ টাকা তিন বছরে ট্রানজিটের এই ফল,sadness,1
দয়া কইরা আপনাদের এইসব অসৎ শিক্ষকদের আপনাদের অসৎ গবেষক আপনাদের অসৎ চিকিৎসক আপনাদের অসৎ রাজনীতিবিদদের লাত্থি দিয়া ফালায়ে দেওয়া শিখেন,anger,4
দেশটা আবালে ভরে গেছেএভাবেই আবালদের টেবিল নড়াচড়া দিয়ে ওদের কে ভরেন তাহসিন ভাইপাশে আছি,disgust,3
আলেকজান্ডার থিবসবাসীকে ছেড়ে দিতে পারতেন কিন্তু পরবর্তীতে আবার মাথাচাড়া দিয়ে উঠতে পারে ভেবে পুরো শহর ধ্বংস করে দিলেন ৩০ হাজারেরও বেশি মানুষ তাদের ঘরবাড়ি হারিয়েছিলো সাথে স্বাধীনতাও তাদেরকে দাস হিসেবে বিক্রি করে দেওয়ার জন্য ধরে নিয়ে যাওয়া হলো,sadness,1
বাপদাদার ভিটায় পলিথিনের ছাউনিযুক্ত ছোট ঝুপড়ি ঘরে কষ্টে দিন কাটত দিনমজুর ফয়েজ আহমেদ ও তাঁর পরিবারের সদস্যদের বৃষ্টি এলে ফুটো ছাদ দিয়ে পানি পড়ত তবে জীর্ণ বাড়িতে থাকার দিন এখন অতীত হয়েছে তাঁর নিজের এক চিলতে জমিতে পাকা বাড়ি করে দিয়েছে সরকার,joy,0
অতি আধুনিক দেশগুলোরই এই অবস্থাআর আমাদের দেশের মতো দুর্বল ব্যবস্থাপনার দেশে যদি ব্যাপক ছড়িয়ে পরে তাহলে অবস্থা কি হবে ভাবতেও ভয় লাগে,fear,5
তার হাতে সাঙ্খা পড়ে রয়েছে আর সব থেকে আশ্চর্য যখন ব্যাপার যে সে যেনো হাওয়াতে ভেসে ভেসে এগুচ্ছে,surprise,2
বড় জাহাজ আর্মস্ট্রংকে টপকে গেছেন কর্নওয়াল সাবেক অস্ট্রেলিয়ান অধিনায়কের শতবর্ষ পুরোনো রেকর্ড ভাঙা কর্নওয়ালকে নিয়ে চলেছে মাতামাতি,surprise,2
কেমন দেশের নাগরিক আমরা এসব জাগাই প্রশাসনিক দৃষ্টি নাই কেন এসব চলতে থাকলে জাতীয় সংগীতে আমার সোনার বাংলাআমি তোমায় ভালোবাসি বলার মানুষ খুজে পাওয়া যাবে না,disgust,3
ভাবতে ভয় লাগে এসব ছেলেদের কাছে হাজার হাজার লাখ লাখ মেয়েরা পেশেন্ট হিসেবে যাবে  যারা নিজের ক্লাসমেট দের নূন্যতম রেস্পেক্ট দিতে পারে না তারা একটা অচেনা অজানা মেয়ের সাথে কি করতে পারে,fear,5
অবাক করা বিষয়  এ গানে সব ফরেনারের  নাচের ধামাকা লেগেছিল আর আমরা বাংগালীরা অবাক হয়ে রইলাম আমাদের গান ওরা উপভোগ করছে,surprise,2
তারপরেও এটা দেখার পর আর কিছুই বলার নাই  নিঃসন্দেহে একটা মাস্টারপিস হইতে যাইতেছে,joy,0
জাপানিরা যখন জানতে পারল তাদের ডায়মন্ড প্রিন্সেস জাহাজের আরোহীদের কেউকেউ করোনা ভাইরাসে আক্রান্ত তখন প্রায় চার হাজার যাত্রীবাহী জাহাজকে আর জেটিতে ভিড়তে দেয়া হয়নি মাঝ দরিয়ায় কোয়ারেন্টাইনে রাখা হয় যাত্রীদের কেবিনের জানালা সিলগালা করা বাহিরের আলোবাতাসের দেখা মিলছে না কক্ষ পরিষ্কার নিজেদেরই করতে হয় তবে কাপড় ধোঁয়া নিষেধ আক্রান্ত ব্যক্তিকে অন্যদের থেকে এক মিটার দূরত্ব বজায় রেখে চলতে হয়,sadness,1
মন্ত্রিপরিষদের নিয়মিত বৈঠকে সোমবার স্টার্টআপ বাংলাদেশ লিমিটেড নামে সম্পূর্ণ সরকারি মালিকানাধীন একটি সরকারি ভেঞ্চার ক্যাপিটাল কোম্পানির নীতিগত অনুমোদন প্রদান করা হয়েছেপ্রধানমন্ত্রী কোম্পানিটির সার্বিক প্রয়োজনীয়তা এবং যুগোপযোগীতা বিবেচনা করে এর নীতিগত অনুমোদন প্রদান করেন,joy,0
টানা দুই দিন বড় দরপতনের পর আজ শেয়ারবাজারে সূচকের প্রবণতা ঊর্ধ্বমুখী আজ বুধবার সকাল সাড়ে ১০টায় লেনদেন শুরুর পর প্রথম আধা ঘণ্টায় দেশের প্রধান শেয়ারবাজার ঢাকা স্টক এক্সচেঞ্জের ডিএসই প্রধান সূচক ডিএসইএক্স বেড়েছে ৮৩ পয়েন্ট আধা ঘন্টায় লেনদেনের পরিমাণ ৪৫ কোটি ৫৮ লাখ টাকা,joy,0
আগে অনিচ্ছাকৃত ভাবে শুনলেও এইবার আমি ইচ্ছা করেই কান পাতলাম বোঝার জন্য যে আমি কি ঠিক শুনছি  নাকি আমার কোন হ্যালুসিনেশন হচ্ছে  ,surprise,2
সাহায্য না করে হাসতাছে এত বেহায়া মানুষ গুলো😡😡,anger,4
রামুর বৌদ্ধ বিহার কিংবা রাম মন্দির কিংবা মসজিদ পুড়িয়ে তার উপর রাম পতাকা লাগানো সবই সংশ্লিষ্ট ধর্মের অনুসারী দের একি ধরণের কষ্ট দেয় কষ্টের এই মানদন্ডে আপনি কাওকে আলাদা করতে পারবেন না আজ মসজিদ পোড়ানোয় আমার যে অনুভূতি  সেদিন রামুতে একজন বৌদ্ধদের ও একি অনুভূতি হয়েছিল,sadness,1
পাত্রী দেখতে এসে পাত্রীর মুখে এমন অদ্ভুত প্রশ্ন শুনে আমার সামনে বসে থাকা ভদ্রলোক যে বেশ অবাক হয়েছেন তা আমি বুঝতে পারছি,surprise,2
কোডিং ডেভেলপিং করতে পারিনাই ফটোগ্রাফি ডান্স করার মত শক্তি নাই টেবিল টেনিস খেলা নিষেধ মুভি দেখার মত মানসিক অবস্থা নাই শেষের দিকটা ছিল আমার কুয়েট লাইফের আগের অংশটার সম্পূর্ণ উল্টোটা,sadness,1
কুমিল্লাতে কাজ করে আলাদা একটা মজা আছে  আপুর গায়ে হলুদের অনুষ্ঠান উনারা যেমন উপভোগ করেছেন  করেছি আমরা অনেক অনেক মুহূর্ত থেকে কিছু ছবি নিয়ে আজকের এ্যালবাম ,joy,0
ময়মনসিংহ মেডিকেল কলেজ ও হাসপাতালের কার্ডিওলজি বিভাগের সহযোগী অধ্যাপক গণপতি আদিত্য বিভাগীয় শহর ময়মনসিংহ ছেড়ে তিনি রোগী দেখেন উপজেলা শহর ফুলপুরে ব্যক্তিগত চেম্বারে রোগী দেখার সময় অসহায় মানুষ তো বটেই নিজের শিক্ষক বীর মুক্তিযোদ্ধা ও তাঁদের পরিবারের সদস্য এবং কবিদের কাছ থেকে কোনো ফি নেন না,joy,0
 আহা কী চমৎকারই না হতো যদি এই ছবিটা বুড়িয়ে যেতো আর আমি যেমন আছি তেমনই থাকতাম এর জন্য আমি আমার আত্মা বিক্রি করে দিতেও রাজি ,sadness,1
কাঁদলাম ভাইহুজুগের পেছনে ছুটা জাতি এরা না মানে ধর্মের বিধান না জানে দুনিয়ার রীতি,sadness,1
 তিন বছর রিলেশনশিপে কখনো দ্বীপ এমন অশ্লীল ভাষায় কথা বলেনি আর কিস করতে হলেও অনুমতি নিয়েই করতো সেটাও ফোন থেকে,disgust,3
আমি আশ্চর্য হয়ে লক্ষ করলাম আমার তেমন ভয় করছেনা  বরং দেখতে ইচ্ছে করছে এতো রাতে ছাদে কে দৌড়া দৌড়ি করছে ,surprise,2
১৩ বছর ধরে আপনাদের মিথ্যা বলেছি—এ কথা বলে দেশবাসীর কাছে ক্ষমা চেয়ে কাজ ছেড়ে দিয়েছেন ইরানের রাষ্ট্রীয় সম্প্রচারমাধ্যম আইআরআইবির উপস্থাপক গেল্লারে জাব্বারি,surprise,2
তারা হালবের বিল্ডিং এর দরজার কাছে বসে খেলতে ছিল আর হঠাৎ আকস্মিক বিমান হামলায় তাদের জীবন যায় আল্লাহ তাদের জান্নাতে নিয়ে গেছে কিন্তু আমরা তাদের রক্তের প্রতিশোধ অবশ্যই নিব,anger,4
এ কোথায় দাঁড়িয়ে আছি ঝাপি ফেলা সার বেধে দাঁড়ানো দোকানগুলো এমন অদ্ভুত লাগছে কেন,surprise,2
মনে হইল আমার পিছনে কেডা জানি আইসা খাঁড়াইল ডরে আমার শইলের রোম সব খাঁড়াইয়া গেছে এই দেহেন মামী,fear,5
তাহসান ভাইয়ের কন্ঠ টা একটু কেমন জানি লাগলো হয়তো একটু বেশিই মোটা করে গাওয়ার চেষ্টা তাহসান ভাই বেষ্ট সেটা নিয়া কোন সন্দেহ নাই তবে ভাইয়ের কন্ঠগলা টা নিয়া আর একটু যত্নশীল হওয়া উচিৎ,disgust,3
কোথায় স্বাস্থ্যসেবার প্রতি ধন্যবাদ দিয়ে নিউজ করাবে আসছে এখন ব্লেইম গেইম খেলতে গরুছাগল জীবনে মানুষ হবেনা,disgust,3
এরপর কিছু একটা হলেই তীর্থকে পেটাবে,fear,5
রায়হান ভাইয়ের কিছু হলে জ্বলবে আগুন ঘরে ঘরে,anger,4
বাংলাদেশী চ্যানেল দেখছি নাকি বাংরেজী চ্যানেল বুঝলাম না ,disgust,3
কমেন্ট   গুলো   পড়ছিলাম  অনেকে  স্কোপ  পেতেই  ভাষা  ব্যবহার  করে  নিজের  জাত  ছিনিয়েছে  ঘেন্না  লাগছিলো  কেন  না  দ্বিচারিতা  করা  পুরুষ  এর  জন্য  কোনো  শব্দ  নেই  বাংলা  ভাষাতে ,disgust,3
ট্রাম্প উঠে পেনসের কাছে গিয়ে স্ট্র্যাপ্ট করে বললেন না তুমি বোকা এটা বরিস জনসন,anger,4
খুশির ঠেলায় শেখ হাসিনাকে কুত্তা লীগ দিয়ে চুদা উচিত ,anger,4
আমার কাছে মনে হচ্ছে পুরো পৃথিবী যেন থমকে আছে এমন নীরবতা ভয়ের জন্ম দিচ্ছে মনের ভেতর,fear,5
পড়তে ভালো লেগেছে জানা গেছে দ্রষ্টব্য নিয়ে দরকারি তথ্য প্রথম মন্তব্যে আরিফ যা লিখেছেন সেটা থাকলে আরো ভাল লাগবে,joy,0
যেমনই হয়ে থাকেন এতদিন বিপদে আল্লাহকে স্মরন করলেই আল্লাহ খুশি হবেন আপনি আল্লাহর কাছেই সাহায্য চেয়েছেন এটাই হচ্ছে বিষয়,joy,0
আমি ও সহজে হাল ছাড়ার পাত্রী নাযেকোনো ভাবে তাকে বুঝাতে হবে যে আমি তার উপরে রেগে আছি,anger,4
জ্ঞানতাপস ডক্টর মুহম্মদ শহীদুল্লাহ সড়ক নামকরণ করা হয়েছে আনন্দবাজারের রাস্তাটির হায় রে বেহাল দশা মাদকের রাজ্যে বুড়ি চাঁদও সেখানে লজ্জা পায় ঢাকা বিশ্ববিদ্যালয়ের শহীদুল্লাহ হলের কতোজন শিক্ষার্থী জানে এই মহান মানুষটির সম্বন্ধে এ অজ্ঞতা আমাদের লজ্জা এবং আমরা নির্লজ্জের মতো একে ধারণ করছি,disgust,3
কাওকে হারিয়ে ফেললে অথবা চলে যাওয়া অনেক কষ্ট আসলে গানটা একটা কষ্টকর গানযা সব সময়ই শোনা যাবে ,sadness,1
ভারতবর্ষের ঘৃণার রাজনীতি বিশ্বজুড়ে সাক্ষী আর সেই ঘৃণার স্থপতিই মুজিব বর্ষের প্রধান অতিথি হিসেবে বক্তৃতা দেবেন এই লজ্জা আমাদের পুরো জাতির আমরা ঘৃণা ছড়ানো কোনও মুসলিম নিধনকারীকে আমাদের অসম্প্রদায়িক রাষ্ট্রে আমন্ত্রণ জানাতে পারি না,anger,4
মৃত্যুভয় ছাড়া উন্মাদ হওয়ার ভয়ও ছিল তার যা তাকে ঘুমাতে দিত না,fear,5
আরও অবাক লাগে যখন বাংলাদেশি রা পাকিস্তানি দের ফলো  করেক্রিকেট ম্যাচ এও তাদের সমর্থন করে এখন ইন্ডিয়া  তাদের শত্রু আর পাকিস্তান  তাদের বন্ধু হয়ে দাঁড়িয়েছে ,disgust,3
আশির যখন জাপানে পড়তে গিয়েছিল ও তখন ছাত্র পুরো আলাদা একটা সংস্কৃতিক থেকে সেখানে গিয়ে সে দেশের নানা কিছু দেথে ও স্বাভাবিকভাবেই অবাক হয়েছে বিচিত্র বিষয় নিয়ে ব্যক্তিগত ঢঙে লেখা এই বইয়ের ছোট ছোট রচনাগুলো ওর সেই অবাক হওয়ার গল্প,surprise,2
সরোয়ার ও ম্যাক্সনের বিরুদ্ধে নগরের বায়েজিদ বোস্তামী ডবলমুরিং ও পাঁচলাইশ থানায় হত্যা বিস্ফোরক ডাকাতি ও চাঁদাবাজির ১৬টি করে মামলা রয়েছে,disgust,3
ওর পাছা দিয়ে আছুলা বাঁশ ঢুকানোর ব্যাবস্থা করা হোক খানিকির পোলা মাদারচোদ বেশ্যাবাড়ির পোলা😠😠😠,anger,4
সাদা আর লাল আমি এইদিনে নিবোইনা ভাগে পড়লো এই রঙ আমি মহাখুশি,joy,0
আর আমরা যদি এক হয়েই থাকি তাহলে কেন ইন্ডিভিজুয়ালি প্রব্লেমস ফাইন্ড আউট করতে হবে এসব করে নিজেরাই নিজেদেরকে আলাদা করে ফেললে করার কিছুই নাই,disgust,3
এখানেই বেশি ভয় নিজে বেঁচে থেকে কি লাভ যদি কোলের কলিজাটা হারিয়ে যায়,fear,5
আমাদের নিজেদের ভাই বোন বাবা মাকে যদি এভাবে কেউ পশুর মতো জবাই করতো তাহলে আমরা যতোটা ব্যাথিত হতাম উইঘুর কাযাখ ভাইবোনদের জন্য কী তার এক কানাকড়িও ব্যাথা বেদনা অনুভব করি আমরা,disgust,3
বিসমিল্লাহ চীনের উহান শহরে লকডাউনের কয়েক দিন পরেই আমি আমার আমার জীবনের সবচেয়ে বাজে মাথা ব্যাথা অনূভব করলাম এর সাথে সাথে আমি জ্বর এবং শ্বাসকষ্টেও ভোগা শুরু করলাম,sadness,1
কি ভাবে যে এই রকম পাগলছাগলদের সাথে এই দেশে থাকি আল্লাহ্‌ তাআলাই ভালো জানে,disgust,3
১০ বছর আগে যখন গানটি শুনতাম তখন গানের লিরিক্সের ভাবার্থের সঙ্গে পরিচিত ছিলাম না তারপরও তখন ভাল লাগতো আর এখন লিরিক্সগুলার ভাবার্থ জীবনের সঙ্গে মিলে যায় তাই নতুন করে আবারও ভালো লাগে,joy,0
খুব আবেগ নিয়ে যখন বলতেছেন ভার্সিটির বন্ধু সব সাপতখন আপনি নিজেও কারো ভার্সিটির বন্ধু এইটা ভুলে গেলে হবে,anger,4
সত্যিই তার বাংলা কথা শুনে আমি অভিভূত হলাম কি সুন্দর করে সে বাংলা ভাষায় কথা বলে প্রশংসনীয় 👏👏👏,surprise,2
যতো সব অযোগ্য কান্ডঙ্গানহীন মূর্খ কি বাংলাদেশ ক্রিকেট বোর্ডেই নাকিএরা নাকি নির্বাচকের দায়িত্বে এরা কিভাবে নির্বাচক হতে পারে বোর্ডের দায়িত্বে থাকে যাদের দল সিলেক্ট নিয়ে ক্রিকেট বিষয়ক সামান্যতম ঙ্গান নাই,anger,4
সালা টে রিমেক বই করে Ankush আললু অরজুনের সাথে তুলোনা  করছে সোন Ankush  আললু অরজুনের বালের  যগো নোশ তোর বালের  বই টাকা দিয়ে দেখার  চে আর পানু দেখা অনেক ভালো,anger,4
এ কথা শুনে সবার মাথায় আকাশ ভেঙে পড়লো কিন্তু তিথির ছোট বোন মিথি খুব খুশি হলো,surprise,2
আর কেনো জানি এই কায়িক শ্রমিকদের মধ্যে যারা ভালো তারা ভয়ংকর লেভেলের ভালো হয়,joy,0
 সৈনিকটির মুখে সব কথা শােনার পর সারা গ্রামে আতঙ্ক ছড়িয়ে পড়ল এমন কি দিনের বেলাতেও আর কোন সাহসী লােক ঐ বাড়ির দিকে পা বাড়াতাে না,fear,5
বুজলাম না মিস ওয়ার্ল্ডে গেলেই কি মানুষ ব্রেইনলেস হইয়া যায় ,surprise,2
ঠিক আছে আত্মহত্যা করা মহাপাপ এবং আত্মহত্যাকারী জাহান্নামী কিন্তু আমাদের গোটা শিক্ষাব্যস্থা বা সমাজই তো আত্মহত্যা করে বসে আছে কেউ যদি লেখাপড়া শেষ করে নিজের যোগ্যতায় হাসমুরগির খামার থেকে শুরু করে বড় একটা ব্যাবসায় দাড় করায় তাহলে সে হবে দোকানদার তাকে গেরস্ত বলা হয় বা সর্বোচ্চ সম্মান এতোটুকুই যে অহ ব্যবসা করে আর কেউ যদি সায়েন্সে পড়ে এ প্লাস পায়ে ফার্স্টক্লাস পেয়ে সরকারি একটা ব্যাংকে চাকুরি পায় তাহলে সমাজ তাকে অনেক বড় ভাবে দেখে অহ মাই গড সে ব্যাংকার 😱এটা বললাম কারন এই ধরেন দুইজন মানুষকে আমি চিনি তারা প্রত্যেকে তাদের কর্মক্ষেত্রে খুশি আছে আমি চাই তারা আরো খুশি থাকুক কিন্তু এই দৃষ্টিভঙ্গিটা পরিবর্তন হওয়া উচিত,sadness,1
না আগে আমাকে এটা বোঝাও লকডাউনে সব যখন বন্ধ তখন আবালগুলো ফানুস আর আতশবাজি পেলো কোথায়,anger,4
কবিতাটি পড়ে আমি বিস্মিত হয়েছি লেখার প্রায় চার দশক পরেও এই কবিতার প্রাসঙ্গিকতা তো কমেই নি বরং বেড়েছে বলেই মনে হয়,surprise,2
আমার জীবনে অক্সিজেনের মোড়ে এতো পানি কখনোও দেখিনি চারিদিকে শুধু পানি আর পানি,surprise,2
ঝিনাইদহের হরিণাকুণ্ডুতে পুলিশের সঙ্গে বন্দুকযুদ্ধে বাদশা মিয়া ৫২ নামের এক ব্যক্তি নিহত হয়েছেন গতকাল রোববার দিবাগত রাতে উপজেলার তেঁতুলিয়া গ্রামের একটি মাঠে এ ঘটনা ঘটে,disgust,3
শোক সংবাদ আমাদের কলেজের শিক্ষিকা নার্গিস জাহান কনক অদ্য আনুমানিক ৪ঃ১০ ঘটিকায় নিজ গৃহে মৃত্যু বরন করেছেন,sadness,1
আগামী একটা প্রজন্ম হয়তো এ কারণে হীনমন্যতায় ভুগবে যে  জীবদ্দশায় তাদের বাপদাদারা বইমেলা পেয়েও কয়েকটা বই প্রকাশ করতে পারেনি,sadness,1
এক্সপো অ্যাকসেসরিজের এই শস্যদানা থেকে তৈরি ব্যাগ পরিবেশবান্ধব নির্দিষ্ট সময়ের পর তা মাটিতে মিশে যায় এবং দেখতেও পলিথিনের মতো কিন্তু তা তৈরি হচ্ছে শস্যদানা দিয়ে এর আগে পাট দিয়ে পলিথিন তৈরি করা হয়েছে,joy,0
ডাইনোসরের সাথেই একটি ফলকে পরিবেশ বিষয়ক বার্তা লেখা অবাক করা বিষয় হলো ডাইনোসরের মুখের ভেতরে বসবাস করছে এক চড়ুই দম্পতি,surprise,2
করোনা ভাইরাসের জন্য স্কুল বন্ধ করে দেওয়া হয়েছে আর সবাই কক্সবাজারে গিয়ে ঘোরাঘুরি করছে জানিনা বাঙালী কবে সচেতন হবে করোনার প্রভাব দিন ছড়িয়ে পড়ছে,disgust,3
দুই শিশুর বিরুদ্ধে চট্টগ্রাম নগরের আকবরশাহ ও কোতোয়ালি থানায় ইয়াবা ও অস্ত্র ছুরি উদ্ধারের ঘটনার পৃথক দুটি মামলা রয়েছে ওই মামলায় তিন মাস ধরে তারা গাজীপুরের কিশোর উন্নয়ন কেন্দ্রে রয়েছে সেখান থেকে গতকাল হাজিরার জন্য চট্টগ্রাম আদালতে আনা হয়,anger,4
রাজধানীতে অভিযান চালিয়ে নব্য জেএমবির দুই সদস্যকে আটক করেছে ঢাকা মহানগর পুলিশের ডিএমপি কাউন্টার টেররিজম অ্যান্ড ট্রান্সন্যাশনাল ক্রাইম ইউনিট সিটিটিসি,joy,0
ধীরে ধীরে গল্প তার ক্লাইম্যাক্সে চলে আসত আমরাও ভয়ে কাটা দিয়ে উঠা শরীর নিয়ে সবাই যতটুকু পারি মামার কাছাকাছি,fear,5
ুরো পরিবারকে ধন্যবাদ আমার জন্য এত কিছু করার জন্য মহান আল্লাহ তাআলাকে ধন্যবাদ এত মানুষের ভালবাসায় আমাকে সিক্ত করার জন্য,joy,0
অর্থকড়ির মতো ভালোবাসাও কি ব্যাংকে জমা রাখা সম্ভব স্লোভাকিয়ায় এ অসম্ভব কাজই সম্ভব হয়েছে সেখানে ব্যাংকে জমা রাখা হচ্ছে ভালোবাসা এ জন্য রয়েছে ভল্ট আর সেই ভল্টে রয়েছে প্রায় ১ লাখ ছোট ছোট ড্রয়ার,surprise,2
পোস্টারগুলো ল্যান্ড ফিল্ডে ফেললেও তা তাড়াতাড়ি পচবে না পরিবেশদূষণের কারণে এগুলো পোড়ানোও যাচ্ছে না,disgust,3
পাকিস্তানবাংলাদেশ সিরিজের তৃতীয় পর্ব স্থগিত হওয়ায় ৪ মিলিয়ন ডলার ক্ষতির মুখে পিসিবি,sadness,1
Sunflower হোটেলের সামনে পৌছে গাড়ি থেকে নামতেই স্নো ফল শুরু হয়ে গেছে৷ 🥰🥰🥰 ৮° স্নো ফল পেয়েই মনে হলো জোবনে আর কোন সাধ নেই সব সাধ পূরণ হয়ে গেছে আর আমাদের রুম থেকে জানালা দিয়ে যে পাহাড়ের দৃশ্যটা দেখা যাচ্ছিলো সেই সাথে পূর্ণ চাদ ষোলকলা পূর্ণ হয়ে গেলো,joy,0
হাউ মাউ কান্না আর দুড় দাড় দৌড়ের শব্দে চমকে উঠলাম মতিবিবি আড়ি পেতেছিল মরা কান্না কাঁদতে কাঁদতে দৌড়ে চলে গেল,surprise,2
আশা করি কোনো দিন দেখা হবেনাহলোও অবস্থা বুঝতে দিব না যাতে করে সে যেন কোনো রকম বুঝতে না পারে আমি তাকে ছাড়া কষ্টে আছিকারন আমার কষ্টের কথা সে বুঝতে পারলে বাকি জীবন সে তাকে অপরাধী ভেবে যাবে,sadness,1
মাধুরী দীক্ষিতের ১৯৯৪ সালের সাড়াজাগানো সিনেমা হাম আপকে হ্যায় কৌন মাত্র ৪ কোটি ২৫ লাখ রুপি খরচ করে বানানো এই ছবি তুলে এনেছিল ১২৮ কোটি রুপি,surprise,2
লক্ষ লক্ষ টাকার কারসাজি এই ধরণের ঘটনার তীব্র নিন্দা জানাই,anger,4
২০১৮ সালের জন্য প্রধানমন্ত্রী শেখ হাসিনার কাছ থেকে আজীবন সম্মাননা গ্রহণ করেন অভিনেতা আলমগীর তাঁর পাশে ২০১৮ সালে শ্রেষ্ঠ সুরকারের পুরস্কার পাওয়া কণ্ঠশিল্পী রুনা লায়লা,joy,0
ফুল ব্যবসায়ীদের সংগঠন বাংলাদেশ ফ্লাওয়ার্স সোসাইটির বিএফএস সভাপতি আবদুর রহিম জানিয়েছেন এ বছর ভালোবাসা দিবসে গোলাপের চাহিদা অন্তত ৫০ লাখ,surprise,2
ভাই জানতামই না মিস ওয়ার্ল্ড বাংলাদেশ ২০১৯ হয়ছে আপনে রোষ্ট না করলে জানতাম ই না সব চেয়ে বড় কথা হল উপরে একজন মানুষ বসে আছে,surprise,2
বালিয়াকান্দি মডেল সরকারি প্রাথমিক বিদ্যালয়ের সহকারী শিক্ষক শাহীন আল মাসুদ ঘটনার সত্যতা নিশ্চিত করে বলেন দুই শিক্ষার্থী দুটি ইভেন্টে দেশসেরা খেলোয়াড়ের তালিকায় নাম লিখে বালিয়াকান্দি উপজেলার সুনাম বয়ে এনেছে,joy,0
ক্রিকেটার গড়ার সেই কারিগর মুসলিম উদ্দিন আজ সকালে অকালেই চলে গেলেন পৃথিবী ছেড়ে মাত্র ৪৮ বছর বয়সেই হৃদ্‌রোগে আক্রান্ত হয়ে মারা গেছেন এই কোচ ,sadness,1
শত বছরের এক অসুস্থ বৃদ্ধাকে ধর্ষণের ন্যাক্কারজনক ঘটনায় অভিযুক্ত কিশোর সোহেল ১৫ কে গ্রেপ্তার করেছে মধুপুর থানা পুলিশ,disgust,3
কিছু জিনিস রহস্য থাকাই ভালো প্রকৃতি রহস্য পছন্দ করে তবে আজও আমি ভেবে চলি যেটা আমার সাথে ঘটেছে সেটা আসলে কি স্বপ্ন নাকি সত্যি,surprise,2
তোমাদের মত বেপর্দা বেহায়া নির্জল নারীরা যতক্ষন শরীর বিক্রি বন্ধ করবেনা ততক্ষন আল্লাহর গজব বন্ধ হবেনা,anger,4
একটা বাচ্চা মেয়ে এই বিশ্বাস নিয়ে বড় হতে থাকে যে তার কিছু হবে না কারণ তার বাবা তার সাথে আছে তার বাবা সবাই কে তাড়িয়ে দিবে আর আম্মু তো আছেই,joy,0
ভারতের পররাষ্ট্রসচিব হর্ষ বর্ধন শ্রিংলা বলেছেন অভিন্ন নদীগুলোর তথ্য হালনাগাদ করে তা সমন্বয়ের চেষ্টা চলছে সম্ভবত এ বছরের মধ্যে অভিন্ন নদীগুলোর পানিবণ্টনের চুক্তি সই হবে,joy,0
ফইন্নি Golden Bird তুই জীবনে ভালা হইবি না তুই কি কইতে চাস মাঝে মাঝে মনে কয় তরে স্বপ্নের মধ্যে  খুন কইরা আইয়া আবার ঘুমাইয়া যাই,anger,4
বুড়িমা বললে  এমনটা করতে যেওনা বাছা  তোমার বিপদ হতে পারে দুষ্টু লোকেরা তোমার ক্ষতি করতে পারে,fear,5
বিস্ময়কর হল ঈশ্বরে অবিশ্বাসী স্টিফেন হকিং প্যালেস্টাইনের প্রতি ইসরাইলের বর্বরতার কারণে ইসরাইলের একটি অনুষ্ঠানের আমন্ত্রণ অস্বীকার করে তোলপাড় সৃষ্টি করেন,surprise,2
আমি ছিড়ে ফেলেছি ডায়রীর পাতা যেখানে লিখা ছিলো হাজারো স্বপ্নের কথা শুধু ছিড়তে পারিনি আমার মনের পাতা যেখানে জমা আছে অনেক ব্যাথা,sadness,1
আমি খুবই আশ্চর্য ইচ্ছে করছে এখুনি তাকে বলি যে আমার কণে পছন্দ হয়েছে মেহজাবিন আপনাকে আমার খুব ভাল লেগেছে,surprise,2
পরেরদিন ঘটলো অবাক করা ঘটনা সে আমাকে সবার আলাদা নিয়ে গিয়ে জিজ্ঞেস করলো আপনি নাকি আমাকে পছন্দ করেন ,surprise,2
আমার শাওয়ার বড় ভাইরে কুকুরটাকে একপাও ঢাকায় আর একপাও চিটাগাংরাখা হক আর কুমিল্লা থেকে বিছি বরাবর একটা কিক দেওয়া হকঅমানুষের বাচ্চাকেফাঁসি চাই,anger,4
এলার্মের শব্দে ঘুম ভাঙলো উঠে অযু করে নামাজ পড়ে নিলাম সকালটা আমার বড্ড ভালো লাগেএ সময় পুরো প্রকৃতি শান্ত থাকে সাথে হিমেল হাওয়াআর কচি ঘাসের ওপর হেটে চলা অসাধারন অনুভূতি,joy,0
এদের মত আবালদের সবকিছু গুলায় খাওয়াই দিলেও এরা ভাব্বে আপনি মনেহয় তার ক্ষতি করার চেষ্টা করতেসেন,anger,4
এই বেয়াদবের ফ্লিম যে দেখবে সে কখনো ভালো কিছু শিখতে পারবে না এই বেয়াদবি বন্দ করে  দেওয়া হউক ,anger,4
আবারও তাপমাত্রা কমার পূর্বাভাস দিয়েছে আবহাওয়া অধিদপ্তর রাজশাহী ও রংপুর বিভাগের বেশ কয়েকটি জেলায় আজ রোববার সামান্য বৃষ্টি হয়েছে আগামীকাল সোমবারও সারা দেশের কয়েকটি জেলায় গুঁড়ি গুঁড়ি বৃষ্টি হতে পারে বলে জানিয়েছে আবহাওয়া অধিদপ্তর,surprise,2
চুরির চুরি উল্টো সিনা জুরি আবার সাংবাদিক কে তাদের দায়িত্ব শিক্ষাচ্ছে বাটপারটাকে উচিৎ শিক্ষা দেয়া খুব জরুরী ,anger,4
 রোগী ভয় পেয়ে নটার আগেই খাওয়াদাওয়া সেরে দরজাজানলা বন্ধ করে ঘুমিয়ে পড়ার চেষ্টা করতেন,fear,5
অনন্ত জলিল দেশ ও দেশের মানুষের জন্য অনেক ভালো কিছু করেছে এবং করতে চায়আমার জানা মতে উনি খুব ভাল মানুষ,joy,0
 এদিক ওদিক করে দেরি করছি—ভয়ে কি কাজে ভুল থেকে যায় যদি,fear,5
মাঠের মধ্যে আগ্রাসী আচরণ প্রতিপক্ষ খেলোয়াড়কে উদ্দেশ করে খিস্তিখেউড় করার স্বভাব জেমস প্যাটিনসনের আজকের নয় গত ১২ মাসে এই কাজ আরও দুবার করেছেন তাঁকে সতর্কও করা হয়েছিল কিন্তু তাতে কী আবার একই কাজ করলেন ভিক্টোরিয়ার এই পেসার,disgust,3
চোখ বুঝতেই ঘুমটা চলে এলো হঠাৎ গতকাল রাতের মতো ভারী এবং গরম একটা নিঃশ্বাস বুকের ওপর পড়লো তাড়াতাড়ি চোখ খুললাম দেখলাম তপু ঠিক গতকালের মতোই আমার দিকে ঝুকে একদৃষ্টিতে তাকিয়ে আছে গতকালের মতোই কেমন ঠান্ডা আর নিষ্প্রাণ সে চাহনি,fear,5
এই মানুষটা কত্ত ভালো মনের মানুষ ও ব্রিলিয়ান্ট হলে একজন প্রধানমন্ত্রী হয়েও সবার নাম স্বরন করে বলে দিতে পারে👌👌❤ এন্ড বার বার আল্লাহর নাম ওনার মুখে❤আমার মতে ওনিই পৃথিবীর শ্রেষ্ঠ প্রধানমন্ত্রী ❤❤,surprise,2
স্বাস্থ্য অধিদপ্তর ও মন্ত্রীরা শুধু গাল দিয়ে বড় বড় কথা বলতে পারেমন্ত্রী বলে চার মাস আগে থেকে রেডি বাংলাদেশ এখন কই স্বাস্থ্যমন্ত্রী  জানুয়ারি থেকে চার মাস সময় পাইছে বাংলাদেশ চার মাসে কি করছে ওনারা শুধু বসে বসে চেয়ার গরম করছে,anger,4
তোমার কি অনেক ভয় লাগছে আমার ভীষণ ভয় লাগছে,fear,5
হঠাৎ পানিতে কারও ঝাপ দেওয়ার শব্দ শুনে চমকে উঠে সে চোখ খুলে নৌকার পাশের সেই লাশটার দিকে তাকিয়ে ৩য় বারের মতো আঁতকে উঠে সে,fear,5
এতো বড় রচনা লিখে অবশ্যই নিজের ঢোল নিজে পেটানোর ইচ্ছা নাই পেটালে দেড়দুই বছর আগে থেকে পিটাইতাম কারণ একটাই কিছু মানুষের চিন্তা আমি আগে লিখতাম না বলতাম না আর এখন আমি লিখতেছি বলতেছি তাই আমি হিপোক্রেট,disgust,3
ফারুক সাহস করে এগিয়ে চললেও সুরেষের কিন্তু প্রচন্ড ভয় হচ্ছে  মনে মনে রাম রাম জপ করা শুরু করে দিয়েছে সে  শরীরটা যেন ক্রমেই অবশ হয়ে যাচ্ছে তার ,fear,5
কুড়িগ্রামের রাজারহাটে অটোরিকশার ধাক্কায় আ বাতেন বিএসসি ৬২ নামের এক মোটরসাইকেল আরোহী নিহত হয়েছেন বৃহস্পতিবার বিকেলে এ ঘটনা ঘটেপুলিশ ও স্থানীয় সূত্রে জানা গেছে উপজেলার নাজিমখাঁন ইউনিয়নের তালতলা গ্রামে রাস্তার মোড়ে একটি অটোরিকশা বিপরীত দিক থেকে আসা মোটরসাইকেল আরোহী আ বাতেনকে ধাক্কা দিয়ে পালিয়ে যায় এলাকাবাসী তাকে উদ্ধার করে পরে আশঙ্কাজনক অবস্থায় রংপুর মেডিকেল কলেজ হাসপাতালে নেয়ার পথে তার মৃত্যু হয়,sadness,1
পুলিশটা সেই লাশটাকে কোলের উপর রেখে কামরিয়ে কামরিয়ে খাচ্ছেপুলিশটার মুখে লাল টকটকে রক্ত লেগে আছেসে তখনি রিকসা টা থামিয়ে জোরে একটা দৌড় দিল এবং কিছুদূর গিয়ে অজ্ঞান হয়ে পড়লো,fear,5
একটা জিনিস বেশ অবাক করার মতো এতোক্ষণ গাড়ি চালানোর পরও অন্য কোনো গাড়ি নজরে আসলো না,surprise,2
নাইন–ইলেভেনের পর এমন নির্মমতার সাক্ষী হবে নিউইয়র্কবাসী সেটা হয়তো কেউ কল্পনা করেনি মৃত্যুর মিছিলে এখন বাংলাদেশিরা বাড়ছে আতঙ্ক উৎকণ্ঠা,fear,5
আকস্মিকভাবে তাঁর সাথে দেখা হইয়া যাওয়ায় খানিকটা বিব্রতবোধ করতেছিলাম আমি আমাদের পরিবারের প্রত্যেকেই নিজেদের উচ্চশিক্ষিত ভাবার কারণে অন্যদের তুলনায় বেশ নাকউঁচা ছিলেন,disgust,3
৩ হাজার ২ শ কমবয়সী ছেলেমেয়েদের এই প্র্যাকটিক্যাল ক্লাস নেওয়াটি ছিল আমার জীবনের একটি সর্বশ্রেষ্ঠ আনন্দের মুহূর্ত,joy,0
ভয় প্রেম পূজা ইষ্টদর্শনভয় বিদ্রোহ ক্রান্তিকালনিঃশর্ত সমর্পণ,fear,5
অনেক পাপ কৱেছো এখন খোদাৱ নাম নিয়ে পৱকালেৱ ফিকিৱ কৱআললাহ আজাব অনেক ভয়ানকখোদাৱ কসম কৱে বলছি,fear,5
যে সব ছাত্র রেগিং এর মত ঘৃণিত কাজে জড়িত হয়ে চুয়েট কে এবং চুয়েট প্রশাসনকে অস্থিতিশীল পর্যায়ে নিয়ে যায় শিক্ষকদের বিরুদ্ধে অপপ্রচার ও বিভ্রান্তি ছড়ায় চুয়েটের সুনাম ক্ষুন্ন করে তাদের নাম লিস্ট করে এই গ্রুপে দেওয়া হোক,disgust,3
খুশিতে সে পুরা তিনদিন ঘুমাতে পারেনাই সাথে আমরাও,joy,0
এ জাতির দুর্নীতির যেন শেষ নেই অবশেষে করোনা নিয়েও রাজনীতি করছে জারজ সরকার😡😡😡,anger,4
Chiiiii জানোয়ারের অধম ফাঁসীতেও মিটবে না এদের খিদে আজ সমাজ কোথায় গিয়ে দাঁড়িয়েছে,anger,4
ধন্যবাদ আপনাকে স্যার নিজের ব্যাপারে সত্য স্বীকার করার সৎ সাহস সবার থাকেনা আপনার সেটা আছেসবাই নিজেকে মহামানব হিসেবে প্রতিপন্ন করতে চায় নিজের দুর্বলতা লোকের সামনে বলার সাহস সবার থাকে না,joy,0
কিন্তু কিছুদিন পর ওনার পিছনেও মানুষ লাগবে বাংলাদেশে সৎ মানুষের দাম নাই ,disgust,3
আসলে ভাইয়া এই আয়োজনটা যে হয়েছিল এটাই তো অনেকে জানেননা আমি নিজেও তাদের মধ্যে একজন,surprise,2
আমার এই জায়গাটাতেই ভয় হয় বেশি খুব বেশিপ্রতিটা শিশু কে আল্লাহ নিরাপদে রাখুক,fear,5
আল্লাহর রহমতে বিয়েতে অভিনন্দন  তোমার জীবনের প্রতিটা মুহূর্ত উপভোগ করো ,joy,0
পুরো ঢপবাজ মেয়ে ও যে মিথ্যে কথা বলছে তার ওর বয়ান দেওয়ার সময় মুখের এক্সপ্রেশন দেখেই বোঝা যাচ্ছে নিজের বাচ্চাটার কথা একবার ভাবলো না ছিঃ,disgust,3
প্রচণ্ড বেগে গ্যাস বালু ও পানি ওঠায় একটি ভবন অর্ধেক বালুর নিচে চলে যাচ্ছে আরেকটি ভবন ঝাঁকুনিতে ভেঙে পড়ার আশঙ্কা করা হচ্ছে গ্যাস ওঠার জায়গায় গর্ত বড় হয়ে তলিয়ে গেছে বিদ্যালয়ে শহীদ মিনারটি,fear,5
এইভাবে ছয়মাস কেটে যায় আমার আর ভালো লাগে না একঘেয়েমি ধরে যায় রোজ এক‌ই রুটিন রাঁধোবাড়ো খাও আমার সিঙ্গেল হতে ইচ্ছে করে,disgust,3
প্রায় সাড়ে পাঁচ মাস পর জম্মুকাশ্মীরে মোবাইল সেবা আংশিক চালু হয়েছে প্রিপেইড মোবাইলগুলোয় জনগণের জন্য ভয়েস কল ও এসএমএস সেবা চালু করেছে কর্তৃপক্ষ গত বছরের ৫ আগস্টের পর এই প্রথমবার জনগণের জন্য মোবাইল সেবা চালু করা হলো,surprise,2
বাংলাদেশ নাকি প্রস্তুত চার মাস আগে থেকেই নাকি সব ব্যবস্থা তাহলে এই অবস্থা কেন স্বাস্থ্য মন্ত্রী কি তাহলে ফেলতেছে,surprise,2
মজুদ না করার জন্য বলতে গেলে মারতে আসে  গুটিকয়েক ছাড়া বাকি মানুষদের থেকে ভালো কিছু আশা করা যায় নাভাই,disgust,3
এদের বাবাদাদা নেই নাকি কখনো ছিলো না আল্লাহ এমন মানুষ ও দুনিয়াতে হয়ছবি দেখেই তোহ কান্না চলে আসে,sadness,1
ষষ্ঠ শ্রেণীতে পড়ার সময় এক অবাক কান্ড ঘটল একদিন ক্লাসের বেশিরভাগ ছাত্র পড়া তৈরি করে আসেনি তাই শিক্ষক মহাশয় তাদের বললেন তোমরা সব ঘরের ধারে দাঁড়িয়ে পড়া মুখস্ত কর ছাত্ররা তাই করতে লাগল খানিক পরে তিনি দ্বিজেন্দ্রলালের দিকে তাকিয়ে বললেনতুমি কি করছো ও তোমার বই নেই তাহলে কি করে পড়বে দ্বিজেন্দ্র বললআমার পড়া মুখস্থ হয়ে গেছে শিক্ষক মহাশয় অবাক হয়ে জিজ্ঞেস করলেন কিভাবে দ্বিজেন্দ্র জবাব দিলওদের পড়া শুনে শুনে,surprise,2
আজ ছন্দ মহলে মিলছে দুটি মন মনে মনে বলবে ওরা কথা যে সারাক্ষন কথার মাঝে থাকবে গভীর ভালোবাসা ভালোবাসার মাঝে থাকবে দুটি মনের বেকুলতা,joy,0
জীবনে একটা দারুন স্বপ্ন ছিল শুরু না হতেই ভেংঙ্গে গেল একটা আশার প্রদিপ ছিল জ্বলতে গিয়েই নিভে গেল একটা প্রিয় মানুষ ছিল পাওয়ার আগেই হারিয়ে গেল,sadness,1
মেহদীর কথা শুনে তাদের আক্কেলগুড়ুম হয়ে যেতো ১৯ বছরের একটা ছেলে বলছে এই কথা,surprise,2
গত ২৯ ডিসেম্বর চীনের হুবেই প্রদেশের একটি জনবহুল শহর উহানে মরণঘাতী করোনা ভাইরাসের উপস্থিতির প্রমাণ মেলে প্রথমদিকে ব্যাপারটি তেমন গুরুত্ব না পেলেও সময়ের সঙ্গে পাল্লা দিয়ে করোনা মহামারি আকার ধারণ করে,sadness,1
শ্যামা স্যার পাশের রুম থেকে দৌড়ে আসলেন স্যারের রিএকশন দেখে আমি অবাক এমনতো আগে দেখি নাই স্যারকে সে কি ব্যস্ত স্যার,surprise,2
ভিয়েনায় এক আন্তর্জাতিক বৈঠকে পাকিস্তানের পরমাণু বিজ্ঞানী মুনির আহমেদ খান ভারতের অ্যাটমিক এনার্জির প্রতিনিধি রাজা রাম্মানাকে হামলার প্রতিক্রিয়া কী হতে পারে সে বিষয়ে কড়া হুশিয়ারি দেন,anger,4
আমার মনে হয় মেয়েটি মিথ্যে কথা বলছে স্বামী অত্যাচার করলে এতো সুযোগ সুবিধা পেলো কিভাবে  একজন সাধারন মানুষের সরলতার সুযোগ নিয়ে নাগর দের প্রেমে পাগল হয়ে গেছে ছি ছি ছি,disgust,3
এতবড় বড় কুকুর কেউ কোনদিন দেখেনিসবাই একজায়গায় জড়ো হয়ে ঠকঠক করে কাপতে লাগল,fear,5
আসলে সবকিছুর জন্য আমরা দায়ী আমাদের পাপের শাস্তি আমরা ভোগ করছিআল্লাহ যেনো আমাদের সহায়ক হন,anger,4
শিশুটি হয়ত আর দশদিন বাঁচবে তবে শেষটা ক্রিকেটের সাথেইপাঁচ বছরের ছোট্ট শিশু স্ল্যাটার ওয়াকার যেকোনো দিন পৃথিবীর মায়া ত্যাগ করে চিরতরে চলে যেতে পারে ক্যান্সার আক্রান্ত শিশুটি,sadness,1
সেখানে গিয়ে একবার দেখে আসেনএই সব ফালতু সাংবাদিকতা কোনো কালে ভালো ফল বয়ে আনবে নাতাই দেখে শোনে নিউজ কভার করবেন দয়া করে,disgust,3
এখনো তার সব ভালোবাসা আমাকে ঘিরে রাখছে আমি বের হতে পারিনি আমি পারিনি তারে বাধতে তারে শুধুই কষ্ট দিয়েছি আমাকে মাফ করে দিও আল্লাহ আমি তারে দেয়া কথ রাখিনি শুধু মা বাবার দিকে চেয়ে,sadness,1
দরজা আটকিয়ে দাঁত ব্রাশ করে মুখে পানি দিচ্ছি হঠাৎই আয়নায় একটা অপরিচিত মুখ দেখলাম এ কে আমি নড়ছি এ ও নড়ছে তবে কি এটা আমার মুখ,surprise,2
আপনি কি নিজের মহৎ মনে করলেন নাকি একটা শিশু বাচ্চাকে সেবা দিতে গিয়ে আপনি মুরুব্বির গায়ে হাত তুলছেন আপনার মুখে কি ভালো ব্যবহার নাই,disgust,3
ক্লান্তঅবসন্ন হয়ে উঠল শরীর নুয়ে পড়ছি আমি এ যাত্রায় আমি মনে হয় শেষ মৃত্যুভয় আমাকে গ্রাস করে নিল,fear,5
এভাবে ভালই যাচ্ছিল বেশ কদিন কিন্তু আশ্চর্যের ব্যাপার এটাই অভিযোগ করার পর থেকে আর কোন ফ্লাটের আলোই আমি দেখতে পাচ্ছি না ,surprise,2
সচেতনতা দাবি ও প্রতিবাদে সোচ্চার আমরা আজ আরো দুর্বার ও দুর্নিবার আমরা এখন ৫ লাখ তামাক কোম্পানির যথেচ্ছাচার আমরা মানছি না আর বহু হারিয়েছি এবার ঘুরে দাঁড়াবো ওদের ছাল তুলবো খুলে দেবো মুখোশ কীভাবে ভিডিওটি দেখুন চোখ রাখুন পেইজে…,anger,4
লিপস্টিক সেট টি দেখেই আমার মাথা রীতিমতো নষ্ট হয়ে গিয়েছিল সবচাইতে অবাক করার বিষয় হচ্ছে  টি কালার মাত্র tk,surprise,2
কমান্ডার ইন চিফ হিসেবে ইরানের সর্বোচ্চ নেতা আয়াতুল্লাহ আলী খামেনির পদত্যাগ এবং উড়োজাহিজ ভূপাতিত করার ঘটনা প্রথমে গোপন করায় মিথ্যাবাদীদের মৃত্যুদণ্ড দাবি করেন বিক্ষোভকারীরা,disgust,3
তুই না বেটা ভন্ড লুকাই লুকাই নষ্টামি করোস মাইয়াদের কমেন্ট বক্সে আইসাতোরে কে রাইট দিসে আমার কমেন্ট বক্সে আইসা আমারে নোংরা কথা বলে জাজ করার,anger,4
সমবায় কার্যালয়ের নিবন্ধন নেই ব্যাংকি কার্যক্রম চালানোরও অনুমতি নেই এমন একটি তথাকথিত প্রতিষ্ঠানের কর্মকর্তারা বেশি মুনাফার প্রলোভন দেখিয়ে গ্রাহকদের ২৩ লাখ ৬০ হাজার টাকা নিয়ে গেছেন বলে অভিযোগ পাওয়া গেছে,anger,4
এদিকে স্তালিনগ্রাদে পরাজয়ের পর জার্মানি পূর্বে প্রতিদিন পিছু হটছিল সোভিয়েত বাহিনী ধেয়ে আসছিল বার্লিনের দিকে,fear,5
গতকাল একজন সাংবাদিকের কাছে শুনলাম কলকাতার হাসপাতালে নিরাপত্তা বাড়ানো হচ্ছে শুনে ভালই লাগছে,joy,0
আজ হলো সেই দিন সুখ পেলাম যত আজ হলো সেই দিন বুকে পেলাম ক্ষত আজকের এই দিনে আপন হলো পর আজকের এই দিনে ভাঙলো এই অন্তর,sadness,1
সকল ধর্মেই অতিরিক্ত রাগের কুফল বর্ননা করা আছে তাই নিজের ধর্মের সৃষ্টিকর্তাকে স্মরণ করলে রাগ কিছুটা হলেও কমে যায় আয়নার সামনে নিজের রাগী রূপটা কেউই পছন্দ করে না,anger,4
বিশ্বে প্রথমবারের মতো পুরুষদের জন্য জন্মনিরোধক ইনজেকশনের সফল পরীক্ষা চালিয়েছে ভারত,surprise,2
শুনেছি প্রদীপ নিভে যাবার আগে নাকি দপ করে জ্বলে উঠে আমার মা এরও তখন সেই অবস্থা যে প্রচন্ড শক্তিতে তিনি আমার হাতটি চেপে ধরলেন তা আমাকে বিস্মিত করলো,surprise,2
সাভারের গণস্বাস্থ্য সমাজভিত্তিক মেডিকেল কলেজ হাসপাতালে হাজির হয়েছিলেন সন্ধানী গণস্বাস্থ্য সমাজভিত্তিক মেডিকেল কলেজ ইউনিটের সদস্যরা তাঁদের হাতে ছিল ভালোবাসার লাল গোলাপ আর মুখে হৃদয়ছোঁয়া হাসি হাসপাতালের বিভিন্ন ওয়ার্ডে প্রতিটি বেডে ভালোবাসার বার্তা পৌছে দিয়েছেন তাঁরা,joy,0
কিন্তু স্মৃতির পাতা ঘেঁটে দেখলাম আমি কখনোই চুয়েটের পহেলা বৈশাখ দেখি নি আসলে,surprise,2
ভাই সব নাটকে কি ফকির থাকা লাগবো তোমার  বড়ছেলে দিয়া ১০ টা নাটক বানাইতে চাও ,disgust,3
বাক স্বাধীনতার নামে নোংরামি ছড়াচ্ছে আর তারই পাথেয় হবে ভবিষ্যৎ প্রজন্ম কাজী নজরুল জসীমউদ্দিন জীবনানন্দ দাশকেই ধিক্কার জানাতে হচ্ছে কেননা তারা দ্বারে দ্বারে ঘুরেও প্রকাশনা সংস্থা যোগাড় করতে পারেনি বর্তমানে যাচ্ছেতাই গেলাচ্ছে প্রকাশনা সংস্থা গুলো ,sadness,1
পানি যেন বেশিদূর না গড়ায় তাই অলিম্পিয়াস একজন শিষ্যকে ঘুষ দিয়ে বিয়ের অনুষ্ঠানেই নিজের স্বামীকে খুন করালেন অন্যদিকে সতীন ক্লিওপেট্রাকেও মেরে ফেললেন বিষ খাইয়ে,sadness,1
রোববার সকাল থেকেই ঢাকার বাতাস ছিল অত্যন্ত অস্বাস্থ্যকর বিশ্বের বায়ুমান পর্যবেক্ষণকারী আন্তর্জাতিক প্রতিষ্ঠান এয়ার ভিজ্যুয়ালের তথ্য অনুযায়ী আজ রাত পৌনে আটটার দিকে বিশ্বের দূষিত বায়ুর শহরের তালিকায় ঢাকার অবস্থান ছিল দ্বিতীয়,fear,5
আরে মূর্খ বলদ আগে সঠিক ভাবে গাধা বানান শিখে আয় তারপর গাঁদা বইলা গালি দিস আবাল কোথাকার,anger,4
এভাবে রাস্তায় দুটি মেয়েকে হেনস্তা ও সম্মানহানির দায়ে এই জানোয়ার কুদ্দুস ও তার সহযোগীদের দ্রুত বিচারের আওতায় আনা হোক,disgust,3
পুরনো স্কুলবাড়ির পাঁচিলের গায়ে দেড় ফুট বাই দেড় ফুট গর্ত দিয়ে হাঁ করে অবাক হয়ে পৃথিবী নামক বায়োস্কোপ দেখা ,surprise,2
আমি মাঝে মাঝেই একটা প্রশ্ন শুনতে পাই সৃজনশীল পদ্ধতি কী কাজ করছে প্রশ্নটা শুনে আমি সব সময়ই অবাক হয়ে যাই,surprise,2
আমি মুখ খুলে আয়াতুল কুরসি পড়তে চাইলেও আমার মুখ যেনো বরফে জমে গেলো আমি মনে মনেই আয়াতুল কুরসি পড়তে লাগলাম আর আস্তে আস্তে পেছনের দিকে তাকাতে লাগলাম,fear,5
মাদারীপুরসহ বিভিন্ন জেলায় যোগাযোগ বিচ্ছিন্ন হয়েছে রাজধানী শহরেও থমথমে অবস্থা অথচ এই বিশেষ পরিস্থিতিতে রপ্তানি আয়ের শীর্ষে অবস্থান করা পোশাক খাতের ৪০ লাখ শ্রমিকের বিশেষ নিরাপত্তায় মালিক বা সরকারের কোনো ঘোষণা আসেনি,disgust,3
নায়ক নাইকারা যতোই হাসুক কেন তার চাইতে শতবার এই বোনের হাসি অনেক  ভালো  এই হাসির মধ্যে  লুকিয়ে আছে  ছোট্ট  বাচ্চা  কে নিয়ে   গভীর  ভবিষ্যৎ  খুব সুন্দর  অসাধারণ  একটি  হাসি,joy,0
বাংলাদেশি মেয়ে নাজমুন নাহারের প্রাপ্তির ঝুলিতে যুক্ত হলো আরেকটি রত্ন ২৭ অক্টোবর কুইন্সের অ্যাসপিরেশন গ্রাউন্ডের ওয়াননেস সেন্টারে আয়োজিত এক অনুষ্ঠানে তাঁকে পিস টর্চ অ্যাওয়ার্ড দেওয়া হয় একই সঙ্গে ভূষিত করা হয় ডটার অব দ্য আর্থ উপাধিতে,joy,0
আলেকজান্ডার রেগে সবাইকে বললেনযারা যেতে চায় তারা যাও তাদেরকে আমি মুক্ত করে দিলাম কিন্তু যারা থাকতে চাও তারা থেকে যাও,anger,4
কলিজাটা কেমন যেন কুঁচকে যেতে চাইল তাদের  শ্বাসপ্রশ্বাসওযেন থেমে গেছে ঠেকল  অনেক কষ্ট করে ভিতর থেকে একটা গরম হাওয়া যেন ঠেলে বের হয়ে আসল দুজনের ,fear,5
বেশ কয়েক বার চিৎকার করতেই  হাটু থেকে মাথা তুলে আমার দিকে তাকালো  ভয়ে আমি চমকে উঠলাম  বড় বড় দুটো চোখ  সমস্ত মুখ কেমন ফেকাসে হয়ে আছে ,fear,5
আমি ভয়ে শিউরে উঠলামএরকম ভীবৎস গোঙানি কোন মানুষের কন্ঠ দিয়ে বের হতে পারেনাআমার সমস্ত শরীর কাটা দিয়ে উঠলোহাত পা অশার মনে হলোআমি আবার বললাম হ্যালো কাকে চাচ্ছেন,fear,5
পেছনে কে যেন দাঁড়িয়ে আছে মনে হল ভয়ের মধ্যে আরও ভয় পেলাম,fear,5
ছবি গুলা বেশি কিউট অসংখ্য ধন্যবাদ এত সুন্দর আর কিউট ছবি দিয়ে উইশ করার জন্য,joy,0
ভাইয়া অামি বাংলাদেশের জয়পুরে থাকি অামার এলাকায়করনার জন্য সব বন্ধ এমন ওভাবি লোক অাছে যারা খুবি ওসহায় অার তাদের দেখলে খুব কস্ট লাগে মনে হয় না খেয়ে মারা জাবে,sadness,1
এটা সত্যি আমি মিথ্যা বলব না কিন্তু আমি যখন ছুটিতে থাকি তখন আমি আসলেই ছুটি কাটাই এই গ্রীষ্মে আমার ৫ কেজি ওজন বেড়েছে আমি এমনই খুব দ্রুত ওজন বাড়ে আবার আমি চাইলেই দ্রুত সেটা ঝেড়ে ফেলতে পারি,surprise,2
বাঙাল জাত হিসেবে কেমন খারাপ আর কত খানি নীচে নামল তার ধারণা পেতে মাঝে মাঝে  সালমানের পোস্টের কমেন্টে আসিসেলুকাস কি বিচিত্র এ জাতি,disgust,3
ধনীরা যে মানুষ হয় না তার কারণ ওরা কখনো নিজের অন্তরে যায় না দুঃখ পেলে ওরা ব্যাংকক যায় আনন্দে ওরা আমেরিকা যায় কখনো ওরা নিজের অন্তরে যাতে পারে না কেননা অন্তরে কোনো বিমান যায় না,sadness,1
এভাবে রাস্তায় দুটি মেয়েকে হেনস্তা ও সম্মানহানির দায়ে এই জানোয়ার কুদ্দুস ও তার সহযোগীদের দ্রুত বিচারের আওতায় আনা হোক,disgust,3
আর এত চমৎকার রাস্তা যে চোখ বন্ধ রাখলে আপনি টেরই পাবেন না কখন পাহাড়ে উঠেছেন ,joy,0
এটারে ভাইরাস ইঞ্জেকশন দিয়ে ঢুকাই দেয়া উচিত মজা টের পাবে,anger,4
জনমানবহীন কোন হোটেল করিডর বা ছোট্ট একটা ছেলে একা একা ট্রাইসাইকেলে চড়ার চেষ্টা করছেএসব দৃশ্য দেখে নিশ্চিতভাবেই ভয় পাই,fear,5
কমেন্ট পড়তে আসলাম আর দেখলাম ডিজিটাল বাংলাদেশের অসভ্য ইতর মনুষ্যত্বহীন বর্বর কিছু দুপেয়ে জানোয়ারকে,anger,4
সত্যিসত্যিই এতদিনে আমার দাওয়াত কবুল করেছেন আপনি ক্যাম্পাসের প্রতিটা প্রোগ্রামে দাওয়াত দেই কিন্তু আপনার আসা হয়না একবারও গতকালকেও অভ্যাসবসে বলেছিলাম আজকের কথা এভাবে যে চলে আসবেন ভাবি নি,surprise,2
একবার বালিশ বালিশ খেলার সময় তুই আমাকে অনেক জোরে চেপে রাখছিলি খুব কস্ট হচ্ছিল তখন,sadness,1
পিতামাতার কবরের পাশে দাঁড়িয়ে কোরআন তেলাওয়াত করে তাঁদের জন্য অশ্রু ছেড়ে দিয়ে শান্তি কামনা করার মত এমন সুসন্তান পৃথিবীতে রেখে যাওয়ার ভাগ্য অনেকেরই হয়না,sadness,1
ফালতু নিউজ  পত্রিকা বিক্রি বন্ধ হয়ে যাচ্ছে তাই এরকম মিথ্যা তথ্য দিচ্ছে আর মানুষকে মৃত্যুর মুখে ঠেলে দিতে চাচ্ছে এই পুজিবাদী শালারা,anger,4
রাজা আর কিংস কম্প্যানিয়নদের মধ্যে অনেকটা পারিবারিক বন্ধনই ছিল সেই ফিলিপের আমল থেকেই কিন্তু আলেকজান্ডারের এই নতুন নিয়মের কারণে মেসিডন বাহিনী বিশেষ করে তার খুবই কাছের লোকদের মধ্যে অসন্তোষ দেখা দিলো,disgust,3
খুশিতে পাগল হবার আগে থেকেই তুই পাগল আর পাগলের সাথে কেউ পালাতে চাইবে না,joy,0
আমার ভাল্লাগতেসে না লিখতে কিন্তু বিশ্বাস করেন ঐ মুহুর্ত না কেউ কল্পনা করতে পারবে না কেউ বর্ণনা করতে পারবে,sadness,1
জীবনে প্রথম বাংলাদেশ হেরেও সবাই নাচতে নাচতে হলরুম থেকে বের হল😂😂 আমার মত ২৩ টাই যথেষ্ট টিভির রুম মাতিয়ে রাখতে😂😂,joy,0
সরকারী মেডিকেলের অব্যবস্থাপনা হুইল চেয়ার নাই বেড নাই ইকুপমেন্ট নাই এর দায় কার ডাক্তার তো সামান্য চাকরিজীবী তাদের এসব ব্যবস্থাপনার ক্ষমতা নাই আপনি আসল জায়গায় নাড়া দেন,anger,4
এবার আপনারাই বলুনছোট্ট শিশুটি ডাক্তারদের অবহেলার শিকার কি না এটা কি রোগে মৃত্যু না ডাক্তারের হাতে হত্যা এই হত্যার সাথে জড়িতদের বাঁচাতে এক ঘণ্টার মধ্যে সারা চট্টগ্রামের সব হাসপাতাল বন্ধ করে দেওয়ার হুমকি দেয়,disgust,3
শুভশ্রী এত ভালো অভিনয় করবে সিনেমাটাতে ভাবতেই পারিনি ,surprise,2
আমার ডিপার্টমেন্টের প্রতি আমার তেমন টান নাই থাকার কারণও নাই  মানুষ হিসেবে আমি বড় বাইঞ্চোদ হওয়ায় আমার সাথে অনেকেরই কথা বন্ধ দেখতে পারে না এবং পারিনা ,disgust,3
নানা ভাই ভয় পেয়ে দৌড় লাগাতে যাবেন হঠাৎ করলেন মূর্তিটার চোখ এই অন্ধকারেও জ্বলজ্বল করছে,fear,5
ধন্যবাদ এই ভ্রমনটা বছর দুয়েক আগের  লিখব লিখব করে শেষ করে ওঠা হয়নি এতদিন স্মৃতির উপর নির্ভর করে যতটা পারি বর্ণনা দেবার চেষ্টা করেছি উপভোগ্য হয়েছে জেনে ভালো লাগলো,joy,0
আমি কয়েকদিন তাদের ওখানে গেলাম শেষদিন যখন যাই সম্পূর্ন অবাক করা এক ঘটনার মুখোমুখি হলাম,surprise,2
ছবি দেখে মজা পাইলাম বাংলাদেশের পুলিশ আর আর্মি তার কাছে মুরির মোয়া 🤣😂😂 রাকিব ভাইয়ের মত এরকমভাবে অন্য কেউ রোস্ট করতে পারবে নাহগ্যারান্টি 😎,joy,0
সবাইকেই একটা কথা বলি খাবারভরনপোষন তোর বাপের বাড়ির থেকে দিবি নাকি👿👿👿👿👿 আর কয়দিন না খেয়ে থাকবে হেডাম থাকলে দেখাও ,anger,4
যদি আল্লাহর উদ্দেশ্যে রাগ করা হয় এবং অন্যায় ও হারাম কাজ প্রতিরোধে রাগ ব্যবহার করা হয় তাহলে তা প্রশংসনীয় বরং অন্যায় দেখে মনে রাগ সৃষ্টি হওয়া মজবুত ঈমানের আলামত পক্ষান্তে ব্যক্তিগত স্বার্থে বা দুনিয়াবী ছোটখাটো বিষয়ে রাগ করা নিন্দনীয়,anger,4
আজ সকালে সাধন আচার্য্যকে ফোন করলেন অনেক দিন পর নিগার ডিসপ্লেতে পরিচিত নামটা দেখেই ভীষণ অবাক হয়েছে ,surprise,2
এরপর ওখানে আর বসার অবস্থা থাকবে না  এটারে সবাই মেজ্জাইন্যা বাড়ি বানায় ফেলবে৷ আর ওরা চাপ সামলাতে না পেরে মানের দিকে আর খেয়াল রাখবে নাএরপর শুরু হবে নেগেটিভ রিভিউ,anger,4
ভয়পুলিশেরউকিলেরডাক্তারেরডাকাতেরগেজেটেরবাজেটেরযেখানেই আমাকে স্মরণ করিবে ভয়,fear,5
ভালবাসা বুঝি শুধু কষ্ট দিতেই জানে তোমাকে ছাড়া যে আমার নিশ্বাস নিতেও কষ্ট হয়,sadness,1
আমার মেজাজ খারাপ হয় রুনার এই ইঙ্গিতপূর্ণ কথা অপমানজনক,disgust,3
এই শরতেরই সন্ধ্যায় তুমি নেই বলে সময় আমার কাটে না কাশফুল কেনো ফুটে না ছুয়ে ছুয়ে যায় না মেঘের ভেলায় ভাসেনা ভেসে তুমি কেনো আসো না,sadness,1
ভাই হয়ত সে মাদ্রাসার ছাত্র টা কপি মারছে তাই বলে আপনি তার সাথে এই রকম করবেন খুব ই খারাপ ভাই মনে রাখবেন আপনি যখন মারা যাবেন এই মাদ্রাসার ছাত্র রাই আপনার কাজে আসবে আমি আপনার অনেল বড় একটা ফ্যান ছিলাম ঙ্কিন্তু এখন আমি আপনাকে ঘৃণা করি,disgust,3
এই পরীক্ষার পর তিনি বেশ সুস্থ দেহে চলাফেরা করে প্রমাণ করেছিলেন পীতজ্বর সংক্রামক নয় কিন্তু দুর্ভাগ্যজনকভাবে তিনি ভুল আবিষ্কার করেছিলেন,sadness,1
এইরকম সুস্বাদু মিষ্টি জীবনে খুব কম খেয়েছিমনে হলো জাস্ট দুধের ছানা টাকে মিষ্টি হিসাবে খেলাম মিষ্টির নাম দুধ জাফরান ব্রাম্মনবাড়িয়া থেকে আনাআমাকে উপহার হিসাবে দিয়েছেন বন্ধুর বাবা মাদোকানের নাম দ্বিতীয় ছবিতে দেয়া আছে,joy,0
উত্তরা অ্যাপার্টমেন্ট প্রকল্পের ২ হাজার ৬০০ ফ্ল্যাট নম্বর আইডি দেওয়ার জন্য আজ রোববার লটারি হবে রাজউকের এই প্রকল্পে বরাদ্দ পেয়ে যাঁরা চারটি কিস্তির টাকা পরিশোধ করেছেন তাঁদের নিয়েই লটারি অনুষ্ঠিত হবে,surprise,2
হালকা হালকা মনে পড়ে পাশে ছিলো সাফা তার পাশে তৃণা আর সামিয়া আমি সিভিলের অদিতি শুনে সামিয়া খুশিতে হাত তালি দিয়ে উঠেছিলো 😅,joy,0
পৃথিবীর সবচেয়ে বড় প্র্যাকটিক্যাল ক্লাসএই লেখাটির শিরোনাম দেখে যে কেউ একটু অবাক হয়ে যাবে,surprise,2
পুলিশ আসার আগমুহূর্তেও তিনি সহ তার আশেপাশের বাসার সবাইই ছাদে হাটাহাটি ঘুরাঘুরি করছিলেন নিজের কাছাকাছি না আসা পযন্ত আমরা কোনোকিছুর ভয়াবহতা খুব কম ই বুঝতে পারি,fear,5
আপনিও তো একজন মানুষ আপনার ভয় করছে হ্যাঁ ভয় একটু একটু করতেছে,fear,5
আমি টের পেলাম দরদর করে ঘামছি শিরদাঁড়া দিয়ে ভয়ের শীতল স্রোত নেমে আসছিলো,fear,5
কিছুদিন অপেক্ষা করুন দেখুন সে আবার ইনজামাম হয়ে যায় কিনা ওর হাতে প্রচুর জোর অনায়াসে ছক্কা মারে ইউটিউবে ওর কিছু ভিডিও আছে দেখে নিতে পারেন,surprise,2
শালিরা লাভে এড করে কিন্তু জনগনের জন্য  দুপয়সাও খরচ করেনা,anger,4
ভাই  মোশন  সিকনেস  যাদের  আসে  তারাই  বুঝবে  এর  কষ্ট ,sadness,1
অবশেষে চলতি বছরের জানুয়ারিতে বাণিজ্যযুদ্ধ শিথিলে একটি চুক্তি স্বাক্ষর করে বিশ্ব অর্থনীতির দুই পরাশক্তি,joy,0
খুশি হইলাম বস সাভার স্মৃতিসৌধ এর সামনে চটপটি ১২০∞+ টাকা এটা তদন্ত করে দেখতে পারে আপনাদের গ্রুপে এড করে নিয়েন বস,joy,0
মনন লিভিং রুমে এসে থমকে দাঁড়াল কারণ সেখান থেকে বের হয়ার কোন রাস্তা নেই ,surprise,2
আবিরের কথা শুনে আসিফ আবার খুব রেগে গেলো আর আবিরকে বললো তুই কী আসলেই পাগল এইসব অভিশপ্ত বলে কিছু হয় না,anger,4
এত কস্ট পেলাম বুক টা ভেঙে যাচ্ছে আহারে সন্তান কত কষ্ট করেই না ওদের কে মানুষ করলো ,sadness,1
কিছু প্রবাসীরাই দেশটার বারোটা বাজিয়ে ছাড়লো    এরা   দেশের কথাও চিন্তা করে নানিজের পরিবারের কথাও চিন্তা করে নাভাইরাস ঢুকিয়ে দেশের হাজার হাজার মানুষকে আক্রান্ত করে  মারবেধিক্কার জানাই ওইসব অসচেতন  প্রবাসীদের😠😡,anger,4
মানুষ এর খারাপ চাইতে নাই বাট আই উইশ যাদের জন্য আজকে এই অবস্থা সবার সঠিক ব্যবস্থা আল্লাহ নিবে,disgust,3
কোহলি ও বেয়াদব পন্টিং ওয়ার্নরা ও বেয়াদব ছিল এদেরই দরকার বেয়াদ্দপ বেলেই সাবিক আজকে সাকিব আর না হলে আশরাফুল হয়ে যেত,anger,4
এই ছাগলের বাচ্চাগুলো যেনো ধর্ম নিয়ে কোনো কথা না বলে,anger,4
যে দেশে একজন করোনা  রোগীকে সামন্য আইসিউ দিতে পারেনা সে দেশে মানুষ কিভবে চিন্তা করবে যে হাসপাতল গুলোতে চিকিৎসা পাবে,disgust,3
নির্বাচনী পোস্টার অপসারণ বা ডাম্পিং করা নিয়ে বিপাকে পড়েছে ঢাকা দক্ষিণ সিটি করপোরেশন ডিএসসিসি সংস্থাটির অভিযোগ এসব পোস্টার পলিথিন ও প্লাস্টিকে মোড়ানো,disgust,3
কলকাতার রাস্তায় বাড়তে থাকে হাড্ডিসার মানুষের ভিড় মৃত মানুষের গলিত শব খুবলে খেতে থাকে কাকের দল না খেতে পেয়ে ভারতবর্ষে এই সময়ে প্রায় ৩৮ লাখ মানুষ মারা যায়,sadness,1
এই যে সামাজিক যোগাযোগ মাধ্যমে একই ব্যক্তি রবীন্দ্রনাথের চেয়ে ভাল সাহিত্য বোঝে সক্রেটিসের চেয়ে দর্শন বেশি বোঝে সত্যজিৎ রায়ের চেয়ে সিনেমা বেশি বোঝে ডক্টর ফাউচির চাইতে করোনাভাইরাস বেশি বোঝে এবং নেপোলিয়নের চাইতে যুদ্ধবিদ্যা বেশি বোঝে এটাই বর্তমান পৃথিবীর সবচাইতে বড় অবাক হবার মত বিষয়,surprise,2
 আকবর আলীর ভবিষ্যতে কি লেখা আছে জানিনা তবে তার যেই ধৈর্য্য এমন ধৈর্য্য আমাদের সিনিয়র একটা প্লেয়ারের ও নাই টু বি অনেস্ট,joy,0
যা হওয়ার হয়ে গেছে এখন কি করা যেতো বা কি করলে ভালো হত এই সব বলে লাভ নাই ঢিল মারা হয়ে গেছে এখন পাটকেলের অপেক্ষায় থাকেন,sadness,1
বাজে পচা শাশুড়ি বাতিকগ্রস্ত মহিলা কাউন্সেলিং করার দরকার নাহলে সংসার রসাতলে যাবে,disgust,3
ফিসফিস করে কে জেনো তার কানে কথা বলছিলোঅথচ কেউ ছিলো না সেখানেতিনি ভয় পেয়ে যান তারপরোও ভালো ভাবে শোনার চেষ্টা করেন কি বলছেতিনি শুনেই চমকে উঠেন,fear,5
সমন্বিত পরীক্ষার ডিসিশন অযৌক্তিক ও আমাদের স্বকীয়তা নষ্ট করার ষড়যন্ত্র,anger,4
ঢাকনাটা খুলতেই কালচে নীল একটা ধোঁয়া কুণ্ডুলী পাকিয়ে উপরে দিকে উঠতে শুরু করেছে অসম্ভব ভয় লাগছে আমার বাড়ির বাকি সদস্যদের সঙ্গী করার উপায় নেই,fear,5
জিম্বাবুয়ের সাথে বাঘ আর বড় দলের সাথে বিলাই৷ হাস্যকর ব্যাপার,disgust,3
আফসোস প্রাচ্যের অক্সফোর্ড খ্যাত ঢাকা বিশ্ববিদ্যালয়ের ইংরেজি বিভাগের অধ্যাপক জ্যোতির্ময় গুহঠাকুরতা কোনোদিন সেই Why এর জবাব জানতে পারেননি,sadness,1
আমেরিকার বড় অংশজুড়েই এবার তীব্র শীত পড়বে তাপমাত্রা কমে ১৭০ বছরের রেকর্ড ভাঙার আশঙ্কার কথা জানিয়েছে মার্কিন আবহাওয়া দপ্তর পুরো আমেরিকার প্রায় দুইতৃতীয়াংশ এলাকার তাপমাত্রা কমে যাবে এবং মানুষ ঠান্ডায় বড় ধরনের ঝুঁকির মধ্যে পড়বে বলে সতর্ক করা হয়েছে,fear,5
ঘটনা দেখে রঞ্জনের মাথায় বিচিত্র একটি আইডিয়া খেলে গেলো যে রশ্মি কার্ডবোর্ড ভেদ করতে পারছে তা মানবদেহ কেন ভেদ করতে পারবে না,surprise,2
উনি আমাকে আমার পাসপোর্ট নাম্বার জিজ্ঞেস করলেন আমি বলা শুরু করলাম একোচার্লি০২ আর উনি আমাকে থামিয়ে দিয়ে অবাক হয়ে বললেন আপনি নেটো ফোনেটিক এ্যালফাবেট জানেন,surprise,2
সারা বাংলাদেশে একই প্রশ্নে এইচএসসি পরীক্ষা আপনারা সবাই দেখছেনকি পরিমাণ প্রশ্ন ফাস আর দুর্নীতিইভেন ইনডিভিজুয়ালি এক্সাম নিয়েও ঢাবির মত বিশ্ববিদ্যালয়ের ভর্তি পরীক্ষায় চিটিং হয় প্রচুরএখন এতগুলো ইউনিভার্সিটি তে একসাথে পরীক্ষা হলে টাইম আর টাকা দুইটাই বাচবে কিন্তু প্রচুর পরিমাণ দুর্নীতি হবেআর সেকেন্ড চান্স বলে কিছু থাকবে নাআমরা অনেকেই প্রথম কয়েকটা ভর্তি পরীক্ষায় ব্যর্থ হওয়ার পরই সফলতা পাইছিএই জিনিসটাও আর থাকবে নাDo or Die হয়ে যাবে জিনিসটা,anger,4
তোমাকে আমি কতটা ভালবাসি সেটা কি তুমি জান জান না তাই না আমিও জানি না ভালবাসা যদি তরল পানির মত কোনো বস্তু হত তাহলে সেই ভালবাসায় সমস্ত পৃথিবী তলিয়ে যেত এমনকি হিমালয় পর্বতও,sadness,1
ফলে কাহুটা ল্যাবরেটরির কথা ভারতের কাছে বেশি দিন গোপন থাকেনি এতে করে ল্যাবরেটরির নিরাপত্তা নিয়ে পাকিস্তানের গোয়েন্দারা চিন্তায় পড়ে যান,fear,5
ফেসবুকভিত্তিক নারী ভ্রমণকারীদের সংগঠন ওয়ান্ডার উইমেনের প্রতিষ্ঠাতা দেশ ও বিদেশে ভ্রমণ আয়োজন ছাড়াও বাংলাদেশি নারীদের ভ্রমণসহায়ক তথ্য দিয়ে পাশে থাকে সংগঠনটি গত ডিসেম্বরে অনুষ্ঠিত হলো সংগঠনটির বার্ষিক অনুষ্ঠান এসকাপেড ২০১৯,joy,0
বাসের অন্য তিন জনের ততক্ষণে কাহিল অবস্থা ভয়ে যেন সিটের সাথে আটকে গিয়েছে নড়াচড়া করতে পারছে না,fear,5
অবাক হওয়ার কিছু নেই কাঠের গুঁড়ি মনে হলেও আসলে তা নয় এটি একটি ফিমার বা পায়ের উপরের অংশের হাড় সবচেয়ে বড় হাড় হাড়টি প্রায় দুই মিটার লম্বা,surprise,2
আঞ্চলিকতা মানেই সংকীর্ণতা নয় অনাধুনিকতা নয় আঞ্চলিক ভাষার মাঝেই আছে আত্মপরিচয় এই ভাষাতেই কথা বলেন আমাদের মায়েরা তাই কথা বলায় যে আঞ্চলিকতার টানই থাক না কেন তা তো মায়েরই ভাষা নিজের শেকড়ের ভাষা আসুন আলিঙ্গন করি নিজের মায়ের ভাষাকে জোর গলায় বলি মায়ের ভাষায় কথা বলতে লজ্জা কিসের চলুন ফিরে যাই শেকড়ের আহ্বানে মায়ের কাছে মায়ের ভাষার কাছে ভাষার মাসে এই হোক আমাদের অঙ্গীকার,joy,0
সৈন্যরা যেতে না চাইলেও আলেকজান্ডারের মায়ের সেই বাণী আলেকজান্ডারকে ঠেলে নিয়ে গেল সিওয়াহএর দিকে তীরবল্লমের চেয়েও বেশি যন্ত্রণাদায়ক মরুভূমির তীব্র তাপমাত্রা টের পেল মেসিডন বাহিনী তবুও একরকম বাধ্য হয়েই যেতে হলো তাদেরকে,disgust,3
আরে ভাই বাংলাদেশ লোক চোর ডাকাতের দেশ যেখানে ভাইরাস সনাক্ত হলেও ইমিগ্রেশন পুলিশের  টাকা হাতে ধরাই দিলে সব মাপ আপনার কোন অসুখ বিসুখ হয় নাই এটা হল বাংলাদেশ বিশ্বের মধ্যে যদি দুর্নীতির চুরিচামারি থাকে সেটা হলো আমাদের সোনার বাংলাদেশ যেখানে হাজার হাজার দেশের জনগন মরলেও সরকার এখনও গায়ে আসে যায় না,disgust,3
বিরহ মধুর মিলন ক্ষণিক,sadness,1
তবে এবারে জিউসের রাগটা গিয়ে পড়লো শুধুই প্রমিথিউসের উপর প্রচণ্ড ক্রোধের বশে জিউস প্রমিথিউসকে দিলেন ভয়ানক এক শাস্তি,anger,4
লোকটা যখন কথা বলছিল তখন তার পাশে একটা ছোট শিশু চিৎকার করে কাঁদছিলসেই কান্না থেকেই আমি আসলে বুঝেছিলাম কলটা ফেইক লোকটা হয়ত তার ক্ষুধার্ত শিশুর খাদ্য যোগাড় করার জন্য এমন একটা পন্থা বেঁছে নিয়েছে হয়ত তিন দিন বাসায় বাজার হয়নি হয়ত আগামী সাতদিন কিভাবে যাবে সে জানে না ,sadness,1
সময় বরই বিচিত্র,surprise,2
শিল্পসাহিত্যে বিশেষ অবদানের জন্য আটজন কবিকথাশিল্পীকে সম্মাননা ও অর্থ পুরস্কার দেওয়া হয়েছে সোনার বাংলা সাহিত্য পরিষদের উদ্যোগে এসবিএসপি গত ৬ জুলাই বিকাল ৪টায় শিল্পকলা একাডেমির চিত্রশালায় এ সম্মাননা দেওয়া হয় এ বছর কবি আলমগীর রেজা চৌধুরী শিশুসাহিত্যিক মোজাম্মেল হক নিয়োগী গীতিকবি অতনু তিয়াস শিশুসাহিত্যিক জ্যোৎস্নালিপি ঔপন্যাসিক কিঙ্কর আহসান বিজ্ঞান লেখক রনক ইকরাম গল্পকার সাইফ বরকতউল্লাহ ও শিশুসাহিত্যিক শাম্মী তুলতুল এ সম্মাননা পান,joy,0
ভাই আমরা আপনাকে support করি আপনি সব সময় সত্যের সাথে থাকেন আল্লাহ আপনাকে হেফাজত করুক,joy,0
আমি তো মহা খুশিএই মেয়ে হল পরশ পাথরের মতযতক্ষণ এর সঙ্গ পাওয়া যায় ততক্ষন মুহূর্তগুলো স্বর্ণের মত দামী হয়,joy,0
এই প্রথম ভদ্রতার খোলস খসে গিয়ে চুঘতাইয়ের চোখে ক্রোধের ছাপ কিছুই করার নেই মানে এই বেইনসাফির কোনো বিচার নেই,anger,4
দেখলাম অর্ধেক অর্ধেক শরীর কাটা কিছু মানব দেহ গড়াগড়ি করছে  আমার মাথা ঘুরে গেলো এই দৃশ্য দেখে ,fear,5
জলবায়ু নিয়ে সচেতনতা তৈরিতে ২৫ মিনিটের এই অ্যানিমেশন ছবিটি বানাল দীপ্ত টিভি নির্মাণ করেছেন মোহাম্মদ শিহাব উদ্দিন বেসরকারি টেলিভিশন চ্যানেল দীপ্ত টিভিতে প্রচারিত হবে সিনেমাটি,joy,0
আরও একটা কথা সেই কমেন্টে আমাদেরই এক মেয়ে বান্ধবী হাহা দিসে এই ধরনের হিপোক্রেট মেয়ে গুলাকেও সকাল বিকাল জুতার বাড়ি দেয়া উচিত,anger,4
ততক্ষণে আমার রাগ ব্রম্ক্ষতালু ছুঁয়েছে বললাম সংযত হয়ে কথা বলুন আমি বিলকিস বেগম নই,anger,4
ভাই সারকাজম বুঝার মতো ঘিলু না থাকলে এভয়েড করো কুত্তার মতো ঘেউ ঘেউ করবা না,anger,4
তুই কী পাগল হয়ে গেছিস তুই না পদার্থ বিজ্ঞানের ছাত্র একজন বিজ্ঞানের ছাত্র হয়ে এতোটা মুর্খের মতো কথা বলছিস কী করে তুই,disgust,3
উপস্থাপিকা যে নুরুবিরোধী এটা তার কথায় স্পষ্টভাবেই প্রমাণিত,anger,4
ক্রিস্টিকে দেখে আমার আত্মায় পানি শুকিয়ে যাওয়ার অবস্থা ক্রিস্টিতো না যেন সাক্ষাৎ যমদূত,fear,5
টিটোয়েন্টিতে প্রথম জয় ভারতের মাটিতে ভারতকে প্রথমবারের মতো হারাতে সবচেয়ে বেশি অবদান যাঁর—মুশফিকুর রহিম কালকের জয় ও অনবদ্য অপরাজিত ৬০ রানের ইনিংসটা মুশফিক উৎসর্গ করেছেন তাঁর শিশুপুত্র মায়ানকে,surprise,2
বাংলাদেশের এমন হাল দেখে খারাপ লাগছেসবাই সুস্থ থাকুন ঘরে থাকুন,sadness,1
হায় হায় একা একা সে বনের ধারে চলে এসেছে কেন এত জোরে চিত্কার এমন গলা ফাটানো চিত্কার চিতা ভড়কে গেল আরে এ কী কুকুরটা এমন চিত্কার করছে কেন,surprise,2
আসলে এলাকার কুত্তা গুলা যা করে আর কিহোগার নিচে দিয়া রঙিন আকাশ দেহে তোবাইরের এলাকাত যাইয়া করুকহোগা  মাইরা ছাদে তুইলা দিবো,anger,4
সবাই এতো সুন্দর সুন্দর কমেন্ট করেছেন আমি কি বলবো বুঝতে পারছি না শুধু এইটুকু বলবো সুরজিৎ দার সব গানের মধ্যে এটা একটা অদ্ভুত সুন্দর গান,joy,0
ওর ঘরে গিয়ে দেখি ওর ঘাড়ের মাংস অধেক নেই আর মেঝেতে রক্ত পড়ে আছে শিবানি আর শিবানি নেই,fear,5
যদি মেরে ফেলবি ওদের তবে পালিস কেনো ওইসব কুত্তা আর চিড়িয়াখানার চাকরদের গুলি করে মারা উচিত,anger,4
শনিবার রাজধানীর বিভিন্ন বাজারে ভালো মানের প্রতি কেজি পেঁয়াজ সর্বোচ্চ ১৬০ টাকা কেজি বিক্রি হয়েছে এক সপ্তাহ আগেই বিক্রি হয়েছে ১২০ টাকা কেজি খুচরা ব্যবসায়ীরা বলছেন পাইকারি বাজারে দাম বাড়ার কারণে তারাও বেশি দামে বিক্রিতে বাধ্য হচ্ছেন,disgust,3
কোথাও কোনও জন মনিষ্যি নেইকোথাও একটা ডাহুক ডেকে উঠলো দাদুর গা টা একটু ছমছম করে উঠলো,fear,5
ভারত ও বাংলাদেশের মধ্যে গত ৫ অক্টোবর যে সাতটি সমঝোতা স্মারক এমওইউ সই হয়েছে তার অন্যতম হল যৌথভাবে একটি কোস্টাল সার্ভেল্যান্স বা উপকূলীয় নজরদারি ব্যবস্থা চালু করা জানা গেছে এমওইউ অনুযায়ী বাংলাদেশের উপকূলীয় অঞ্চলে ভারত ২০টি আধুনিক রাডার সিস্টেম বসাতে সাহায্য করবে বঙ্গোপসাগরীয় অঞ্চলে মেরিটাইম সিকিউরিটি বা সামুদ্রিক নিরাপত্তা নিশ্চিত করতে এই পদক্ষেপ কার্যকর হবে,surprise,2
ভাই আপনি কষ্ট করে আমার প্রথম ৩ টা পয়েন্টের জবাব দেন যদি আপনার কাছে প্রকৃত তথ্য থাকে আমি জানি না বলেই কিন্তু জানতে চেয়েছি বাকীগুলো ব্যবস্থাপনার দোষ সেগুলোকে ক্ষমাসুন্দর দৃষ্টিতে দেখার সুযোগ আছে কিন্তু প্রথম ৩ টার ক্ষেত্রে নাই,anger,4
হটাৎ সে দেখল যে সেইমেয়েদুটি তার দিকে দৌড়ে দৌড়ে আসছে তাদের মুখে এখনো রক্ত মাখা সে দৌড়াতে আর চিৎকার করতে থাকে কিন্তু সে কিছুক্ষন পরে অনুভব করে কে যেন তারপা আগলে ধরেছে,surprise,2
পাকিস্তানের পাঞ্জাব প্রদেশের ডেরা গাজি খান শহরের পরিত্যক্ত এলাকায় ঘেরা কম্পাউন্ডে দেশটি গোপনে পরমাণু অস্ত্র বানাচ্ছে বলে দাবি করেছে ভারতের গোয়েন্দারাসম্প্রতি উপগ্রহের পাঠানো ছবিও তারই প্রমাণ দিয়েছে বলে দাবি ভারতের তথ্যসূত্র বলছে গত ৯ মাসে ডেরা গাজি এলাকার ওই বিশাল কম্পাউন্ড অনেকটাই প্রশস্ত হয়েছে,fear,5
দুই বছর বয়সে গায়ের উপর দিয়ে মাকড়শা হেঁটে যাওয়ায় আমি যে ভয় পেয়েছিলাম,fear,5
বুঝলেন ভাই যে মেয়েকেই নক দিচ্ছি সেই মেয়েই রিপ্লাই দিচ্ছে৷ কিন্তু আমি জানি করোনা চলে গেলে ওরা ও চলে যাবে আমাকে ফেলে ,sadness,1
এই চ্যানেল টা চেতনা বিক্রি করে খায় এইটা নতুন কিছু না,anger,4
হঠাৎ গায়ের ওপর কারো গরম নিঃশ্বাস পড়ায় ঘুম ভেঙে গেলো তপু নিষ্পলক দৃষ্টিতে আমার ওপর ঝুকে আছে একদম ঠান্ডা সে চাহনি আমি ভয়ে পিছিয়ে গিয়ে বললাম তুই এসময় এখানে,fear,5
রাসূলুল্লাহ সাঃ বলেছেন যে ব্যক্তি আমার প্রতি একবার দুরূদ পাঠ করে আল্লাহ্ তাআলা তার প্রতি দশটি রাহমাত বর্ষণ করেন,joy,0
দেবী নামের একটি ছবি কিছু দিন আগে সবাই অনেক প্রশংসা করেছিলো আজকে এই দেবীর পুরো গল্প দেয়া হলোচিত্রগল্প পরিবার থেকে অনুপ ও শৈলীর জন্য থাকলো শুভ কামনা,joy,0
চ্যানেলগুলোর কোনো কাজ নেই খালি এই দুনিয়ার সব ফালতু মেয়েদের কে নিয়ে এই শালারা সব সময় বসে থাকে,anger,4
আমাদের দেশে অনেক জায়গায় ডাক্তাররা ভয়ে রোগী দেখা বন্ধই করে দিয়েছেন ভয় পেয়ে রোগীর কাছের আসছেন না অনেক ডাক্তার,fear,5
আর আমাদের দেশে আছে চোর বাটপার ফাপর বাজ আর তেল মারার যোগ্য লোক,disgust,3
যেগাধাটার হাত ধরে তুমি আমাকে ছেড়ে গেলেসে নাকি এখনো তোমার একটি ভয়ংকর তিলেরই খবর পায় নি,surprise,2
এই লোকটা না জানি এমন কত স্টুডেন্টের কাছ থেকে টাকা মেরে দিয়েছে টিউশনের নামে  আমি অনুরোধ করবো আমার কোন চুয়েটিয়ান ভাইবোন যেন তার কাছ থেকে টিউশন না নেয় ,anger,4
ভারতে ৮৩ টা মৃতদেহের ওপর বাজি পোড়ানোর উৎসব হলো  সাবাশ ইন্ডিয়া সাবাশ  নিজেদের মানুষ বলতে লজ্জা করছেনা,disgust,3
বাঙালী বাংলা ভুলে যাচ্ছে এমন সুন্দর বাংলা অনেক কুলাংগার বাঙালী বলতে পারেনা 😡,anger,4
কোন ভ্রমণ নথির মাধ্যমে বিশ্বের সবচেয়ে বেশিসংখ্যক দরজা খোলা যায় উত্তর—জাপানের পাসপোর্ট সম্প্রতি প্রকাশিত হেনলি পাসপোর্ট ইনডেক্সে জাপানের পাসপোর্টকেই বিশ্বের সবচেয়ে শক্তিশালী পাসপোর্ট বলে উল্লেখ করা হয়েছে,surprise,2
সিরিয়ান সেই শিশুটি কেঁদে কেঁদে বলেছিলো আমি আল্লাহকে সব বলে দিব,sadness,1
দিনাজপুর হাজী মোহাম্মদ দানেশ বিজ্ঞান ও প্রযুক্তি বিশ্ববিদ্যালয়ে শিক্ষার্থীকে যৌন নির্যাতনের ঘটনায় অভিযুক্ত শিক্ষক রমজান আলীকে স্থায়ীভাবে চাকরিচ্যুত করার সিদ্ধান্ত হয়েছে,anger,4
ম্যানচেস্টার ইউনাইটেড ৮০ মিলিয়ন পাউন্ড খরচায় লেসটার সিটি সেন্টারব্যাক হ্যারি ম্যাগওয়াইয়ার কে দলে ভিড়িয়েছে এর ফলে ভার্জিল ফন ডাইককে সরিয়ে বিশ্বের সবচেয়ে দামি ডিফেন্ডারে পরিণত হয়েছেন ইংলিশ এই সেন্টারব্যাক গত গ্রীষ্মে রাশিয়া বিশ্বকাপের পর থেকেই মূলত হ্যারির ওপর নজর ছিল ম্যানইউর,joy,0
জাকিয়ার কথায় চিন্তায় পড়ে গেলাম এই সময় এখন টাকা পাবো কোথায়,fear,5
দ্বিজেন্দ্রলাল সেই অবসরে হারমোনিয়াম নিয়ে বসলো এবং চাবি টিপতে লাগলো কিছুক্ষণ পরে কার্তিক চন্দ্র ফিরে এসে শিশু পুত্রের কান্ড দেখে অবাক  ছেলে তার গাওয়া কঠিন গানটি ঠিক ভাবে শুরু করে গাইছে,surprise,2
এই ভিডিও টা আমি দুপুর থেকে মিনিমাম  বার দেখছি আর হাসছি Ehtesham Panthoতুই একটা মাল  দিনটা ভালো করে দেয়ার জন্য Ahsanul Dipto কে ধন্যবাদ,joy,0
উনি বিরক্ত বোধ করলেনতারপর আবার বললেন এটাই যদি আপনার একমাত্র জরুরী কথা হয়ে থাকেতবে আমি রাত্রে আপনার এখানে থাকার কোন প্রয়োজন দেখছি না,disgust,3
অজপাড়া গাঁয়ের একটা মেয়ে ইহুদি নাসারাদের দেশে এসে রাত এগারোটা বাজে হেঁটে হেঁটে ঘরে ফিরার সাহস পায় আর নব্বই ভাগ মুসলমানের স্বাধীন দেশে একটি মেয়ে গণপিটুনিতে মার খেয়ে মারা যায় কেউ ধর্ষিতা হয়,disgust,3
চীনারা কি মানুষের মধ্যে পড়ে আমার তো মনে হয় না জানোয়ার ও না কারন বিভিন্ন প্রানীর বিভিন্ন রকম খাবারের অভ্যাসআর ঐ মানুষ রুপি এলিয়ন সব খায় আর ভাইরাসে আক্রান্ত হয় সাথে সারা বিশ্ব ঐ শয়তানদের জন্য মরছেওদের উপর কেস করা উচিত,anger,4
এই পাগলি জলজ হিসেবে জলের গানের এমন সিনাটোগ্রাফিক কাজ দেখে পাগলের মত অনূভুতি হচ্ছে,joy,0
কান্নার জল সবাই দেখে হৃদয়ের কষ্ট কেউ দেখেনা পাওয়ার আনন্দ কিছু দিন থাকেকিন্তু না পাওয়ার বেদনা সারাজীবন এ ও ভুলা যায়না,sadness,1
বাংলাদেশ ব্যাংকের নিয়ম অনুযায়ী বাংলাদেশের যেকোনো নাগরিক ট্রাভেল কোটার আওতায় এক বছরে ১২ হাজার ডলার পর্যন্ত খরচ করতে পারে এ জন্য পাসপোর্টে প্রয়োজনীয় ঘোষণা দিতে হয় এর ফলে বিদেশে যাতায়াতকারী বাংলাদেশিদের ডলার খরচ এখন আগের চেয়ে সহজ হলো,joy,0
দীর্ঘদিন ধরে পাপিয়া ও সুমন দম্পতি অস্ত্র মাদক চোরাচালান জাল নোটের কারবার চাঁদাবাজি তদবিরবাণিজ্য জায়গাজমি দখলবেদখল ও অনৈতিক বাণিজ্যের মাধ্যমে অর্থবিত্তের মালিক হন,disgust,3
কাপ নেয়ার পর কী করলো দেখেছেন শামীমের হাতে কাপটা দিয়ে দিলো অথচ সেই ক্যাপ্টেন কোনোরকম ফালাফালি নাই পুরাই ক্যাপ্টেন কুল,joy,0
মেয়েটার আগে বিয়ে হইছিলো বিয়ের পর বয়ফ্রেন্ড এর সাথে চলে যায়সেই বয়ফ্রেন্ডকে এক্স হাসবেন্ড কুপাইছে কিন্তু মিডিয়া পুরাটা কেন দিচ্ছেনা  পুরোটা দিলে দেশে পরকীয়া করার আগে একবার হলেও তো ভাবতো,anger,4
আমি বৃষ্টিতে হাঁটি যাতে কেউ আমার অশ্রু দেখতে না পারে,sadness,1
ওয়াও ভাইআমি এইটা নিয়ে ভাবছিলামযাক শেষ পর্যন্ত আপনি ভিডিও করলেনসেদিন বাণিজ্য মেলায় খেলামনরমাল একটা ১৫ টাকার নান ৬০ টাকা রাখছেপুরাই ডাকাতি,surprise,2
এই লাশটার ক্ষেত্রে তার এমন কোন অনূভুতি কাজ করলো নাবরং ভয় পেয়েছে সে,fear,5
হ্যাঁ এই দিনটা স্পেশাল আমার জন্যআজকে মনে হয় সেটা আরো বিশদভাবে অনুধাবন করতে পারছি হ্যাঁ আমি অনেক ভাগ্যবান যার এমন একটা কেয়ারিং ফ্যামিলি আছে,joy,0
যেই খাঁচাতে থাইকা শিখলি প্রেমের মানেটা সেই খাঁচাটা ছাইড়া যাইতেও কষ্ট পাইলি না,sadness,1
তাই করার পর মহিলা চলন্ত ট্রেন থেকে লাফিয়ে পড়ে এই সব দেখে মাসিমা এত ভয় পেয়েছিল যে মাসিমা পরবর্তী স্টেশনে এসেছিল এবং সেখানে যারা পুলিশ ছিল তাদের সবকিছু বলে,fear,5
১২ বছর পুর্তি উপলক্ষে আপুর একটাই চাওয়া ছিলো ভাইয়ার থেকে তা হলো একসাথে কিছু ছবি এবং একটি ছোট ভিডিও একদিন অফিসে ভাইয়া আপুর সাথে বসা হলো কি ভাবে কি করা যায় উনাদের গান আগেই একটি পছন্দ ছিলো সেই গান দিয়েই ভিডিও এর ইচ্ছে আমার মনে হচ্ছিলো এতে করে ত কেমন কেমন মিউজিক ভিডিও হয়ে যাবে কি করে একটু আলাদা করা যায় গল্পে গল্পে জানা গেলো আপু আর ভাইয়ার চিঠি আদান প্রদান এর গল্প যা এই যুগের জুটিদের কাছে একটু দুর্লভ ব্যাপার ফট করে মাথায় আসলো আচ্ছা ১২ বছর উপলক্ষে এক অন্য কে চিঠি লিখলে কেমন হয় যে চিঠি তে থাকবে তাদের অনুভূতি চাওয়া পাওয়া বা যা লিখতে মনে চায় আপু রাজি হলেও ভাইয়া একটু নিমরাজি ছিলো যদিও পরে আমাদের এবং আপুর চাপাচাপি তে পরে চিঠি লিখতে রাজি হয় মজার বিষয় ছিলো চিঠি একে অন্য কে দেয়া যাবে না আগেই শুটের ফাঁকে একটা বাসার বারান্দায় একে অন্য কে মুখোমুখি বসিয়ে দেয়া হলো এবার বলা হলো একে অন্য কে চিঠি পরে শুনান আমারও তন্ময় উনাদের গল্প শুনলাম চিঠি পরার শুট একবারে নেয়া হয়েছে ছবি তোলা বা ভিডিও এর জন্য কোন রিপিট বা রিশুট করা হয় নি যাতে তাদের আবেগে কোন কৃতিমতা না আসে সেই চিঠি পাঠের কিছু অংশ এবং তাদের কিছু আনন্দের মুহুর্ত নিয়ে এই ১২ বছরের গল্পতাদের এই পথচলা আর বহুযুগ ধরে এগিয়ে চলুক এই কামনায়,joy,0
হাম্বালীগেরে জুতাদিয়ে পিঠাইলেও তাদের লজ্জা হবেনা তারপরেও তারা হাসবে,disgust,3
কোয়েনাসের জবাবের পর মাঠ থেকে সমস্বরে হর্ষধ্বনি ভেসে আসলো সৈন্যরা জানান দিল তারা যা বলতে ভয় পাচ্ছিলো কোয়েনাস ঠিক সেগুলোই বলেছেন,joy,0
চোখের পানিই হল সব থেকে মূল্যবান পানি কারন কি জানেন পৃথিবীতে অনেক রকমের পানি থাকলেও একমাত্র চোখের পানিই বুঝাতে পারে কাউকে হারানোর কষ্ট,sadness,1
এগুলো মানুষ নামের জানোয়ারএগুলো যতদিন থাকবে বাংলাদেশ কখনও সভ্য হবেনাএগুলোকে সরাসরি ক্রসফায়ারে দিয়ে দিন,anger,4
দিকে তার সেনারাও যারা এই গর্ডিয়ান নটের প্রবাদে বিশ্বাস করতো তারাও বিশ্বাস করা শুরু করলো আলেকজান্ডারের সাথে থাকলে তাদের সাফল্য অবধারিত পুরো বাহিনীর আত্মবিশ্বাস বেড়ে গেল কয়েকগুণ,joy,0
আমার বন্ধু যখন বউ লইয়া আমার চোখের সামনে দিয়া হাইট্টা যায়ফাইট্টা যায় ছিড়া যায় জোড়া লাগানোর কোনো কদরুত নাই,sadness,1
শেয়ারবাজারে সূচকের বড় উত্থানে লেনদেন শেষ হয়েছে আজ বৃহস্পতিবার সপ্তাহের শেষ কার্যদিবসে দেশের প্রধান শেয়ারবাজার ঢাকা স্টক এক্সচেঞ্জের ডিএসই প্রধান সূচক ডিএসইএক্স বেড়েছে ৮১ পয়েন্ট বা ২ শতাংশ অবস্থান করছে ৪ হাজার ১৪৯ পয়েন্টে,joy,0
৪০তম ওভারের খেলা শেষ হবার পরে আকবর আর রাকিবুলের উদ্দেশ্যে এক সাদা চামড়ার ভদ্রলোক ভাঙা বাংলায় চিৎকার করে উঠলেন শেষ কোড়ে আশো,joy,0
কলিজায় জায়গা দেওয়া মানুষগুলোই একসময় কলিজায় আঘাত করে চলে যায় এটাই বুঝি বাস্তবতা,sadness,1
সত্যি একজন ভালো মানুষ,joy,0
দশ বছরের সয়ে যাওয়া সময় আর ক্ষয়ে যাওয়া অনুভূতিরা আজও অবহেলায় বাঁচে,sadness,1
দেখুন আমাদের প্রগতিশীল স্কুল সিস্টেম আমরা কাউকে পিছনে ফেলে রাখতে চাইনা ,anger,4
এরকম রাস্তাঘাটে কুকুর দেখলে অনেকেই ভয় পায় কারণ এগুলো রাস্তার কুকুর কোন পালা কুকুর নয়,fear,5
পেছনে তাকিয়ে দেখলাম সেই কফিশপের ছাদের সাথে একটা কাটা মাথা ঝুলে আছে একটা মেয়ের মাথা যে মাথার চুলগুলো বাতাসে বারবার আমার ঘাঁড়ের সাথে স্পর্শ করছিলো,fear,5
অনেকেই বিরুপ মন্তব্য করছেন অনেকে উনার এই প্রচারণা নিয়ে নেতিবাচক কথা বলছেন আপনাদের এত সমস্যা তাহলে আপনারা নিজেরা কিছু করে দেখান ঘরে বসে বড় বড় ডায়ালগ না দিয়ে কিছু করে দেখান  ভালো কাজের উৎসাহ না দিয়ে ব্যঙ্গ করা আমাদের রক্তে মিশে গেছে,disgust,3
কিশোর দাস এখন তিনি আছেন চট্টগ্রামের সীতাকুণ্ডে নিজ বাড়িতে সঙ্গে আছেন নববধূ স্নিগ্ধা দাস গতকাল বৃহস্পতিবার রাতে রাজধানীর লেডিজ ক্লাবে তাঁদের বিয়ের আনুষ্ঠানিকতা সম্পন্ন হয় স্নিগ্ধা দাস কিশোরগঞ্জের মেয়ে অ্যাকাউন্টিংয়ে মাস্টার্স করেছেন,joy,0
হালারপুত কুত্তার বাচ্চা তামিম ইকবাল হেতে কোন বালের প্লেয়ার যেন হেতের বিকল্প প্লেয়ার নাই গত এক বছরের ডটবাবা তামিম ইকবালের প্যারফরমেন্স দেখেন শালারপুত মাগির পোলা গত ১৫ বছর ধরে খেলে কি শিখেছে কোহলিবাবরস্মিথ লাবুশানেদের হাগু খাওয়ানো উচিত মাগির পোলাকে 😡,anger,4
যথারীতি আমার ঘুম ভেঙ্গেছে ঘড়ি দেখলাম ৪টা ৩মিনিট আমি অবাক না হয়ে পারলাম না প্রতিদিনই আমার এমন হচ্ছে কিন্তু আজকে যা দেখালাম তা অদ্ভুত,surprise,2
মুজিব বর্ষের কারনে বাংলাদেশে গজব বর্ষ শুরু হয়েছে যদি দেশবাসীর বাঁচতে হয় এখনই আওয়ামী লীগ পিটিয়ে দেশছাড়া করতে হবে ওরা দেশের গজব,anger,4
আসলে মানুষ এখন ঘরে বসে ইউটিউবে ছবি দেখেআর এখন সময় এর মূল্য দেয় মানুষ ৩ঘন্টা ছবি দেখার মত সময় কারো নেইছবি যত ভালই হোক,disgust,3
আজ এই সব মেয়েদের জন্য পৃথিবীতে আল্লাহর গজব করোনা ভাইরাস একদম বাজে ভঙ্গি,anger,4
হতে পারে দেখেন কোন জোর করে কিছু করানোর চেস্টা করছে নাকি দুজোনের আচরণ সুবিধা জনক মনে হয় না,fear,5
তখন ভাবতাম আজ নেভালবিচ যেতে পারছিনা কি হলো হয়ত একদিন অনেক ঘুরবআর এখন স্বেচ্ছায় ট্যুর ক্যান্সেল করা হয়,sadness,1
আজ রাতে আমি আপনি ভালো মন্দ খাবো কোন এক বস্তিতে কোন এক রিকশাওয়ালার সন্তান বাবার দিকে তাকিয়ে বলবে আব্বা খিদা লাগসে ঐ লোকটা কিচ্ছু বলতে পারবে না শুধু লুকায়ে চোখের পানি ফেলবে,sadness,1
বাংলাদেশ প্রকৌশল বিশ্ববিদ্যালয়ের বুয়েট ছাত্র আবরার ফাহাদ হত্যার ঘটনায় ২৫ জনকে আসামি করে অভিযোগপত্র চার্জশিট দিচ্ছে পুলিশ আসামি ২৫ জনের মধ্যে ২১ জনকে গ্রেপ্তার করা হয়েছে বলে জানিয়েছে মহানগর পুলিশের গোয়েন্দা শাখা ডিবি,joy,0
ফাহমির মনে হয় চুল কাঁটার টাকা নাই আর থাকবেই কেমনে মিথিলা কে নিয়ে রুমে জাওয়া লাগে না ,disgust,3
তখন ফেমিনিস্টদের যে লাফালাফি হইছিলজনির জন্য দুঃখ লাগেবেচারার একাডেমি আর পাওয়া হলো না,sadness,1
ডন সামদানি ফেরদৌস মৌসুমি ওনারা তো অন্যান্য প্রোগ্রামে ভাল ই করে এখানে এরকম করলো কেন বুঝতেছিনা চ্যাম্পিয়ন হওয়া মেয়েটা যোগ্য ই বলা যায় সে চট্রগ্রাম বিশ্ববিদ্যালয়ের ,surprise,2
সমাজের ছোট ছোট ধাপে নারীদের যে কিভাবে বঞ্চিত করা হয় সেটা কে দেখবে দেখে সবাই কিন্তু কেউ কিছু বলে না ঘুমন্ত মানুষকে জাগানো যায় কিন্তু যারা জেগে জেগে ঘুমায় তাদের কখনোই জাগানো যাবে না নারীদের প্রতি অবহেলা হয়তবা কোনদিনই দুর হবে না,sadness,1
তারপর প্রবল বন্যার পানি তৈরি করলাম এবং ফসলি জমিগুলো পরিবর্তন করে দিলাম অকৃতজ্ঞ অহংকারী ছাড়া এমন শাস্তি আমি কাউকে দিই না ,disgust,3
রাগ যখন মাত্রা ছাড়িয়ে যায় তখন সেটা ক্ষতির কারণ হয়ে দাঁড়ায় রাগান্বিত মানুষ বেসামাল হয়ে যায় তখন অন্যের ওপর অবলীলায় অত্যাচার করে,anger,4
চট্টগ্রামের আগ্রাবাদে সেনাকল্যাণ সংস্থার ২০তলা ভবনে যাত্রা শুরু করেছে আন্তর্জাতিক ব্র্যান্ডের হোটেল বেস্ট ওয়েস্টার্ন আজ সোমবার দুপুরে লোগো উন্মোচন করে চার তারকা মানের হোটেলটির কার্যক্রম চালু করা হয়,joy,0
উহান শহরের ভাইরাস উপদ্রব এলাকায় ডিউটিরত এক ট্রাফিক পুলিশকে খাবার দেয়া হল ড্রোনের সাহায্যে ড্রোন আকাশ থেকে নেমে খাবারের প্যাকেট রেখেই ফিরতি উড়াল দিল তার কাছে সশরীরে খাবার নিয়ে যাওয়ার মত কেউ নেই বস সহকর্মী সহচর বা অনুচর কেউ দেখা করছে না,sadness,1
অসাধারন কত দরদ দিয়ে এই গান মন ভরে গেলো,joy,0
কোনো সিনেমাটোগ্রাফি এত্ত সুন্দর ও হতে পারে জানা ছিল না মনে হচ্ছিল কোনো বই পড়ছি ,joy,0
ইংরেজির কাছে বাংলাদেশের সুপারস্টার শাকিব খানের এমন অসহায় আত্মসমার্পণের ভিডিও সামাজিক যোগাযোগমাধ্যমে ছড়িয়ে পড়েছে সেই ভিডিও তারা শেয়ার করে বলছেন শাকিব খান বাংলাদেশকে লজ্জায় ফেলে দিয়েছে চলচ্চিত্রের বিভিন্ন গ্রুপগুলোতে কেউ কেউ তাকে কাঠগড়ায় দাঁড় করাচ্ছেনতবে এর বিপরীত চিত্রও আছে অনেক শাকিবভক্তরা মনে করছেন আবুধাবিতে টি টেন লীগের উদ্বোধনীতে শাকিব খানের অংশগ্রহণ বাংলাদেশের জন্য গর্বের,disgust,3
এভাবে মহাভারত লিখতে সময় লেগে যায় তিন বছর আর এরই মাঝে গণেশ নিজের দুটো দাঁতের একটি হারান,sadness,1
জীবাণু যাতে না ছড়ায় সে কারণেই করমর্দন করবেন না রুটরা আমরা একে অন্যের সঙ্গে করমর্দন করছি না ওটা না করে আমরা ফিস্ট বাম্প করব আমরা নিয়মিত আমাদের হাত ধুচ্ছি আমাদের ঘরের মেঝে অ্যান্টিব্যাকটেরিয়াল কাপড় দিয়ে পরিষ্কার করছি,surprise,2
নবনির্মিত পায়রা কয়লাভিত্তিক বিদ্যুৎকেন্দ্রের প্রথম ইউনিট ৬৬০ মেগাওয়াট গতকাল রোববার উৎপাদনে গেছে উৎপাদিত বিদ্যুৎ পরিবহনে ব্যবহার করা হচ্ছে সম্প্রতি তৈরি হওয়া পায়রাগোপালগঞ্জ ৪০০ কেভির ১৪৭ কিলোমিটার সঞ্চালন লাইন,joy,0
প্রতিবছর একটি নির্দিষ্ট সময়ে এখানে ঝাঁকে ঝাঁকে পাখি আসে কিন্তু খাবারের সন্ধানে কিংবা বাসা তৈরীর জন্য নয় তারা এখানে আসে আত্মহত্যা করতে,surprise,2
গান তুলতে বসলাম জানালা দিয়া বৃষ্টির ছাট আসতেছে পয়লা বার বাজাইতে গিয়াই বিকট শব্দে বাজ পড়লো,surprise,2
আবার উঠে দাড়ালাম যখন যাত্রী আমার হাতে ১ টাকার একটা কয়েন দিচ্ছিল তখন চোখ দিয়ে কেন যেন কান্না চলে আসলো ঘন্টা খানেক পর হাঠুর ব্যথা আরো তিব্র হতে লাগলো,sadness,1
দিনের শুরুতে বুক ভরা ভালবাসা নিও অন্তরের অনন্ত প্রেম নিও মনের মায়া নিও বিনিময়ে তোমার এই পাগল টাকে সারাদিন একটু ভালবাসা দিও,joy,0
আবির বেশ অবাক হয়ে গিয়েছিলো আজকে দিনে তার স্ত্রী মারা গেলো আর রাতের বেলাতেই সে সেটা ভুলে অফিসে যেতে চাচ্ছে,surprise,2
সময় বদলে যায় জীবনের সঙ্গে জীবন বদলে যায় সম্পর্কের সাথে সময় বদলায় না আপনজনের সঙ্গে শুধু আপনজন বদলে যায় সময়ের সঙ্গে,sadness,1
প্লাস্টিক ব্যবহারের বিরুদ্ধে চীনের এই উদ্যোগ এবারই প্রথম নয় ২০০৮ সালে খুচরা বিক্রেতাদের বিনা মূল্যে প্লাস্টিক সরবরাহ বন্ধ করেছিল চীন সরকার ২০১৭ সালে প্লাস্টিক বর্জ্য আমদানিকারক অন্যতম বড় দেশ চীন বিদেশি প্লাস্টিক বর্জ্যের আমদানি নিষিদ্ধ ঘোষণা করেছিল,joy,0
ভাই অামার চোখে জল এসে পড়েছেহয়তো অামার সাথে মিল রয়েছে,sadness,1
আপনাদের সমস্যা কিআপনার এগুলো পোস্ট করে তাকে ভাইরাল করেছেসে শেখ হাসিনা প্রিয় হওয়ার জন্য এগুলো বলে,anger,4
পিরোজপুরের মঠবাড়িয়া উপজেলায় প্রাথমিক শিক্ষা সমাপনী পিইসি পরীক্ষায় অংশ না নিয়েও পাস করেছে এক ছাত্রী সে জিপিএ–৪৬৭ পেয়েছে তবে পরীক্ষায় অংশ নেওয়া আরেক ছাত্রকে অনুপস্থিত দেখানো হয়েছে,surprise,2
আমি সবসময় নিজেক সুখী ভাবি কারণ আমি কখনো কারো কাছে কিছু প্রত্যাশা করি না কারো কাছে কিছু প্রত্যাশা করাটা সবসময়ই দুঃখের কারণ হয়ে দাঁড়ায়,sadness,1
বাইট্টা একটা মানুষ স্যারদের উপর নিজের ক্ষমতা দেখাতে যায় এইসব আদোচাকে প্রথম দিনই পাছায় লাত্থি দিয়ে বের করে দিলে IIUC এর এই অবস্থা হয় না,anger,4
নিত্যপ্রয়োজনীয় জিনিসগুলো নিয়ে একটু দুশ্চিন্তার কথাও বললেন এই অভিনেতা এই মুহূর্তে দেশের বাইরে যাওয়া নিয়েও সতর্ক অবস্থানে আছেন আফরান নিশো,fear,5
তার গা জ্বালানো হাসি দেখে তোমার ভেতরটা জ্বলে গেলো ইচ্ছে করলো তার ঘাড়টা ধরে রাস্তায় ট্রাকের নিচে ফেলে দাও তুমি এতোই যুদ্ধংদেহী,anger,4
ঢাকার চার ও পাঁচ তারকা মানের পাঁচটি হোটেলের বিভিন্ন পর্যায়ের কর্মকর্তার সঙ্গে কথা বলে জানা গেছে এর মধ্যে হোটেল ব্যবসা ৬৫ থেকে ৭০ শতাংশ কমে গেছে তাতে বড় ধরনের ক্ষতির আশঙ্কা করছেন হোটেলের মালিক ও কর্মকর্তাকর্মচারীরা,fear,5
সর্দি কাশি জ্বর ও শ্বাসকষ্ট রোগীদের বিশেষ কক্ষের নার্স ইলা সিকদার বলেন প্রেসক্রিপশন দেওয়া আমাদের দায়িত্বের মধ্যে পড়ে না পরে রোগীর সমস্যা হলে এর দায়দায়িত্ব কে নেবে,anger,4
এখানে বিকেল ফুরোয় নাসন্ধ্যা যায় না হুহু বাতাস বয় ভিতরেকেউ আমারে চিনেনা আমি কাউরে চিনিনাআমার যে বিষাদ লাগে খুব ,sadness,1
হাসিনাকে বলবো তোর এখন ক্ষমতা ছেড়ে দেওয়াটাই উচিৎ অনেক নির্লজ্জর পরিচয় দিয়েছিস এইবার একটু লজ্জা কর,disgust,3
তেলাপোকার কথা বলতে না বলতে চলে এলো আর আমি ভয় পেলাম,fear,5
শুধু জরিমানা করে কি লাভ ওদের হাতের একটি করে অংগ কেটে নেওয়া হোক তাহলে ওরা তার কেটে নেওয়া অংগের তাকালে বুঝতে পারবে,anger,4
উনি  খারপ  বুজলাম  উনি  জগন্ন  ঠিক  আছে  বাট  সবাই   যেভাবে  ট্রল করতেসে  এটা  কোন  ধরণের  সভ্যতা আপনারাও  উনার  মতো ,disgust,3
মোবাইল দিয়ে করা ভিডিও এত লো বাজেটের কেন যেখানে তাহসান বালাম রা আছে ,disgust,3
একটু আগে দেখা রিক্সা ওয়ালার ভুতুড়ে হাতটিই আবার সামনে হাজির হয়এবার হাতের মালিক টহল পুলিশএরপর আর নিজেকে ধরে রাখা সম্ভভ হয়না মামুনের পক্ষে অমানুষিক আতঙ্কে ছুটতে থাকে,fear,5
যত বারই শুনিনা কেন প্রাণো নাহি ভরে  সুরজিতের ভার্সনটা আমার কাছে বেস্ট লাগে ,joy,0
দক্ষিণ আফ্রিকার কেপটাউনে পানি নেই ভারতের অনেক শহরেও পানির তীব্র অভাব আমরাও ঠিক এই পরিণতির দিকে এগিয়ে যাচ্ছি পানি থাকবে না ছায়া থাকবে না সবুজ থাকবে না,sadness,1
ওর এমন অনায্য দাবী শুনে আমি যেন আকাশ থেকে পড়লাম সাথে সাথে তির্ব প্রতিবাদ করে বললাম এটা তোর খুব বাড়াবাড়ি হয়ে যাচ্ছে,anger,4
বেশির ভাগ টিনএজারদের মধ্যেই থাকে অন্ধকারভীতির প্রবণতা এমনকী জ্বরেও আক্রান্ত হয়ে পড়েন     ,fear,5
এরপর আমি যা দেখি তা বলে বুঝাতে পারবো না আমি দেখি কুয়োর ভিতরে কেউ নেই আর আমি কুয়োর একদম ধার ঘেসে দাঁড়িয়ে আছি আর এক ইঞ্চি সরলে মৃত্যু অবধারিত,fear,5
উনি একজন মেডিসিন কোম্পানির বলার পরেও ব্যাপক পিটিয়েছেন এটা পরিষ্কার অন্যায় আর হ্যা দালালি করতে এসো না,disgust,3
কোনদিন সালা গাঁজার সিগারেটে e আগুন ধরাতে গিয়ে সালা টা নিজের  চুলে আগুন লাগিয়ে দেবে বোধ হই জন্তু টা কে সামনে পেলে এক গ্লাস জলে ভিতর ডুবিয়ে মরতাম ,anger,4
রাত একটা আমি বেলকোনি তে  হেড ফোন সাথে এই গান  হাল্কা সাউন্ড  হাত এ বেন্সন,joy,0
নতুন করোনাভাইরাস নিয়ে বিশ্বের অন্যান্য দেশের মতো বাংলাদেশের নাগরিকেরাও উদ্বিগ্ন সরকারের দুই কন্ট্রোল রুম থেকে দুই রকম তথ্য পাওয়ার পর এখন প্রশ্ন উঠেছে বিমান স্থল ও নৌবন্দরে বিদেশ থেকে আসা সব যাত্রীর স্বাস্থ্য পরীক্ষা ঠিকমতো হচ্ছে তো,disgust,3
শপিং করার টাকা আসে  বাড়ি ভাড়া দেওয়ার টাকা নাই  ভাড়ার টাকা চাইলেই কইবো  বাজার করতে পারি না ভাই,disgust,3
বালামের কণ্ঠে জাদু আছে আমি এই গানটা কাজ করার সাথে সাথে শুনতে থাকি এই গানটা loop এ দিয়েই আমি শুনি অদ্ভুত এক কষ্ট আছে এই গানে যতোবার শুনি আরও শুনতে ইচ্ছা করে এই গানটাতে কোনো সীমা নেই ভালো লাগার,surprise,2
আর সব থেকে আশ্চর্য যখন ব্যাপার যে সে যেনো হাওয়াতে ভেসে ভেসে এগুচ্ছে মাটিতে তার পা নেই আর পা দুটো উলটো দিকে ঘুরানো,surprise,2
সাহিত্যের সাথে টাকা পয়সার নাগপাশ লেনদেন হয় এ আমার জানা ছিলো না তাই বলে প্রকাশকদের টাকার প্রয়োজন তা আমি বলতে চাচ্ছি নাকি রেখে যাচ্ছেন ভবিষ্যৎ প্রজন্মের জন্য কি ছাপাচ্ছেন তা কি পড়ে দেখার ও প্রয়োজন বোধ করছেন না,sadness,1
জাতিগতভাবে আমাদের যে চোর বা পকেটমার পিটায়ে মাইরা ফেলার সংস্কৃতি একজন নারী অপরাধীরে উনার অপরাধের শাস্তি পাওয়ার পরেও ধর্ষণের আমাদের যেই আকাংক্ষা উনারে সম্মিলিতভাবে বেশ্যা বানানোর যেই প্রকল্প তা থিকা আপনারা দয়া কইরা বাইর হইয়া সুস্থ হন দয়া কইরা সুস্থ হন দয়া কইরা সুস্থ হন,disgust,3
আমার স্বপ্নগুলোতে দেয়ালে জমে থাকা শেওলার মত শেওলা পরে গেছে,sadness,1
ভালোবাসাযুক্ত ভালোবাসা নিবেন ভাই এক্সাম দিয়ে এসে মন খারাপ ছিল এই ভিডিও দেখে অনেকটা খুশি হয়ে গেলাম ধন্যবাদ রাকিব ভাই 😍😍,joy,0
তাই বলছি ভিডিও বানানোর উদ্দেশ্য যদি লাইক কমেন্ট বা জনপ্রিয় হওয়ার উদ্দেশ্য হয় তাহলে এর চেয়ে খারাপ ও আপনার দ্বারা  আর কিছু হয়নাইসলাম নিয়ে কখনো ব্যবসা চলেনা,disgust,3
মনে রেখেন যে মমতার হাত আপনার কপাল ছোঁয় সেই মুহূর্তে তার সন্তানের কপাল হাহাকার করে পরিবারের অন্যরা বঞ্চিত হয়৷,sadness,1
হাতের ডান পাশে সিঁড়ির শেষ মাথার ছাদের দেয়াল ঘেষে কে যেনো বসে আছে  ভয়ে আমার বুক তখন হাপারের মতো উঠা নামা করছে ,fear,5
জীবনে কোনো দিন ভূতের সিনেমা দেখে দুঃস্বপ্ন আসেনি আর এটা দেখার পর সত্যিই আমার খুব খারাপ দুঃস্বপ্ন এসেছিল এইসব আবার কেমন প্রাণী 😨আমার বায়োলজি পড়া বৃথা 😭,disgust,3
দরজার কাছে আসা মাত্রই কান্নার আওয়াজ বন্ধ হয়ে গেল  দরজার পর্দা সরিয়ে ডিমলাইটের আলোতে সোফার দিকে তাকিয়েই বুকটা কেঁপে উঠল  ওখানে কালো একটা মেয়ের অবয়ব বসে আছে ,fear,5
আমার শোকে কাদঁছে আর দীপু আমি হাত বাড়ালাম কিন্তু কাউকে ছুতে পেলামনা দুর বহুদুরে চলে যাচ্ছি যেখান থেকে আর কোনোদিন ওদের দেখা হবেনা,sadness,1
শুভ বিবাহ বার্ষিকী সাকিব ভাই ও ঐশী আপু  চিত্রগল্পের পক্ষ থেকে অনেক অনেক শুভেচ্ছা ,joy,0
মোঘল নিয়ে সিরিজের বাকি লেখা আসে না কেন  ইহুদি ধর্ম নিয়ে সিরিজ শুরু করেও আর কোন খবর নাই এখন এই সিরিজ শুরু করে আবার মাঝপথে থামায়ে দেবেন  অতীত ইতিহাস তাই বলে ,disgust,3
পারস্যের প্রান্তীয় অঞ্চলের রাজারাও একটু অবাধ্য যদি তারা খবর পায় বাইরে থাকা আসা কেউ পারস্যের উপর হামলা চালিয়েছে তাহলে তারাও বিদ্রোহ করে বসবে,anger,4
২০১৮ সালের জন্য প্রধানমন্ত্রী শেখ হাসিনার কাছ থেকে আজীবন সম্মাননা গ্রহণ করেন অভিনেতা আলমগীর তাঁর পাশে ২০১৮ সালে শ্রেষ্ঠ সুরকারের পুরস্কার পাওয়া কণ্ঠশিল্পী রুনা লায়লা,joy,0
অনেক আগ্রহ নিয়ে গ্লাসে চুমুক দিয়ে দেখো শরবতের স্বাদ একদমই ভালো নয় মেজাজটা তো রগচটা হয়ে গেলো দুজনের,anger,4
আরেকটি অবাক করা বিষয় হলো ছেলেরা বন্ধুর পরই মায়ের সঙ্গে সমস্যা নিয়ে আলোচনা করেন যার হার প্রায় ৫২ শতাংশ তাই নারীর সঙ্গে সমস্যা নিয়ে কথা বলাই আসলে বিড়ম্বনা এই ধারণা আসলে ভুল অর্থাৎ সমস্যা নিয়ে আলোচনার ক্ষেত্রে মা গ্রহণযোগ্যতা পেলেও গ্রহণযোগ্যতা পাচ্ছেন না স্ত্রী,surprise,2
সেই দরজায় উঁকি দিয়ে আমি ভেতরে অদ্ভুত এক মোহনীয় বাগিচা দেখতে শুরু করি ঘণ্টার পর ঘণ্টা আমি তার কথার জাদুতে বুঁদ হয়ে থাকতাম,joy,0
বিপন্ন প্রাণীর তালিকায় অন্তর্ভুক্ত গাঙ্গেয় ডলফিন গাজীপুরের শ্রীপুরের নান্দিয়া সাঙ্গুন এলাকায় সুতিয়া নদীতে ধরা পড়েছে এই প্রজাতির একটি ডলফিন জেলের জালে ধরা পড়ার পর প্রাণীটির গন্তব্য হয়েছে কবিরাজখানায় কবিরাজ সেটিকে তাঁর ছোট জলাশয়ে বন্দী করে রেখেছেন বলে তথ্য পাওয়া গেছে,anger,4
বাংলাদেশের তথ্যপ্রযুক্তি ও প্রযুক্তি বিনিয়োগকারী প্রতিষ্ঠান ইজেনারেশন লিমিটেড এবং ভারতের এইচসিসি গ্রুপের সহযোগী প্রতিষ্ঠান হাইবার টেকনোক্রাট লিমিটেডের সাথে সমঝোতা চুক্তি স্বাক্ষর হয়েছে প্রধানমন্ত্রী শেখ হাসিনার ভারতে রাষ্ট্রীয় সফরকালে শুক্রবার নয়াদিল্লীর আইটিসি মোর্য হোটেলে ভারতবাংলাদেশ বিজনেস ফোরাম আইবিবিএফ এর উদ্বোধন শেষে এই সমঝোতা চুক্তি স্বাক্ষরিত হয়,joy,0
বহির্বিশ্বে যেখানে অপারেশনের পূর্বে রোগীর অনুমতি নেয় সেখানে আমাদের দেশে রোগীর আত্নীয় স্বজনকে রোগীর আশংকার কথা বলে রোগীকে হাত পা বেধে গরুর মত অপারেশন করা হয়,disgust,3
ভয়ানক শব্দে বুক কেঁপে উঠল ,fear,5
চার প্যাকেট ঝালমুড়িইলিশ মাছ আমার কুতুয়াস্মরনীয় গানের কলিকালাচান্দের BBQ😍আর কনকনে ঠান্ডায় A+ পেয়ে জেটি ঘাটে বসে আড্ডা,joy,0
ওয়াও এত অসাধারণ মুভি এগুলা সিনেপ্লেক্স এ শো করেনা কেনো,surprise,2
ঠিক ভায়া৷ 🖕 সোনি নিগাম ভাইসা আসছে ক্লাসিক্লালি ট্রেইন্ড সোনু আতিফের পায়ের যোগ্য না চোদ হয়ে গেছেরে ভাই৷ আজকাল হানি সিং এর গান শুনে সব গান বলদ হয়ে গেছে চুদির ভাই রাহাত এর লগে আতিফের তুলনা চলে একটা ক্লাসিকাল গান দিমু সেইডা রাহাত সোনু দুইজনই পারবে আতিফ মুতে দিবে৷,anger,4
তরুণদের এমন স্বেচ্ছাসেবাকে উৎসাহ দিতে শুরু হচ্ছে স্বেচ্ছাসেবা সম্মাননা ২০২০ ভালো কাজের স্বীকৃতি দেওয়ার ওই উদ্যোগ নিয়েছে ভলান্টারি সার্ভিসেস ওভারসিজ ভিএসও এবং প্রথম আলো,joy,0
ভালো লাগেনা ❣খারাপো লাগেনা ❣কেমন যে লাগে ❣নিজেও জানিনা❣,sadness,1
সেও কিছুকাল পরে টের পায় তার স্বাধীনতা হারিয়ে যাচ্ছে মুক্তির জন্য ছটফট করতে থাকে দুর্বিষহ হয়ে উঠে দুজনের জীবন প্রেম সত্যি একসময় মুছে যায়,sadness,1
তেরোটা কুকুর একত্রে শত্রুর দিকে তেড়ে গেলে শত্রু ভয়ে আতঙ্কে লেজ গুটিয়ে পালায় দিনের আলোয় গ্রামের দিকে আসা তো দূরের কথা রাতের অন্ধকারেও তারা গ্রামের দিকে আসে না,fear,5
কিরন দা একি ভিডিও দেখালে তিনদিন আমার বমি থামছেই না যাই হোক মালটাকে কোন ভাগারে পেলে,disgust,3
কেমনে সম্ভব ভাইকেমনে সম্ভব 😂😂এইরকম সিকোয়েন্সিং কেমনে সম্ভব 😂 হাসতে হাসতে আমি শেষ শুধু এই ভিডিওর জন্য ১০০k সাবস্ক্রাইবার বাড়া উচিত 😂,joy,0
ছাদের এ মাথা  ও মাথা বেশ ভাল করে দেখলাম কেউ নেই  আমি বেশ অবাক হলাম  তা হলে শব্দ করলো কে ,surprise,2
যা দেখলো তাতে ওর চোখ কপালে উঠার জোগাড়  ওর মেরুদন্ড বেয়ে ভয়ের শীতল শিহরণ বয়ে গেল পাগলের মত ও এদিক সেদিক তাকাতে লাগলো আর ছুটা ছুটি করতে থাকল,fear,5
এ কি লোকটা পাগল হল নাকি — আরে ও মশাই বলি অমনধারা কচ্ছেন কেন কেদারবাবু মনে মনে ভয়ানক চটলেও তিনি গুনেই চলেছেন ত্রিশ একত্রিশ বত্রিশ তেত্রিশ—,anger,4
আল্লাহ্ এ কোথায় এসে পড়লাম আমি এসব কি হচ্ছে এ হাসপাতালে জোড়ে জোড়ে শ্বাস নিচ্ছিপাশে থাকা পানির গ্লাসটা নিয়ে একচুমুকে পানি গিলে ফেললাম,fear,5
একটি বিড়ালকে যতই ভালো খাবার দাও ইঁদুর দেখলে লোভ সামলাতে পারবেনা ঠিক একটা ছেলেকে যতোই ভালবাসোনা কেন তোমার চেয়ে সুন্দর মেয়ে পেলে তোমাকে ভুলে যাবে,anger,4
প্রাণঘাতী রোগে আক্রান্ত হয়ে রাজধানীর স্কয়ার হাসপাতালে মৃত্যুর সঙ্গে লড়ছেন জহির সুমন জাহাঙ্গীরনগর বিশ্ববিদ্যালয়ের নাটক ও নাট্যতত্ত্ব বিভাগের প্রাক্তন এ শিক্ষার্থী একজন ডিজাইনার ৩৯ বছর বয়সী সুমন বৈশাখী টেলিভিশনে কাজ করতেন,sadness,1
এগুলা ঠিক না নিজের প্রচারের জন্য অন্যের নাম বিকৃতি করা,disgust,3
ভয়কে জয় করার জন্য নিজেই নিজেকে পুরস্কৃত করি কিন্তু ভয়ভীতি যায় না,fear,5
 তার কয়েকদিন পরেই বাড়িটা উত্তর দিকে সামান্য হেলে যায় এখনো মাঝে মাঝে সেই ঘটনা মনে হলে গায়ে কাটা দিয়ে উঠে ,fear,5
এখন মুজিবকোটধারীদের বিদেশে চিকিৎসার পথ ও আল্লাহ বন্ধ করে দিয়েছে আমরা তো স্বাস্থ্য ব্যবস্থায় শ্রীলঙ্কার আসে পাশে ও পৌছাতে পারি নাই যে স্বাস্থ্য মন্ত্রী রুমের ভেন্টিলেটর আর চিকিৎসার ভেন্টিলেটরের পার্থক্য বুঝে না আর এই টাইপের বেক্কল সব জায়গায় ব্যবস্থাপনার দায়িত্বে আছে ,anger,4
ছবি যা হাজারো কথা বলে ছবিটা শেয়ার এর সময় নিজের ও মন খারাপ লাগছিলো,sadness,1
একটা ক্লিপে দেখলাম মেয়ে তার জন্মদাত্রী মার—যিনি করোনাভাইরাসে আক্রান্ত— কাছে যাচ্ছে না প্রায় বিশ গজ দূর থেকে চোখাচোখি করে কিছুটা আবেগাপ্লুত হয়ে মার জন্য আনা খাবার রেখে হাত নেড়ে চলে গেল নিঃসঙ্গ মা তখন খুঁড়িয়ে খুঁড়িয়ে এসে খাবারের পার্সেলটা নিয়ে ফিরে গেল নির্জন প্রকোষ্ঠে,sadness,1
ভয়ে মননের মূর্ছা যাওয়ার মত অবস্থা ওর দিকে লোলুভ দৃষ্টিতে তাকিয়ে আছে ইভলিন  ওর চোখ দুটো চকচক করছে বহু দিনের ক্ষুধার্থ বাঘ যেমন তার শিকারের দিকে তাকিয়ে থাকে তেমনি ইভলিন তাকিয়ে আছে মননের দিকে,fear,5
এটা ভেবেই ভয়ে তার গলা প্রায় শুকিয়ে যাচ্ছিলো তার শরীরের রক্ত যেনো ঠান্ডা হয়ে যাচ্ছিলো তার শরীরের লোমগুলোও অদ্ভুত শিহরণে দাঁড়িয়ে যাচ্ছিলো,fear,5
কিছু পোলাপান আছে তারা ভাবে যে দুনিয়ায় তারাই একমাত্র চালাক আর কেউ কিছু বুঝেনা  সেইসব মাংকির ছেলেদের কে একটা কথা বলতে চাই  এভাবে একজনের কথা আরেকজন রে লাগায়ে একজনের স্ক্রিনশট আরেকজন রে পাঠিয়ে বেশি দূর যেতে পারবানা ধরা একদিন খাবাই,anger,4
সর্দি কাশিতে মৃত্যু হলে আবার লকডাউন কেন নাস্তিক লীগের ভন্ডামি মানুষ বোঝে না নাস্তিক লীগ নিজেদের ব্যর্থতা ঢাকতে চায় করোনায় মৃত্যুর সংখ্যা লুকাতে চায় ,disgust,3
চার দিন বিরতির পর আজ শুক্রবার ইজতেমার দ্বিতীয় পর্ব শুরু হয়েছে এ পর্বেও টঙ্গীর তুরাগতীরে সমবেত হয়েছেন লাখো মুসল্লি দ্বিতীয় পর্বের ইজতেমায় অংশ নিচ্ছেন ভারতের মাওলানা সাদ কান্ধলভীর অনুসারীরা,joy,0
আলেকজান্ডার সমাধি আবার সংস্কার করার আদেশ দেন যেটি এখনো ইরানের মরুভূমিতে দাঁড়িয়ে আছে দীর্ঘক্ষণ সমাধির পাশে দাঁড়িয়ে থাকলেন তিনি বুঝতে পারলেন ক্ষমতা আর খ্যাতি কত দ্রুত চলে যায়,sadness,1
বিরক্তিকর মানুষ কখনো ফ্রড হতে পারে নাপৃথিবীতে ফ্রড মাত্রই ইন্টারেস্টিং ক্যারেক্টার হয় ❤,surprise,2
দুনিয়ার ফালতু নাটক১১ মিনিট দেখে জিবন থেকে ১১ মিনিট সময় নষ্ট করে ফেললামআর একটা ভিউ বারিয়ে দিলাম,disgust,3
এ পরিস্থিতিতে আজ শনিবার সকাল ছয়টা থেকে রাজধানীর যাত্রাবাড়ীর পেঁয়াজের আড়তে অভিযান চালিয়েছে র‌্যাব এতে ওই বাজারে পেঁয়াজের কেজি ৪০ টাকায় নেমে এসেছে,surprise,2
রণবীর কাপুরও মাধুরীর ভক্ত ছোটবেলায় মাধুরীর প্রেমে পড়ার কথা জানিয়েছিলেন তিনি এখনো নাকি প্রায়ই হাবুডুবু খান প্রেমে,surprise,2
তাদেরকে বলে দিওআমার হাতের লেখা খারাপ তাই ওসব ট্রেন্ডি চিরকুট আমার দ্বারা হবে না 😒,sadness,1
আমি অবাক হয়ে শুনছিলাম রুনার কথা এভাবে কয়েকটা কাল পার হয়ে গেলে ঝুমুর নিজেই হাওয়া,surprise,2
চুয়েটের সমাবর্তন ও সূবর্ণ জয়ন্তী অনুষ্ঠানের অনেক অনেক ছবি দেখেছি এই কদিনে এই অনুষ্ঠানদুটো নিয়ে আমার মনে গোটাকতক প্রশ্ন জেগেছে কাউকে আমি অসম্মান করতে চাই না তবে প্রশ্নগুলো না করে পারছি না,anger,4
তিনি একজন ডাক্তার সামাজিক দূরত্ব তিন ফুট স্পর্শ contacttouch এগুলো কি বুঝেন না রাজনীতির নেশায় মানুষের সাধারণ জ্ঞান কি লোপ পাই,anger,4
যদি কর সুখের আশা ভালোবেসো না | ভালবাসা অতি কষ্ট এতে জিবন হয় নষ্টভালবাসার শেষ ফল বুকে ব্যাথা চোখে জল হায়রে ভালবাসা ,sadness,1
সে আমাকে শিখিয়েছে কিভাবে পড়তে হয় আর আমি তাকে শিখিয়েছি কিভাবে ঝুলতে হয়  সে আমার সবচেয়ে ভালো বন্ধু ছিল আমার একমাত্র বন্ধু ,joy,0
আল্লাহ না করুক  ধারনা করছি করোনা আক্রান্তদের বেশির ভাগই মারা যাবে আমাদের দেশে কারন চিকিৎসার কোনও ব্যবস্থাই নাই আর হবেও না ,fear,5
আমার কাছে আরেকটা বিষয় অদ্ভুত লেগেছে মেঘের সাথে ঐ রাতে দেখা হওয়ার পর আর কোনোদিন আলমারির পিছনে কোনো দরজা দেখতে পায় নি সবাই বলে এটা নাকি ওর কল্পনা ছিল,surprise,2
আজ শুক্রবার সকালে বাংলাদেশ শিল্পকলা একাডেমিতে শুরু হয়েছে দক্ষিণ এশিয়ার অন্যতম গুরুত্বপূর্ণ ও চারুকলার বৃহৎ মিলনমেলা ঢাকা আর্ট সামিট২০২০,joy,0
আপনার ভিডিওগুলো তরুণদের মাঝে অনুপ্রেরণা যোগায়আপনাকে নিয়ে আমাদের গর্ব হয়আপনি একদিন অনেক বড় হবেন ইনশাআল্লাহ আমাদের সবার দোআ আপনার উপর রয়েছে,joy,0
তুমি ভীষণভাবে পড়তে চাইছো কিন্তু পড়তে পারছো না এটা অনেক কষ্টের এক অনুভূতি,sadness,1
ভ্রমর কইও গিয়াশ্রীকৃষ্ণ বিচ্ছেদের অনলে অঙ্গ যায় জ্বলিয়ারেভ্রমর কইও গিয়া,sadness,1
আমি যেদিন চলে যাব শান্ত মাটির নিচে | পাবে না আর খুঁজে আমায় হাজার লোকের ভিড়ে | কাদবে শুধু একা একা বুঝবে না তো কেউ | সুখ গুলো কেড়ে নিবে দুঃখের সেই ঢেউ|,sadness,1
বেসামরিক বিমান পরিবহন ও পর্যটন প্রতিমন্ত্রী মাহবুব আলী বলেছেন ২০১৮১৯ অর্থ বছরে বিমান বাংলাদেশ এয়ারলাইন্সের লাভ হয়েছে ২৭২ কোটি টাকা বুধবার ৩১ জুলাই সচিবালয়ে বিমান পরিবহনের সম্মেলন কক্ষে এ তথ্য জানান তিনি,joy,0
হিমালয় অঞ্চলের প্রধান বাণিজ্য সংস্থা জানিয়েছে আগস্ট থেকে গতকাল পর্যন্ত কাশ্মীরে প্রায় ১০০ কোটি ডলার অর্থনৈতিক ক্ষতি হয়েছে এ ক্ষয়ক্ষতির জন্য সংস্থাটি সরকারের বিরুদ্ধে মামলা করার কথা ভাবছে,sadness,1
বাংলাদেশ আয়তনে অনেক ছোট হতে পারে কিন্তু বাংলাদেশের বুকে অনেক জায়গা  অসাধারণ একটা ডায়লগ শুভকামনা রইল,joy,0
একেকটা বছর অনেক কিছু শেখায়  এ বছর শিখলাম কোন কিছুই পাওয়া সহজ না  চাকরি হোক ভালো রেজাল্ট হোক কিংবা যা কিছুই হোক ,sadness,1
আবহাওয়া অধিদপ্তরের মার্চ মাসের পূর্বাভাসে হঠাৎ বন্যার আশঙ্কার কথাও বলা আছে চলতি মাসের শেষের দিকে দেশের উত্তরপূর্বাঞ্চলে ভারী বৃষ্টিপাতের সম্ভাবনা রয়েছে,fear,5
কিরে ভাইletty একবার মরেআবার ব্যাক করে হান এক বার মরেআবার আসেসমস্যা কি  কখন ভাই Brain কে নিয়ে আসেকে জানে,surprise,2
এই ঘটনার পর আশিসের খোঁজে তল্লাশি চালায় দেহরাদূন পুলিশ মুসৌরির একটি হোটেলের ঘর থেকে হাতের শিরা কাটা অবস্থায় উদ্ধার করা হয় আশিসকে এক পুলিশকর্মীর কথায় ঠিক সময়ে না পৌঁছলে ছেলেটি মরে যেত প্রচুর রক্তপাত হয়েছে,fear,5
বাইরে বেরিয়ে তার শ্বাসকষ্ট হয় ঠেলে ঠেলে বমি উঠলেও বমি করতে পারে না বিরানি খেতে বসলে বমি করে ফেলে আর গভীর রাতে তার জ্বর আসে,sadness,1
আলেকজান্ডার এমন কিছু করে দেখিয়েছেন যা তার আগে কেউ করে দেখাতে পারেনি সমগ্র পারস্য সাম্রাজ্য তার হাতের মুঠোয় একইসাথে তার নিজের মেসিডোন আর গ্রিস তো রয়েছেই,joy,0
সেই বাচ্চাটা সে হঠাৎ আমাদের কাছেই ডানদিকের সিঁড়ির কাছে গিয়ে হাজির হয়ে দিব্যি নীচে নামতে ও শুরু করলো আর তখনি কি ভাবে তার পা স্লিপ করতেই সে আছাড় খেয়ে পড়ে গড়গড়িয়ে গড়িয়ে গেল নীচের দিকে,surprise,2
এতোটা নিশব্দে জেগে থাকা যায় না তবু জেগে আছি আরো কতো শব্দহীন হাঁটবে তুমি আরো কতো নিভৃত চরনে আমি কি কিছুই শুনবো না আমি কি কিছুই জানবো না,sadness,1
লাতিন আমেরিকার দুই সংগীত তারকা জেনিফার লোপেজ ও শাকিরার এবারই প্রথম এ দুজন একসঙ্গে উঠলেন মঞ্চে দেখালেন চোখধাঁধানো নাচ ও গানের পরিবেশনা ৩ ফেব্রুয়ারি ১৪ মিনিটের পরিবেশনাটি ওঠে ইউটিউবে গত মঙ্গলবার দুপুর পর্যন্ত ভিডিওটি ৬ কোটিবার দেখা হয়ে গেছে,surprise,2
সত্যিই তাহসান ভাই একজন জেন্টলম্যান👍👍ভালবাসা অবিরাম ভাই,joy,0
তাও কান্না করতে হবে না এখন একটু সরে বসেন আমি ঘুমাবো এভাবে বিছানার মাঝখানে বসে থাকলে আমি ঘুমাবো কি ভাবে,disgust,3
টিক টক পাগলের কথা জানি না কিন্তূ তোমার কথা শুনে সবাই হাসতে হাসতে পাগল হয়ে যাবে ,joy,0
আশ্চর্যের ব্যাপার হলোবিড়ালটার গায়ে এক ফোঁটাও রক্ত ছিল না যেনও কেউ চুষে বিড়ালটার দেহের সব রক্ত শেষ করে ফেলেছে,fear,5
দূর থেকে যেসব পাহাড় দেখা যায়সেসব পাহাড়ে হেটে বেড়ানোর অভিজ্ঞতাটা আরো অনেক বেশি ভাল এবং ভিন্ন,joy,0
এতো দিন পর তাহসিন ভাই বিশ্বাস করেন ভালো করে মজা দিছেন আমাদের কে ধন্যবাদ এতো মজা করে রোস্ট টা করার জন্য আপনার মুখে একটু আকটু বকা গুলো শুনতে খুব ভালো লাগে,joy,0
ভাই এই শোটা কোথায় হয়েছে  কখন হয়েছে সেটাই তো আমরা জানিনা আর এই জন্তূ গুলো কোথায় থেকে আসল তারপর এই ঢেঁকির গান  আমি কি হাঁসবো নাকি কাঁদবো কিছুই বুঝতে পারছি না,surprise,2
কোরেন্টাইনে থেকে একেবারে বোরিং হই গেছিলামবাট তোমার ভিড়িও টা দেখার পর বিনোদনে পুরা ফিট অস্থির ব্রো অস্থির😱,joy,0
এই মুভিটা জতো বার দেখি ততো বার জেনো দেখতে ইচ্ছা করে সত্যি Awesome,joy,0
এখনও অবাকবিস্ময়ে ভাবি সেই উদ্যোম তারুণ্যের সময় থেকে একজন রাজনীতিকের তুচ্ছতাচ্ছিল্যভরা এসব বাক্যবাণ কিভাবে সহ্য করতাম সেই কথার কাঁটার মধ্যেও কি অন্যরকম মমত্ববোধ ছিল না,surprise,2
কোনোকিছুকে ভয় পাচ্ছি মনে হলে প্রথম যেটা মনে হয় এই ভয়টা আমাকে কাটাতেই হবে ,fear,5
চট্টগ্রামের সাতকানিয়া উপজেলার বিভিন্ন হাট বাজারে লবণের দাম বৃদ্ধির গুজব ও অতিরিক্ত দামে লবন বিক্রির অভিযোগে ৬ ব্যবসায়ীকে ২লাখ ২০ হাজার টাকা জরিমানা করেছে ভ্রাম্যমাণ আদালত,anger,4
শহর জুড়ে অচলাবস্থা চলার কারণে মানুষের বিশ্বাস আর মনোবল ভেঙে পড়েছিল প্রায় উহান আজ ক্লান্ত পরিশ্রান্ত নিজের ভারই বহন করতে পারছে না যেন,sadness,1
আমার মনে একটা প্রশ্ন জাগে মাজেদর মতো সেনা অফিসারগন বঙ্গবন্ধুর নেতৃত্ব পাকিস্তানের বিরুদ্ধে যুদ্ধ করেছিল কিন্তু কেন বঙ্গবন্ধু সপরিবারকে খুন করল,surprise,2
ঠাটিয়ে এক চড় মারতে হয় শালাকেসত্যিই জন্তুরবীন্দ্রনাথকে এভাবে কোনোদিন অপমানিত হতে হবে তা ভাবিনি,anger,4
আমাকে আমার আরবি জবানে হল্লাচিল্লা করতে দাওতারা আমার ভাষার শরীরে লাগাম পরানোর আগেআমাকে আমার মায়ের ভাষায় বাতচিত করতে দাও তারা তার স্মৃতির পায়ে ঘুঙুর পরানোর আগে আমি আরবের কালো মেয়েআমরা আসছি আপামর ক্রোধের সিঁড়ি বেয়ে,anger,4
কে বলবে সে শিক্ষিত এত এত বিদ্যা পেটে পুরেও শেষ পর্যন্ত সে আকাট মূর্খই রয়ে গেল,disgust,3
 লিটন এখন মন খুলে কথা বলেন নিজের পারফরম্যান্স নিয়ে বিশ্লেষণ করেন সবিস্তারে লিটন নিজেও দাবি করলেন তিনি আর আগের মতো নেই অনেকখানি বদলে গেছেন,surprise,2
ভাই গতকালকে আমি আর আমার বন্ধু এই আন্তর্জাতিক বাণিজ্য মেলায় গিয়েছিলাম মাগার ওরা  টাকার খাবার  টাকা রাখল ওরা আন্তর্জাতিক বাঁশ দিয়ে দিল ওদের বিচার হওয়া উচিত,anger,4
এখানে আসাদুজ্জামান নূর যখন ছাগল চোর এই নামকরণের চেয়ে আসাদুজ্জামান নূর যখন বাদাইম্মা এটা হলে নাম করনের সার্থকতা হতো,anger,4
চীনে কঠোর নিরাপত্তাবেষ্টিত বন্দিশিবিরে লাখ লাখ মুসলমানকে কৌশলে করা হচ্ছে মগজধোলাই সঙ্গে চলছে নিপীড়ননির্যাতন গত রোববার ফাঁস হওয়া নতুন নথিতে উইঘুর নির্যাতনের এসব তথ্য বিস্তারিত উঠে এসেছে,fear,5
সেরা হইছে ভাই আমি হাসতে হাসতে শেষ এই রকম ভিডিও আরও চাই শুভ কামনা রইলো ভাই আপনার জন্য😍😍😘,joy,0
বাসে এক লোক পিছন থেকে সামনে এসে সুপারভাইজার কে পুরা কাঁদো কাঁদো হয়ে বলতেসে আমি বাড়িতে যাবোনাআমাকে অমুক যায়গায় নামায় দেন,sadness,1
ব্যাপার টা লজিকাল আমার ভাল লাগছে এমন বাস্তব সম্মত উদ্দিপকই হওয়া উচিত,joy,0
মাঝে মাঝে মনে হয় তোমাকে চাওয়াটা অনেক ভুল হয়ত ভুল তবে এই ভুলের মাশুল এইভাবেই কি দিতে হতো জানি না তবে যা জানি তা মানি না,sadness,1
চারিদিকে শুধু ম্যাশিনের ঘ্যাঁড়ঘ্যাঁড় জাতীয় শব্দ খুবই একঘেয়ে চরম বিরক্তিকর,disgust,3
এ একধরণের খেলা ভয়ের সঙ্গে জয়আদতে এই কী শ্রীহীন মধুতবু ভয়…,fear,5
১০ জনের মধ্যে একজন খারাপ ডাক্তার কিংবা আলেম কিংবা ইঞ্জিনিয়ার এর জন্যগালি দিই ১০ জনকেইবাকি নয়জনের প্রশংসাটা মুখে বোম মারলেও বের হয়না,disgust,3
বাংলাদেশ হারাচ্ছে তার সর্বকালের সেরা অধিনায়ককে সত্যি অনেক কষ্ট লাগতেছে প্রিয় ক্রিকেটার মাশরাফি বিন মুর্তজা বাংলাদেশে ক্রিকেট থেকে অবসর নেওয়াটা,sadness,1
না রে ভাই   এক রুম কেন  ৫ রুমের বাসায় খাবার আর নেট নিয়ে বসে শুয়ে  ৭ দিন কাটাচ্ছি  মনে হচ্ছে ৭ বছর ধরে আছি    এসব ভুলভাল বলা মানুষদের মুক্তিবেগে ছুড়ে মারা হোক৷,anger,4
দোদুল্যমান ভুঁড়িটা আমি চিনি চিনি পায়ের চপ্পলটাও তবু ভয়ে আপ্রাণ চীৎকার করছি,fear,5
করোনায় যত লোক মারা গেছে তারমধ্যে ওনার জন্য সবচেয়ে বেশি খারাপ লাগতেছে আমার,sadness,1
গাঁজাখোর পরিচালক সিনেমার শুরুতে কি দেখালোএতো ফায়ার করছে তার পরেও কোন গুলিই লাগলো না জিতের এতো অবাস্তব করা কি দরকার,disgust,3
নিঃসন্দেহে বালমার্কা প্রোডাকশনএকটু রিসার্চ করে মাঠে নামুন মুখার্জি ব্যানার্জি এর পারিবারিক কাহানীতেতো একদম সংস্কার এর অন্দরমহলে ঢুকে হাবু ডুবু মারা হয়,anger,4
চ্যাম্পিয়ন্স লিগের দলে জায়গা না পাওয়ায় ক্ষুব্ধ গ্যারেথ বেল আগামী গ্রীষ্মের দলবদলেই রিয়াল মাদ্রিদ ছেড়ে যেতে চান স্প্যানিশ পত্রিকা এএস জানায় ৩০ বছর বয়সি বেল মনে করছেন যথেষ্ট হয়েছে গত সপ্তাহে চ্যাম্পিয়ন্স লিগের খেলায় ক্লাব ব্রাগার বিরুদ্ধে বেলকে দলে রাখেননি কোচ জিনেদিন জিদান কিন্তু ওয়েলশ ফরোয়ার্ড বেলকে খেলাটিতে দরকার ছিল,anger,4
বাঙালিরা অন্যের সাথে এমন আচরণ করে না প্রত্যেকের মতামতের একটি গুরুত্ব রয়েছে কেবল অপবাদই ব্যবহার করবেন না আমরা এমন  আচরণ করি না,disgust,3
ওই ব্যক্তি সবকিছু শুনে আমাকে এবং সহকর্মীকে ৫০ ইউরো জরিমানা করে বসলেন ঘটনার আকস্মিকতায় হতভম্ব হয়ে যাই আমি ,surprise,2
কমান্ডার পদে নারী সেনাদের নিয়োগ করা সম্ভব নয় বলে সুপ্রিম কোর্টে জানিয়েছেন কেন্দ্রীয় সরকারের আইনজীবীরা আর কেন সম্ভব নয় এর কারণে বলা হয়েছে অন্তঃসত্ত্বা অবস্থা মাতৃত্ব ও বাড়ির কাজে নারীদের যেভাবে ছুটি নিতে হয় অফিসার পদে তা চলে না,anger,4
চীন সরকার একবার ব্যবহারযোগ্য প্লাস্টিক কমাতে বড় পরিকল্পনা নিয়েছে ২০২০ সাল শেষ হওয়ার আগেই বড় শহরগুলো থেকে নিকৃষ্ট মানের প্লাস্টিক ওয়ান টাইম ব্যাগ বা সিঙ্গেল ইউজ প্লাস্টিক সব নিষিদ্ধ করা হবে ২০২২ সালের মধ্যে সব শহর থেকে প্লাস্টিক নিষিদ্ধ হবে,joy,0
উচ্চতার প্রতি বিশেষ কোন ভীতি বা ফোবিয়া আছে আমার অনেক ভয় পাই,fear,5
আর পারছি না প্রচন্ড ক্লান্ত হয়ে মনে হচ্ছে শরীরও যেন নিজের সাথে প্রতারণা করছে আমার সঙ্গ ছেড়ে দিচ্ছে,sadness,1
অসাধারণ বক্তব্য  মন জয় করে নিল বাংলার জনগনের  অনেক অনেক ধন্যবাদ আপনাকে,joy,0
যে ঠকে যায় সে তো ঠকেই গেলো তার সবকিছু ওখানেই শেষ আর যে ঠকায় সে প্রতিনিয়তই এক মানসিক যন্ত্রণা নিয়ে দিন কাটিয়ে দেয় এই ভেবে যে না জানি সে কখন ঠকে যায়,sadness,1
দেখি মা ভাইয়া দিদি দাড়িয়ে আছে মার কান্না কান্না চেহারা দিদি ভাইয়া থ হয়ে দাড়িয়ে,fear,5
ব্যক্তিগত জীবনে সে আসলেই একটা ভাইরাস তারে খুব ভালো করেই চিনে সবাই এবং বাটপার হিসেবেই চিনে নিজেকে ভাইরাল করার জন্য এমন সব ভিডিও বানাচ্ছে,anger,4
হিন্দুকুশ পর্বত কিংবা সাহারা মরুভূমি সবকিছুর চেয়ে এই ইন্দু নদীই তাদের কাছে বেশি ভয়ঙ্কর মনে হচ্ছিলো,fear,5
তাহসিন বস আজ আপনার নবেল ম্যানকেনিয়ে বানানো ভিডিওটা দেখলাম আসলে আপনার সব ভিডিও গুলাই আমার খুব ভালো লাগে সব ভিডিওই আমি দেখি তবে রাবিন্দ্রনাথকে নিয়ে আপনার বলা সব কথা গুলাই ঠিক আছে,joy,0
অরুন্ধতী মনে করেন বর্তমান পরিস্থিতিতে পুরো ভারতের শাসনব্যবস্থাই ব্যর্থ হচ্ছে তিনি বলেন এই অবস্থায় সাহসী সাংবাদিক আইনজীবী ও লেখককবিচিত্রশিল্পীচিত্র নির্মাতাসহ সব শিল্পীকে মুখ খুলতে হবে এগিয়ে আসতে হবে,disgust,3
এমন বাপ হইলে আগে এক চোট পিটাইয়া কইতাম এইডা হইলো জ্ঞানের কাজ সালা ভাদ্দাইম্মা জ্ঞান চুদাস বউ বাচ্চার জীনব শেষ কইরালাইছস,anger,4
আরে শালার পোতেরা চুপ থাক🤐পশ্চিমবঙ্গের টিকটক প্রতিবন্ধীদের দেখছি ডিস্টার্ব করবিনা🤣সাথে বাংলাদেশের কিছু হাইস্যকর শট,joy,0
৩০০ কুকুর কে গেও গেও করানোর জন্য এ ২ জন বিরোধী নেতাই জতেষ্ট,anger,4
বালের ফালতু মিডিয়া আর কিছু পায় নাইবাল গুলারা নিয়ে প্রোগাম করেএই সব বাল ছাল বাদ দিয়েভাল কিছু করেনযেটা করলে মানুষ একটু হলেও উপকৃত হয়,disgust,3
ঠিক বিয়ের ঠিক দুদিন পর আমার মা সেই অচেনা মেয়েটির ভক্ত হয়ে গেল  মায়ের মুখে এমন প্রশংসা শুনে আমার আরো রাগ হলো ,anger,4
টিভি মিডিয়ায় কেউ জোর করে ধর্ষণ করেনা আপোষে যেনা করে আরকি সোজা বাংলা,disgust,3
বাংলাদেশের এত অহংকার কেন বাংলাদেশ জিম্বাবুয়ে কে তো কিছুই মনে করে না এতক্ষণ ভারত যদি বাংলাদেশ কিংবা অন্য কোনো দলকে নিয়ে ছোট করে দেখতো তাহলে বাংলাদেশ বলতো ভারতের মতো অহংকার আর কোনো দলের নাই  তাই না বাংলাদেশ,anger,4
২০১৭ সালের জন্য আজীবন সম্মাননা পান বর্ষীয়ান অভিনয়শিল্পী এ টি এম শামসুজ্জামান,joy,0
কি আর বলব এইগুলা নিয়ে আমাদের পুরোনো অভিনেতা অভিনেত্রীরাও কিছু বলে না এরা কেমনে বিচারক হয় আগের অভিনেতা অভিনেত্রীরা কি মারা গেছে না কি,sadness,1
কি দারুণ চমক টম অবশেষে তার ইচ্ছা পূরণ করতে পেরেছে,surprise,2
ইতিহাসের যেসব ভয়ংকর দিনের কথা শুনেছি সেগুলো কি আমরা এবার দেখতে চলছিআল্লাহ্ একটু করুনা করুন রক্ষা করুন সবাইকে,fear,5
ব্রাহ্মণবাড়িয়ার আখাউড়া উপজেলার আজমপুর রেলওয়ে স্টেশন এলাকায় ট্রেনে কাটা পড়ে এক নারীর মৃত্যু হয়েছে আজ শনিবার সকালে চট্টগ্রামসিলেট রেলপথের আজমপুর রেলওয়ে স্টেশন এলাকায় এ দুর্ঘটনা ঘটে,sadness,1
সব মিলিয়ে গ্রামের মানুষজন ভালো আছে সুখে–শান্তিতে আছে তাদের পোষা প্রাণীগুলোও নিরাপদে আছে,joy,0
মামা ভয়ে ভয়ে লুকিং গ্লাসের কাপড় সরিয়ে দিয়ে দেখে বাচ্চাটি একটা রক্তাক্ত পা চিবাই চিবাই খাচ্ছে ,fear,5
এই  অসভ্য  মহিলাকে   থাঠিয়ে  চড় মারতে  হয় সে  হচ্ছে মেন্টাললি  ডিসব্যালেন্সড না  হলে  এই  সময়  এ  এরকম  বাজে  কাজ  করতে  পারতোনা ,anger,4
কেন সে এত হাইপার হচ্ছে এবং সে কী প্রমাণ করার চেষ্টা করছে স্পষ্টতই এই অফিসার স্বাস্থ্যকর্মী ব্যাংকাররা বা লকডাউনের এই মুহুর্তে এখনও ডিউটিতে থাকা কর্মকর্তারা আমাদের বিনোদন দেওয়ার জন্য এখানে নেই,disgust,3
রাসায়নিক–বর্জিত খাদ্যের প্রসারে পরিবেশ আন্দোলনকর্মীরা বিশ্বব্যাপী সোচ্চার হচ্ছেন সেই আন্দোলনে গোদাগাড়ীর কালীদীঘি গ্রামটির এসব মানুষও ভূমিকা রাখছে এ বড় আনন্দের কথা,joy,0
ভারি ক্লান্তি লাগছে পেটের ভেতর খিদেরাও আক্রমন চালাতে শুরু করে দিয়েছে অসহ্য লাগতে ছিল বুঝতে পারছিলাম না কি করে এই অনাকাঙ্খিত বিপদ হতে উদ্ধার পাবো,disgust,3
অনিন্দিতা দিদির বিদায়ের আগে দিদি এবং দাদা কে নিয়ে বাসার নিচেই কিছু সময় ছবি তুলেছিলাম ফ্রেম লাইট নিয়ে কাজ করলে দিদিদাদা নিয়ে সেই সময় পাই নি কিন্তু উনাদের হাসি এবং আনন্দ আমার মত কেড়ে নিয়েছে তাই এই হাসি ছড়িয়ে দিতে সবার সাথে কিছু হাসিখুশি ছবি শেয়ার করলাম মূল গল্প সামনে আসবে,joy,0
মাশাআল্লাহ ভালোবাসার আরেক নাম মিজানুর রহমান আজহারী ভিডিও টি দেখে অনেক ভালো লাগলো ,joy,0
আমাদের সমাজের মানুষরা সন্তান হলে খুশি হয় মেয়ে হলে একটু কম খুশি হয় ছেলে হলে মহা খুশি হয়,disgust,3
ভালোবাসার আরেক নাম কলকাতাযতবার গেছি কখনো হতাশ হয়ে বাড়ী ফিরতে হয়নি,joy,0
বাড়া থুক্কু রাবা খান ফোর্বসে এপ্লাই করে মুকুট ছিনিয়ে আনলে সমস্যাবলি কিপাছা চেটে ওদেরকে তুলসেন তো আপনারাই,disgust,3
বৃষ্টির দিনগুলোতে ছাদে যাওয়া বারণ হয়ে গেছে আজকালবারান্দার সবুজগুলোতে কেমন যেন পুচকে হলুদের অবাধ বসতিকোথাও যেন সেই প্রাণ সেই সুর সেই গল্পেরা আর নেই,sadness,1
ভালোবেসে সখী নিভৃতে যতনে আমার নামটি লিখো তোমার মনের মন্দিরে আমার পরানে যে গান বাজিছে তাহার তালটি শিখো তোমার চরণমঞ্জীরে ধরিয়া রাখিয়ো সোহাগে আদরে আমার মুখর পাখি তোমার প্রাসাদপ্রাঙ্গণে॥ মনে করে সখী বাঁধিয়া রাখিয়ো আমার হাতের রাখী তোমার কনককঙ্কণে॥ আমার লতার একটি মুকুল ভুলিয়া তুলিয়া রেখো তোমার অলকবন্ধনে আমার স্মরণ শুভসিন্দুরে একটি বিন্দু এঁকো তোমার ললাটচন্দনে আমার মনের মোহের মাধুরী মাখিয়া রাখিয়া দিয়ো তোমার অঙ্গসৌরভে আমার আকুল জীবনমরণ টুটিয়া লুটিয়া নিয়ো তোমার অতুল গৌরবে॥,joy,0
নেসলে বাংলাদেশ লিমিটেডে মেডিকেল প্রতিনিধি পদ দিয়ে পেশাজীবন শুরু জি এম কামরুল হাসান এখন আবদুল মোনেম লিমিটেডের ইগলু আইসক্রিম ডেইরি ও ফুডের গ্রুপ প্রধান নির্বাহী কর্মকর্তা,surprise,2
অই মাগীর ঘরের মাগী বাইর হ নইলে দরজা ভাইঙ্গা কেমনে বাইর করি তরে দেখ সারাদিন এই পাড়া ওই পাড়া ঘুইরা তোর মন বরে না এহন তুই রাইতের বেলাও নষ্টামি শুরু করছস ,anger,4
আর সরকারের মন্ত্রীরা কানাডার সমান অর্থনীতি বলে সম্মেলনে বক্তব্য দেয়,anger,4
লােকমুখে কথাটা ছড়িয়ে পড়ার পরই ভূতের বাড়ি বলে চুঠিটার অপবাদ হয়ে গেল কেউ আর সাহস করে ঐ কুঠির ত্রিসীমানায় পা বাড়াতাে না ,fear,5
ঢাকা বিশ্ববিদ্যালয়ের হাজী মুহম্মদ মুহসীন হলের একটি কক্ষ থেকে অস্ত্র মাদকসহ দুই শিক্ষার্থীকে আটক করা হয়েছে আটকের পর বিশ্ববিদ্যালয়ের প্রক্টরিয়াল বডি তাঁদের পুলিশে সোপর্দ করেছে গোপন সংবাদের ভিত্তিতে মঙ্গলবার রাতে মুহসীন হলের ১২১ নম্বর কক্ষে অভিযান চালায় বিশ্ববিদ্যালয়ের প্রক্টরিয়াল বডি  অভিযানে অস্ত্র ও মাদক ছাড়াও পাওয়া গেছে দুটি সিসি ক্যামেরা লাঠি হাতুড়ি ও বঁটি,anger,4
কেন সে এত হাইপার হচ্ছে এবং সে কী প্রমাণ করার চেষ্টা করছে স্পষ্টতই এই অফিসার স্বাস্থ্যকর্মী ব্যাংকাররা বা লকডাউনের এই মুহুর্তে এখনও ডিউটিতে থাকা কর্মকর্তারা আমাদের বিনোদন দেওয়ার জন্য এখানে নেই,disgust,3
ওহে কাবার মালিকতুমি ভারতের সকল মুসলমানদেরকে হেফাজত করোআমিন,joy,0
চীনের হুবেই প্রদেশের রাজধানী উহানে করোনাভাইরাসের প্রাদুর্ভাবের খবর সংগ্রহ করা হচ্ছিল করোনার প্রাদুর্ভাবের সময় একজন চিকিৎসক অন্যদের সতর্ক করার চেষ্টা করছিলেন কিন্তু সে সময় পুলিশ তাঁকে দমিয়ে দেয় এক মাস পরে সেই চিকিৎসকই সবার কাছে হিরো হয়ে ওঠেন,joy,0
আমি আমার বাবাকে ৪৩ বছর আগে হারিয়েছি এবং আমার মা years বছরের আগে আমাদের ছেড়ে চলে গেছেন তবুও আমি এখনও তাদের দুজনকেই ভালবাসি,sadness,1
বৈদ্যুতিক মোটরের সাহায্যে ঘরের ভিতর থেকে পানি অপসারণ করতে গিয়ে সকালেই এই দুর্ঘটনাটি ঘটে মোটরটি স্পর্শ করতে গিয়েই তড়িতাহিত হয়ে উঁনি মারা গিয়েছেনআর অভিশপ্ত নগরী স্বাক্ষী হয়েছে আরো একটি অপমৃত্যুর,sadness,1
ভিডিওটা এতটা জোস  যতবার দেখি ততবারই ভালো লাগে,joy,0
সেদিন সবাই মিলে খুব মজা করে বরিশাল ট্রিপ হলো সবাই মিলে সুন্দর একটা পরিবার হয়ে গেছিলাম আশা করি চিত্রগল্পের সাথে আমাদের নতুন সদস্য এর সময় ভালোই যাবে এবং আমাদের যে ব্রত ছিলো নতুন নতুন কাজ উপহার দিবো এটা বজায় থাকবে,joy,0
আমরা এমনই এক জাতি যারা রাতবিরাতে মহৌষধ হিসেবে থানকুনিপাতা খুঁজতে বের হই থানকুনির কিছু ঔষধি গুণ অবশ্যই আছে কিন্তু তার করোনাভাইরাসকে ঠেকিয়ে দেওয়ার ক্ষমতা সম্পর্কে এখনো জানা যায়নি,disgust,3
হটাত আমাকে চমকে দিয়ে কে যেনও আমার নামধরে ডেকে উঠলো ভয়ে শরীরের পশমগুলো দাঁড়িয়ে গেছে এবার আমি স্পষ্ট শুনতে পেয়েছি ভয়ে কাঁপতে কাঁপতে চোখ মেললাম,fear,5
তার সবচেয়ে প্রিয় ছিল লাল শাড়ি সবসময় সে লাল শাড়ি পরে থাকতএকদিন লাল শাড়ি পরে নাকি সে ছাদে লাফালাফি করছিলহঠাৎ ছাদ থেকে পড়ে মারা গেল সে,sadness,1
যাকে মন থেকে ভালোবাসা যায় না তাকে ঘৃণা করা যায় না তাকে ভুলে থাকা যায় শুধু তার দেওয়া কষ্টগুলো নিরবে বয়ে বেড়াতে হয়,sadness,1
আমি প্রতি মুহূর্তে ঠেকে ঠেকে শিখেছি কখনোই কোনো কাজকে ছোট মনে করিনি সব সময় আমি আমার কাজটা ঠিকঠাকভাবে করার চেষ্টা করেছি কাজের প্রতি ভালোবাসা থাকার কারণেই সেটি সম্ভব হয়েছে ,surprise,2
আর এই শুয়োরের বাচ্চা সরকাররে আমাদের শুয়োরের বাচ্চা বুদ্ধিজীবিরা নৈতিক সমর্থন দেন প্রতিদিন,anger,4
খুব সুন্দর এগিয়ে যাও বন্ধু অনেক শুভকামনা তোর জন্য,joy,0
ভুটানের Prime minister এত সুন্দর বাংলা বলতে পারে গর্বে বুকটা ভরে গেল,joy,0
ভেতরে ভেতরে আমি অবাক হয়ে গেলাম মেয়েটা হড়বড় করে এত কথা বলছে কেন তা ছাড়া আমি ভয় পেয়েছি তা ও বুঝল কীভাবে,surprise,2
আমার কোন সাহসে লোকটা লাইভে আসে এত ভুল ইনফরমেশন দিয়ে সবাই কে বিভ্রান্ত করে আবার আসছে,anger,4
আমি তার জন্য খুব ভাগ্যবান মনে করি নিজেকে😌এই যে সবাই ছবি ভিডিও দিয়ে এত সুন্দর করে উইশ করে ভালই লাগে খুব ☺☺,joy,0
ক্যাম্পাসে এই যে নিজেদের মাঝে এতো কম্পিটিশন এতো প্রাইড কনফ্লিক্ট এগুলো আসল পৃথিবীর সামনে গেলে পুতুল খেলা ছাড়া কিছু মনে হবে না,disgust,3
আলেকজান্ডার এই সুযোগেরই অপেক্ষা করছিলেন হঠাৎ কিংস কম্প্যানিয়ন্সদেরকে নিয়ে সরাসরি দারিউসকে লক্ষ্য করে আক্রমণ চালিয়ে বসেন আলেকজান্ডার,surprise,2
সেই মেয়েলি ন্যাকামোর সামাজিক দর্শনে ভয় একটা বড় গুরুত্বপূর্ণ ব্যাপার,fear,5
শুধু একবার ভার্সিটিতে চান্স পাও আর কোন পড়ালেখা নাই তারপর শুধু আরাম আর আরাম ,joy,0
কাউকে ছেড়ে থাকা খুব কষ্টের কিন্তু তার চেয়েও বেশি কষ্টের হলো আসবেনা জেনেও তার জন্য অপেক্ষা করা,sadness,1
বাঞ্চোদ খাবে কি তোর বাড়ার মাথাসুয়োরের বাচ্ছা আগে গরীবদের খাওয়ার ব্যাবস্থা কর তারপর বলবি সচেতন থাকতে,anger,4
ভয়ে আমি বাড়ির বাইরে চলেআসতে চাইলাম কিন্তু দরজা বাইর থেকে লক করা ,fear,5
দুই শিশুর বিরুদ্ধে চট্টগ্রাম নগরের আকবরশাহ ও কোতোয়ালি থানায় ইয়াবা ও অস্ত্র ছুরি উদ্ধারের ঘটনার পৃথক দুটি মামলা রয়েছে ওই মামলায় তিন মাস ধরে তারা গাজীপুরের কিশোর উন্নয়ন কেন্দ্রে রয়েছে সেখান থেকে গতকাল হাজিরার জন্য চট্টগ্রাম আদালতে আনা হয়,anger,4
এরকম স্মার্ট মেয়র আবার কবে পাবো  জানি না তবে আপনি আমাদের মনে থাকবেন স্যার,sadness,1
নিউইয়র্কের লং আইল্যান্ডে বসবাসরত বাংলাদেশিদের সামাজিক ও সাংস্কৃতিক সংগঠন শিল্পাঙ্গনএর উদ্যোগে প্রথমবারের মত অনুষ্ঠিত হলো ঈদ বাজার ও আনন্দমেলা হিক্সভিল শহরে লেভিটটাউন হলের মনোরম ও বিস্তৃত পরিসরে স্থানীয় সময় শনিবার সকাল থেকে শুরু হয় উৎসব রাত ১০টা পর্যন্ত বিরামহীনভাবে চলে মেলা খাওয়া দাওয়া ও মনোজ্ঞ সাংস্কৃতিক অনুষ্ঠান,joy,0
সরু রাতা ধরে হাটতে অনেক ভাললাগে নাবিলার  শহরের স্কুল এর বান্ধবীদের এই রাস্তা টা খুব পছন্দের আর তাই ওর দুই বান্ধবী চারু আর দিশা মাঝে মাঝেই নাবিলাদের বাড়ি আসে আর সবাই মিলে ওই সরু পথে হাটতে যায় ,joy,0
চার এলাকায় ১২ হাজার মানুষ কোয়ারেন্টিনে,fear,5
এই পার্লারটি বন্ধ করে দেওয়া হোক এবং তাদের বিরুদ্ধে কঠিন শাস্তি দেওয়ার ব্যবস্থা করা হোক,anger,4
রাগী মেয়েদের মন যে বুঝতে পারবে না তার মতো বোকা আর কেউ নাই কারন রাগ টা তাদের মুখে মনে কিন্তু অফুরন্ত ভালোবাসা,joy,0
পার্বতীপুর উপজেলার মধ্যপাড়া পুলিশ ফাঁড়ির ইনচার্জ সিরাজুল ইসলাম বলেন ছেলে সাবলুরের মোটরসাইকেলে চড়ে মোস্তাফিজুর চিকিৎসার জন্য রংপুরে যাচ্ছিলেন পার্বতীপুর মধ্যপাড়া বাজারে পৌঁছালে বিপরীত দিক থেকে আসা একটি বাস তাঁদের মোটরসাইকেলে ধাক্কা দেয় এতে ঘটনাস্থলেই বাবা মোস্তাফিজুরের মৃত্যু হয় হাসপাতালে নেওয়ার পথে সাবলুর মারা যান,sadness,1
প্রতিবন্ধীদের ভোটদানে সহায়তা প্রদানের জন্য প্রিসাইডিং অফিসারের আংগুলের ছাপ ব্যবহারের নিয়ম রয়েছে সিইসি এবং ডক্টর কামাল হোসেন ভোট প্রদানকালে এই বিশেষ সুবিধাটি নিয়েছেন,joy,0
সত্যি ভাই আমি একজন আবেগী ক্রিকেট প্রেমীআমিও ওইদিন ২ রানে হারার পরে বাচ্চার মত কান্না করছিকিন্তু একজন প্লেয়ারকেও গালি দেয় নাই,sadness,1
এত সুন্দর হাসি এত সুন্দর মুখ মনে হচ্ছে কতদিন দেখিনা এত কিউট কেনো বাচ্চাটা অসম্ভব সুন্দর আর প্রাণবন্ত সব ছবিআর কিছু ছবি মারাত্মক  ❤️,joy,0
এই বয়সের মুসলিম ছেলেরা ক্রিকেট খেলে আর দিল্লীতে এই হিন্দুর বাচ্চারা রাস্তায় নামে মুসলিম মারবে বলে,disgust,3
প্রসঙ্গত চট্টগ্রামকাপ্তাই সড়কে চলাচলরত অধিকাংশ সিএনজি গাড়ীর লাইসেন্স নেই এগুলো মূলত টোকেনের মাধ্যমে চলে স্বাভাবিকভাবে এ গাড়ীগুলোর চালকদেরও কোন লাইসেন্স নেই ফলে এই সড়কটি হলো জীবন্ত মৃত্যু ফাঁদ সুতরাং জনস্বার্থে এ সড়কে লাইসেন্সবিহীন ড্রাইভার দ্বারা সিএনজি গাড়ী চলাচল বন্ধে কার্যকর ব্যবস্থা নিতে হবে অন্যতায় এই সড়কে মৃত্যুর মিছিল কখনো থামবে না আমাদেরকে হয়ত আবার কোন দুসংবাদের অপেক্ষায় থাকতে হবে,fear,5
টেলিভিশন অনুষ্ঠান থেকে শুরু করে রাজনীতির আলোচনা সব যেন আমাদের জন্য ভীতির বার্তা নিয়ে অপেক্ষা করছে,fear,5
নিচ তলায় পায়ের আওয়াজ পাচ্ছি কেউ ঘুরে ঘুরে দেখছে বাড়িটা ভয় পেলে মানুষের শিরদাঁড়া বেয়ে কি যেন নেমে যায় জানেনই তো আমিও তাই অনুভব করলাম,fear,5
টেলিযোগাযোগ কোম্পানিতেও এদেশীয়দের যোগ্যতার প্রমাণ দিচ্ছেন বাংলাদেশি মাহতাব উদ্দিন সাফল্যের স্বাক্ষরও রেখেছেন বড় ধরনের লোকসানে থাকা রবি এখন লাভের মুখ দেখছে,joy,0
গরীব দেশের মতো আমাদের আছে অহংকারহিংসাদালালিচামচামি ইত্যাদি এবং হ্যা আমরা স্বার্থপর অমানবিক অযোগ্য এবং সেই সাথে চরম পাশবিক আমরা,disgust,3
আমি বাংলা সিনেমার অনেক বড় ফ্যানকিন্তু ২০২০ সালে এসে কিভাবে এসব বানাই মাথায় আসেনা  অনেক লজ্জা লাগে এসব দেখলে,sadness,1
আর যদি না মরে তাহলে ক্ষুধার তাড়নায় রাস্তায় বেড়িয়ে পড়তে হবেকারন পৃথিবীতে ক্ষুধার চেয়ে ভয়ংকর কিছুই নাই ,fear,5
হঠাৎ লোকটা আমাকে কয়েকটি সাংকেতিক শব্দ বললো আমি কিছুই বুঝতে পারলাম নাআচমকা চারটা মেশিনগান আমার মাথায় তাক করে ফেললো মৃত্যু নিশ্চিত ভেবে চোখ বন্ধ করে রাখলাম,fear,5
বারবার করোনা মোকাবিলায় প্রস্তুত আছি বলেও সরকার প্রায় কিছুই করেনি প্রায় ১৮ কোটি লোকের এ দেশে করোনাভাইরাস শনাক্তকরণের কিট দুই হাজার মাত্র দুদিন আগপর্যন্ত করোনা শনাক্তকরণের অনুমতি দেওয়া হয়েছিল একটিমাত্র জায়গায়,anger,4
শুধু চাকুরি থেকে নয়দেশের কোনো সম্পত্তি তারা ব্যবহার করতে পারবে নারাস্তাঘাট কোনো কিছুই নাতাদের রাষ্ট্রদ্রোহী স্বীকৃতি দেওয়া জরুরি,anger,4
আকাশে মেঘের আর ওক ও পাইনের জঙ্গলের সংমিশ্রণে গাঁ ছম ছম করা একটা পরিবেশর সৃষ্টি হয়েছে ,surprise,2
আমি উত্তেজিত কন্ঠে একদমে বলে চললাম মা দেখো এ খামটা আমি কয়েকদিন আগে হাসপাতালে চাকরির জন্য যে নিয়োগটা দিয়েছিলামসেখান থেকে এ এপোয়নমেন্ট লেটার টা এসেছে আমার চাকরিটা হয়ে গেছে মা কাল জয়েন করতে বলেছে,joy,0
দরকার হলে রক্তগঙ্গা বয়ে যাবেতবুও মোদীর মতো উগ্র কশাইকে বাংলাদেশের মাটিতে ঢুকতে দিব না,anger,4
ছি ছি ছি দাদা কি লজ্জার বিষয় বউ এর হাতে মার খাওয়া এর চেয়ে লজ্জার কি হতে পারে আর যে বউ এর হাতে মার খায় তার মতো বেহায়া কে আছে,disgust,3
মানুষ যতদিন লোভী থাকবে এ অবস্থা এভাবেই চলবে কোথায় আজ বড় বড় কারখানা মোবাইল কম্পিউটার সোনা হিরা সাজু গুজু দামী গাড়ি ঘরি বেল্ট সাজা সাজি কোথায় বিজ্ঞান আবিষ্কার ,anger,4
নিরাপত্তা সরঞ্জামের অভাবে ঝালকাঠি সদর হাসপাতালের জরুরি বিভাগে সর্দি কাশি জ্বর ও শ্বাসকষ্ট নিয়ে আসা রোগীদের চিকিৎসকের কাছে ভিড়তে দেওয়া হচ্ছে না,disgust,3
নিয়ে যে গেছে সেটাও না এরা একসাথে হলে ফিরতেছিল সো অনেককিছুই হইতে পারে সেগুলা ক্ল্যারিফাই না করে ডিরেক্ট মাইর দিলো আবার আপনাদের কাছে সেটা চমৎকার জাস্টিফায়েড ,anger,4
হায়রে কপাল আমাকে কেউ এমন ভালোবাসলে আমি তাকে সারাটা জীবন মাথায় করে রাখতাম,sadness,1
এমন গল্প শত শত নাহ তারও অনেক বেশি এই গল্পগুলো প্রায় সবারই ঘোর অমাবস্যার দীর্ঘশ্বাসের গল্প,sadness,1
ক্রাউন তা এত সুন্দর কেমনে হয়😍👰নিজেকে রানী লাগছিল😘🥰 অনেক কস্ট করে প্ল্যান করছে এরা কম সময়ের মধ্যে বিয়ের আগে তোরা আমাকে এত মায়ায় ফেলতেছিস  কেন🙄😪😪 সবকিছুর জন্য অনেক অনেক ভালবাসা আর কৃতজ্ঞতা 😘 বইনা গুলা স্কুল বান্ধবীর বিয়ে রাতে না থাকলে নৌকা ঘুরতে যেতাম রে😥😥 বিকালেজীবনে আরেকটা সুন্দর স্মৃতি যোগ হল😍ভালোবাসা নিস😘 তোরা,joy,0
এমন গান আরো হওয়া উচিতবাংলাদেশের বিয়ে বাড়িতে আজকাল বাংলা গান শোনা দুরূহ এমন গান হলে আশা করি বিভিন্ন অনুষ্ঠানে বিদেশি গানের দৌরাত্ম্য কমবে,joy,0
জ্ঞানের কথা হলো নুর কে তিন মাস ঠান্ডা পানিতে চুবানো দরকার ছিল নাটকে,anger,4
তার কথার চেয়ে  আপনাদের কিছু মানুষের কমেন্ট বেশি জঘন্য সেই আপনারাই আবার অন্যজনকে খারাপ বলেন আগে তো নিজেকে ভাল দেখান তার পর না হয় অন্য জনের ভুল ধরেন,disgust,3
সকাল থেকে আপনজন হারানোর কষ্ট চেপে বসেছে বুকে প্রথমবারের মত ভয় খুব বেশী ভয় লাগছে ,fear,5
মিডিয়াতে যতো প্রচার করা হোক না কেন তবুও আসল হোতারা থেকে যাবে ধরা choyar বাহিরে এ  জন্যই আমদের উন্নতি নাই ,sadness,1
বগা লেকের পানি হঠাৎ করে ঘোলা হয়ে যাওয়ার কারণ এখনও অজানা গত এক সপ্তাহ ধরে এই লেকের পানি ঘোলা হয়ে আছে,surprise,2
আসলে তখন এর নাটক গুলি ছিল এক এক টা শিক্ষণীয় বই এর মতযত দেখি তত ভালো লাগে,joy,0
কষ্ট টা তারাই বোঝে যারা মানুষটাকে পেয়েও হারিয়ে ফেলেছে আর এই হারানোর সাথে সাথে যে কত অসম্পূর্ণ নিকোটিন আছে কত বৃথা অপেক্ষা কত ঘুম হারানো রাত আর  কত না বলা কথাসত্যি কষ্টটা হয়ত তারাই বোঝে💔,sadness,1
গা ছমছম করছে  ভয়ে মরে গেলাম,fear,5
আশ্চর্য মেয়েটা রেগে গেল কেন ,surprise,2
এটা একটি সুস্পষ্ট শিক্ষা খুব দারুণ কথা বাকি জারা আছেন শিখে নেন,joy,0
ইটপাথরের ঢাকা ছেড়ে প্রকৃতির কাছাকাছি গিয়ে আমরা বেশ মজা করেছি এই দুদিনে আর খালাআম্মাকে বেশ বিরক্ত করেছি সব মিলিয়ে বাঁশবাগান ছাড়া বাকী সবাই খুবই মধুর ছিলো,joy,0
রিয়াদ লক্ষ করল অবন্তি যখন রেগে যায় তখন তার নাক ফুলে যায় ভ্রু কুচকে যাওয়ার কারনে তার কপালের নীল টিপটিও বেঁকে যাচ্ছে,anger,4
অস্ট্রেলিয়ার পূর্ব উপকূলীয় এলাকায় গত সেপ্টেম্বর থেকে দাবানলের আগুন জ্বলছে দাবানলে এ পর্যন্ত ২৮ জনের মৃত্যুর পাশাপাশি ব্যাপক ক্ষয়ক্ষতি হয়েছে প্রশান্ত মহাসাগরে পৌঁছে যাচ্ছে ভয়াবহ এই দাবানলের ধোঁয়া,fear,5
জ্ঞান ফিরার পর নিজেকে নিজেকে আবিষ্কার করি এক অন্ধকার প্রকোষ্ঠে পুরো ঘরে কোনো জানালা নেইএকটি মাত্র প্রবেশপথসেটাও বাহির থেকে তালাবদ্ধ,fear,5
 মাছের বাজারে ভিড় সবজির বাজারে ভিড় মাংসের বাজারে ভিড় দেশে করোনাভীতি চলছে ,fear,5
ইরানের রাজধানী তেহরানে ইউক্রেনের একটি যাত্রীবাহী উড়োজাহাজকে ভুল করে ভূপাতিত করার কথা ইরান স্বীকার করার পরই দেশটির বিভিন্ন স্থানে ব্যাপক বিক্ষোভ শুরু হয়,fear,5
ভাই ক্যাপশনটা তা অনেক সুন্দর হইছে,joy,0
সরকার  সব মিথ্যা বানোয়াটআমরা ১০০ প্রস্তুত ১০০ কোটি বাজেট করেছি সব চোরের দল,anger,4
সব tiktok খারাপ হয় না 😡😞কিছু কিছু মানুষের মতো দেখতে পশুদের জন্য tiktokএর নাম খারাপ হয়ে যাচ্ছে ,anger,4
সত্যিই আপনি খুব ভালো মানুষ আপনার এই গল্পটি শুুনে আমার দু চোখ দিয়ে জল বেরিয়ে গেছে,sadness,1
৩ টাকার বাদাম কিনতে গিয়ে কথা বলতে বলতে দুই টাকার বাদাম মেরে দেওয়া পাব্লিক আমরা অতএব ৮ হাজারের চাকরির জন্য ৮ লাখ ঘুষ দেওয়া লাগবেএটাই সাইন্স ,joy,0
ধুর মিডিয়া খালি মিথ্যা কয় 🤬🤬🤬 স্বাস্থ্যমন্ত্রী বাসা বাড়ির ভেন্টিলেটর এর কথা বলেছিলেন আই সি ইউর ভেন্টিলেটর না 😂😂😂 কারণ স্বাস্থ্যসেবা খাতে ভেন্টিলেটর কাকে বলে তিনি তা জানেন না গাঞ্জা খোর তো তাই 😂😂😂,disgust,3
বিশ্ব চ্যাম্পিয়ন বাংলাদেশ বিশ্ব চ্যাম্পিয়ন উনিশের যুবাদের হাত ধরে বিশ্ব জয় করল বাংলাদেশ,joy,0
এসব  ফালতু  মেয়েদের জন্য  ভালো  মেয়েদের  রাস্তাঘাটে  সমস্যা  হয় ,disgust,3
আমি তাকে প্রথম দেখায় ভালোবেসে ফেলেলাম কি আশ্চর্য ২৮ বছরের জীবনে এমনটা কখনো ঘটেনি এত সহজে কারো প্রেমে পড়া যায় আমার ভাবনায় তা ছিলনা,surprise,2
দেশের আজাব আর গজব তোর ওপর পরতে বেশি সময় লাগবে না তাই বলছি সময় থাকতে ভালো হয়ে যা,anger,4
আপনারা কৃষকদের ভাতে মারেন দেখেই শাস্তি হিসেবে এখন পেয়াজ ২৫০ দিয়ে কিনতে হচ্ছে আপনাদের তো আবার ১০ টাকা কেজি চাল খেতে জিহবা ল্যাল্লেড়ায় অথচ ১ কেজি ধানের উৎপাদন খরচই ১০ টাকার বেশী৷ ১০ টাকার চাল চাওয়াই একটা অন্যায়,anger,4
রাত ২টায় হঠাত্‍ ভয়ংকর শব্দে ঘুম ভেঙ্গে যায় সবারশুনি কে যেন দরজার বাইরে চিল্লাই,surprise,2
মহিলার বাঁকা ভুরু সামান্য কুঁচকে গেল | নীল পাথরের মতো স্থির দুটো সুরমা টানা চোখে নিমিষের জন্য ক্রোধ ঝলসে উঠল |,anger,4
তোমায় আজো আর দোষ দিব না শুধু যাওয়ার সময় বলে যাবো জীবনের শেষ পথে গেলেও তোমায় মনে রাখবো মনে রেখো তখন চাইলেও আর আমায় ফিরে পাবে না,sadness,1
তবে আজ আমরা জানবো এক মানবপ্রেমী দেবতার গল্প যিনি কি না মানুষের কল্যাণ কামনার জন্যে দেবরাজের ক্রোধানলে পতিত হতেও দ্বিতীয়বারের জন্যে চিন্তা করেননি,joy,0
ইতের হালার পুয়ালা আর লই বলে রাগ গইজ্জে দে,sadness,1
আমি হলাম আকাশ কষ্ট আমার মেঘ জোস্না আমার আবেগ বৃষ্টি আমার কান্না রোদ আমার হাসি কি করলে বুঝবে বন্ধু তোমায় আমি কত ভালোবাসি ,sadness,1
কি হল আবার এই বোকা যন্ত্রটার ভ্রুকটি করে বলল মনন  এখন আমি যাই কি ভাবে ,fear,5
এত ট্যালেন্ট থাকে  দেখার সাথে সাথে মনে  হচ্ছে এই প্রাণীগুলোকে চিড়িয়াখানায় রাখা উচিত এই প্রাণী গুলোকে দেখতে চিড়িয়াখানায় অবশ্যই  ভিড় হবেই হবে,disgust,3
এলাচির সর্বনিম্ন দাম এখন প্রতি কেজি ৫ হাজার টাকার কাছাকাছি আর ভালো মানের এলাচির কেজি উঠেছে ৬ হাজার টাকায় সরকারি বিপণন সংস্থা টিসিবি বলছে গত বছরের এ সময়টার তুলনায় এলাচির দাম এখন ২০৪ শতাংশ বেশি,surprise,2
প্রেমের টানে নেপাল থেকে টাঙ্গাইলের সখীপুরে এসেছেন সানজু কুমারী খাত্রী নামের এক তরুণী উপজেলার কাঁকড়াজান ইউনিয়নের দুর্গাপুর গ্রামের হুমায়ুন কবিরের প্রবাসী ছেলে নাজমুল হোসেনের সঙ্গে তিনি বিবাহবন্ধনে আবদ্ধ হয়েছেন,surprise,2
একসময় সে বললঃ তোমাদের মত এত কিছু কেউ জানতে চায়না সবাই ছবি তুলে চলে যায় তোমাদের আগ্রহ দেখে ভালো লাগল,joy,0
একটা মানুষ তখনই একা থাকতে পছন্দ করে যখন সে দেখে সবাই তাকে ঠকায়,sadness,1
স্ট্যান্ডার্ড ব্যাংক লিমিটেড সর্বকালের সর্বশ্রেষ্ঠ বাঙালি জাতির পিতা বঙ্গবন্ধু শেখ মুজিবুর রহমানের জন্মশতবার্ষিকী উপলক্ষে শোভাযাত্রা করেছে গতকাল বুধবার রাজধানীতে ব্যাংকটির গুলশান শাখার সামনে এ শোভাযাত্রা অনুষ্ঠিত হয়,joy,0
কি রে ভাই একটা মানুষ কিভাবে ৫ দিন গোসল না করে থাকতে পারে অর কি কোন ঘেন্না বাসনা নেই নাকি,surprise,2
সব ডাক্তার সাহেব যে মেডিকেল থেকে পাশ করে তার নামের সাথে প্রতিষ্ঠানের নাম থাকে তাহলে আজহারী লেখায় ওর সমস্যা কি ,disgust,3
কোন মেয়ে হয়তো দূরের কোন বাসায় তার বারান্দায় বসে অবাক হয়ে ভাবে বছর দুয়েক পরপর এই রুমে হুট করে লাইট জ্বলে উঠে কেনো,surprise,2
তার খোজ আমি আর রাখি না ডাক নামে আমি তারে ডাকি না,sadness,1
আপনি রায়হান সব একই ক্যটাগরির আপনার নাটকও দেখেছিবাচ্য ভঙ্গি কথার ধরণ ফার্স্ট ক্লাস বলে মনে হয় নাই এখনকার নাটকগুলা ট্রলের মতোশিক্ষণীয় কিছু থাকে বলে মনে হয় নাকথাবার্তায় অশ্লীলতার ইঙ্গিত এগুলাই থাকে,disgust,3
গতবছরের ৩১ ডিসেম্বর এই শহরে নিউমোনিয়ার মতো একটি রোগ ছড়াতে দেখে প্রথম চীনের কর্তৃপক্ষ বিশ্বস্বাস্থ্য সংস্থাকে সতর্ক করে,fear,5
খুনের দায় এড়ানোর জন্য পুরো ঘটনাকে আত্মহত্যা বলে চালিয়ে দিতে চেয়েছিল কিশোরী মেয়ে ১৬ কিন্তু বৃথা গেছে তার সেই চেষ্টা আদালতে দেওয়া স্বীকারোক্তিমূলক জবানবন্দিতে মেয়ে জানিয়েছে মানসিক ভারসাম্যহীন মাকে নিজেই বঁটি দিয়ে গলা কেটে হত্যা করেছে সে,disgust,3
আমার পোস্টে অনেকে আমাকে এগুলো লিখে কমেন্টও করছেন আমি কিছুটা অবাক হলাম আমাকে নাস্তিক বা কাফের প্রমাণ করে কারো কী লাভ হতে পারে,surprise,2
নরেন্দ্র মোদি  বিশ্ব নমরুদ ও মুর্খ  ফের আউন  ্আললাহ ওর বিচার করো,anger,4
হয়তো অনেক ছেলেও রয়েছে যাদের চিন্তা ভাবনা সমাজকে শুধু অন্যায়ের দিকে ঢেলে দেয়  একটা ছেলে আরেক জনের বৌয়ের সাথে অবৈধ সম্পক্ করে এরাই আসল শয়তান ,disgust,3
তোমার দেখা পাই না প্রিয়বেশ কিছু দিনশুনেছি শহরে লকডাউনের বেশ তোড়জোড়মানুষের ভীড়ে ভীড়ে অদ্ভুত রোগ হানা দিয়েছেতোমাকে দেখতে পাওয়ার ইচ্ছেটুকুও তাইমানুষেদের ভীড়েই অকাতরে বিলিয়ে দিলাম,fear,5
চমকে লাফ দিয়ে শোয়া থেকে উঠে বসলো সার্জন হাপরের মতো হাঁপাচ্ছে তার বুক মধ্যরাতের নিঃস্তব্ধতা খান খান করে দিচ্ছে শ্বাস প্রশ্বাসের শব্দ,surprise,2
তুমি হইলা গিয়ে অতিরিক্ত তেলে ভাজা পরোটার মতো মন যতোই চাই চাই করুক কিন্তু স্বাস্থ্যের জন্য ক্ষতিকর,disgust,3
এককালে টেস্ট ক্রিকেটে সবচেয়ে বেশি উইকেট নেওয়া বিশ্বকাপজয়ী কপিল দেবও সেই হাপিত্যেশ মেটাতে পারেননি কিন্তু সেই ভারতের হয়েই হালে আবির্ভূত হয়েছেন দুনিয়া কাঁপিয়ে দেওয়া সব পেসার এ বছরই হ্যাটট্রিকের হ্যাটট্রিক গড়েছেন ভারতীয় পেসাররা,surprise,2
এই দ্রবনে করোনার ভাইরাস মরে কিনা সেটা জানার জন্য direct করোনার উপর পরীক্ষামূলক প্রয়োগ করা দরকার  জীবাণু যায় কিনা সেটা গবেষণা করে দেখা দরকার কারণ  জীবাণুও মারাত্নক হয়ে উঠতে পারে,fear,5
আতিকুল আধুনিক পশু জবাইখানা কেন্দ্র এলাকাভিত্তিক পাড়া উৎসব উত্তর সিটির প্রতিটি স্থাপনায় মাতৃদুগ্ধ কক্ষ নির্মাণ বস্তিবাসীর জন্য আবাসন ব্যবস্থাসহ নাগরিক সুবিধা নিশ্চিত করার প্রতিশ্রুতি দেন,joy,0
ভাবতেও অবাক হচ্ছি এরকম একটা জঙ্গলের মধ্য দিয়ে কী করে রাস্তা বানানো হয়,surprise,2
কারো পাজেরো গাড়ি থামছে রাতের গভীরে নিষিদ্ধ পল্লীতে ঘরে অপেক্ষারত স্ত্রী দীর্ঘশ্বাস ফেলছে কেউ ভাঙা ঘরে থেকে স্ত্রীকে নিয়ে অবিরত স্বপ্নের জোয়ারে ভাসছে,sadness,1
তুচ্ছ ঘটনাকে কেন্দ্র করে কক্সবাজারের মহেশখালী উপজেলায় দুলাভাইয়ের ছুরিকাঘাতে আবদুল করিম ৩৫ নামের এক ব্যক্তি নিহত হয়েছেন বলে অভিযোগ পাওয়া গেছে আজ মঙ্গলবার সকাল সাড়ে সাতটার দিকে উপজেলার ছোট মহেশখালী ইউনিয়নের মুদিরছড়া জালিয়াপাড়া এলাকায় হত্যাকাণ্ডের এ ঘটনা ঘটে,anger,4
ভারত ও পাকিস্তান পারমাণবিক যুদ্ধে জড়ালে তাৎক্ষণিকভাবে সাড়ে ১২ কোটি মানুষ মারা যেতে পারে যুক্তরাষ্ট্রভিত্তিক এক গবেষণাপত্রে এই আশঙ্কা করা হয়েছে দুই দেশের এই পারমাণবিক যুদ্ধের প্রভাবে বৈশ্বিক জলবায়ুর ওপর বিরূপ প্রভাব পড়বে বলেও সতর্ক করা হয়েছে ওই গবেষণায়,fear,5
যারা রুগী না দেখে ফিরিয়ে দিচ্ছে তাদের একটা লিষ্ট এদেশের মানুষের কাছে তুলে দিনসময় মত জনগণ তাদের রাম ধোলাই দিয়েবিদায় করে দিবেআপনাকে আরও কঠোর হতে হবে দেশের মানুষ বাঁচানোর জন্যযারাই তাদের দায়িত্ব অবহেলা করবে তাদের বিরুদ্ধেই কঠোর ব্যাবস্থা গ্রহণ করবেন,anger,4
২০২০ সালএখনো ফেভারিট রয়ে গেলো এই কমেন্ট টা স্মৃতি হিসেবে রয়ে যাবে যদি বেঁচে থাকি তাহলে এই গান বার বার শুনবো আর এই কমেন্ট টা রয়ে যাবে স্মৃতির অগোচরে ভালোবাসা রইলো আপনার প্রতি দাদা অসাধারণ কন্ঠ আপনার ,joy,0
এশিয়া প্যাসিফিক কাউন্সিল ফর ট্রেড ফ্যাসিলেশন অ্যান্ড ইলেকট্রনিক বিজনেস এএফএসিটি আয়োজন ও তত্ত্বাবধানে অনুষ্ঠিত ইএশিয়া গোল্ড অ্যাওয়ার্ড ২০১৯ ডিজিটাল ট্রান্সফরমেশন প্রাইভেট সেক্টর বিভাগে পুরস্কৃত হলো ডি মানি বাংলাদেশ লিমিটেড,surprise,2
হাওড়া স্টেশনে নেমে দেখলাম আমাদের প্ল্যাটফর্মের বেশ খানিকটা জায়গা ঘিরে দেওয়া হয়েছে তার ভেতরে দাঁড়িয়ে জনা তিন চারেক লোক বিশাল লম্বা লম্বা ঝুলঝাড়ু দিয়ে প্ল্যাটফর্মের ছাদের ঝুল ঝাড়ছে জীবনে এই পেত্থমবার এহেন দ্রেশ্য দেখলাম  দেখে হাঁ হয়ে গেছি আমার মুখেই যে চাট্টি পাখির বাসা থেকে খড়টর খসে পড়েনি তাই অনেক,surprise,2
কিছুক্ষণ আগে লক্ষ্য করলাম কিছু মানুষ বাঙলাদেশের পাসপোর্টে লেখা  ALL COUNTRIES OF THE WORLD EXCEPT ISRAEL লেখাটি শেয়ার করছে অবাক হলাম এই সব মানুষই ৩দিন আগে মানবতা নিয়ে উচ্চবাচ্য করছিলো,surprise,2
তোমাকে মনে পড়ে না এমন কোন মুহূর্ত নেই আর বৃষ্টি হলে তো মনকে ধরেই রাখতে পারি নামনের জমানো সব ব্যথা বৃষ্টির ফোঁটার সাথে চোখ দিয়ে বেরিয়ে আসতে চায় আজ ও বৃষ্টি হচ্ছে,sadness,1
পৃথিবীতে কিছু মানুষের জন্মই হয় আজীবন মারা খাওয়ার জন্য,disgust,3
ওই দোকানে আগের মতই ভীড়অবাক হয়ে দেখলাম দোকানের লোকগুলো আমার দিকেই তাকিয়ে আছেবিশেষ করে দোকানী সে দোকান থেকে নেমে আমার পথেরদিকে তাকিয়ে আছে,surprise,2
অন্ধকারে হয়তো রামদার কোপভাইয়ের গায়ে লেগেছে মারা গেছে সে  বুকফেটে কান্না এল লিটুর  ,sadness,1
ভারতের কেরালায় করোনাভাইরাসে আক্রান্ত তৃতীয় ব্যক্তির খোঁজ পাওয়ার পর এটিকে দুর্যোগ বলে ঘোষণা করেছে রাজ্য সরকার,fear,5
চট্টগ্রামের দুই প্রতিষ্ঠান সিটি কর্পোরেশন অন্যটি চট্টগ্রাম উন্নয়ন কর্পোরেশন এই খানকির পোলারা কি করে,anger,4
কিছু থাকুক আর না থাকুক  আমাদের কথার ফুলঝুরি কিন্তু ঠিকই আছে আমরা কিসের উন্নয়নের রোল মডেলের কথা বলি যেখানে  মানুষকে  প্রপারলি স্বাস্থ্য সেবা দেওয়ার মতো সক্ষমতা আমাদের নাই আমরা ঋণ করে হাজার হাজার কোটি টাকার অস্ত্র কিনি,anger,4
করোনা ভাইরাসের জন্য স্কুল বন্ধ করে দেওয়া হয়েছে আর সবাই কক্সবাজারে গিয়ে ঘোরাঘুরি করছে জানিনা বাঙালী কবে সচেতন হবে করোনার প্রভাব দিন ছড়িয়ে পড়ছে,disgust,3
জীবনের কষ্ট গুলো যদি বেঁধে রাখা যেত তবে তা যত্ন করে বেঁধে রাখাতাম কারন কোন একসময় যদি ফিরে আসো তাহলে দেখাতাম তুমি চলে যাওয়া তে কতটা কষ্টে ছিলাম আমি,sadness,1
গত বুধবার থেকে আজকে পর্যন্ত ঘটে যাওয়া ঘটনাগুলোর মধ্যে কয়েকটি তুলে ধরলাম শুধু একটা কথাই বলে যাব আমাদের দেশ স্বাধীন কিন্তু আমরা এখনো নিরাপত্তাহীন,sadness,1
খুব জোড়ে জোড়ে চিৎকার করতে লাগলাম কিন্তু কেউই আমার আওয়াজ শুনছিলোনা একটু পর দেখলাম কে যেনো আমার পাশ দিয়ে তীব্র গতিতে চলে গেলো অনেকটা বাতাসের মতো আমি ঝপঝপ ঘামছিলাম,fear,5
বাহ ভাই বাহসবশেষে বলতে হবে যে বাংলাদেশ কত বিচিত্র দেখ তার চিত্র আমি তো এখন class এর student হইয়া নিজেরে নিয়া গর্ববোধ করি question এর answer দিয়া,disgust,3
পূর্বে যেই এই ঘটনার সম্পর্কে কিছু বলতে চেয়েছে তার একটা না একটা ক্ষয়ক্ষতি হয়েছেই পুরো এলাকা ভয়ে একাকার,fear,5
সে খুবই ভীতু ,fear,5
ও আমার দিকে তাকালোএ কি এই কি সকালের তিন্নিওর চোখ সম্পূর্ণ লাললম্বা চুল গুলো ভীষণ অগোছালো মোটা গলায় বললতুই কেরে কি চাস আমি অবাক হয়ে গেলামএভাবে কথা বলছে কেনো ও,fear,5
খুব ছোটবেলায় মাতৃহীন হলেও বিত্তশালী পিতার কড়া অনুশাসনে ছোট থেকে সব পরীক্ষায় প্রথমদিকে থাকার ফলে ম‍্যানেজমেন্ট পাশ করে এই চাকরিটা জোগাড় করতে কোনও অসুবিধাই হয়নি,sadness,1
সরকারি চাকরি থেকে অবসর নেওয়ার পর পেনশনের পুরো টাকা যাঁরা তুলে ফেলেছিলেন তাঁরাও এখন মাসিক ভাতা পাবেন তাঁদের ন্যূনতম পেনশন হবে মাসিক ৩ হাজার টাকা,joy,0
২০০৬ সালে ক্লাস ১০ম এর ১ম দিকে রিলিজ হয়কতবার যে শুনতাম নিজের ও খেয়াল নাইতখন থেকেই মনের মধ্যে জায়গা করে নেয় এই সুপার হিরোএখনো সেই পছন্দটাই কাজ করে,joy,0
ঘরের ভেতর অমনি এক অদ্ভুত মূর্তির আবির্ভাব খুব লম্বা ছিপছিপে চেহারা তীক্ষ্ণ জ্বলন্ত চোখ মুখে ছুঁচালো দাড়ি গায়ে মিশকালো পোশাক তার মুখের দিকে তাকালে বুক ঢিপ করে ওঠে,fear,5
আমার বাবা আমাকে বেটা বলে ডাকবে না আহারে হৃদয় ভেঙে যাওয়ার মত সব দৃশ্যকল্প,sadness,1
প্রতিটি ক্যাম্পাসে এই ধরনের পদক্ষেপ নিলে ক্যাম্পাসের বর্তমান শিক্ষার্থীরা কিছুটা হলেও উপকৃত হবেধন্যবাদ CUETian Covid Help Fund,joy,0
এ অদ্ভূত পরিবেশে হঠাৎ অরুণ আমার দিকে ফিরে আচমকা বলল –আচছাশহিদ তুই কি আত্নায় বিশ্বাস করিস,surprise,2
এই যে রাশিকৃত দায় আমাদের—মার্জিত হয়ে ওঠার গ্রহণযোগ্য হয়ে ওঠার অন্যরকম হয়ে ওঠার—কি দমবন্ধ করা কি ভয়ঙ্কর না,fear,5
কোন অন্যায় ইসলাম সমর্থন করে নাহোক সে প্রকৃতির সাথে বা মানুষ পশু পাখির সাথে👉সভ্য নামের অমানুষেরা কত অসভ্যতামি করছে  তার খেসারত সবাই কে ভোক করতে হচ্ছে,anger,4
চিত্রজগতের তিন নায়িকা আঁচল আঁখি বিপাশা কবির ও রোমানা নীড় এবার তাঁদের নামের আগে যুক্ত হচ্ছে নতুন পরিচয় উদ্যোক্তা,surprise,2
কথা গুলো এতো ভালো লাগলো অসাধারণ উপস্থাপন ভঙ্গি,surprise,2
অসাধারণ সিনেম্যাটোগ্রাফি এই সিনেমা পশ্চিম্বঙ্গেও বের করা দরকার দেখতে যাওয়া যেত বাংলাদেশ অসাধারণ কাজ করছে অনেক ভালোবাসা এপার বাংলা থেকে,joy,0
আমার ভোমর আমাকে ছেড়ে চলে গেছে না ফেরার দেশে😭😭,sadness,1
দক্ষিণখানে দুই শিশুসহ মা খুন লাশ উদ্ধারের পর থেকে শিশুদের বাবা নিখোঁজ পুলিশের সন্দেহ ডায়েরির লেখা তাঁর হতে পারে খুনের ঘটনায় তিনি জড়িত,disgust,3
কিন্তু স্যার দিনটা তো এমনিই স্মরণীয় আজকে যে আপনার সাথে আমাদের শেষ ল্যাব ছিলো,sadness,1
সালা একটা রাম ছাগল তোরে জেলে দিমু,anger,4
জাস্ট জ্বালা মিটাইলাম আরকিনেক্সট টাইম আর কিসু করে দেখিও ধুয়ে দিবো,anger,4
এই বয়সে নাতি নাতনিদের সঙ্গে আনন্দে মেতে থাকার কথা তা নয় এ বুড়ো বয়সের ভীমরতি,disgust,3
u টিমও ফাইজমালি শুরু করসে😠,disgust,3
আলো ছায়াময় সেই নির্জন ট্রেনের কামরায় এমন একটা প্রশ্ন শুনে আমি শিউরে উঠলেও বলি – না  আমি বিশ্বাস করিনা  হঠাৎ এ প্রশ্ন করলি যে ,fear,5
আমার মেজাজ খারাপ হয় সিগারেটেখোর দেখলে এরা নাকি শিল্পী  কুকুর ছাড়া এর গান আর কেউ শুনবেনা,anger,4
সত্যি শিল্পী এই না হলে শিল্পী ছি ছি ছি ধিক সেই বরাহনন্দন কে যে একে নিয়ে আলোচনা করেছে  আর ওই সারমেয় কে যে এই সব কেচ্ছা কেলেঙ্কারি গুলো করছে,disgust,3
এর আগে কোন ছোট বাচ্চার পায়ে কখনো ধনুর্বন্ধনী দেখনি,surprise,2
কোথায় গেল  করোনায় চেয়ে শক্তিসালী ব্যাক্তি৷করোনার  মোকাবেলার প্রস্তুতী হায়রে চাপাবাজ৷হুমকী দিয়ে জনগন ঠেকানো গেলেও করোনা ঠেকানো যাবে না৷,disgust,3
 স্মৃতি আছে এখানে—আছে তার সমস্ত ভয়াবহতা নিয়ে ,fear,5
তোরা জীবনে কত মিথ্যা কথা বলবি আফগানিস্তানের ইতিহাস সম্বন্ধে তোদের জানা আছে আফগানিস্তান কিভাবে হলো,disgust,3
বাংলাদেশের কয়েকজন চিকিৎসক ও ইউনিসেফসহ কিছু প্রতিষ্ঠান গবেষণা ও অভিজ্ঞতার ভিত্তিতে এমন কয়েকটি পদ্ধতি উদ্ভাবন করেছে যা নিউমোনিয়ায় আক্রান্ত চরম সংকটাপন্ন শিশুদের বাঁচতে সাহায্য করে,surprise,2
প্রধানমন্ত্রী শেখ হাসিনা খুলনায় বঙ্গবন্ধু পানি শোধনাগার এবং চট্টগ্রামে শেখ রাসেল পানি শোধনাগার নামে দুটি উন্নয়ন প্রকল্পের উদ্বোধন করেছেন আজ রোববার প্রধানমন্ত্রী তাঁর সরকারি বাসভবন গণভবন থেকে ভিডিও কনফারেন্সের মাধ্যমে এসব প্রকল্পের উদ্বোধন করেন,disgust,3
আশ্চর্যের ব্যাপার হলো মানুষ যে মরবেএই বোধটা তার মধ্যে খুব কমই জাগ্রত হয়  এই কারণেই কি মানুষ বেঁচে থাকতে পারে,surprise,2
একটি মেয়ে করুন শুরে গান গাইছে কেঁদে কেঁদে মনে হল সত্যি ষরযন্ত্রের স্কিকার আরেকজন কুরআন নামাজ পরার কারনে মানুষিক রুগি বানিয়েছে এরকম আরো আছে,sadness,1
শুক্রবার চকবাজার কেয়ারি ইলিশিয়াম মার্কেট বন্ধ থাকে কিন্তু আগামীকাল পহেলা ফাল্গুন ও ভ্যালেন্টাইন্স ডে উপলক্ষে Chittagong Chocolate Factory খোলা থাকবে 😍,joy,0
প্রত্যাশা গুলো এখন আর স্বপ্ন দেখে না অভিযোগ গুলো এখন আর অভিমান করে না কিন্তু কষ্টগুলো ঠিকই লুকিয়ে কাঁদে,sadness,1
ভয়ে দম বন্ধ হবার যোগার এ কি হলো তার পা দুটো যেনো অবশ হয়ে যাচ্ছে মনে হচ্ছে কোন অদৃশ্য শক্তি তার দেহকে সাপের মত পেচিয়ে রেখেছে,fear,5
কিন্তু এর এক বছর পরেই তাদের রিপোর্ট অনুযায়ী জানা যায় যে পাকিস্তান অল্প সময়ের মধ্যেই পারমাণবিক অস্ত্রের অধিকারী হতে সক্ষম,surprise,2
চিতাও তার দিকে এগোতে সাহস পাচ্ছে না দুদিনের অনাহারী চিতা কুকুরদের দেখে ক্ষুধার কথা ভুলে লেজ গুটিয়ে বনের দিকে ছুটে পালাল ক্ষুধা পরে আগে জীবনটা তো বাঁচাই,fear,5
স্টিফেন তাদের বললো খাঁচা হতে পর্দা সরাতে পর্দা সরানোর পর সবাই যা দেখলো তা কেউই বিশ্বাস করতে পারছিলোনা খাঁচার ভিতরে ছিলো বিশাল আকৃতির কালো কুকুরের মতো কিছু একটা,surprise,2
জনপ্রিয়তার ২০তম বর্ষে এসে শিল্পী আসিফ আকবর জানালেন নিজের লক্ষ্যের কথা নিজের গাওয়া পাঁচ হাজার গান শ্রোতাদের জন্য রেখে যেতে চান তিনি,surprise,2
পড়াশনা করেছে ঠিকি বাট অমানুষ হয়ে গেছে পড়াশনাটার মান রাখলো না বেয়াদোপটা,anger,4
এই লোকটা এতো সুন্দরভাবে কথা বলে ওনার মতো গুছিয়ে কথা বলা লোক মিডিয়াতে দ্বিতীয়টা আছে কিনা আমার জানা নেই,surprise,2
দেখা যাচ্ছে রোগীরা বহির্বিভাগে তিন টাকা দিয়ে টিকিট নেয় স্বাস্থ্য কমপ্লেক্সের কমিউনিটি ভিশন সেন্টারে কর্মরত নার্স যন্ত্রপাতির মাধ্যমে তাদের প্রথমে পরীক্ষানিরীক্ষা করেন,surprise,2
এই বয়সে নাতি নাতনিদের সঙ্গে আনন্দে মেতে থাকার কথা তা নয় এ বুড়ো বয়সের ভীমরতি,disgust,3
পাপন মাদারচোদ একে একে সব ক্রিকেটারের ক্যারিয়ারে এভাবে ধ্বংস করে ছাড়বে যেমন সাকিবকে করছে,anger,4
মিথুন কি আজও আমাকে ঠিকঠাক বুঝতে পারছে ও কি বুঝতে পারছে আমার কষ্ট টা ও কি আমার ব্যর্থতাটাও বুঝতে পারছে ও কি দীর্ঘশ্বাস চেনে তার উত্তাপ বুঝে,sadness,1
ভাই আপনার প্রত্যেকটা কথা অনেক আত্মনির্ভরশীল অনেক ধন্যবাদ এমন ইতিবাচক চিন্তা আমাদের সাথে শেয়ার করার জন্যআপনার প্রত্যেকটা কথাই নতুন করে অনুপ্রেরণা পাওয়া যায়,joy,0
আমি আতঙ্কিত হয়ে বিছানায় গিয়ে শুয়ে পড়লাম এবং পরের দিন বিকেলে ঘুম ভাঙল,fear,5
তুই তার প্রেমেতে অন্ধ আমি তোর প্রেমেতে সীমাবদ্ধ,sadness,1
ও মেয়ে শুনছ  বাইরে খানিক মেলে দাও তো এসব দুঃখ তোমার একদম গেছে ভিজে হাওয়ার একটি গুণ চমৎকার কিছু দুঃখ উড়িয়ে নেয় নিজে,sadness,1
এই ঘটনার পর আশিসের খোঁজে তল্লাশি চালায় দেহরাদূন পুলিশ মুসৌরির একটি হোটেলের ঘর থেকে হাতের শিরা কাটা অবস্থায় উদ্ধার করা হয় আশিসকে এক পুলিশকর্মীর কথায় ঠিক সময়ে না পৌঁছলে ছেলেটি মরে যেত প্রচুর রক্তপাত হয়েছে,fear,5
আমার পরান যাহা চায় তুমি তাই তুমি তাই গো তোমা ছাড়া আর এ জগতে মোর কেহ নাই কিছু নাই গো,joy,0
তাহসিন ভাইয়া আপনার কথা সত্য কিন্তআমার মনে হয় ২০১৯ এর বিজয়ী যে হয়েছে সেই ভালো ছিল আর খুব সম্ভবত গত কয়েক বছরের মধ্যে সবচেয়ে যোগ্যতা সম্পন্ন,joy,0
গিফ্টের জন্য বিয়ের ডালা অর্ডার ছিল🤗সুন্দর করে প্রেজেন্ট করার চেষ্টা করেছিআলহামদুলিল্লাহ সবার অনেক পছন্দ হয়েছে 😍,joy,0
 হলরুমে একসঙ্গে ৯০০ মানুষ ভয় পেয়ে চিৎকার করে উঠছে,fear,5
আসলে তোর জন্মের সমস্যা আছে জানোয়ার তোর জন্মের দোষ আছে কারণ তুই একজনের প্রতি মিথ্যা কথা বল,anger,4
অন্ধ হোক না চোখভয় দেখাচ্ছে চেনা শরীরমুখোশ মুখের লোক,fear,5
দেশে নামলাম অনেকদিন পরভালো লাগছে বেশ,joy,0
তুই কী পাগল হয়ে গেছিস তুই না পদার্থ বিজ্ঞানের ছাত্র একজন বিজ্ঞানের ছাত্র হয়ে এতোটা মুর্খের মতো কথা বলছিস কী করে তুই,disgust,3
জেল কম্পাউন্ডের মধ্যে পা দিতেই আবার কাল রাতের মত অনুভুতি হলোকোন কারন ছাড়াই ভয়ের একটা শীতের স্রোত নেমে গেলো মেরুদন্ড বেয়েঅনুভুতিটা কাল রাতের মত অত তীব্র না হলেও খুব কমও না,fear,5
এই খাটাসগুলার জন্য ফেসবুকটাই বিরক্ত লাগে উফ কত বস্তাপঁচা হয়ে গেলো ফেসবুক ইউটিউব যেনো একটা কুরুচিপূর্ণ অসুস্থ প্রতিযোগিতা ফেসবুকইউটিউব কতৃপক্ষের উচিত জুতো আর থুথু রিয়েক্ট রাখার জন্য,anger,4
দাঁত থাকতে দাতের মর্যাদা দিতে জানিনা আমরা  আনিসুল হক স্যার কে হারিয়ে বুঝতে পারছি উনি কি ছিল 😣 ওপারে ভাল থাকবেন স্যার  আল্লাহ আপনাকে জান্নাতে নসিব করুক,sadness,1
আহারে তাইওয়ান গরীব দেশ হয়ে এত সুন্দর করে করোনাকে হার মানায় আর বাংলাদেশ সিংগাপুর হয়েও করোনার কাছে পুন মারা খায় নাস্তিক হাসিনার অবৈধ সরকারের হারামখোরেরা,anger,4
প্রবেশপথেই হনুমানজির একটি বাঁধানো ছবি তবে সচরাচর এমন ছবি দেখা যায় না হনুমানজির দুটো ধারালো দাঁত বেড়িয়ে এসেছে মুখের দুদিক থেকে অস্বীকার করার উপায় নেই সুনির্মল বাবুর খানিকটা অবাকই লেগেছিল এমন হিংস্র ছবি বসতবাড়িতে কেন,surprise,2
মাঝরাতে সখিনার চিৎকারে ঘুম ভেংগে গেল পরীর মেজাজ খারাপ হয়ে গেলঘুম নষ্ট হলে বড় বিস্বাদ লাগে পরীর,anger,4
প্রেম করিনি কষ্ট পাওয়ার ভয়ে কাউকে মন দেইনি মনের মানুষ পাইনি বলে আজো একা আছি আমি সেই স্বপ্নের রাজকুমারীর দেখা পাবো বলে  এই কেমন অবাক পৃথিবীতে বাস করি ভালোবাসার কথা বলার মত দুই একজন থাকলেও তা বোঝার মত কেউ নেই ,sadness,1
পুরা নাটক টা জোস ছিল কিন্তু লাস্ট এ এমন করার মানে কি  পুরা মুড নষ্ট করে দিলো ,disgust,3
দাদা জানি না তোমার এই ভিডিওটা সম্পূর্ণ করতে কত পরিশ্রম আর সময় দিতে হয়েছেফল হিসেবে ভিডিওর প্রতি সেকেন্ডে আমার মুখের সাথে সাথে পিছনের দিক দিয়ে  হাসিসহ বাতাস বের হয়েছেভালোবাসা রইল❤বাংলাদেশ থেকে,joy,0
নতুন করোনাভাইরাসে কোভিড–১৯ বিশ্বজুড়ে আক্রান্তের সংখ্যা ২ লাখ ছাড়িয়েছে মৃতের সংখ্যা এখন পর্যন্ত ৮ হাজারের বেশি ইউরোপে পর্যটক ঢোকায় বিধিনিষেধ আরোপ করা হয়েছে যুক্তরাষ্ট্রের ৫০টি রাজ্যেই ছড়িয়ে পড়েছে করোনাভাইরাস,fear,5
আজকের জামানায় যদি আবু জাহেল বেঁচে থাকততাহলে তোর কাছে হার মেনে যেত সেই সাথে তোকে লিডার মেনে নিত,anger,4
আমি প্রচন্ড রকমের ভয় পেলাম আর বাহিরের দিকে দৌঁড় দিতে চাইলাম কিন্তু আমি কোনোমতে সেই কফিশপ হতে বাহির হতে পারছিলাম না আমি যতই দৌঁড়ে বাহিরের দিকে যেতে চাচ্ছিলাম আবার কে যেনো আমাকে বাহির থেকে ধরে এনে ভিতরে আছড়ে ফেলছিলো,fear,5
নড়াইলে রবিশস্য সরিষার সঙ্গে মৌমাছি পালন করে মধু চাষ জনপ্রিয় হয়ে উঠছে এতে একদিকে যেমন সরিষার ফলন বাড়ছে অন্যদিকে বাড়তি আয়ের উৎস হচ্ছে খাঁটি মধু ফলে সরিষার উৎপাদন বৃদ্ধির পাশাপাশি মধু বিক্রি করেও কৃষক লাভবান হচ্ছেন,surprise,2
এই  ছেলে  এত  বোকা  কেন সামান্য  গার্লফ্রেন্ড  এর  জন্য  আত্মহত্যা  করলো  এখন  তো  ওর  পড়ালেখা   শেষ  মানে  সব  শেষ  হয়  আফসোস  মানুষের  অতিরিক্ত  আবেগের  কারণে  নিজেকে  জাহান্নামে   ঠেলে দিল ,disgust,3
একদিন আমাকে একটা কুশিকাটা করা ফুলের প্যাকেট বের করে দিয়েছিল যেগুলো ২২২৩ বছর আগে পিনুর শাড়িতে করা ছিল অথচ মনেই হচ্ছিল না এত পুরোনোসে শাড়িটা লাল রঙের ছিল আমাকে অবাক করে দিয়েছিল,surprise,2
যতগুলা আইন অমান্য করবেততগুলারে আক্রমন করা উচিতবুঝা উচিতসবখানে গোয়ামি চলে না,anger,4
বাংলা মুভি এসব কোন বলদ বানায়দেখলেও বমি আসে মাদারচুদ গুলার রুচি নাই বস্তা পচা মাথার গোবর ভরা ব্রেইন না হলে এগুলা বানায় কেমনে,anger,4
ভালবাসা দাওনি ঠিক আছেঅন্তত বিয়েতে দাওয়াতটা দিয়োকেমন অনেকদিন ভালোমন্দ খাই না,sadness,1
একবার বলেই দেখতে তোমার ভালোবাসা চাই না টাকা চাই দিনরাত খেটে হলেও তোমার চাওয়া পূরণ করতাম,sadness,1
ড্রোন ফুটেজ গুলো বেশি ভালো লাগছে😍😘👌,joy,0
আমার মেজাজ খারাপ হয় রুনার এই ইঙ্গিতপূর্ণ কথা অপমানজনক,disgust,3
একটি সুখের সংসার ধ্বংস করার জন্য শয়তান যতগুলো অস্ত্র আবিস্কার করেছে তার মধ্যে মারাত্নক অস্ত্র স্ত্রীর ঘ্যানর ঘ্যানর,disgust,3
ইন্দোর টেস্ট তিন দিনও খেলতে পারেনি বাংলাদেশ মুমিনুল হকের দল হেরেছে ইনিংস ও ১৩০ রানে ভারতীয় দলও আশা করেনি এই টেস্ট শেষ হয়ে যাবে তিন দিনেই,sadness,1
ভালো কাজ করা লোকগুলো কেন যেন পৃথিবীতে বেশি দিন থাকে না,sadness,1
সেই ভাই 😍,joy,0
সুখী দম্পতি একটি বছর অতিক্রম করে ফেললো চিত্রগল্পের পক্ষ থেকে আবারো অভিনন্দন,joy,0
যারা অন্য দেশ থেকে বাংলাদেশে এসে কোয়ারেন্টাইনে বসে নাই তারা অশিক্ষিত বর্বর ফকিন্নি,disgust,3
এবার দেখলাম সাদা কাপড়ের ভিতর দিয়ে ছোট দুটি পা বের হয়ে আছে মাথাটা কেমন যেন করে উঠল সারা শরীর গরম হয়ে গেল,fear,5
আমাদের বাংলা ভাষা সারা বিশ্ব ছড়িয়ে যাবে একদিন জয় হোক বাংলার,joy,0
এইসব স্যার নামক পশুদের ফাঁসি হোক চাই চট্টগ্রাম মেডিকেল কলেজের ডাক্তার রা অশিক্ষিত তাই প্লাস্টার করছে আর ওই স্যারদের চামচামি যারা করে তাদেরকেও শুলে চড়াতে হবে,anger,4
১২০০ হল থেকে নেমে এসেছে ১৭৪ সেখান থেকে আবার মাত্র ৩৫ হল দেশে শেষ সব শেষ,sadness,1
রিয়াদের আউট দেখে খুব খারাপ লাগলোএকজন সিনিয়র প্লেয়ার হ্যাট্রিক বলটা এতো বাজে ভাবে শট খেলে,disgust,3
খুব ভালো লাগ্লো একটা নেপালের বন্ধু আছে আমার ও বাংলা বললে খুব ভালো লাগে,joy,0
তুমি আমার রঙিন স্বপ্ন শিল্পীর রঙে ছবি তুমি আমার চাঁদের আলো সকাল বেলার রবি তুমি আমার নদীর মাঝে একটি মাত্র কুল তুমি আমার ভালোবাসার শিউলি বকুল ফুল ,joy,0
ভালোবাসা দিবসে ১৯০ কোটি টাকার ফুলের ব্যবসা হবে বলে আশা করছেন ব্যবসায়ীরাগত বছর ভালোবাসা দিবস ও পয়লা বসন্তে ২০০ কোটি টাকার ফুল বিক্রি হয়েছিল,surprise,2
শুধু সফেদা হলে আমাকে গায়ের চাদর দিয়ে হাত পা ঢেকে বুকের কাছে আগলে ধরে সফেদা বেছে খাওয়াতেন সেই সব ছেলে বেলার দিন এখন স্বপ্নের মত লাগে,surprise,2
সব কিছুর একটা সীমা থাকে  ফাজলামি টা একটু বন্ধ করুন,disgust,3
এইভাবে করতে করতে যখন হাসপাতাল থেকে আর একটু দূরে তখন সেই মানুষদের মধ্যে থেকে একজন এসে জানালায় ঘুষি মেরে গাড়ির কাচটা ভেঙে ফেলল ড্রাইভারকে মারধোর করে ফেলে রাখলো রাস্তায় আর আমাদের কাছ থেকে কেঁড়ে নিলো আমাদের বাবুটাকে কেঁড়ে নিয়েই ছুড়ে দিলো সামনের একটা জলাশয়ে সেই জলাশয় আমি কোনোদিন দেখিনি পুরো পানি কালির মতো কালো,fear,5
 ওর ঘরে গিয়ে দেখি ওর ঘাড়ের মাংস অর্ধেক  নেই আর মেঝেতে রক্ত পড়ে আছে শিবানি আর শিবানি নেই দিলাম এক চিৎকার দিয়ে দৈৗড় আমার কাকাদের বাসার দিকে,fear,5
সপ্তাহখানেক আগে পড়া বৃষ্টি ও ঘন কুয়াশার কারণে রংপুরের গঙ্গাচড়া ও তারাগঞ্জ উপজেলায় আলুর খেতে লেট ব্লাইট রোগ দেখা দিয়েছে এতে ছত্রাক ধরে পাতা ও কাণ্ড পচে গাছ মরে যাচ্ছে,fear,5
র‍্যাগিং সন্ত্রাসের সাথে জড়িত সকলের দৃষ্টান্তমূলক শাস্তি ও আজীবন বহিস্কার করার দাবি জানাচ্ছি,disgust,3
করোনাভাইরাস থেকে সৃষ্ট রোগ কভিড১৯ বিশ্বব্যাপী একটি মহামারী হিসেবে হাজির হয়েছে  বাংলাদেশ ঘনবসতিপূর্ণ দেশ হওয়ার কারণে আমাদের স্বাস্থ্য ঝুঁকি অন্য অনেক দেশের চেয়ে বেশি,fear,5
আপন দেশ ভিটামাটি ছেড়ে শখ করে কেউ চলে যায় না এই মায়া বড় মায়া সমস্যা হলো এই দেশের সরকারে যারাই এসেছে তারা কখনোই কোন গবেষণা করে দেখে না,disgust,3
কেও কি জানো সেই দোকানের ঠিকানা যেখানে ভাঙ্গা মন যত্ন সহকারে মেরামত করা হয়,sadness,1
শ্রম আইন লঙ্ঘন করে শ্রমিকদের দিনে ১০ ঘণ্টার বেশি কাজ করাচ্ছে অধিকাংশ তৈরি পোশাক কারখানা,anger,4
জীবনে কখনো কারো উপর খুব বেশি নির্ভর হওয়া ঠিক না কারণ অন্ধকারে নিজের ছায়াও নিজেকে ছেড়ে চলে যায়,sadness,1
যাকে মন থেকে অনেকটা আপন ভাবা হয় তার অবহেলা সহ্য করা সত্যি খুব কষ্টকর হয়,sadness,1
কেনো কেনো কেনো কেনোএই ফালতুটার এই ভিডিওটা আমার সামনে পড়লো কেনোকচু পোড়া দিনটাই নষ্ট হয়ে গেলো ,disgust,3
অনেক দিন ভিসা অফিসে দৌড়াদৌড়ির পর আজ অবশেষে আমার ভিসা টা হাতে পেয়েই গেলাম মনে একটা শান্তি পাওয়া গেল শেষ পর্যন্ত,joy,0
সবাই তোমাকে কষ্ট দিবে তোমাকে শুধু এমন একজন কে খুঁজে নিতে হবে যার দেয়া কষ্ট তুমি সহ্য করতে পারবে,sadness,1
পেশাদারত্ব ও ব্যক্তিগত জীবনের মধ্যে কীভাবে ভারসাম্য আনা যায় তার উদাহরণ হয়ে থাকলেন হলিউড অভিনেত্রী এভা মেন্ডেস দুই মেয়ের জন্ম দেওয়ার সময়ে চলচ্চিত্র থেকে দূরে থাকলেন এই অভিনেত্রী সময় দিচ্ছেন মেয়েদের শুধু তা–ই নয় এটাকে আনন্দের সঙ্গে উপভোগও করছেন এভা,surprise,2
 আমার চোখে দামী সান গ্লাস থাকা সত্বেও চোখ একেবারে ধাঁধিয়ে গেল সত্যিই সে এক জ্বলন্ত শ্বেত সৌন্দর্য্য ,surprise,2
মাঝি হঠাৎ বলে উঠে ডরের কী আছে মরা মানুষ কোনো ক্ষতি করবার পারে না এই ভাসতাছে হঠাৎ দেখবেন লাশটা হাওয়া হইয়া গেছে মরলে এই এক জ্বালা যখন তখন শরীর হাওয়ায় মিইসা যায় আর মানুষ ডরায়,fear,5
আর যদি তা না হয় তাহলে বুঝা যাবে যে আমার রুম থেকে ব্যাগ টা চুড়ি হইসে এই ব্যাপার টা আসলে খুবি লজ্জাজনক,disgust,3
আমার কিছু বলতে ইচ্ছা করছিল না তবু বললাম,disgust,3
সংগঠনের যুগ্ম সাধারণ সম্পাদক কাজী মাহমুদ ইমাম প্রথম আলোকে বলেন লাইসেন্স বাতিলের প্রস্তাব প্রত্যাহারের পাশাপাশি কাস্টমস কর্মকর্তাদের অনিয়মহয়রানির প্রতিবাদে এই কর্মসূচি শুরু করেছেন তাঁরা দাবি আদায় না হওয়া পর্যন্ত এই কর্মসূচি চলবে,anger,4
চলতি বছরে চীনের বায়ুমণ্ডলে ক্ষতিকর নাইট্রোজেন ডাইঅক্সাইড গ্যাসের মাত্রা কমে এসেছে করোনাভাইরাসের প্রাদুর্ভাব মোকাবিলায় চীনের কারখানাগুলো প্রায় বন্ধ হয়ে যাওয়ায় এমনটা হয়েছে,joy,0
মনন বাথটবে ঝুকে গোলাপের পাপড়ি গুল সরিয়ে বালতিটা চুবিয়ে দিল বালতিটা তুলে আনতেই ওর চোখ ছানাবড়া হয়ে গেল ঘাড়ের সবগুল পশম দাঁড়িয়ে গেল  ভয়ে ওর গলা শুকিয়ে গেল ,fear,5
রাতে নোটিফিকেশন আসছে ক্লিক করলাম বাট লেখা আসছে video হলো এটা,surprise,2
যাকে খোচা দিচ্ছেন সে বিদেশে পিএইচডি অধ্যয়নরত সে দান করল কি করলনা সে বিতর্কে যাব না উপর ওয়ালা জানেন সে খবর কিন্তু একজনের দানের খবরে অন্যকে খোঁচানোর স্বভাব আপনাদের রক্ত থেকে কি যাবেনা,disgust,3
বন্যার পানিতে ডুবে গেছে ইতালির ভেনিস শহরের অধিকাংশ স্থান এখন পর্যন্ত দুজনের মৃত্যু হয়েছে বলে জানা গেছে ভেনিসের মেয়র লুইগি ব্রুগনারোর দাবি জলবায়ু পরিবর্তনের সরাসরি প্রভাবেই এই বন্যা,sadness,1
সময় ফুরিয়ে যাওয়ার আগেই তাওবা করুন ঐ মহান সত্তার নিকট আর বলুন  হে সারা জাহানের মালিক হে ক্ষমাশীল হে দয়ালু হে সর্ব ক্ষমতাবান আমরা অন্যায় পাপজুলুম সীমালঙ্ঘন করে ফেলেছি তাওবা করছি আর গুনাহ করব না,fear,5
ওক্সাস নদী থেকে দক্ষিণে যেতে যেতে আফগানিস্তানের ভেতরে হঠাৎ আলেকজান্ডার দেখতে পেলেন এক অদ্ভুত দুর্গ স্থানীয়দের কাছে এটি পরিচিত সোগডিয়ানার পাথর নামে,surprise,2
আমরা মুসলিম হয়ে যদি ইহুদি নাছারা দের মতো চলা ফেরা করি আললাহকে ভয না করি আললাহর আদেশ নিষেধ অমান্য করি তা হলে আললাহর তরফ থেকে গজব আসতেই পারে,fear,5
আশ্চর্যের ব্যাপার জানালায় ধোঁয়া দেখে দরজা ভেঙে ওনার বাড়িতে ঢুকে যখন বসার ঘরে দাউদাউ করে আগুন জলতে দেখা যায় তখন তিনি পাশের ঘরে দরজা বন্ধ করে গান শুনছিলেন,surprise,2
বিশেষত বিড়ালের প্রতি তার তীব্র ঘৃণা ছিলো তার জন্য এ বাড়ির আসেপাশে ও বিড়াল আসতে পারতো না,disgust,3
তোমার দুপুর সকালটা কে করো সঠিক ভাগ আমার জন্য কখন কখন করবে তুমি রাগ ,anger,4
তুই আমার রহস্য জানার জন্য যতোটা উদগ্রীব তারচেয়ে বেশি আমি তোর রহস্য জানার জন্য উন্মুখ হয়ে আছি মৃত্যুর দ্বারপ্রান্তে দাঁড়িয়ে এভাবে কেও হাসতে পারেঅদ্ভুত অদ্ভুত,surprise,2
আন্তর্জাতিক বিশ্বে গাড়ি শুধুমাত্র শখের বস্তু বা প্রয়োজন নয় অনেকের জন্য গাড়ি যেন উন্মাদনা সেখানে চলে ভিন্টেজ গাড়ি ক্রয়ের উন্মাদনা গাড়ি রিমডেলিং গাড়ির রক্ষণাবেক্ষণে এবং আপগ্রেডেড করে দিতে প্রতিষ্ঠিত হয়েছে হাজারো ওয়ান স্টপ কার সার্ভিসিং সেন্টার,surprise,2
স্যার আমি জঙ্গলে গিয়েছিলাম একজনের চিকিৎসা করতে যাকে চিতাবাঘ খুব মারাত্মকভাবে আঁচড় দিয়েছে আসলে ওরা আমাকে ভয় দেখিয়ে বললো এসব কাউকে না বলতে,fear,5
মানে কি খামটা আবারো ভালোভাবে ঘুরিয়ে ফিরিয়ে দেখলাম ফ্রম বানীকিন্তু ঠিকানাটা অদ্ভুত,surprise,2
এতরাতে তুমি কোন আক্কেলে এলে গ্রামে এত রাতে গাড়ি পাবে কোথেকে,disgust,3
যে মেয়ের মনের মধ্যে আত্নার সাথে এত প্রেম আর ভালবাসা ভাইদের জন্য সুপ্ত সে খারাপ হয় কিভাবে তাই না,joy,0
সে কবরস্হান থেকে বের হওয়ার পথে বাড়ে বাড়ে শুধু তার বাবার কবরের দিকে ফিরে ফিরে তাঁকাচ্ছিলো তার কেনো যেনো মনে হচ্ছিলো তাকে সেখান থেকে কেউ ডাকছে সে বেশ ভয় পেয়ে যায় এরপর সে আর পিছনে ফিরে তাঁকালো না,fear,5
এক জরিপে দেখা যায় প্রতি বছর শুধু মার্কিন যুক্তরাষ্ট্রে গবেষণাগারে পরীক্ষার জন্য প্রায় ১০ কোটি ইঁদুর বা গিনিপিগ ব্যবহৃত হচ্ছে,sadness,1
কেমন যেনো বিরক্ত হয়ে গেছি জীবন কি শুধু গৌরবের পেছনে রাত দিন ছুটা ছুটি,disgust,3
প্রত্যেক ভালবাসায় দুইজন সুখী হলেও তৃতীয় একজন অবশ্যই কষ্ট পাবে  এটাই হয়তো পৃথীবির নিয়ম ,sadness,1
চারপাশে পাখিরা তাকে ঘিরে ধরেছে তারাও যেন তার  সুরের মায়াজালে আটকা পড়েছে মেয়েটি দাঁড়িয়ে মন্ত্রমুগ্ধের মত বেহালা শুনতে লাগল,surprise,2
সারাজীবন এমন মিষ্টি গল্প শুনেই সন্তুষ্ট থাকতে হবে দুর থেকে অন্যের ভালোবাসা দেখা ছাড়া আর কিছুই করার নেই সবার জীবনে ভালোবাসা আসে না সবার কপালে এই সুখ লেখা থাকে না  ছাত্রজীবন থেকে যদি জানতাম যে ভালোবাসা নামের কাঙ্খিত সেই অনুভূতি আজীবন অধরাই থেকে যাবে তাহলে সব কিছু বাদ দিয়ে আগে অনেক টাকা আয়ের দিকে মনোযোগ দিতাম তাহলে হয়তো এই বয়সে এসে সেই টাকা দিয়ে খুব ভালো না হোক অনন্ত যেমন তেমন একটা ভালোবাসা কিনে একবারে নিজের করে করে রাখতে পারতাম ,sadness,1
এই কথা বলার সাথে সাথেই মায়ের বন চটকানা খেয়ে সে কাঁদতে কাঁদতে নিজের ঘরে চলে গেলো,sadness,1
গত তিনদিন আগে সেন্ট্রাল ফিল্ড থেকে আমার একটা পেপার হোল্ডার ও টিস্কেল হারাই গেছেসিভিল১৮ বা অন্য কেও পেয়ে থাকলে একটু জানাবেন প্লিজ😓,sadness,1
কিন্তু দেখা যেত হঠাৎ করে আমার টেবিল থেকে একটা মগ পড়ে গেলএকটা বই পড়ে গেল একদিন রাতে কার্ড খেলা শেষ করে রুমে দরজা বন্ধ করে কেবল মাত্র শুয়েছি সাথে সাথে আমার রুমের দরজা খুলে গেল ,surprise,2
কিন্তু আমি কি নিশ্চিতভাবে বলতে পারবো যে আমি এখানে অবস্থান করছি কিনা আমি বা আমার ব্যাপ্তিই বা কতটুকু,surprise,2
টাইসন স্টিলি থাকতেন আলাস্কার স্কোয়েৎনা শহর থেকে ২০ মাইল দূরে প্রত্যন্ত এক জঙ্গলে  চারদিকে শুধু বনভূমি আর বরফ কিন্তু এক রাতে আকস্মিক আগুনে কেবিন ঘরটি পুড়ে যায় আগুনে পুড়ে যায় তার প্রায় সব খাবার বন্দুকের গুলি এবং জ্বালানি তেল টাইসন নিজে প্রাণে রক্ষা পেলেও পুড়ে মারা যায় তার একমাত্র সঙ্গী পোষা কুকুরটি,sadness,1
দুঃখ আছে মনে মনে বলবো আমি কার সনে শোনার মতো মানুষ নাই তাই নিজের কষ্ট নিজেই পাই যেদিন পাবো তার দেখা বলবো আমার মনের সব কথা ,sadness,1
আমাদের বাস ৬ তলায় নামতে হবে ১২০ সিঁড়ি কিন্তু ১০ খানা সিঁড়িও পেরোতে পারছি না ৩ তলার ফ্ল্যাটে সুত্রপাত হওয়া আগুনের গরম হলকা এসে গায়ে লাগছে,fear,5
রাষ্ট্রের অব্যাহত নীরবতার প্রেক্ষাপটে হাইকোর্ট শিক্ষাপ্রতিষ্ঠানে র‍্যাগিংবিরোধী কমিটি গঠন করতে একটি যথার্থ নির্দেশনা দিয়েছেন র‍্যাগিং ও বুলিয়িং কমবেশি বেদনাদায়ক বৈশ্বিক প্রবণতা এটা মানবাধিকারের লঙ্ঘনও বটে,disgust,3
প্রেমিকা জর্জিনা রদ্রিগেজ আর ছেলে ক্রিস্টিয়ানো জুনিয়রকে নিয়ে রেস্তোরাঁর সামনে যেতেই বন্ধুরা বেরিয়ে আসেন কনফেত্তি উড়িয়ে অবাক করে দেন রোনালদোকে তাঁর জন্য তখনো অপেক্ষা করছিল আরও বড় বিস্ময়,surprise,2
রাগ তোমার নাকের ডগায় বাস গেড়েছে বৃষ্টির ফোঁটা পড়লেও হয় সমস্ত মুখ রেগেমেগে লালকুন্ডু,anger,4
আজ সকালে সাধন আচার্য্যকে ফোন করলেন অনেক দিন পর নিগার ডিসপ্লেতে পরিচিত নামটা দেখেই ভীষণ অবাক হয়েছে ,surprise,2
 সেই নটেগাছটি মুড়নোর ভয়ে কাঁটা হয়ে থাকার কবিতা এটা,fear,5
দারুন একটা ম্যাসেজ দিয়েছে সবদিক থেকে নাটকটি অনবদ্য হয়েছে শামিম হাসান দিন দিন পরিনত অভিনয় করছে ভবিষ্যতের কান্ডারি,joy,0
মেডিকেলে এসে ঠিক ফ্যামিলির ফটো ফ্রেম এর মতো মনে হতো নিজেকেখাপছাড়া লাগতোদম বন্ধ হয়ে আসতোঅন্যদের সামনে অপমানিত হতে হতো পদে পদে,sadness,1
এরপর যেই তারা দাফনের কাজ শুরু করবে ঠিক তখনি কবর স্হানে একটা পাগলের প্রবেশ পাগল লোকটাকে দেখে সবাই প্রথমে বেশ ভয় পেয়ে যায়,fear,5
জানোয়ার তোর তো ফাঁসি হওয়া ইচিত তুই কি জানিসমুফতি কাজী ইব্রাহীম কে কাদের নিয়ে তুই মিথ্যাচরণ করিসজানোয়ার কুত্তাবিড়াল তুই একটা পাপিষ্ঠ মানুষ নামের জানোয়ার,anger,4
আশ্চর্যের ব্যাপার হলো যে মেয়েই তার সাথে প্রেমে জড়ায় সপ্তাহখানেক পরেই তার কোনো হদিস পাওয়া যায় না হঠাৎ করে সেই মেয়েগুলো কোথায় উধাও হয়ে যায় কে জানে,surprise,2
বালের ছুটি দিয়ে লাভ কি  কেউ ঘরে নাইবালের লক করে দেশের বারোটা বাজাচ্ছে,anger,4
সচলায়তনের অতিথি সচল প্রৌঢ় ভাবনা আমাদের ছেড়ে না ফেরার দেশে পাড়ি জমিয়েছেন তাঁর লেখা আর মন্তব্য সচলায়তনের পাতায় ব্যথার স্মারক হয়ে রয়ে গেলো বিদায় কবির ভাই সচলায়তন পরিবার আপনাকে হারিয়ে ক্ষীণ হলো,sadness,1
নিজের দেশের স্বভাব চরিত্র এবং সাম্রতিক বিষয়গুলো তুলেই গান বানাতে হবে  নিজেদের সব কিছু দিয়েই যে উন্নত মানের কিছু বানানো এটা তার প্রমান  এরকম গান হলে বিদেশের মাটির বিভিন্ন অনুষ্ঠানে আমাদের গান চলবে এখন যেমন আমরা হিন্দি চালাই,joy,0
বিশ্বাস করেন আমি স্পষ্ট আমার চোখের সামনে একটা অসহায় সন্তানের হাহাকার দেখতে পারতেছিলাম তার মাকে বাঁচানোর,sadness,1
আস্তে আস্তে আমি মামাবাড়ি থেকে ফিরে আসি কিন্তু সেই স্মৃতি আমাকে এখনো ভয় পাওয়ায়,fear,5
আমি ভয়ানক সব স্বপ্ন দেখতে লাগলাম একসময় দেখতে পেলাম কে যেন ভারী কিছু একটা দিয়ে অনেক জোরে আমার পায়েআঘাত করছে ঘুম ভেঙে গেলো সাথে সাথেই,fear,5
 চারিদিক থেকে ভয়ের অনূভুতি গ্রাস করলো তাকেহাটার শক্তিও মনে হলো কেউ কমিয়ে দিয়েছে,fear,5
এই ভদ্রলোকেরা জীবনেও অসাম্পদায়ীকতায় বিশ্বাসী হবে না সরকার সংবিধানে এতো কিছু পরিবর্তন করার পরেও এই মানুষগুলা সবসময়ই সাম্প্রদায়িক মনোভাবে থাকবে এটাই বড় সমস্যা এইদেশের,sadness,1
এমন একটা সুখের ঘর যদি প্রতিটি নারীর জীবনে আশে তহলে তদের জীবনটা ধন্য,joy,0
পুরো গানটা খুব সুন্দরসুরজিৎ দা র জন্য একদম পারফেক্টআর ভায়োলিন পার্ট টা গায়ে কাঁটা দেয় ♥️,joy,0
একদিন বাজার থেকে পাঁচটা হলুদ গোলাপ কিনে বাসায় ফিরবো হলুদ গোলাপ দেখে তুমি ভীষণ রেগে যাবে রেগে গিয়ে জোরে জোরে নিঃশ্বাস ফেলবে তুমি আমি তখন বুক পকেটের কোণা থেকে লাল টকটকে একটি গোলাপ বের করে তোমার হাতে দিবো তুমি আচমকাই হেসে ফেলবে সেদিন 😊💌,joy,0
 শুরুতে সবকিছু ঠিক ছিল কিন্তু প্রায় ১০ দিন পর হঠাৎ একটা অদ্ভুত ঘটনা ঘটল রাতে হঠাৎ স্বপ্নে দেখে খালা ঘুমের ভিতরে থাকা অবস্থায় কোন একটা সাদা ‍ধূতিঁ পরিহিত অনেক দীর্ঘ বৃদ্ধ লোক এসে খালার হাত ধরে টানতেছে এবং সে যেন কোথায় নিয়ে যেতে চাইতেছে,surprise,2
আজ মেহমান এসেছিলোতো তাই এইটা করেছি আজ দুপুরের রান্নাটা খেয়ে একেবারে রুচি চলে গেছেতো তাই এইটা করেছি ছোটবোনের কাছে শুনেছি যেদিন আমার প্রিয় কোনো আইটেম রান্না হয় সেদিন ডাইনিং এ বসলেই মার মন খারাপ হয়ে যায় ,sadness,1
এত কিছুর পরও তোমাদের জন্য তাদের পড়তে হয় লেকচার রেডি করতে হয় আবার কাউকে রান্নাও করেও খেতে হয় টাকা সবাই ইনকাম করতে পারে কিন্তু শিক্ষক সবাই হতে পারে না,sadness,1
উইন্ডোজ আপডেট নাকি ১০ জিবি উইন্ডোজ সাইজ ১২ জিবি আর আপডেট নহয়ে গেলো ১০ জিবি,surprise,2
আমরা ড্রয়িং রুমে বসে আছি মেয়ে দেখার জন্য কিছুক্ষণ পর মেয়ে আসলো মেয়েকে দেখেই কয়েক মিনিটের জন্য আমি হতভম্ব হয়ে গেলাম একটা মেয়ে কি করে এত সুন্দর হতে পারে,surprise,2
শ্রেয়া ঘোষাল অপূর্ব অনেক দিন পরে এত সুন্দর একটা বাংলা গান শুনলাম  এমন গান এবং সিনেমার অপেক্ষাতেই আমরা বাঙালি দর্শকেরা থাকি,joy,0
অ্যাঞ্জেল ডিজিটাল আপনার মানসিকতা পরিবর্তন করুন শিরোনাম দিলেন  সন্ধ্যা রায় এবং সৌমিত্র চ্যাটার্জী তবে সৌমিত্র এবং ববিতা মূল চরিত্রে অভিনয় করেছে ,disgust,3
আমি পাথরের মূর্তির মতো দাড়িয়ে রইলাম সম্বিত ফিরে এলেপরিবেশটাকে ঠান্ডা করতে বললামহুম মজা করেছি,fear,5
কুয়েট থেকে যেদিন চলে আসি সেদিন তাই অতগুলো মানুষ দেখে অবাক হয়ে গিয়েছিলাম নিজেকে সবার চোখে অদৃশ্য ভাবতে শুরু করা আমি শেষ মূহুর্তে যে এতো ভালোবাসা পাবো ধারনা করিনি কখনো,surprise,2
নারায়ণগঞ্জ শহরের ইসদাইর এলাকার বাজারে পাশে অবৈধভাবে গড়ে ওঠা একটি বস্তিতে ভয়াবহ অগ্নিকাণ্ডের ঘটনা ঘটেছে আগুনে ওই বস্তির প্রায় ৬০টি ঘর পুড়ে গেছে,sadness,1
১৯৯৯ বিশ্বকাপপরবর্তী সময় দেখলে সহজ কথায় হারতে দেখে একটু কঠিন সুরে বললে গোহারা হারতে দেখে সে সময় বাংলাদেশ দলের সমর্থকরা একটি জয়ের জন্য চাতক পাখির মত অপেক্ষা করতেন ,sadness,1
ঘটনার সচ্ছ তদন্ত করে দোষীকে দৃষ্টান্তমূলক শাস্তি দেওয়া হোক আজকাল ঢাকা শহরে পুলিশী হয়রানি এক নিয়মিত ঘটনায় পরিনত হয়েছে,disgust,3
হঠাৎ সাদিয়া ভয়ংকরভাবে চিৎকার দিয়ে উঠলোসাথে সাথে টুত টুত করে ফোনের লাইনটাও কেটে গেলো তবে কি সাদিয়াকেও মেরে ফেলেছে সেও কি রঙিং পৃথিবীকে বিদায় জানিয়েছে,fear,5
চট্টগ্রামেতো মানুষ থাকেনা থাকে সব জীবজন্তু তাই চিকিৎসার ব্যবস্থার এই হাল সব নেতারাই শালারপুত,anger,4
Sahana দি তোমার লেখাটা পড়তে পড়তে একটা ম্যাজিক হল সবটুকু চোখের সামনে ছবির মতো দেখতে পেলাম,surprise,2
এই তুমি সেই তুমি ছবির পাত্রপাত্রী প্রায় সবই চূড়ান্ত শুটিংয়ের দিনক্ষণও ঠিক হয়ে আছে প্রধান চরিত্রের অভিনয়শিল্পীদেরও শিডিউল নেওয়া হয়ে গেছে এই মাসে অনুদানের ছবির শুটিংয়ে যাওয়ার যাবতীয় আয়োজনও গুছিয়ে এনেছেন শুধু নায়িকা নিয়েই রয়ে গেছে দুশ্চিন্তা,sadness,1
দাদা আমিও বর্ধমানের ছেলে আমি স্যার এর সিনেমার থেকে দাদার ভিডিও গুলো বেশি পছন্দ করি জানিনা এই কমেন্ট টা দাদার চোখে পড়বে কিনা তাও অনেক ভালোবাসা আর শুভেচ্ছা রইলো তোমার জন্য❤️❤️❤️❤️,joy,0
আলেকজান্ডারের সৌভাগ্য বলতেই হবে কারণ কয়েকদিন আগেই তিনি তার প্রিয় বন্ধুকে হারিয়েছেন ঝিলামের যুদ্ধ শেষ হওয়ার কিছুদিন পরেই বৃদ্ধ বুকেফ্যালাস তার শেষ নিঃশ্বাস ত্যাগ করেছে,sadness,1
এরপর সে হাত দিয়ে যে সিন্ডিকেট বা বিক্রেতা দাম বাড়িয়েছে তাদেরকে কানের নিচে দুইটা থাপ্পড় দেবেন,anger,4
ধুর  চুদির  ভাই  ধর্ম  টানিস  কেন আর  তোরা  মালুরা  কি  অসৎতের  বাচ্চা সব  সময়  সব  জায়গায়  অসৎ  কথাবার্তা  বলিস তোদের  কি  রক্তে  লুচ্ছামির  কিছু  মিশে  আছে ,anger,4
একটি শোক সংবাদ ঃআমাদের সকলের প্রিয় শ্রদ্ধেয় শিক্ষিকা জাহানারা ম্যাডাম আজ রাত বারটার কিছুক্ষণ আগে ইন্তেকাল করেছেন ইন্না লিল্লাহে ওয়া ইন্না ইলাহি রাজিউন সকলের কাছে মরহুমার আত্নার মাগফেরাত কামনা করছিউনার জানাজা শুক্রবার বাদ জুমা কোয়াইশ কলেজের মাঠে অনুষ্ঠিত হবে,sadness,1
অবুক তুই কিভাবে এটা করলি দেখে অবাক না হয়ে পারলাম্না বাবা,surprise,2
বালাম কি ইলুমিনাতির সদস্য হয়ে গেছে ,surprise,2
খানকির পোলা মাফিয়া ডাক্তার কমিউনিটি  সন্ত্রাস আর এদের চুরিবাটপারির কারণে আজকের এদেশের হেলথ সেক্টরের  করূণ দশা অথচ কিছু বোকচোদ গান্ডু হারামী হেলথ মিনিস্টারকেই কলুর বলদ হিসেবে দোষারোপ  করছে,anger,4
র্তমান পৃথিবীর শ্রেষ্ঠ কয়েকটি বিশ্ববিদ্যালয়ের মধ্যে হার্ভার্ড বিশ্ববিদ্যালয় একটি সেই বিশ্ববিদ্যালয় পবিত্র কোরআনের উপর গবেষণা করে কোরআন কে ন্যায়বিচারের জন্য পৃথিবীর শ্রেষ্ঠ বই হিসাবে স্বীকৃতি দিয়েছে ,surprise,2
সবার জন্য আলাদা রুমে বেড ও উন্নত খাবার ব্যবস্থা  অপনার পরিবারের ও আশেপাশে জানাশোনা সকল প্রবাস ফেরত স্বজনকে কোয়ারেন্টাইনে উৎসাহ দিন,joy,0
আমি খুব লাকি কারণ আমরা যে যুগে গান গাওয়া শুরু করি তখন পত্রিকায় গানের বিশ্লেষণ হতো কিন্তু এখন আর পত্রিকায় গানের বিশ্লেষণ হয় না এখন পত্রিকায় মিউজিক ভিডিও রিলিজ হয়েছে সেটা উপস্থাপন হয় আগে একটা সময় ছিল যখন অ্যালবাম নিয়ে কথা হতো,joy,0
ক্যাম্পাসে প্রেম করলে মানুষের ক্যাম্পাসপ্রেম বাড়ে সম্পর্ক হয় একটা আলাদা  আমার কিছুই হয় না ,sadness,1
প্রেমিকা হেইলি ব্যাল্ডউইনকে গতবছরের ১৩ সেপ্টেম্বর বিয়ে করেন কানাডিয়ান পপ গায়ক গীতিকার ও সংগীত প্রযোজক জাস্টিন বিবার বিয়ের ১ বছর পর আবারো হেহইলি বাল্ডউইনকেই বিয়ে করলেন বিবার এর মাঝে তাদের কোনো বিচ্ছেদও হয়নি,joy,0
মনে মনে ভয়ও পাচ্ছিলাম অনেক মানুষ আছে রিক্সাওলার গায়ে হাত তুলে যদি আমাকে কেউ রিক্সাওয়ালা ভেবে মারে,fear,5
তবে এসব কথাগুলো তারা যদি আগএ জানতে পারত তাহলে আগেই বাড়ি ছেড়ে চলে যেতঅরুণকে মরতেও হতো নাসে আজ বেঁচে থাকত হতাশায় ভেঙে পড়লেন অঘোরনাথবাবু আর তার স্ত্রীঘর তাদের খালি হয়ে গেল,sadness,1
এদিকে রাতের বেলা আলেকজান্ডার খবর পেলেন পার্সিয়ানদের রাজাদের রাজার তাঁবু পাওয়া গিয়েছে শুধু সোনা রূপা কিংবা বিলাসদ্রব্যই নয় দারিউস পিছনে ফেলে রেখে গিয়েছে তার স্ত্রী স্তাতেইরা মা সিসিগ্যাম্বিস আর নিজের ছেলেকেও,surprise,2
যে যেটা খুশি সেটাই করতেসে এইভাবে আর কয়দিন চললে মানুষের টনক নড়বে কে জানে,anger,4
আলিগড় মুসলিম ইউনিভার্সিটির ক্যাম্পাসে তরুণ মুসলিম স্বাধীনতাকামী শার্জিল ইমামের দেওয়া বক্তব্যের কারণে গেরুয়া সন্ত্রাসের চারণভূমি ভারত ফুঁসে উঠেছে,anger,4
ভালোবাসা মানে জীবনে এমন একজন থাকা যার প্রতি আপনার অন্ধ বিশ্বাস আছে আপনি যদি তাকে সর্বোচ্চ পরিমান কষ্ট দেন তবুও সে আপনার হাত ধরে রাখবে আর বলবে আমি আছি আমি ছিলাম আর আমি সব সময় তোমারি থাকবো এটাই ভালোবাসা,sadness,1
বাসে যতজন মানুষ থাকে তার ঠিক কত শতাংশ স্মোকার আমার জানা নাই আশা করি সংখ্যাটা ৫০ এর বেশি না ননস্মোকারদের জন্য সিগারেটের ধোঁয়া কতটা অস্বস্তিকর সেটা সবারই বোঝার কথা,disgust,3
বাবার কাছাকাছি যেতে লোকগুলো টের পেল বাবার আশেপাশে আগুনের তেজ বেশি ফোস্কা পড়ে যাওয়ার অবস্থা লোকের ভয় পেয়ে সেখান থেকে সরে এলো,fear,5
অনেকদিন পর ভাইদের সাথে দেখা Avishek Das Avi ভাইয়ের সাথে আড্ডা দিয়ে অনেক মজা পেলাম,joy,0
স্বপ্ন কারো সাথে বেঈমানি করে না বেঈমানি ত করে সেই স্বপ্ন দেখানো মানুষগুলো,sadness,1
ইন্দু নদী পার হওয়ার সময়েই মেসিডন বাহিনীর মধ্যে আবারো বিরক্তিভাব দেখা যেতে শুরু করে,disgust,3
সবচেয়ে ভালোটা হোক তোমার এই কামনা রইলো কোনো সন্দেহ ছাড়াই সুখে থাকো,joy,0
বন্ধু ইমরানের চৌদ্দ্যগুষ্টি উদ্ধার করতে লাগলাম বার বার ঘড়ি দেখতে ছিলাম সেকেন্ডের কাটা গুলি যেন ঘন্টার কাঠা হয়ে গেল সময় কাটতে চাইছিল না,disgust,3
চিৎকার করো হে নারী যতদূর গলা যায় আমাদের শুধু মোমবাতি হাতে নীরব থাকার দায়,sadness,1
একজন সৈনিক ধরণের লােক সেই বাড়িতে এসেছিল রাত কাটাতে লােকটি ছিল অসম্ভব সাহসী   তার মুখ থেকে রাত্রির অভিজ্ঞতা যা শােনা গিয়েছিল তা ছিল রীতিমত ভয়াবহ,fear,5
হুয়াওয়ের কর্মকর্তারা বলেন বঙ্গবন্ধু আন্তর্জাতিক সম্মেলন কেন্দ্রের ওপরে নেটওয়ার্কিং যন্ত্রপাতি বসিয়ে তাঁদের ডিভাইসের মাধ্যমে ৫–জি দেখাচ্ছেন তাঁরা ৫জি ব্যবহারে সেকেন্ডে ১ দশমিক ৬ জিবি গতিতে তথ্য স্থানান্তরের ডেটা ট্রান্সফারের অভিজ্ঞতা পাওয়া গেছে,surprise,2
আমি তোমার নিরাময় ছিলাম আর তুমি আমার রোগ হয়েছ আমি তোমাকে বাঁচিয়ে ছিলাম তুমি আমাকে হত্যা করেছো,sadness,1
পরিস্থিতি নিয়ন্ত্রনের বাহিরে হয় এখনো কোন মন্ত্রী এমপি ডেংগুতে মারা যাওয়ার সংবাদ পাওয়া যায় নাই অধীর আগ্রহে এমন নিউজের অপেক্ষা করছি৷ এই দেশে আমজনতা লাখে লাখে মরলেও পরিস্থিতি নিয়ন্ত্রণে থাকে,disgust,3
এই ধরনের মাদ টাইপের রাইডারদের ভিডিও প্রকাশ করাটাও মাদ এর কাজ,anger,4
পতিতা পাপিয়া বড় লোকের শত্রু নাএই খানকী হলো এই দেশের ও গরীব অসহায় মানুষের শত্রুতাই খানকী পাপিয়ারে মুখেও ওর নিচ তলায় এসিড মারা হোক,anger,4
ভালো সহজসরল একটু বোকা একটু লাজুক একটু ভীতু এই কোয়ালিটির ছেলেরাই নারীদের ১০০ শ্রদ্ধা ও সম্মান করে,joy,0
সে জানে যে এরপর সে নিজেও মারা যাবে তার মৃত্যু অতি সন্নিকটে পরিবারের বাকি সদস্যদের মতো সেও হয়তো কোন এক দুর্ঘটনায়ই মারা যাবে তার মৃত্যুও এবার কেউই ঠেকাতে পারবে না,fear,5
ইরান নিজেদের ক্ষেপণাস্ত্রের আঘাতে ইউক্রেনের যাত্রীবাহী উড়োজাহাজ বিধ্বস্ত হওয়ায় কথা স্বীকার করার পর দেশটিতে বিক্ষোভ শুরু হয়েছে এ ঘটনায় দায়িত্বশীল ব্যক্তিদের বিরুদ্ধে ক্ষোভ ঝাড়তে হাজারো শিক্ষার্থী তেহরানের রাস্তায় নেমে এসেছে,anger,4
হোসেন মিয়া নিজ পুত্রকে প্রথমে চিনতেই পারলেননা শোভনই বলল বাবা আমি শোভন তোমাদের কাছে ফিরে এসেছি এতদিন পর হারানো পুত্রকে ফিরে পেয়ে বাকরুদ্ধ বাবা,surprise,2
মনন ভয়ে আমসত্তা হয়ে গেলওর বেঁচে থাকার সম্ভাবনা ক্রমেই শেষ হয়ে আসছে ,fear,5
পুরাতন বছরের ব্যার্থতা মুছে ফেলে নববর্ষ এলো সাফল্যের দ্বার খুলে ,joy,0
আজ আমি অবাক হয়েছি সত্যি অবাক হয়েছি দুপুরের দিকে হঠাৎ একটা ফোন কল,surprise,2
উদ্যোগটির পরিসর অত্যন্ত ছোট কিন্তু চেতনাগত দিক থেকে এর তাৎপর্য অনেক বেশি গ্রামাঞ্চলের সাধারণ মানুষকে ঠিকমতো বোঝাতে পারলে তাঁরা যে মহৎ কোনো কাজে স্বতঃস্ফূর্তভাবে অংশ নেন এ উদ্যোগের মধ্য দিয়ে তা স্পষ্ট হয়েছে,surprise,2
অতিবৃষ্টি অনাবৃষ্টি বা অন্য কোনো প্রাকৃতিক দুর্যোগ নয় মানবসৃষ্ট সংকট থেকেই দেখা দেয় ভয়াবহ এক দুর্ভিক্ষ অনাহারে মরতে থাকে লাখে লাখে মানুষ,sadness,1
গতকাল সন্ধ্যায় সেন্ট্রাল মসজিদের সামনে থেকে একটা ডেল ল্যাপটপের ব্যাগ হারিয়ে গিয়েছেব্যাগে surveying এর কিছু বই ছিল,sadness,1
দাদা ভিডিও টা খাসা হয়েছে তবে শেষে তোমার মুজরা  দেখে tiktiok এর কথা মনে পড়ে গেল😂 রোদ্দুর রায় নিশ্চয় টায়ার এর সাথে সস্তা গাঁজা ফোকে🤣🤣,joy,0
What a combination Vaiএইটা শুধু আমার প্রাণের দেশে সম্ভবএরকম ভাষা এরকম দৃশ্য😌😌😌,joy,0
চাঁদের আলো অন্ধকার ঘর বিভিন্ন লোকের বিভিন্ন রকম আতঙ্ক,fear,5
পেনিসিলিন চিকিৎসাবিজ্ঞানের একটি অসামান্য ও বিস্ময়কর আবিষ্কার,surprise,2
মুখটা যেনও কেউ এসিডদিয়ে ঝলসে দিয়েছে ওটা দেখে নুরু ভাই ভয়ে কাপাকাপি শুরু করে দিল,fear,5
যেই আমরা রিকশায় উঠতে যাব দেখি যে খাবার এর পাকেট এ কয়েক ফোটা রক্ত সাথে সাথে আমার হাসবেন্ড এর দিকে তাকায়ে দেখি ওর সারা পাঞ্জাবি তে রক্ত,fear,5
চীনে বায়ুদূষণ বরাবরই বেশি কিন্তু এবার দেখা গেল তার ব্যতিক্রম কৃত্রিম উপগ্রহের তোলা ছবিতে দেখা গেছে চীনে দূষণের মাত্রা নাটকীয়ভাবে কমে এসেছে,surprise,2
দিয়াবাড়ি এলাকার একটি ভবনে করোনাভাইরাসের কোয়ারেন্টিন সেন্টার খোলায় গতকাল শুক্রবার প্রতিবাদ জানান ভবনের মালিক ও বাসিন্দারা তাঁরা ওই ভবনের সামনে দিনভর বিক্ষোভ করেন,anger,4
দরজা খুলে যেয়ে দেখি কেউ নাইআমরা সবাই অবাক একিকরে সম্ভব,surprise,2
মেদুয়ারী ইউনিয়নের বগাজান গ্রামে বিয়ের আয়োজন চলছিল কনে স্থানীয় একটি বিদ্যালয়ে সপ্তম শ্রেণি পর্যন্ত পড়ালেখা করেছে এক বছর ধরে পড়ালেখা বন্ধ করে বাড়িতেই থাকে পরিবারের দেওয়া তথ্য অনুযায়ী তার বয়স হয়েছিল ১৫ বছর গোপন তথ্যের ভিত্তিতে বিষয়টি জানতে পেরে বিয়েবাড়িতে পুলিশ পাঠিয়ে সেই বিয়েও বন্ধ করে দিতে সক্ষম হয় ভালুকা উপজেলা প্রশাসন,joy,0
ছিল পড়া না পারার ভয় মার খাবার ভয় শাস্তি পাবার ভয়,fear,5
আমি প্রচন্ড অভিমানী হয়ে জন্মেছি এজন্যে জীবনে অনেক কষ্টও পেয়েছি আমার জীবনের অভিজ্ঞতা থেকেই বলছি মানুষের চরিত্রে অভিমান যত কম থাকে ততই ভালো অভিমান মানুষকে বড় কষ্ট দেয়,sadness,1
আমি কষ্টের স্মৃতি নিয়ে করি বসবাস আমায় নিয়ে কখনো করোনা উপহাস আমার জীবনটা হল একটা দুঃখের ইতিহাস এটাই আমার ভাগ্যের নির্মম পরিহাস,sadness,1
দরজা বন্ধ  কিন্তু দরজার ওপাশেই কে যেনো দৌড়াচ্ছে  আমি ভয়ে ভয়ে তালা খুলে ছাদে এলাম  ,fear,5
রিক্সার প্যডেলে পা রাখতেই তার কেমন ভয় ভয় লেগে উঠে ,fear,5
ভাই এইটা কী ছিলো  এই রকম ভিডিও আর বানাস না কেন শুধু মুধু একটা ছেলের জীবন নিবি,disgust,3
আলোকচিত্রীর জোহাইব আঞ্জুমের ভাগ্য ভালোই ছিল তিনি দুবাইয়ে দুর্যোগপূর্ণ আবহাওয়া পেয়েছেন বিশ্বের সবচেয়ে উঁচু ভবনে বাজ পড়ার মুহূর্তেরও সাক্ষী হতে পেরেছেন সেই দৃশ্য ক্যামেরাবন্দী করেন আঞ্জুম ছবিটি সামাজিক মাধ্যমে শেয়ার করেন তিনি মুহূর্তে সেটি ছড়িয়ে পড়তে বেশি সময় লাগেনি,surprise,2
 সাহসবলে যতই নামডাক থাকুক ভূতেরভয় তার বেজায় ,fear,5
একা একলা পথে খুঁজেছি তোমাকে তুমি আর নেই সেই ঠিকানায়,sadness,1
অবশেষে আশ্রমে যাওয়া হল😁 সবাইকে ধন্যবাদ এত প্যারাময় একটা ট্যুরের সঙ্গী হওয়ার জন্য😁 অভি শত অলসতার মাঝেও সময় বের করার জন্য ধন্যবাদ আপনার আতিথেয়তা আমরা ভুলব না,joy,0
দলের সরদার এই নিয়ে রাগও করে তার সঙ্গে ধমকটমক দেয় এই ঘুমের জন্য সরদার একদিন বেদম বকা বকল তাকে,anger,4
সেদিন পরিক্ষা হওয়ার কারণে আমাদের মধ্যে অনেকেই পরিক্ষায় অংশগ্রহণ করে এবং আমাদের মতো অনেকেই এই জিনিসটা নিতে না পেরে আবার আমাদেরই মধ্যে কয়েকজনের সাথে খুব ন্যাক্কারজনক ব্যবহার করি,disgust,3
আমি প্রচন্ড ভয় পেলাম হাতপা কাঁপতে শুরু করলো আমার আমি কোনোমতে মোবাইলটা বের করে ফেসবুকে ঢুকলাম দেখলাম তামান্না এক্টিভ,fear,5
হঠাৎ তিন্নির জোরে জোরে শ্বাস উঠলোকি ভয়ানকসবাই তিন্নির এই অবস্থা দেখে অঝোরে কান্না শুরু করে দিলো,fear,5
আসিফ উল্টো অনেক বেশি রেগে যায় সে পাগলটাকে ধাক্কা মারতে মারতে কবরস্হান থেকে বের করে দেয় আর বলে এতোটাই কী খারাপ পরিস্হিতীতে পড়েছি নাকি যে শেষ পর্যন্ত একটা পাগলের উপদেশ আমাদের শুনতে হবে,anger,4
এর পরে কোনো গাড়ি খেয়ে দিলেই সব সরকারের দোষ পরিবহন মন্ত্রীর চৌদ্দ গুষ্টিকে নিয়ে এই গরীবের giacomo agostini  ওয়াজ করবে 😒😒 শালার বাঙ্গালী ভাত পায়না আবার রাইডিং সোডাউ,disgust,3
কৌতুহলী হয়ে খামটা খুললাম আর মনে মনে ভাবলাম আজবতো এ খামটা কে রাখলো এখানে খামটা খুলেই আমার চোখ ছানাবড়া উত্তেজিত হয়ে মাকে চিৎকার করে ডাকতে লাগলাম,surprise,2
গাইবান্ধার গোবিন্দগঞ্জে আজ মঙ্গলবার দুপুরে বাস ও মাইক্রোবাসের মুখোমুখি সংঘর্ষে এক নারী সাবরেজিস্ট্রারসহ দুজন নিহত হয়েছেন আহত হয়েছেন তিনজন আজ দুপুর ১২টার দিকে উপজেলা শহরের বোয়ালিয়া চক্ষু হাসপাতাল এলাকায় ঢাকারংপুর মহাসড়কে এ ঘটনা ঘটে,sadness,1
গত মৌসুমে লা লিগা ও স্প্যানিশ সুপার কাপ জেতার আর্থিক পুরস্কার পেলেন বার্সেলোনার খেলোয়াড়েরা বোনাস ও অ্যাড অনস মিলিয়ে খেলোয়াড়দের হাতে ৯ কোটি ২০ লাখ ইউরো বাংলাদেশি মুদ্রায় প্রায় ৮৫৫ কোটি ২১ লাখ টাকা তুলে নিয়েছে কাতালান ক্লাবটি এ তথ্য জানানো হয়েছে বার্সার বার্ষিক প্রতিবেদনে,surprise,2
ভাই এটা কি আপনি গল্প লিখলেন আমার মনে আতঙ্ক শুরু হয়েছে আর এরকম গল্প পোস্ট করেননা প্লিজ ভয় লাগে,fear,5
একটি সুখের সংসার ধ্বংস করার জন্য শয়তান যতগুলো অস্ত্র আবিস্কার করেছে তার মধ্যে মারাত্নক অস্ত্র স্ত্রীর ঘ্যানর ঘ্যানর,sadness,1
জাতীয় নদী রক্ষা কমিশনের চেয়ারম্যান বলেন শুষ্ক মৌসুমে নদীতে পানির প্রবাহ কমে যাচ্ছে কিন্তু বর্ষা মৌসুমে পানি বেশি আসছে এ কারণে বন্যাসহ বিভিন্ন প্রাকৃতিক দুর্যোগ হচ্ছে এতে দেশের সম্পদ ও জানমাল বিনষ্ট হচ্ছে,fear,5
ছেলেটা কেমন অদ্ভুতভাবে সব কথার জবাব দিচ্ছে যেন সে আগে থেকেই জানে আমি ওকে কী জিজ্ঞেস করবো,surprise,2
মেধাবী এই ফরাসি বিজ্ঞানী ১৯০৩ সালে তেজস্ক্রিয়তার ওপর গবেষণার জন্য নোবেল পুরস্কার পান তিনিই ১৯১১ সালে রসায়নেও নোবেল পুরস্কার জয় করে প্রথম মহিলা বিজ্ঞানী হিসেবে বিজ্ঞানের দুটি ভিন্ন শাখায় দুবার নোবেল পুরস্কার পাওয়ার ইতিহাস তৈরি করেন,surprise,2
প্রধান সড়কে রিক্সা কতটা যুক্তি সংগত বসুন্ধরা টু সায়দাবাদ এই রোডের ৯০ জ্যাম হয় এই রিক্সা এর কারনে  মেইন রোড রিক্সা বেন করে দিছে  তাই উনারা আন্দোলন করছে ,disgust,3
বর্তমান সময় আমাদেরকে বুঝিয়ে দিচ্ছে চিকিৎসা ক্ষাতে বিনিয়োগ কতটা জরুরী এমন নাজুক চিকিৎসা ব্যবস্থার জন্য আগামী কিছুদিনের মধ্যে আমার হয়তো একটি ভয়াবহ অবস্থায় পরতে যাচ্ছি,fear,5
হালা এটা না কি গান😃😂মুখে এসব কি লাগানো ১৬ মিনিটের সোর্ট ফিল্মের লাস্ট মুহূর্তে যেগুলা ফেলে দেয় অইগুলা মনে হচ্ছেআর এটা ডিম না কি তর বিচি🥺,disgust,3
ওহে হারাইহারাই সদা হয় ভয়হারাই হারাই সদা হয় ভয়,fear,5
বাজারজুড়ে সংকটের নাম আস্থাহীনতা,surprise,2
আমি এর আগে এই রাস্তা দিয়ে আর যাওয়া আসা করি নাই রাত্রি বেলা আমি রাস্তা দিয়ে ভয়ে ভয়ে এগুচ্ছি,fear,5
এক সপ্তাহ পরে যারা আবার চেক করতে আসছেন ডিজলাইক কত হইছে তারা এইখানে লাইক দিতে পারেন😂😂😂,disgust,3
সাকিবকে যে যতই খারাপ বলুক অহংকারি বলুক আমার কাছে মোটেই সেরকম নয় বরং মনে হয় বাংলাদেশের ইতিহাসে দ্বিতীয় সাকিব আর আসবে না ,joy,0
গৌরবের জন্য আকাশের উচ্চতায় অনবরত উড়তে উড়তে,disgust,3
ফার্মগেটের উত্তরণ রেকর্ডিং মিডিয়ার কর্ণধার রফিকুল ইসলামের সংগ্রহে শুধু অনেক পুরোনো ও স্মৃতিবিজড়িত লংপ্লে এলপি রেকর্ডই নেই বাংলাদেশের গানের জগতের অনেক অজানা তথ্যও রয়েছে বহুমূল্য এসব সংগ্রহ আগলে থাকা এই সংগীতজন দৃঢ়তার সঙ্গেই বললেন কলের গান ফিরে আসবেই,surprise,2
অসম্ভব বড় ২টা পায়ের পাতা সেই সঙ্গে পায়ে কালো ঘন লোমের লম্বা লম্বা নোখ এই দেখেই আমি প্রথমে খুব ভয় পেয়ে যাই,fear,5
আমি তোমার আর আমার ভেঙ্গে যাওয়া স্বপ্ন গুলো বুকের মাঝে পুষছি আমি এখনো পারিনি তোমার মত ভুলে যেতে তোমার সাথে কাটানো কিছুটা সময় কিছু মুহূর্ত পারিনি তুমি নামের সেই অতীতটাকে ভুলতে জানি না কোন দিন পারবো কি না তোমায় ভুলতে,sadness,1
আবালের বাচ্চারা এভাবে কেউ ছবির ট্রেলার বানায় অশিক্ষিত মূর্খ  আপনারা গিয়ে গুলিস্তানের ফুটপাতে কাপড় বিক্রি করেন,anger,4
তুই একটা  জানোয়ার বাচ্চা তোর মা বাপ কেমন আমার  জানা নেই  তোরে কোন মাটি দিয়ে তৈরি করছে তোর মুখে লাগাম দে এখনও সময় আছে ঠিক হয়ে যা,anger,4
২৫ মে রাজধানীর ভাটারার ছোলমাইদ বসুমতী এলাকার একটি বাসা থেকে তানিয়া বেগমের লাশ উদ্ধার করা হয় এ ঘটনায় তানিয়ার ভাই মেহেদী হাসান বাদী হয়ে ২৬ মে ভাটারা থানায় অজ্ঞাত ব্যক্তিকে আসামি করে হত্যা মামলা করেন তানিয়া বেগম হত্যায় জড়িত থাকার অভিযোগে ফয়সালকে গ্রেপ্তার করে সোমবার ঢাকার আদালতে পাঠায় পুলিশ তানিয়ার ভাই মেহেদী হাসান প্রথম আলোকে বলেন তাঁর বোনের হত্যাকারী ফয়সালের দৃষ্টান্তমূলক শাস্তি চান তিনি,anger,4
জাতীয় দলে ঢোকার আগের ধাপটাই তো অনূর্ধ্ব১৯ যেহেতু বয়সভিত্তিক এ দল থেকে অনেকেই সরাসরি উঠে আসেন জাতীয় দলে শরিফুল ইসলাম কি সে পথেই হাঁটছেন পচেফস্ট্রুমে আজ অনূর্ধ্ব১৯ বিশ্বকাপ সেমিফাইনালে নিউজিল্যান্ডের ব্যাটসম্যানদের গতি ও সুইংয়ে নাকানিচুবানি খাইয়েছেন বাঁহাতি এ পেসার,joy,0
বাংলাদেশকে শেষ করে দিচ্ছে এই সরকার মুখে বড় বড় কথা কিন্তু কাজে কিছু নাচট্টগ্রাম হচ্ছে বাংলাদেশের বানিজ্য রাজধানী এই বানিজ্য রাজধানীকে শেষ করে দিবে সরকার,fear,5
ঢাকা আন্তর্জাতিক বাণিজ্য মেলার ডিআইটিএফ সময় আরও দুই দিন বাড়ল মেলা শেষ হবে ৬ ফেব্রুয়ারি বৃহস্পতিবার,joy,0
এই জন্যই তা্হসান এত জনপ্রিয়শিক্ষার গুন উনার কথায় ফুটে উঠে,joy,0
আমি বরাবর ৫ ফিট ৯ ইঞ্চি🤪🤪 কিন্তু আমি থাকে বিয়ে করতে অপারগতা জানাচ্ছি😋😋 কারন চেহেরা একটু পুরুষ টাইপ এর👦আর অনেক জান্টু😤😤😤অশালীন কাপর পরিধান করে💃কথা গুলাও সুন্দর না🙊,disgust,3
হঠাৎ আমার আর প্রেম করতে ইচ্ছা করেনা আবিদ ফোন দিলে ধরতে ইচ্ছা করেনা সবসময় এক‌ই জিনিস কার ভালো লাগে সেই বাবু খাইছো কি করো একঘেয়েমি সব কথাবার্তা আমি ফোন ধরে গম্ভীর গলায় বলি আমার আর কথা বলতে ভালো লাগছেনা ভালো থাকবেন,disgust,3
হলের বিড়ালগুলোর উৎপাত দিনদিন বেড়েই চলছে বিড়ালগুলা অনেক সমস্যা করতেছে কিছু একটা করা দরকার,disgust,3
দুম করে যার চাকরি হয়ে গেলো এই চাকরির পেছনে কত শ্রম কত উৎকন্ঠা কত শত দিনের চেষ্টা লুকানো আছে  তার খোঁজ কে রাখে ,sadness,1
এরকম আরো একজন বাবা আছেন এখন আমার বাসায় তিনি সম্পর্কে আমার মামা শশুর হন তার অনেকগুলো ছেলে মেয়ে ও আছে ভাগ্যের নির্মম পরিহাস এখন কেও উনাকে রাকতে চায় না বাসা থেকে বের করে দাওয়া হয়েছে,sadness,1
এতদিন কোথায় ছিলেন মামারা জখন আড়াল করা জাইনা তখন প্রচার করা এইটা কে সঠিক সাংবাদিকতা বলাজাইনা এইগুলি দালাল সাংবাদিকতা এখন একেবারে সে এমন সে তেমন এইগুলি এতদিন কোথায় ছিল এতদিন বের করতে পারনি কেনএখন একেবারেই বেটা একখানহলুদ সাংবাদিকতা ছাড়,disgust,3
বন্ধুরা যখন আমরা কোথাও চাকরি করি তখন আমাদের বস ছোট ছোট কারণে বা অনেক সময় কোন কারণ ছাড়াই আমাদের বকাবকি করেন রাগ দেখান সবার সামনে অপমান করেন ভালোমন্দ কথা শোনান ,anger,4
তামিম এর বাপ দাদার সম্পত্তি বিসিবি ও মাহমুদ উল্লাহ পঞ্চ পান্ডবের অংশ এরা যতো নিজের খেয়াল খুশি মতো খেলুন না কেন এরা অটোমেটিক চয়েস এই পদ্ধতি যতদিন চেন্জ না হবে ততদিন বাংলাদেশ ক্রিকেট দলের কোন উন্নতি হবে না আমি চ্যালেঞ্জ করলাম পারলে বিসিবি সভাপতি আমার এই চ্যালেঞ্জ গ্রহণ করেন,anger,4
সত্যিটা ভেবে তোমার ঠোঁটের কোণে এক চিলতে হাসি ফুটল শাড়িতে তুমি দুনিয়ার সেরা অপ্সরী,joy,0
আওয়ামী লীগের সাধারণ সম্পাদক এবং সড়ক পরিবহন ও সেতুমন্ত্রী ওবায়দুল কাদের বলেছেন বিএনপি ফেলের মধ্যেই আছে তাদের ভাগ্যে বিজয় কবে আসবে তা জানা নেই,surprise,2
আরও একটু ভালো করে লক্ষ্য করতেই শরীরে একটা শিহরণ খেলে গেল,fear,5
এই  ছেলে  এত  বোকা  কেন সামান্য  গার্লফ্রেন্ড  এর  জন্য  আত্মহত্যা  করলো  এখন  তো  ওর  পড়ালেখা   শেষ  মানে  সব  শেষ  হয়  আফসোস  মানুষের  অতিরিক্ত  আবেগের  কারণে  নিজেকে  জাহান্নামে   ঠেলে দিল ,disgust,3
কিছু কিছু সাংবাদিক এর পেশাগত যোগ্যতা নিয়ে সন্দেহ হয়তারা কি অাসলেই নিজের যোগ্যতায় সাংবাদিক হয়েছে যখন শুনি মূর্খের মতো প্রশ্ন করেতখন ইচ্ছে করে কানের নিচে থাপরাইতে লজ্জা নেই এই দেশের রাজনীতিবিদ দের,anger,4
ভয়ও আছেযদি ক্লান্তি আসে তোরআর যদি তুই নাই খুঁজিস আমায়,fear,5
কি এক অবস্থা নিজেদের অক্ষমতা মনে করে নিজেরই হাসি পাচ্ছে ,sadness,1
ছোট ভাইয়ের কথা শুনে গা কেমনছমছম করে ওঠে বড়ভাইয়ের পেছন ফিরে তাকায় সে ,fear,5
স্তম্ভিত হয়ে চুঘতাইয়ের দিকে তাকিয়ে থাকি আমি যে পাণ্ডুলিপি লেখাই হয়নি সেই পাণ্ডুলিপি চুরি হয় কী করে,surprise,2
পুলিশ যদি মনেকরে ওনাকে পেটাতে হবে  তাহলে ওইটুকু ব্যবস্থায় কিচ্ছু হবে না এসব লোক গুলোর পাছায় বাঁশ দিয়ে তিন মাথা মোড়ে প্রদর্শনী দেয়া উচিত,anger,4
ভালবাসা সপ্নের এক ঠিকানা যার খোজ পাওয়া সহজ কিন্তু সঠিক মনের মানুষ পাওয়া কঠিন ভাল তো সবাই বাসতে পারে কিন্তু ভালবাসা কি সবাই বুঝতে পারে,sadness,1
আমি গেলে আমাদের বাড়িতে আর কেউ থাকার মত থাকত না দিনের বেলা একা থাকা ভয় না করলেও রাতের বেলা ভয় করত,fear,5
মা মা কি করছে এখন,sadness,1
এর চেয়ে ভয়ংকর কিছু আপনি ভাবতে পারতেছেন না শত শত লাশ থেকে কল্পনা হাজার হাজার লাশের দিকে চলে গেছে হাজার হাজার লাশ থেকে কল্পনা লাখ লাখ লাশের দিকে চলে গেছে ,fear,5
 এটা তো দুনিয়া এই পৃথিবীতে ভালোবাসা আছে প্রিয় মানুষ আছে প্রাণের বন্ধন আছে দুঃখের সময়ে পাশে থাকার লোক আছে এতকিছু থাকার পরও একটি প্রাণঘাতী ভাইরাস কীভাবে মানুষকে আত্মকেন্দ্রিক করে চলেছে ভেবেছেন ভয় একটাই–কাছে গেলে আমিও আক্রান্ত হতে পারি আক্রান্ত হলে মারা যেতে পারি তুমি আক্রান্ত হয়েছো তুমিই মরো আমি দূরেই থাকি আপাতত বেঁচে যাইদুনিয়াতেই যদি এমন হয় তাহলে আখেরাতে কেমন হতে পারে,fear,5
এই জিনিসগুলাএগুলোকে সিনেমা বলা যায় না কি সেন্সর ছাড়পত্র পাই যদি পাই তাহলে কেমনে সেন্সর বোর্ড এ কি সব ঘাস খাওয়া গরু,disgust,3
দুইজনেরই কথা ভীষণ ভালো লাগলো 💝ওনারা খুব ভালো থাকুনসুস্থ থাকুন এই শুভ কামনা রইলোসত্যিকারের ভালোবাসাকে সন্মান করি আমি🙏🏻💞,joy,0
সব নাটকেই শুধু বড়লোকি ভাব নিজের গাড়ি নিজের বাড়িএতো এতো টাকাকিন্তু আমরা যারা এসব নাটক দেখি ৮০ লোকই এমন পরিবেশের নাসো একটু এদিক থেকে বেরিয়ে এসে নাটকগুলো সাজা,disgust,3
স্বাস্থমন্ত্রীকে নিউজ টা দেখানো হোক🤬🤬🤬 লোকটার বড় বড় কথা শুনলে বমি এসে যায়,disgust,3
ভাইরে শনিবার ফিজিক্স পরীক্ষা এখন দেয়ার সময় হইল আপনার😠,anger,4
কত বড় সাহস বেয়াদবদের শিক্ষকদের নেইম প্লেট উপড়ে ফেলে দিছে কত আন্দোলন দেখছি চুয়েটে কাউকে কখনো শিক্ষকদের সাথে এমন আচরন করতে দেখি নাই যারা জড়িত সবগুলোকে অন্তত ১ বছরের জন্য বহিষ্কার করা উচিত,anger,4
ঢাকা দক্ষিণ সিটি করপোরেশনে বিএনপির প্রার্থী ইশরাক হোসেনের নির্বাচনী প্রচারের সময় ক্ষমতাসীন আওয়ামী লীগ ও বিএনপির কর্মীসমর্থকদের মধ্যে সংঘর্ষের ঘটনা ঘটেছে এ সময় আওয়ামী লীগ ও বিএনপির সমর্থকদের মধ্যে সংঘর্ষ ও পাল্টাপাল্টি ধাওয়ার ঘটনা ঘটে,anger,4
গতকাল এক টুপিদাড়িওয়ালা ওয়াজ শ্রবণরত দোকানদার যখন পাঁচ টাকার মাস্ক পনের টাকা নিল আমি বললাম আপনার জন্য বেহেশতে হুর নাই ভাইজান আপনারে জাহান্নামে নিয়া পোন্দাইয়া দিবে,sadness,1
বর্তমান বাজারের যে অবস্থা তাতে বলা যায় বাজারের ওপর আস্থা প্রতিনিয়ত হারাচ্ছেন বিনিয়োগকারীরা বড় ধরনের অস্থিরতা তৈরি হয়েছে আর তার প্রতিফলন দেখা যাচ্ছে সূচকে,fear,5
ভয় ভালবেসে ভয়জপে তপে ধ্যানে স্তবেকোলাহলে কলরবেভয় আর ভয়,fear,5
বিস্ফোরিত চোখে প্রশ্ন করলাম কি বলছেন এসব,anger,4
তারপর বললো রবিন তোমার উপার্জনের ৪০ টাকা আজকে আমি নষ্ট করতে তুমি কাঁদলে আর আমার কতো টাকা তুমি এইভাবে নষ্ট করেছো কোথায় আমিতো একবারও কাঁদিনি,sadness,1
জ্ঞানের কথা হলো এমন স্বামী এমন বাবাএমন ছেলেকে কথায় জুতার বারি দেয়া উচিৎ বাটআমাদের সমাজ এমনই পুরুষের কোনো দোষই দোষ নয়সেতো পুরুষ তাই না,anger,4
এই আপনারা মানে চেতনা বোদ্ধারা যদি দেখতেন যে কেউ বেধে রাখার ভিডিও আপলোড করেছে তখন বলতেন দাড়িয়ে দাড়িয়ে ভিডিও না করে বাচ্চাটাকে ছাড়াতে পাড়েন নাই আপনাকে আগে বেধে মারা দরকার,disgust,3
অথচ দেখেন আমি প্রবাসী আমার কোম্পানিতে প্রায় ১৭০০+ মানুষ কাজ করে  প্রতিদিন সকালে সবাইকে একটা করে মাস্ক দেওয়া হয় হয়তো আমাদের দেশে হলে কোম্পানি  পালিয়ে যেতো অথচ এদেশে সরকার  ফ্রি মাস্ক বিতরন করছে,joy,0
চাপাবাজি না করে আল্লাহর ওয়াস্তে মানুষের সেবা নিশ্চিত করুন,disgust,3
বিদেশ থেকে এসে কোয়ারেন্টিন না মানায় চট্টগ্রামের চার উপজেলায় চারজনকে ৪০ হাজার টাকা জরিমানা করা হয়েছে আজ বুধবার তাঁদের ভ্রাম্যমাণ আদালত এই জরিমানা করেন,anger,4
একটা মানুষ কতটা বোকাচোদা আর ব্যাক্তিত্বহীন হলে নিজে নায়ক হয়ে আরেক ইন্ড্রাস্টির নায়কের ক্যাপদাড়িজ্যাকেট সব সেম কিনে নিজেকে প্রেজেন্ট করতে পারে,disgust,3
হঠাৎ আমার বুকের মধ্যে যেন ৭০০ টন ওজনের পাথর পড়ল দু হাত কাপতে লাগল ভয়তে দিক বিদ্বিক আমি ছুটতে লাগলাম হন্নে হয়ে উন্মাদ হয়ে,fear,5
তাদের সাথে গেলামগিয়ে দেখি লিমনের লাশ টা পড়ে আছে তার লাশটা দেখতে গত রাতের ভয়নকর ভুতটার মতো ছিলো,fear,5
এই চিটিংবাজ মেয়েটার জন্য সুসাইড করে আমাদের ছেলেদের কে লজ্জায় পেলে দিলি ভাই,sadness,1
ফিরোজ রশীদ বলেন প্রশান্ত হালদার নামে একটা লোক ননব্যাংকিং প্রতিষ্ঠান করে ৩ হাজার ৫শ কোটি টাকা নিয়ে উধাও হয়ে গেছে এভাবে টাকা চলে যাচ্ছে কার জবাব কে নেবে কার জবাব কে দেবে কোনো জবাবদিহি নেই,disgust,3
অতিদারিদ্র্যের হার এ বছর এক অঙ্কের ঘরে নেমে এসেছে গত জুন মাস শেষে অতিদারিদ্র্যের হার ৯ দশমিক ৭ শতাংশ হয়েছে বলে জানিয়েছে পরিকল্পনা কমিশনের সাধারণ অর্থনীতি বিভাগ জিইডি গত ১০ বছরে প্রায় এক কোটি লোক নিজেদের হতদরিদ্র অবস্থা কাটানোর যুদ্ধে জয়ী হয়েছেন,joy,0
দাদীর মুখে এমন কথায় থমকে যাই এই গ্রামে হুট করে কোত্থেকে এত সুন্দরী মেয়ে খুঁজে পেলো  আমিতো এতদিন টর্চলাইট জালিয়েও খোঁজ পাইলাম না,surprise,2
মাঝে মাঝে তব দেখা পাইচিরদিন কেন পাইনা,sadness,1
সালা বাঁচবি কিনা সেই চিন্তা কর এইসব প্রথম পুরুষ আর দ্বিতীয় পুরুষ এখন বাদ দিয়ে ঈশ্বরের নাম নে,anger,4
রাষ্ট্রের কোষাগারে আমি পাই পাই করে ট্যাক্সভ্যাটের টাকা জমা দিয়েছি আকিজ গ্রুপের আইসোলেশন সেন্টারে আশ্রয় পাবার আশায় না  রাষ্ট্রের আইসোলেশন সেন্টার কোথায়,anger,4
আমি প্রকৃতিক সৌন্দর্যে নিমগ্ন ছিলাম আমার খুব পছন্দ হয়েছে এটি আমি এখনই এটি পরবো ,joy,0
স্কুলে ঠিক সময়ে পৌঁছতে না পারার ভয় এইরকম কতশত ভয় নিয়েই তো আমরা বড় হই,fear,5
যেই ইউরোপে আল্লাহু আকবর শুনার সাথে সাথে জঙ্গি হিসাবে আখ্যায়িত করা হতো সময়ের ব্যবধানে সেই ইউরোপের দেশ স্পেনেই আজ আল্লাহু আকবর স্বমস্বরে আজানের ধ্বনিত হচ্ছে ,joy,0
কান্না লুকাতে শিখে গেছি অভিমান করে হলেও হাসতে পারি কষ্ট হলেও বুঝতে দিই না | হ্যাঁআজ মনে হচ্ছে সত্যিই আমি বড় হয়ে গেছি,sadness,1
পৃথিবীর সব চেয়ে সুখ কি জান মাবাবার আদরআর সব চেয়ে অমুল্য রতন কি জান মাবাবার ভালোবাসা,joy,0
বিয়েতে সঞ্চারী এর প্লান ছিলো লাল লেহেংগা পড়বে এবং তার অনেক শখ সেই লেহেংগা পরে বাইরে ছবি তুলবে সেই ছবিও তোলা হয়েছে কিন্তু সকালের হলুদ এর সময় তোলা কোন মেক আপ বাদে ছবি আমাদের বেশি ভালো লেগেছে তাই এই স্বাভাবিক সুন্দর হাসি মুখের কিছু ছবি,joy,0
আজকে বেস্ট কারণ এই প্রথম আমি আমার পুরো পরিবারের সাথে আমার গ্রামের বাড়িতে নিজের জন্মদিন পালন করছি 😘😘💕💕ভালোবাসি তোমাদের খুব💜💜,joy,0
২৬ বছর পর প্রতিবেদন অনুযায়ী সালমান শাহ আত্মহত্যা করেছে ৫২ বছর পর সাংবাদিক সাগর রুনির প্রতিবেদন হবে একে অপরকে হত্যা করে তারা আত্মহত্যা করেছে,sadness,1
স্বভাবতই ভাইরাসটি নিয়ে জনমনে আছে ব্যাপক ভীতি আছে চিকিৎসা পদ্ধতি নিয়ে সংশয়,fear,5
সিরাজগঞ্জের শাহজাদপুরের শিশু শিক্ষার্থীকে ধর্ষণের মামলায় এক যুবকের যাবজ্জীবন কারাদণ্ড হয়েছে আজ মঙ্গলবার দুপুরে সিরাজগঞ্জ নারী ও শিশু নির্যাতন ট্রাইব্যুনাল১ আদালতের বিচারক ফজলে খোদা মো নাজির এ রায় দেন,disgust,3
যে দেশের সর্বোচ্চ পর্যায় করোনা নিয়ে বাণী দিয়ে প্রতিদিন নতুন নতুন কৌতুকের উদ্ভব করে সেখানে এসব ন্যূনতম কমন সেন্স আশা করাটাও বিলাসিতা‌,disgust,3
সারাদিন আমাকে গালাগালি করতে থাকা এই ছেলে টা কে আমি একদম দেখতে পারি না,disgust,3
ছাত্রীকে যৌন হয়রানির অভিযোগ ওঠা জাহাঙ্গীরনগর বিশ্ববিদ্যালয়ের জাবি সরকার ও রাজনীতি বিভাগের এক শিক্ষককে বিশ্ববিদ্যালয়ের সব একাডেমিক ও প্রশাসনিক কার্যক্রম থেকে বিরত থাকার নির্দেশ দিয়েছে বিশ্ববিদ্যালয় প্রশাসন,disgust,3
তখন এক জান্তব ভয় আমাকে গ্রাস করল  এমন তীব্র ভয় আমি জীবনে কখনো পাইনি  তখন আমি খেয়াল করলাম আমার পা কাঁপছে  আমি এক চিৎকার দিয়ে মসজিদের বারান্দায় এসে অজ্ঞান হয়ে যাই ,fear,5
আজ যেই ঘটনা টা লিখছি এই গল্পটা যখন আমি হাতে পাই একবার পড়ার পরে আমি সত্যিই অনেক অবাক হই,surprise,2
বোরকা না পড়লেই চলতোবোরকার অপমান করার কি প্রয়োজনছি,disgust,3
শিপ্রা ধড়ফড়িয়ে উঠলো খাট থেকে নেমে এগিয়ে গেলো বেডরুমের দরজার দিকে মা আমার খুব ভয় করছে আমিও যাবো তোমার সাথে–মাম্পি উঠে দাঁড়িয়েছে,fear,5
লোকটা বলল ধুরো মরা তাতে আমি কী করমু ঘাটে ঘুমাইয়া পড়েন সকালে যাইয়েন,disgust,3
আমরা সম্পদের প্রতিযোগিতায় দিশেহারা এরা শুধুমাত্র জীবনটাকে টিকিয়ে রাখতে দিশেহারা৷,sadness,1
ভারতের কষ্টকর আবহাওয়া আর বছরের পর বছর ধরে চলা এই অভিযান আলেকজান্ডারের বাহিনীকে ধৈর্যের শেষ সীমানায় নিয়ে গিয়েছিল আলেকজান্ডারও তার দখল করা অঞ্চলের স্থানীয়দের সাথে বন্ধুত্ব করতে আগ্রহ হারিয়ে ফেলেছিলেন,disgust,3
আমরা শীতেও কাঁপি ভয়েও কাঁপি শীতে কাঁপলে ভয়—এই আবেগ  থাকে,fear,5
ঈশ্বর পৃথিবীতে শান্তি ফিরিয়ে দেনআর কত মৃত্যুর মিছিল দেখবো আর কত হারানোর বেদনায় কাতর হবো,sadness,1
ভালবাসিআমাকে আমার আমি হয়ে থাকতে দেওয়ার জন্য আমাকে বোঝার জন্য সব সময় সাপোর্ট দেবার জন্য,joy,0
ভবিষ্যতে সব এইরকম ধোকাবাজই দেখবোমানুষ ধোকাবাজি করবেএইটাই স্বাভাবিক হয়ে গেছে যেন,anger,4
না আমার শরীর জ্বরে পুড়ে যাচ্ছে না কিন্তু মন তার তাপমাত্রা শূন্যেরও অনেক নিচে,sadness,1
কি করছ দেশের জন্য পার তো খালি ফেসবুকে বড় বড় কথা বলতে,disgust,3
তাই সেটা খোজাঁর আশায় সে পুরো ইন্টারনেট চষে বেড়ালো কিন্তু মেহদী অবাক হয়ে খেয়াল করলো উইন্ডোজে কাজ করে এমন কোন ইউনিকোডভিত্তিক কিবোর্ড লে আউট কোথাও নেই,surprise,2
আমি আবারো শিউরে উঠলামএটা অসম্ভব হতেই পারে না এটাএকজন মৃত মানুষের আমার সাথে কথা বলার কোন কারনই নেই তাও আবার ফোনের মত একটি আধুনিক যন্ত্রের সাহায্যে,fear,5
ভাবতেই ভয় লাগে আগামীর দিনগুলা কেমন যাবেকেমন হবে পরিস্থিতি,fear,5
সোজা বাংলায় ডাকাতি দেখাইলে এটা এতো জনপ্রিয় হইতো না সবকিছু নিয়ে আগাছা প্যাচাল জোড়া দেয়া স্বভাব হয়ে দাড়াইছে আপনাদের৷,disgust,3
যে সব মুসলিম ধর্মের দোহাই দিয়ে হিন্দু দের আক্রমণ করে বৌদ্ধ দের আক্রমণ করে  যে সব হিন্দু ধর্মের দোহাই দিয়ে মুসলিম আক্রমণ করে যে সব বৌদ্ধ মুসলিম আক্রমণ করে তারা সব্বাই বর্বর  তারা পিশাচ তারা জানোয়ার তারা অমানুষ তারা গোড়া,anger,4
বিয়ের আগে জীবন ছিল অর্থহীন শুনলে হয়তো অনেকে একটু অবাক হবেন সত্যি কি এই কথা জাস্টিন বিবার বলেছেন এটাই সত্যি কথাটি জাস্টিন বিবারই বলেছেন বিয়ের পরেই তিনি জীবনের অর্থ খুঁজে পেয়েছেন,surprise,2
যে ব্যক্তি সবচাইতে ভয়ঙ্কর সিনেমা দেখছিল সে কয়েকবার ভয়ে লাফিয়ে ওঠে,fear,5
এতো জঘন্য অপরাধ করার পরেও বেকসুর খালাস পেয়ে যাচ্ছে চীন চীনের গায়ে ফুলের টোকাটা পর্যন্ত দিচ্ছেনা কেউ,disgust,3
এ প্লাস বড় নাকি ছেলে মেয়ে বড়বাবা মার এমন আচরণের৷ জন্য অনেক ছেলে মেয়ে জীবন দিছে কেন এত কঠিন হন আপনারাআপনাদের মূর্খতার কারনে হাজার হাজার ছেলে মেয়ে সুসাইড করে😥😥,anger,4
জানি কাকা আঁচলে চোখ মুছে নিগার বলল এই মুহূর্তে বৃদ্ধ জ্যোতিষীর মুখটা কেমন যেন ঝাপসা দেখাচ্ছে,sadness,1
তোমার অনুভুতিতে যেমন কষ্ট লাগেছে আমারও ঠিক তেমনি অনুভূতি আছে কষ্ট উপলব্ধি করার জন্য,sadness,1
বিস্মিত আমি কিছুটা ঘাবড়ে গেলাম মেহজাবিন এর আচরনে এতরাতে একটি মেয়ে কি কওে অচেনা এক পুরুষের জন্য গাড়ি নিয়ে ষ্টেশনে আসে,surprise,2
মাননীয়া পুলিশ সুপার আপনাকে আবারো আমাদের চাঁদপুরে খুবই প্রয়োজন কারন আপনে হচ্ছেন নীতিবান পুলিশ অফিসার আপনে দায়িত্ব কঠোরভাবে পালন করেন স্যালুট জানাই ম্যাম,joy,0
২০০ কোটি টাকা মরা মানুষের নামে দিয়ে জনগনের টাকা নষ্ট করলি আর সেই জনগনই আজকে দু মোটো ভাতের জন্য পেরাশানী পোয়াতে হয়😥😥😥😥,sadness,1
আমি চলমান অচলাবস্থার প্রথমদিন থেকেই অনলাইন সেন্সরশিপের কারণে তেমন কিছুই লিখতে পারিনি চীনে অনলাইনে অনেক আগে থেকেই কড়াকড়ি রয়েছে কিন্তু এখনকার পরিস্থিতি ভিন্ন,disgust,3
 আমিও  অনেক  ইন্টারেষ্টিং  হবে  মনে  করসিলাম  পরে  দেখতে  গিয়ে  একটুও  ভালো  লাগসে  নাই  তাই  হাফ  দেখে  অফ  করে  দিসি,disgust,3
মুহাম্মদ নামক একজন সিরিয়ান ভাই বলতেছেন  আমার চোখের সামনে আমার ছেলে হামজা আমার ভাইয়ের ছেলে কাতাদা এবং আমার বোনের ছেলে ওমর এবং মুয়াজ কে তারা হত্যা করেছে,sadness,1
ড্রাইভার আমার গাড়িও আছে নাকি তাহলে তো সেই পিনিক মামা গাড়ি বাড়ি বউ বাচ্চা আইস শালা একদিনেই জীবন চেঞ্জ,surprise,2
ইসলামিক মাইন্ডের পোলাপাইনের অবস্থা কথা টা বলা উচিত হয়নাই  যারা ইসলামিক মাইন্ডের তারা পর্ণ ভিডিও দেখে না  আপনার এই কথাটা খুবি খারাপ লাগছে ,disgust,3
এটা সবথেকে বেশি বিপজ্জনক না লজ্জাজনক না হাস্যকর  না দুঃখজনক  জানি না আমার কাছে যে যথেষ্ট বিস্ময়উৎপাদক ছিল সে বিষয়ে সন্দেহ নেই ,surprise,2
ছোটাপা জানেন  শায়লা কি করেছে  আমি তো পুরোই অবাক  পাগলাটা বিয়েতে আমার বিয়ের শাড়ি পরেছে,surprise,2
ভ্যালেনটাইন  ডে  তে  সব  কাপলরা  সেক্স  করে  না  সো  স্টপ  সয়িং  ১৪  তারিখ   সবাই  ফার্মেসী  তে  ভিড়  করবে  মানে  এতো  লো মেন্টালিটি  নিয়ে  বেঁচে  আছো   কিভাবে  ভাই ,disgust,3
তার কথার চেয়ে  আপনাদের কিছু মানুষের কমেন্ট বেশি জঘন্য সেই আপনারাই আবার অন্যজনকে খারাপ বলেন আগে তো নিজেকে ভাল দেখান তার পর না হয় অন্য জনের ভুল ধরেন,disgust,3
চট্টগ্রামের সেরা বিদ্যাপীঠ থেকে এমন সাম্প্রদায়িক বৈষম্য কখনও আশা করা যায় নাচট্টগ্রামে খাস্তগীর স্কুলে বিদ্যাদেবী সরস্বতী পূজার জন্য অনুমতি দেয়নি কর্তৃপক্ষ অথচ এই স্কুলটা সনাতন ধর্মীয় মানুষের দান করা যায়গার উপর নির্মিতখাস্তগীর স্কুল কর্তৃপক্ষের এমন কর্মকান্ডের তীব্র নিন্দা জানাচ্ছি,anger,4
বাংলাদেশের নাগরিকদের মন মানসিকতা আর তাইওয়ানের নাগরিকদের মন মানসিকতার আকাশ পাতাল ব্যবধান  তাই এগুলো দেখে আফসোস করা ছাড়া আমাদের আর কিছু নেই ,disgust,3
আমাদের এখনে দেখলাম যারা সারাদিন মোমবাতি জ্বালানোর বিরোধীতা করলো অথচ রাত হতেই বাজি ফাটাতে আরম্ভ করলো এরা জানোয়ার ছাড়া  আর কিছু না,anger,4
আশা করি ভালো ছবি তুলবেন আর এপ্রুভড হবেআর আশা করি সম্মান দিতে শিখবেননিজের ছবির নিজে জাজ না হয়ে অন্যকে জাজমেন্ট করতে দেন,disgust,3
আমরা জীবনেও ভাল জিনিসের কদর করিনাইদামও দিইনাইআমরা দাম দিই উচ্ছিষ্টেরতারা আমাদের আইডল,disgust,3
সামান্য ইটের ঘুরা চুরির দায়ে মৃত্যুর আসামির থেকে বেসি কঠিন ভাবে বাধতে পারে সুধু আমাদের দেশেই কিছু মানুৃষ নামের জানোয়ারদের জন্যই সম্ভবছেলেটা কতটা অসহায় চেহারা দেখেই বুঝা যায়এখন কম্মেন্ট পরেও দেখলামঅনেকে ছেলেটার বিরুদ্ধেও বলছেহায়রে আজব মানুষ,disgust,3
সবচেয়ে ভয়াল হচ্ছে কোন কিছু ঘটছে না নির্দিষ্ট দৃশ্যে কিন্তু আপনি তবু ভয় পাবেন,fear,5
ওঠো ওঠো পাশের ফ্ল্যাটে যেন কী হয়েছে,fear,5
আমরা সবাই জানি প্রশাসন ও সরকারী দলের আশীর্বাদ ও প্রশ্রয় ছাড়া কোথাও গুণ্ডাবাহিনী তৈরী হয় না এখানেও সরকার দলীয় এমপির পুত্র এবং সরকার দলীয় নেতারা জড়িত বলেই সংবাদ প্রকাশিত হচ্ছে অথচ সেই স্বামীহারা মেয়েটিকে রিমান্ডে নিয়ে অত্যাচার করে ১৬৪ ধারায় স্বীকারোক্তিমূলক জবানবন্দী নেয়া হয়েছে বলে অনেকেই অভিযোগ করেছেন,disgust,3
এদিকে ছাদের শব্দ দৌড়া দৌড়ি পর্যায় পৌছে গেছে  আমি আশ্চর্য হয়ে লক্ষ করলাম আমার তেমন ভয় করছেনা    বরং দেখতে ইচ্ছে করছে এতো রাতে ছাদে কে দৌড়া দৌড়ি করছে ,surprise,2
আমাদের বিজ্ঞাপনের ভিএফএক্স হলিউড লেভেলে চলে গেল কিন্তু সিনেমার ভিএফএক্স সেই ছাপরা দোকানেই রয়ে গেল,sadness,1
করোনা ভাইরাসের জন্য স্কুল বন্ধ করে দেওয়া হয়েছে আর সবাই কক্সবাজারে গিয়ে ঘোরাঘুরি করছে জানিনা বাঙালী কবে সচেতন হবে করোনার প্রভাব দিন ছড়িয়ে পড়ছে,disgust,3
আকাশ থেকে পড়ার ভান ধরবা না তোমার চাহনির মধ্যেই সব জানা যায় তুমি ওর গায়ে কয়বার হাত দিছ,anger,4
বর্তমানের আবাল পরিচালকেরা কি এসব দেখে নাই কোন কালে  বর্তমানের মুভিগুলোর সাথে বাস্তবতার কোন সংস্পর্শ ই থাকে না ফাতরামিতে ভরপুর সব চলচিত্র😒,disgust,3
লবণ খেলে তেজস্ক্রিয়তা থেকে রক্ষা পাওয়া যায় এই গুজবে চীনে ২০১১ সালের মার্চ মাসে এক দিনেই সব লবণ বিক্রি হয়ে যায় লবণ কেনার হিড়িকে সেখানে দাম বেড়ে গিয়েছিল কয়েক গুণ,surprise,2
তখন খুব অবাক হয়ে লক্ষ্য করলাম হেল্পার বক বক করছেখুব কথা বলছেড্রাইভার শুনছেআর মাঝে মধ্যে হা হু করছে,surprise,2
ক্লাস ল্যাব পরীক্ষা অ্যাসাইনম্যান্ট  প্রজেক্টের কাজের পাশাপাশি শিক্ষার্থীরা ব্যস্ত থাকে নানা কাজে কিন্তু সেই দৃশ্য হঠাৎই যেনো ম্লান করে দিয়েছে একটি মরণঘাতি ভাইরাস,sadness,1
আমার মনে হয় এরা স্বর্গে গেলেও পায়খানা করতে চাইবেযদিওবা এই ব্যবস্থা নাই   আমার ঘৃনা যে লিখসে তার জন্য  সিসি টিভি তে ফোটেজ থাকতে পারে,disgust,3
রেপের ভয়খেপের ভয়রঙের ভয়মনের ভয়,fear,5
ঠিক এভাবেই ছোট বড়র দোলনায়একদিন চিনলাম ভয়কে,fear,5
কমেন্ট   গুলো   পড়ছিলাম  অনেকে  স্কোপ  পেতেই  ভাষা  ব্যবহার  করে  নিজের  জাত  ছিনিয়েছে  ঘেন্না  লাগছিলো  কেন  না  দ্বিচারিতা  করা  পুরুষ  এর  জন্য  কোনো  শব্দ  নেই  বাংলা  ভাষাতে ,disgust,3
সব কয়টা চোর শালারা শালিরা বিচার করতে পারে না ওদের কণ্ঠ ঠিক নাই আবার আসছে বিচার করতে আমেনা কে বাদ দিয়ে দিসে কোনো কারন ছাড়া,anger,4
কি পরিমাণ উদার হইলে বছরের পর বছর হাজার হাজার ডিম সরবরাহ করা স্বত্বেও নিজেদের নাম প্রকাশ করে না ধন্যবাদ এবং ভালোবাসা জানানোর ভাষা নাই   শুধু চাই এমন কাজ অব্যাহত থাকুক  ,joy,0
অনেকটা সময় যখন এইভাবে কেটে গেল আর জমাট বাঁধা অন্ধকারটা যখন ধীরে ধীরে সয়ে এল হঠাৎই তিনি আবিষ্কার করলেন হাতে পায়ে শেকল বাঁধা একটা অশরীরীর হাল্কা ছায়া মূর্তি আস্তে আস্তে ভেসে উঠছে,surprise,2
পর্যটন শুল্কে ছাড়ে ভুটানে বেড়াতে যাওয়ার দিন ফুরিয়ে এল বাংলাদেশ ভারত ও মালদ্বীপের পর্যটকদের জন্য নতুন ভ্রমণ কর জারি করেছে ভুটান সরকার ভুটানের পর্যটন মন্ত্রণালয়ে নতুন সিদ্ধান্তের কারণে এবার থেকে অপূর্ব সুন্দর দেশটিতে ভ্রমণের জন্য দিতে হবে অর্থ,sadness,1
সংবর্ধনা দিলেই সব সর্বনাশ হয় আর খেলল ওরা আর ফুল পেল কে কোন দরকার নেই সংবর্ধনার,sadness,1
ভাই বাংলাদেশে  বর্তমান এ আরো একটা প্রতিবন্ধী আছে ওরে নিয়ে একটা ভিডিও বান ওর আইডিতে খালি ঢুকে দেখ এই উপরের সব প্রতিবন্ধী দের মধ্যে সবার চেয়ে জঘন্য ওর আইডি md samad সালা,disgust,3
ফরেস্ট আমি তোমাকে বলেছিলাম যে এই ভালো মানুষটাকে বিরক্ত করবেনা ,anger,4
আমি চমকে উঠিকেননা ঠিকরে আসা চোখ আমার দিকে তাকায়,surprise,2
ভালো খবর হলো সরকার এমন কিছু প্রকল্প হাতে নিয়েছে যার মাধ্যমে এসব মানুষ এখন এলাকায় অবস্থান করেই প্রায় বিনা মূল্যে সর্বাধুনিক চিকিৎসাসেবা পাচ্ছে,joy,0
এরকম পরিষ্কার ছবি দেখার মজাই আলাদা এমন মুভি উপহার দেয়া জিৎ এর পক্ষেই সম্ভব,joy,0
হঠাৎ করে কেঁদে ওঠে সেকি যেনো এক কান্না ছিলোকি যেনো এক আকাশ ছিলোআকাশটা চুরি হয়ে গেছেআজ আমার মন ভাল নেই,sadness,1
দাদা তুমি এই ভিডিও তে তোমার কিছু কিছু কথাই সকলকে হাসিয়েছো ঠিকই কিন্তু কিছু কথাই আমাদের যুব সমাজকে ভাবতে শিখিয়েছো 😊😊 ধন্যবাদ দাদা❤️❤️❤️,joy,0
শুধু আগুন নেভানোর চেষ্টায় দখিন হাওয়ার কর্মচরীদের চিৎকার আর দরজা দিয়ে ক্রমাগত বেরোতে থাকা কালো ধোঁয়া হঠাৎ আতঙ্কে আমার মাথা ঘুরে উঠলো,fear,5
আমি মাথা নাড়িয়ে অবাক হয়ে চলে এলাম সেখান থেকে কি হলো এটা তাহলে ভ্রম ছিলো কিন্তু মা মাওতো দেখেছে,surprise,2
গাঞ্জা মার্কা কমেডি সবকটাই আবাল বিশেষ করে মুরগী কবির,disgust,3
যুক্তরাষ্ট্র ও চীন বাণিজ্যযুদ্ধে ঝান্ডা নামাতে চায় এমনকি যে চীনকে আগে কারেন্সি ম্যানুপুলেটর বলে আনুষ্ঠানিকভাবে আখ্যায়িত করেছিল যুক্তরাষ্ট্র সেই যুক্তরাষ্ট্রই এখন বলছে ভিন্ন কথা,surprise,2
আরে ভাই বাংলাদেশ লোক চোর ডাকাতের দেশ যেখানে ভাইরাস সনাক্ত হলেও ইমিগ্রেশন পুলিশের  টাকা হাতে ধরাই দিলে সব মাপ আপনার কোন অসুখ বিসুখ হয় নাই এটা হল বাংলাদেশ বিশ্বের মধ্যে যদি দুর্নীতির চুরিচামারি থাকে সেটা হলো আমাদের সোনার বাংলাদেশ যেখানে হাজার হাজার দেশের জনগন মরলেও সরকার এখনও গায়ে আসে যায় না,disgust,3
ও সন্দেশ আম্মু দোউখানুর উপস্থিতি অনুভব করে রাগে পিত্তি জ্বলে যাচ্ছে আমার,anger,4
তবে আলেকজান্ডারের প্রতি মেসিডোনিয়ানরা তাদের ক্ষোভের চূড়ান্ত বহিঃপ্রকাশ ঘটাল যখন আলেকজান্ডার ১০ হাজার সৈন্যকে সামনে রেখে ঘোষণা দিলেনতোমাদের আর দরকার নেই তোমরা ইচ্ছা করলে মেসিডোনিয়ায় ফিরে যেতে পারো,anger,4
একদিন ফোনে আম্মু আমার কোনো কথাই বুঝতে পারতেছে না দেখে ভে ভে করে বাচ্চাদের মতো কান্নাও করসি ক্লাসে সবার মাঝে বসেই,sadness,1
সাদিয়া নামের মাইয়াগুলা যেমন খাইষ্টা এই নামের এই রেস্টুরেন্টও চরম খাইষ্টা এত এত ব্যাড রিভিউর পরেও কেন যান আপনারা,disgust,3
রহিম পুরো নির্বাক প্রচন্ড ভয়ে সে যেন অনুভূতিশূণ্য হয়ে গেছে রহিম লাশটাকে দেখতে আবার নৌকার পাশে তাঁকাতেই আবারও আঁতকে উঠে নৌকার গা ঘেসে একটা লাশ ভেসে চলছে,fear,5
আমি আমার চোখে জল আবিষ্কার করলাম ওর জন্যে এখন আমিও কান্না করছি তবে আড়ালে উচু এক গাছের উপরে নিরোবে কান্না করছি,sadness,1
এই ছবি গুলা আর ভিডিও গুলা আমাকে  খুব ডিস্টার্ব করছে একটু পর পর মনে পড়ছে আর আমি আবেগপ্রবণ ভীত এবং  অসুস্থবোধ করছি,sadness,1
বং ভাই দাদাকে আরও একটু ধুয়ে দিলে হত না Avengers এর কথা মুখে আনলো কেমন করে   শোন বাচা হরিপদো😂🤣 ১০০ ব্যান্ডওয়ালা ফ্লিম করলেও Marvels টিম এর চা ওয়ালা হতে পারবে না🤗  🤫যে বোঝার সে বুঝে নিবে,anger,4
আমার তোমার উপর বিশ্বাস আছে আমি জানি তুমি পাস করবে ভাগ্য তোমার প্রসন্ন হোক,joy,0
প্রাকৃতিক দুর্যোগ এর কারণ লোভী মানুষ যারা গাছ  পাহাড় কেটে বাড়ি ঘর বানাচ্ছে আর প্রকৃতি দূষণ করছে,anger,4
ইশমিতা তরী আরে মূর্খ্য মহিলা কেয়ামতের আগে পৃথিবীতে পুরুষের সংখ্যা আশংকাজনক হারে কমতে থাকবে এটা তারি আলামত,anger,4
সে তার বাবার লাশের মুখটা দেখেই অনেকটা ভয় পেয়ে যায় সে ভাবে বাবার লাশের চেহারাটা তো এতক্ষন এতোটা ভয়ংকর লাগে নি স্বাভাবিক একটা লাশের মতোই লেগেছিলো তাহলে কবরের ভেতর লাশটা রাখতেই এতোটা ভয়ংকর রূপ ধারণ করলো কেনো ,fear,5
স্বাস্থমন্ত্রী এতোদিন বলেছে ভেন্টিলেটরের অভাব নেই আর শুনতেছি অন্য কথা আসলে এই শালাদের চাপামারা গেলোনা যা বলে পুরোটা মিথ্যেই বলে দেখছি তবে বাংলাদেশের জনগণের কপালে মনেহয় খারাপি লেখা আছে,disgust,3
শুভ জন্মদিন বাপের বড় বেটি🙄🙄 যদিও সবাই আমাদের যমজ ডাকে কিন্তু আপনি আর আমি আসলে দুই মেরুর দুই মানুষ আপনার পচ্ছন্দগুলা আমার সারাজীবনেও পচ্ছন্দ হয় না আর আমারগুলা আপনার হয় না😏😏 ভাল থাকেন আর জলদি জলদি চাকরি পান আমার হাত খরচ লাগবে,joy,0
রাশিচক্র ভাঙতেই নেমে আসে ভয়ভয় নাকি ভয়কল্প আদিম তরাস,fear,5
 তোরে কে আঘাত দিয়েই আসলেই রিসেন্টলি আঘাত পাইসোস এর আগেও পাইসোস ,joy,0
হাসি পায় খেলতে পারুক না পারুক ব্যগ ভর্তি কেনা কাটা করে আসে,disgust,3
আজ পরীক্ষার দিন ঘুমাই পরীক্ষা হবে না সে খুশিতে কিন্তু ভাবনা থাকে পরীক্ষা না হলে হুঠ করেই সাজেক বা অন্য কোথাও ঘুরে আসবো,joy,0
তোমার বাবা কী করেএই প্রশ্নটা খুবই আপত্তিকর একটা ছোট শিশু নিজেকে চিনতে শেখার আগেই তাকে শিখতে হচ্ছে তার বাবার পেশা অবশ্য নামেই পেশা মূলত সেটা সামাজিক পরিচিতি,disgust,3
মোবাইল বের করে সময় দেখে আবারও চমকে উঠে সে ভোর ৪টা বাজে এতটা সময় কীভাবে চলে গেল এটা সে কিছুতেই মেলাতে পারে না,surprise,2
এইসব সুন্দরীদের না খুজে অনুষ্ঠানের টাকা দিয়ে যদি মুলার চাষ করতো অন্তত মানুষ সস্তায় বাজারে তরকারি পেতো রীতিমতো ছাগল দিয়ে হালচাষ করার প্রক্রিয়া এটা,disgust,3
পাপিয়া কত ভাল এবং সৎ নারী এবং পুরুষের কান্নার আওয়াজ শুনে নাই  সে প্রভাব শালীদের যৌন চাহিদা মিটাতে গিয়ে বিভিন্ন রকমের বা বিভিন্ন বয়সের বাচ্চা মেয়েদের জীবন একেবারে নস্ট করে দিয়েছে এবং তার সাথে জড়িত রয়েছে আমাদের দেশের প্রভাব শালী আমলা  সচিব   সরকারী অফিসার  পুলিশ  শিল্প পতি  বাবসায়ি  তারা শুধু মজাই লুটেছে কিন্তু একটা উঠতি বয়সের মেয়ে  কিশরি র জীবন চিরতরে শেষ করে দিয়েছে  তাদের জীবন কি আর পারবে কেউ আগের মত ফিরিয়ে দিতে  পুরো দুনিয়া বিক্রয় করলেও তা আর সে বা কেউ আপনারা ফিরিয়ে দিতে পারবেনা  আমরা এহেন জঘন অপরাধির ও জড়িত সকলের সকলের সামনে রাস্তায় খোলা ফাঁসী চাই ,anger,4
নিজেদের জড়তা ভেঙ্গে যখন তাদের স্বতঃস্ফূর্ত প্রশ্ন করতে দেখে অবাক যে হয়েছি তা আর বলার অপেক্ষা রাখে না,surprise,2
হুদাই বালাম গান গাইতে আসছে পারেনা লাফাচ্ছে এই টাইপ হচ্ছে আরকি,disgust,3
নিম্নগতি উৎকণ্ঠাআর নিম্নগতি ভয়দুয়ের পরাগমিলনজীবনচাঁদোয়ায়,fear,5
তিনি আপনার প্রত্যেকটা চোখের পানির হিসেব রাখেন প্রতিটা দীর্ঘশ্বাসের খবর রাখেন তিনি আপনার জন্য উত্তম প্রতিদান ধার্য করেন বিশ্বাস করুন – আপনাকে সবচেয়ে বেশি ভালোবাসেনসবচেয়ে বেশি,joy,0
কাউকে ধর্ষন কারার আগে মুখের কাপড়টা সড়িয়ে নিস🤬👎নয়তো বাসায় গিয়ে দেখবি ঐটা তোর বোন ছিলো😥😒,anger,4
সব কিছু ঠিকঠাক থাকলে একটা বড় ধামাকা হতে যাচ্ছে 😍😍😍😍 পেইজের এর মাধ্যমেই সব আপডেট জানা যাবে,surprise,2
পিঁয়াজের মূল্য ২০০২৫০ টাকা কেজি এই হঠাৎ মূল্যবৃদ্ধির একটি কারণ হলো ভারত আমাদের দেশে পিয়াজ রপ্তানি বন্ধ করে দিয়েছে আজ যদি ভারত চাল রপ্তানি বন্ধ করে তাহলে চালের দাম কত হবে একটু ভেবে দেখুন,sadness,1
১৮ বছর বয়স নাকি কোনো বাধা মানে না সে কথার প্রমাণ দিলেন ফাতিমা আক্তার পরিচিতজনদের কাছে যিনি লাকি নামেই পরিচিত নকশার নতুন আমি বিভাগের মাধ্যমে নিজেকে বদলে ফেলার ইচ্ছা হয় লাকির ছবি পাঠালেন তবে শত শত ছবির মধ্যে আলাদা করে লাকিকে চোখে পড়বে তো এই ছিল ভাবনায় লাকি যে আসলেই ভাগ্যবতী সেটা আবারও প্রমাণ পেলেন নকশা থেকে ফোন পেয়ে মা–বাবাকে রাজি করিয়ে লাকি আসেন নকশার নতুন আমি–র ফটোশুটে,joy,0
বন্ধুরা রেগে যাওয়া এসবই আমাদের কন্ট্রোলে থাকে যেখানে আমাদের কোন জোর চলে না সেখানে আমরা রাগ দেখাই না আর যেখানে আমাদের জোর চলে সেখানে আমরা রাগ দেখাই,anger,4
ওনার মত একজন ভালো মানুষেকে নিয়ে সড়ক পরিবহন মন্ত্রণালয় গুলা উনার লিফলেট বানাইতেছে জুতা জারু এবং লিফলেট এর মধ্যে অনেক কুরুচিপূর্ণ কথা বার্তা লিখে দিতেছেউনাকে ন্যায্য সম্মান দেওয়াটা আমাদের বাঙালির কর্তব্য,sadness,1
দেশে ভয়াবহ অবস্থা চলছে,fear,5
দীর্ঘদিন মৃগী ও দশআনী নদীর খননকাজ না হওয়ায় গভীরতা কমে গেছে এ কারণে বর্ষা মৌসুমে উপজেলার চরাঞ্চল ভয়াবহ বন্যার কবলে পড়ে এবং এলাকাবাসী চরম ক্ষতিগ্রস্ত হয়,sadness,1
করোনাভাইরাসের সংক্রমণ প্রতিরোধে ব্র্যাকের প্রধান কার্যালয়ের কর্মীরা আগামী রোববার ২২ মার্চ থেকে কর্মস্থলে যাবেন না বাসায় বসেই অফিসের দায়িত্ব পালন করবেন,surprise,2
তাঁর সোনালি রং করা ঢেউখেলানো ছোট কইরা ছাঁটা চুলগুলা দেইখা আমার বিষণ্ণবোধ হচ্ছিল,sadness,1
দাদা তোমাকে খুব ভালোবাসি সবসময় তোমার ভিডিও দেখি এবং খুব মজা পাই তোমার পাগলা ফ্যান দাদা বাংলাদেশ থেকে বলছি,joy,0
বুকের মধ্যে হৃৎপিণ্ড ধক ধক করে হাতুরির মত পিটাচ্ছিল চোখ বন্ধ করে আল্লাহ আল্লাহ করতে লাগলাম ,fear,5
একটা জায়গায় পড়তে গিয়ে হোঁচট খেয়ে থমকে আবার পড়লাম  যাদের সাথে আজীবনের আড়ি তাদের সাথে সত্যিই কি ভাব করে নেব  কেই বা থাকব কে বা নয় ,surprise,2
মনে আছে একবার কোনো একটা অনুষ্ঠানের আগে সুনামগঞ্জের সার্কিট হাউজে তাঁর সাথে সময় কাটাচ্ছি তখন তিনি কবিতার মতো করে তাঁর লেখা সবগুলো গান আমাদের শুনিয়ে যাচ্ছিলেন আমি অবাক বিস্ময়ে তাঁর দিকে তাকিয়েছিলাম,surprise,2
কিমি রেডিয়াস এর মধ্যে দোকান কই রাতের বেলায় এককাপ চা  মাঝে মাঝে মনে হত আজ বঙ্গবন্ধু হলে থাকতে পারলে হয়তো বাইরে গিয়ে টা All time bun কিনে latenight ক্ষুধা টা নিবারণ করা যেত,sadness,1
শেষের এক ঘন্টা নাহয় কিছু খেয়ে আর সিকিউরিটি চেক দিয়ে পার করা যাবে কিন্ত বাকি পাঁচ ঘন্টা কিভাবে যাবে সেটা চিন্তা করে একটা দীর্ঘশ্বাস ছাড়ল রফিক,sadness,1
ভয়ে সিঁটিয়ে গেছে সে মায়ের গায়ে মা মনে মনে ভাবলো বাড়িটা প্রায় ১২ফুট উঁচু পাঁচিলে ঘেরা রাত প্রায় ২টো হবে এত রাতে কেউ কি তবে ভয় দেখানোর জন্য পাইপ বেয়ে ছাদে উঠেছে,fear,5
অবাক হয়ে আশেপাশে একবার তাকালো কেউ কোথাও নেই তাহলে কাশির শব্দটা আসছে কোথায় থেকে ,surprise,2
স্বামীর পায়ের নীচে স্ত্রীর বেহেস্ত টাইপের পারিবারিক সংস্কারে বেড়ে ওঠা আপনারা কি ভাবতে পারেন আড্ডা বিনোদন শপিং প্রেম বিয়ে পুরুষের মনোরঞ্জনের জন্য অলংকরণ আর সন্তানোৎপাদনের বাইরেও একটা জীবন আছে,anger,4
আমি দায়িত্বশীল পুলিশ কর্মীদের প্রতি শ্রদ্ধা জানাই বরাবরের মতো এ জাতীয় নিরপরাধ ছেলে বা মেয়ে হওয়া উচিত  আমি আপনাকে এবং আপনার কর্মকর্তাদের প্রতি শ্রদ্ধা জানাই যারা এই জাতীয় পদক্ষেপের মতো সম্মানের যোগ্য,joy,0
স্পন্দন ভাইয়া আর নুবাইয়াত আপু দুইটা মানুষ এখন ক্লায়েন্ট কম বন্ধু বেশি  চমৎকার ভাল মনের দুইজন মানুষের অনুষ্ঠানে ছবি তোলার সৌভাগ্য হয়েছিল আমাদের  কুয়াশাঢাকা আবহাওয়াতে পুরো অনুষ্ঠান ছিল প্রাণে ভরপুর ,joy,0
অমানুষ গুলি মানুষ হয়ার কথা ছিল কিন্তু এখন দেখি মানুষ গুলি দিন দিন জানোয়ারে পরিনত হচ্ছে হায়রে বাংলাদেশ,disgust,3
যেখানে ভিডিওটা বন্ধ হইসে সিভিলের ওইদিক থেকে তিনটা অবয়ব হাঁইটা আসতেসিলো প্রথম দেখায় ভয় পেয়ে অফ করে দিসি,fear,5
কাবা শরীফের তোআফের মাঠে মানুষ নেইকলিজাটা কেঁপে উঠে ভাবলেই 😥😥😥ওমরাহ ও অফ রেখেছে সৌদি সরকার নিরাপত্তার সার্থেএক শহর থেকে অন্য শহরে ঢুকতে দিচ্ছে না কাউকে,sadness,1
এই পোস্টে খারাপ মন্তব্য করে আপনি সবাই আবার প্রমাণ করলেন যে বাংলাদেশের মানুষ নোংরা মনের মানুষ Bangladesh বাংলাদেশের মানুষ সত্যই নিম্নচেতন মানুষ,disgust,3
আমার দেখা সবচেয়ে ভাল একজন রাজনিতিবিদ যিনি ক্ষমতা পেয়েও ক্ষমতার জোয়ারে ডুবে জাননি,surprise,2
আমরা সবাই খুব আতঙ্কে আছি অনেক শতর্কতার মধ্যে থাকার চেষ্টা করছি করোনা ভাইরাস একটি ছোয়াছে রোগ,fear,5
ফাহিম বাই এগোলা কি দেখাইলেন ভাই জে বরো মাংশের পিচ দেখাইচেন লাগতাচে ১ কিলো হবে হাইরে বাংলাদেশ 🤔ধন্যাবাদ ফাহিম ভাই আপনাকে এই প্রথম কাউকে দেখলাম ২ পিচ মাংস পাইয়া ১ টা রাইখা দিতে বললো 😂,surprise,2
বর্তমানে কিশোর বাচ্চাদের দিয়ে সন্ত্রাসীরা চুরি ডাকাতিখুনখারাপি করিয়ে থাকে এটা সবাই যানেবাচ্চা হোক আর বুড়ো হোক অন্যায়কে পস্রয় দেওয়া উচিৎ নয় তবে বাচ্চাদের এভাবে না বেঁধে পুলিশকে খবর দেওয়া উচিৎ ,disgust,3
দারিউসের পূর্বপুরুষ দারিউস প্রথম আর জারজিস তার দেশের উপর আক্রমণ চালিয়েছে আর তার বাবা রাজা ফিলিপ হত্যার পেছনেও দারিউসের হাত থাকতে পারে,anger,4
বাংলাদেশের সীমান্ত লাগোয়া পূর্ব ভারতীয় রাজ্যটিতে মুসলমানরা এখন মারাত্মক স্নায়ুবিক চাপে রয়েছেন দেশটির এই সংখ্যালঘু সম্প্রদায়ের মধ্যে আতঙ্ক ছড়িয়ে পড়েছে রাজ্যটিতে জনসংখ্যার ৩৪ শতাংশ মুসলমানরা,fear,5
দামি উপহারের বদলে নিজের তৈরি কোনো সৃজনশীল উপহার দেওয়া যেতে পারে এভাবে প্রেমিকপ্রেমিকার চাহিদাও কমে আসবে মূল কথা প্রয়োজনের সময় একে অপরের পাশে দাঁড়াতে হবে সেই খরচে কোনো চালাকি থাকবে না,joy,0
তার বাবা সেদিন আমাকে জড়িয়ে কাঁদলেন অনেকক্ষন  কেন অরুণ আত্নহত্যা করেছে তা কেউ বলতে পারেনি ,sadness,1
কাঁচা সোনাবরন চম্পাকলি আঙ্গুলে আংটি ভীষণ ভাবে ঝলমল করছে | কেমন যেন ভয় ভয় করছে রহমত মিয়ার |,fear,5
এখন কার দিনে ছেলে মেয়েদের লজ্জা উঠে গেসে প্রায় বিলুপ্ত লজ্জা জিনিস টা 😑 আর লজ্জা যখন উঠে যায় তখন মানুষ পশু থেকেও অধম হয়ে পরে,disgust,3
যে দেশে ছাত্র মরে মেধাবী আর স্বৈরাচার মরে জননেতা হয়ে যায় ঐ দেশে দুধে এন্টিবায়োটিক পাওয়া যাওয়াটাই স্বাভাবিক,disgust,3
জামাই বৌ দুই জনকেই আগুনে ফেলে মারা হোক তা দেখে আনেক নাড়ি ও পুরুষ শিখতে পারবে কারণ ওরা দেশ ও জাতির সবচেয়ে বড় শত্রু ,anger,4
করোনাভাইরাসের প্রভাবে পণ্যসংকট হবে—এমন গুজবে দেশের বিভিন্ন অঞ্চলের বাজারে ক্রেতারা কেনাকাটা করতে হুমড়ি খেয়ে পড়েছেন এই সুযোগে কিছু ব্যবসায়ী পণ্যের দাম বাড়িয়ে দিয়েছেন,disgust,3
ভয় পেয়েগেলামপ্রচন্ড ভয় ইচ্ছে হচ্ছিল ছুট লাগাই কিন্তু কেনজানি দৌড় দিলাম না জোরে জোরে পা চালাতে লাগলাম,fear,5
বেয়াদব এদের জন্যই ত আজ পৃথিবীর এই দশা তামাশা বন্ধ কর ,anger,4
সুবর্ণা সকালে উঠে দরজা খুলে দেখেন যেই রুমে ঝগড়া হয়েছিল সেই রুমের মেঝে থেকে ছাদের দেয়াল পর্যন্ত একটি কথাই লিখে পুরো রুমকে ভরে ফেলা হয়েছে কথাটি হল সুবর্ণা আমি তোমাকে ভালোবাসি|,joy,0
ভাইরে ভাই আরও আগে কেন করলো না তাই এখন পুরো বাংলাদেশে করোনা ভাইরাস ছড়িয়ে গেছে সরকার শুধু মুজিব বর্ষ পালনের সাথে যদি দুই মাস আগেই ব্যবস্থা করত তবে এই অশিক্ষিত শিক্ষিত অসচেতন মানুষ গুলো আর করোনা ভাইরাস ছড়াতে পারতো না,anger,4
কোন কসাইখানার দৃশ্যও ভীতিকর হতে পারে যদি  মাছির ভনভন পচা মাংসের গন্ধ আর স্যাঁতস্যাঁতে মেঝের অনুভূতি ভয় ঢুকিয়ে দিতে পারে,fear,5
যাকে ভালোবাসার নামে আঘাত দিয়ে ফিরিয়ে দিলেন তার চোখের প্রত্যেক ফোঁটা অশ্রু আপনার চলার পথকে পিচ্ছল করে দিবে একদিন,sadness,1
বাইরে কেমন যেন একটা খসখস শব্দ হচ্ছে তার মনে হচ্ছে কেউ যেন হেঁটে হেঁটে তার কাছেই আসছে সে চোখ বন্ধ করে সমানে দোয়া পড়ে যাচ্ছে এভাবেই সারাটা রাত প্রচণ্ড ভয়ে না ঘুমিয়ে কাটল সোমার,fear,5
রাত বারোটার সময়  সুইটি প্রিন্সেস এর নাম্বার থেকে  কিউটি এন্জেল  এর কাছে ফোন আসলো কিন্তু এ কি এন্জেল এর ভয়েস টা এমন ছেলেদের মত শুনাচ্ছে কেন অবাক হয়ে গেলো প্রিন্সেস চুপ করে গেলো ,surprise,2
এই ফালতু মানুষটাকে এত ভাইরাল কেন করছে আমি সেটাই বুঝি নানিজের তো কোনো প্রতিভা নেই তার উপর রবীন্দ্র সংগীতকে বিকৃত করছেআর কিছু মানুষ সে গানগুলো ভাইরাল করছে,anger,4
বাউলদের দেখলেই মেজাজটা গরম হয়ে যায় আবার গান,anger,4
শুধু একজনকে ভালোবাসতাম সে পৃথিবী ছেড়ে চলে গেছে আজও সে আমার চোখের জলের ছায়া হয়ে আছে কথায় আছে না ভালোবাসা অন্ধ ,sadness,1
আপনি বোধ করি আমার কথার মর্মার্থ ধরতে পারেন নিযাই হোক ওটা নির্বুদ্ধিতার পরিচয় আপনি এদেশে সংখ্যা লঘু দের ওপর অত্যাচার এর কিছু তথ্য প্রামাণ্যচিত্র দেখলেই জানতে পারবেন,disgust,3
স্কুলে পড়ার সময় ক্রুজের কুস্তি খেলার প্রতি বেশ আগ্রহ ছিল কিন্তু হাঁটুতে ব্যথা পাওয়ার পর কুস্তি ছেড়ে তিনি স্কুলের বার্ষিক প্রযোজনা গাইজ্ অ্যান্ড ডলসএ অডিশন দেওয়ার মধ্য দিয়ে অভিনয়ে নাম লেখান,surprise,2
নোয়াখাইল্লের মারে চুদিজারজের ঘরের জারজ হুজুর নিয়ে কথা বলিস কেন চেহরাটা আয়নায় দেখ হনুমানের মতো,anger,4
আমি চাইনি তুমি কখনো কষ্ট পাও আমি চেয়েছি তুমি সুখী হও তাইতো কোনো অভিযোগ করিনি অকারণে চলে গেছো বলে,sadness,1
আজকের এই প্রথম আলো পত্রিকাটা কিনে রাখবো বাকি ১০ টা সৃতির মধ্যে অনন্যতম একটা হয়ে থাকবে 🖤❤ঈদমোবারক ❤😍,joy,0
এসব সাইন্টিস্টদের নুনু তে রশি বেধে ইট ঝুলিয়েতারপর পাছায় মারা দরকার,anger,4
কত তাড়াতাড়ি খুশি হয়ে যায় মানুষ  অল্পতেই আবার খুব তাড়াতাড়িই এত্ত এত্ত দুঃখের মাঝে হারিয়ে যায় মরমে মরে অদ্ভূত না,surprise,2
বাবামা দের কাছে এটা আজকাল এক্টা সামাজিক স্ট্যাটাস এ পরিনত হয়েছে ফলে তারা ছেলে মেয়েদেরকে চাপের মধ্যে রাখে সমাজের ওসব কূটনামী করা লোকদের মুখ বন্ধ করতে পারলে কিছুটা হলেও এসব ঝামেলা হতে মুক্ত পাওয়া যাবে তবে দুখের কথা হচ্ছে এটা প্রায় অসম্ভব,anger,4
আমি ভয়ে কাঁদতে শুরুকরলাম তখন আমার কোন পার্সনাল মোবাইল ছিলনা,fear,5
ধড়মড় করে জেগে দেখি গাড়ির চেহারা বদলে গিয়েছে ইয়োরোপীয়ন কম্পার্টমেন্ট দিশী বেশ ধারণ করেছে—বাক্স তোরঙ্গ প্যাটা চাঙারি চতুর্দিকে ছড়ানো ফিরিঙ্গী কখন কোথায় নেবে গিয়েছে টের পাইনি,surprise,2
মাঝে মাঝে মনে হয় তোমার সাথে আমার হৃদয়টা পাল্টাপাল্টি করি যাতে তুমি বুঝতে পারো আমি তোমাকে কতোটা ভালোবাসি আর আমি বুঝতে পারি তুমি আমাকে কতোটা ঘৃণা করো,sadness,1
আমি ঝরে যাওয়া পাতা তুমি ছিলে আকস্মিক দমকা হাওয়া | আমি জানি দীর্ঘশ্বাসে ভরা এ আখ্যান যদি পেতো কবিতার রূপতবে তা হতো বসন্ত স্বরুপ,sadness,1
ভয় করছে  শিরদাঁড়া বেয়ে হিমেল স্রোত বইছে  ,fear,5
এটা বিদ্যানন্দএক টাকার আহারগ্রুপঅনেক অনেক ধন্যবাদ জানাইদীর্ঘ জীবী হোক আপনাদের এই মহত্ত্ব,joy,0
বৃষ্টির দিনে ছাতা হারানো জুতা বা বই হারানো থেকেও অনেক কষ্টের,sadness,1
 আমি হাহা করে হেসে বলেছিলাম আমি গান রেকর্ড করবো তোমার কি মাথাটা আরো খারাপ হয়ে গেছে তুমি অজান্তেই জেনে গিয়েছিলে একদিন আমি গান গাইবো রেকর্ড করবো আমার নিজের জানার বহু আগেই,surprise,2
সেপ্টেম্বরে যুক্তরাষ্ট্র দুবার পাকিস্তানকে হামলার বিষয়ে সতর্কও করে শেষ পর্যন্ত ইন্দিরা গান্ধী হামলার পরিকল্পনা থেকে সরে দাঁড়ান,fear,5
বাংলাদেশে মুঠোফোন তৈরি সম্ভব সেটা এখন প্রমাণিত একটি নয় দুটি নয় নয়টি কারখানায় তৈরি ও সংযোজিত হচ্ছে মুঠোফোন করা হচ্ছে বিপুল বিনিয়োগ,surprise,2
আজ আমি অবাক হয়েছি সত্যি অবাক হয়েছি দুপুরের দিকে হঠাৎ একটা ফোন কল রিসিভ করতেই ফোনের ওপাশ থেকে বললো স্যার আমি ডিএমপি কমিশনারের অফিস থেকে কল দিয়েছি,surprise,2
জনগণের জন্য ভয়ের পরিস্থিতি তৈরি করে তারাও ভয়ে আছে,fear,5
তারাই হল প্রকৃত ডাক্তার এবং নার্স যারা মানুষের কল্যাণে নিয়োজিত আর আমাদের বাংলাদেশের ডাক্তার নার্স কোন ভাইরাসের আতঙ্কে মেডিকেল ছেড়ে পালাচ্ছে,disgust,3
ঘরে ঢুকতেই মা হন্তদন্ত্য হয়ে বললো এসেছিস সারাটাদিন ছিলি কই হ্যা কোথায় গেছিস না বলে আমারতো চিন্তা হয় নাকি,fear,5
লক্ষ্মীপুরের কোথাও কোথাও পেঁয়াজ বিক্রি হচ্ছে হালি দরে এক হালি ২০ টাকা ১৫০ টাকার কেজি হিসাবে কেনার সামর্থ্য যাঁদের নেই তাঁরাই কিনছেন হালিতে লক্ষ্মীপুরে গতকাল শনিবার ১৫০ টাকা দরেই বিক্রি হয়েছে পেঁয়াজ,sadness,1
একটা মানুষের প্রশ্ন থাকতেই পারে  সম্মান দিয়ে উত্তর দেন ব্যবহারে বংশের পরিচয় ভূলে গেলে চলবে না,disgust,3
আপনার কথা বলার ধরন চমতকার খুব এনজয় করি ডেভিড কপারফিল্ডের কথা বলার ধরন ঠিক এমনই একটা সম্মোহনী শক্তি আছে বুদ হয়ে যেতে হয় আল্লাহ আপনার সহায় হোন ভালো থাকবেন,joy,0
আপনার কি খাইয়া দাইয়া কাজ নাই এই ফালতু শোতে টাকা খরচ করবে কেন মানুষের ভালো কওছু চোখে পরে না,anger,4
ক্যাম্পাসে কিছু হেডম ওয়ালা কর্মচারী থাকে  এদের ভাব স্যারদের থেকেও বেশি মনডা চায়  MKark নিয়া এগুলারে Headshot করি,disgust,3
বিয়ে করবি কি না বল pইয়ে মানে আপু ভাইয়া নিজেই এই ফান পোজ দিছে আমি খালি ছবি তুলেছি যদিও ভাইয়াকে আলমারি এর উপড়ে উঠতে আমি প্রলুব্ধ করেছি এই যা,joy,0
৮৮ বছর পর মুম্বাই পুলিশ ঘোড়ায় চড়ে নগরে টহল দিতে যাচ্ছে মহারাষ্ট্রের স্বরাষ্ট্রমন্ত্রী অনিল দেশমুখ রোববার এই তথ্য জানান এনডিটিভি অনলাইনের প্রতিবেদনে এ কথা বলা হয়,surprise,2
স্যারকে যত দেখছি তত কষ্ট পাচ্ছি কখনো ফিরে আসবেনা তিনি তার কথা গুলো হৃদয়ে গাথা দিয়ে রয়েছে এইশহরে স্যারকে খুব প্রয়োজন ছিল,sadness,1
ভাই বেয়াদ্দপ একটা দেখেন কেমনে পায়ের উপর পা দিসে তাও আবার গ্রুপ ফটো বাদ দিয়ে একা একা এমন বেয়াদব দরকার,anger,4
মানুষের কতো ফালতু টাইম থাকলে এই মুভি দেখে তার চেয়ে বড় কথা এই মুভির রিভিউও দেয়,disgust,3
বাজারের গ্রহণযোগ্যতায় বিশ্বব্যাপী যেসব পণ্য বা কোম্পানির ব্র্যান্ড মূল্য এখন প্রায় আকাশছোঁয়া তাদের মধ্যে শীর্ষ অবস্থানে রয়েছে অনলাইনভিত্তিক খুচরা বিক্রেতা প্রতিষ্ঠান আমাজন যার ব্র্যান্ড মূল্য ২২ হাজার ১০০ কোটি মার্কিন ডলার,surprise,2
হঠাৎ বিদ্যুত্ চমকে উঠল আকাশে  জানলাটার দিকে চোখ পড়তেই আঁতকে উঠল বাচ্চু  ওমা ,surprise,2
তার দুচোখে এত ঔজ্জ্বল্য তার দুচোখ ঠিকরে এত আলো বেরোচ্ছিল যে তাতে আমার চোখের সামনের সবকিছুই ম্লান হয়ে গেল অবাক হলাম,surprise,2
কেউ ভাবছে আর কয়েকটা দিন ডিভোর্স পেপারে সাইন করলেই মুক্তি কেউ একটা সম্পর্ক টিকিয়ে রাখার জন্য যুদ্ধ করে চলছে,sadness,1
