text,class,label
সুইজারল্যান্ডে দু দিনব্যাপী রোড শো শুরু সোমবার,Positive,0
কর্মমুখী শিক্ষা নেই সেই সাথে শিল্পপ্রতিষ্ঠান ের সংকট প্রতিটা জেলায় শিল্পকারখানা গড়ে তুলতে হবে সরকারকে তাহলে সমস্যার সমাধান হবে,Positive,0
সুবিধাবাদী শাসন,Positive,0
শুভ কামনা রইল সোনালি আঁশের দেশ বাংলাদেশের জন্য,Positive,0
ওঠো জীবন যুদ্ধে হেরে গেলে চলবেনা আবার চেষ্টা করো অবশ্যই তুমি পারবে,Positive,0
চমৎকার সিদ্ধান্ত এতে করে অভিভাবকরা তার সন্তানকে বিদ্যালয়ের পাঠ নিরাপদ বোধ করবে,Positive,0
বাংলাদেশেও এমন হোক,Positive,0
শিক্ষার্থীদের স্কুলের ইউনিফর্ম তৈরির জন্য ঢাকার দরজির দোকানগুলোতে ভিড় বেড়েছে,Positive,0
করোনা কেড়ে নিল আরও ১১ হাজারের বেশি প্রাণ,Negative,1
লকডাউনে ভার্চ্যুয়াল জামিনে ৮৮৩ শিশু মুক্ত,Positive,0
উল্টো পাল্টা কথা বলে জাতির ব্লাডপ্রেশার বাড়ায়েন না,Negative,1
১ ফেব্রুয়ারি ঢাকা সিটির নির্বাচনি এলাকায় শিল্পকারখানা বন্ধের নির্দেশ ইসির,Positive,0
বিএনপির মহাসচিব মির্জা ফখরুল ইসলাম আলমগীর বলেছেন আওয়ামী লীগ সংবিধানকে কেটেকুটে আবারও ছদ্মবেশী শাসনব্যবস্থা প্রতি,Negative,1
আমরা পূর্ব ভারতীয় হিন্দুরা সবাই হিন্দি ভাষী হিন্দি হে হাম ওয়াতান হে হিন্দুস্তান হামারা,Positive,0
হ তাইতো ভিক্ষা করে ফেনী নদীর পানি চাইছিলি তাও দিসি তিস্তাত জোর নিছস শ্রীলংকা নেপাল আফগানিস্তান লাথি দিসে আওয়ামিলীগ ক্ষমতা থেকে সরলে বাংলাদেশও লাথি দিবে,Negative,1
আপনার মত ইসলামিক চিন্তাবিদ আফগানিস্তানের প্রয়োজন,Positive,0
মন্ত্রী আরও বলেন এ মাসে আরও আড়াই কোটি টিকা আসবে এর মধ্যে,Positive,0
তুমার বাচ্চাকে কে কিনে দিবে চকলেট আর জুস,Negative,1
মাদক মামলায় পরীমনির জামিন দিয়েছেন আদালত,Positive,0
বিবিসি বাংলা নামক ভারত ও আওয়ামীলীগের দালাল মিডিয়াকে সকল দেশপ্রেমিক মানুষের বয়কট করা উচিত,Positive,0
যেভাবে সময় কাটান প্রধানমন্ত্রী শেখ হাসিনা,Negative,1
রোববার থেকে গার্মেন্টসসহ রপ্তানিমুখী শিল্পকারখানা খোলা,Positive,0
যশোরে বিধিনিষেধের মধ্যেও ৬১ শতাংশ সংক্রমণ ১০ জনের মৃত্যু,Negative,1
দুই শতাধিক ভেজাল ব্যবসায়ীকে কোটি টাকা জরিমানা,Positive,0
শিক্ষক স্বল্পতা শিক্ষকদের অবহেলা কর্মমুখী শিক্ষা জবাবদিহিতার অভাব,Negative,1
২৮৭০ টাকায় কেউ পাট নেয় না তিন হাজারের উপরে কেমনে হয়,Negative,1
আজ রাতে বিশ্বকাপ বাছাইপর্বের ম্যাচে মুখোমুখি হচ্ছে ব্রাজিল ও আর্জেন্টিনা,Positive,0
কচু পাইছে এরা ই বিশ্ব সন্ত্রাষী,Negative,1
শোকের মাস আগস্ট শুরু রোববার,Positive,0
১ লাখ ৩১ হাজার টাকা বেতনে চাকরির নিয়োগ বিজ্ঞপ্তি প্রকাশ,Positive,0
চোরের মন পুলিশ পুলিশ আপনার বড় বড় চোরেরা টাকা র পাহাড় গরছে আপনি সুদু নিজের ঈমান নষ্ট করছে ন,Negative,1
অনেক ছেলেমেয়ে আবেগের বশবর্তী হয়ে কিংবা বাহ্যিক সৌন্দর্যের প্রলোভনে পড়ে কোনো কিছু চিন্তা না করেই হুট করে বিয়ে ক,Negative,1
ফ্রান্স বিরোধী বিক্ষোভের মুখে ফরাসী সরকারের কাছে বাংলাদেশের পররাষ্ট্রমন্ত্রীর চিঠি,Positive,0
যুদ্ধবিরতি চুক্তিভঙ্গ করে ইসরায়েল ফিলিস্তিনে হামলা করছে এই খবর তো প্রকাশ করেন না ইসরায়েলের গু চাটা মিডিয়া,Negative,1
নেলসন ম্যান্ডেলা অন্ত্যেষ্টিক্রিয়া জালায়াতির অভিযোগে দক্ষিণ আফ্রিকায় ১৫জন গ্রেফতার,Negative,1
মালয়েশিয়ার প্রধানমন্ত্রী হিসেবে শপথ নিলেন মুহিউদ্দিন ইয়াসিন,Negative,1
বগুড়ায় ছোট ভাই হত্যা মামলায় ১২ বছর বয়সী বড় ভাইয়ের কাছ থেকে জোর করে স্বীকারোক্তি নেওয়ার অভিযোগ ওঠা মামলার,Negative,1
দেশের আলোচিত ইকমার্স প্রতিষ্ঠান ইভ্যালির প্রধান নির্বাহী কর্মকর্তা সিইও মো রাসেল ও তার স্ত্রী শামীমা নাসরিন,Positive,0
গুগলে রেকর্ড হচ্ছে আপনার সব কথা আটকাবেন যেভাবে,Positive,0
ইন্ডিয়ানদের কারণে তারা বাংলাদেশে আসে কাজ করেছেন,Positive,0
ঘরে বসে যেভাবে দেখা যাবে মেসিনেইমারদের খেলা,Positive,0
দেদারসে বিক্রি হচ্ছে রাজধানীতে,Negative,1
রহস্যময় পোস্টের উত্তর দিলেন সাকিব,Positive,0
নিউজিল্যান্ডের ব্যাটিং ধস,Negative,1
রবিবার করোনাভাইরাসের গণটিকাদান কর্মসূচি শুরুর দিনে অনেক গুরুত্বপূর্ণ ব্যক্তি ও রাজনীতিবিদসহ ৩১ হাজার জনের মতো মানু,Positive,0
মামলার ৪৮ ঘণ্টার মধ্যে খুনের রহস্য উদঘাটন আসামি গ্রেপ্তার ও আদালতে,Positive,0
কাশ্মীরীদের বিচ্ছিন্নতাকামী না বলে স্বাধীনতাকামী বলা উচিত ছিলো বিবিসির একটা সম্প্রদায়ের স্বাধীনতার পক্ষে কথা বলা উচিত তাদেরকে বিচ্ছিন্নতা কামী বলে তাদের স্বাধীনতার বিরোধীতা করা হয়েছে তাই বিবিসি বাংলার একটু সাবধানে এসব বিষয়ে লেখালেখি করা উচিত বলে মনে করি,Negative,1
প্রেমের অভিজ্ঞতা খারাপ কেন এবার মিতু বললেন আমাকে আর দশটা মেয়ের সঙ্গে মেলালে হবে না এখন আমি চাই এমন একটা,Positive,0
আর কিছুদিন পর আফগানিস্তানের হাতে আসবে দূরপাল্লার ক্ষেপণাস্ত্র,Negative,1
টাকা দিয়ে এখন চাকরি হয়না আসুন গুজব না ছড়াই,Positive,0
বাংলাদেশের হিন্দুদের অবস্থা খুব খারাপ প্রতিনিয়ত বাংলাদেশের হিন্দুদের ঘরবাড়ি ভাঙচুর করা হচ্ছে হিন্দুদের হত্যা করছে সাম্প্রদায়িক মুসলমানরা ভারতের হিন্দুদের জেগে উঠতে হবে আর জংগি মুসলমানদের উলটো করে ঝুলিয়ে দিতে হবে,Positive,0
প্রজাপতি বাদুড়ের সন্ধান পেলেন জাবি অধ্যাপক,Positive,0
কি দিন আইলো বিবিসিও পশ্চিমাদেরকে এখন শিক্ষার বুলি শুনায় তাও বানাম বুলের শিক্ষা দেয়,Negative,1
ঠিক এই কারনে দুনিয়ার কাছে তেরা মার খাস,Negative,1
দূর্নীতি রাজনীতি ঘুস ক্ষমতায় অপব্যবহার এর জন্য দায়ী,Negative,1
বিলুপ্ত হয়ে যেতে পারে ব্রিটিশ রাজতন্ত্র,Negative,1
সিলেবাস পালটানো দরকার,Positive,0
শিল্পকারখানা খুলে দেওয়ার ঘোষণায় রাতেই ঝুঁ কি নিয়ে,Negative,1
অ্যাসাইনমেন্টের শিরোনাম সামঞ্জস্যপূর্ণ হওয়া বাঞ্ছনীয়,Positive,0
সবাইকে টিকা দিয়ে তারপরে স্কুল খোলা উচিত ছিলো ৷,Positive,0
এবার সৌদি সরকারকে একটু সাইডে রাখলো কারণ বাণিজ্য ঘাটতি ঘোচাতে হবে,Negative,1
এখনো মালিকানায় ডাক অধিদপ্তরের কোনো অংশ নেই যদিও বলা হচ্ছে এটি ডাক বিভাগের সেবা,Positive,0
ম্যারাডোনা আর্জেন্টিনিয়ান ফুটবলের কিংবদন্তির নায়ক,Positive,0
গভীর নলকূপ দিয়ে বের হচ্ছে গরম পানি,Negative,1
নিজের ডাক নামের সাথে মিলিয়ে মুন্না হেলিকপ্টার নির্মাণ করেন ভিডিওতে দেখা গেছে,Positive,0
এই সমস্ত কথা শেখহাসিনার মুখে মানায় তাই বলে,Negative,1
৭০ কোটি মানুষ জলবায়ু পরিবর্তনজনিত প্রাকৃতিক দুর্যোগে ক্ষতিগ্রস্ত হয়েছে,Positive,0
পৌনে সাতটার পরিবর্তে রাত ৯ টায় ঢাকা ছাড়বেন ভারতের প্রধানমন্ত্রী নরেন্দ্র মোদি পররাষ্ট্র মন্ত্রণালয়,Positive,0
চিন্তা করে ফেসবুকে পোস্ট দিতে হবে পলক,Positive,0
বেশ চিন্তায় পড়লাম এতো বড় একজন তাহাজ্জুদির কথা বিশ্বাস না করি কিভাবে আর বিশ্বাস করলেও মুনাফিক না করলেও মুনাফিক,Negative,1
২০১৯ সালে নিষেধাজ্ঞার আগে সর্বশেষ শীর্ষ দশে ছিলেন সাকিব নিউজিল্যান্ড সিরিজের পারফরম্যান্সে নয়ে উঠে এলেন তিনি আবার,Positive,0
১৩০ টাকার কম্পিউটার অপারেটর ৪৬০ কোটির মালিক,Positive,0
কথিত প্রধানমন্ত্রীর কথা সুনে বুঝতে পারলাম সরকারী আমলারা এতো দূর্নীতি কেমনে করে,Negative,1
তবুও নাকি ভারত মুসলিম বিদ্বেষী বলবে কিছু জানোয়ার,Negative,1
দেড় বছর বন্ধ থাকার পর শিগগিরই বাংলাদেশ কৃষি বিশ্ববিদ্যালয় খোলার সিদ্ধান্ত আসতে পারে,Positive,0
অথচ আফগানিস্তানকে লণ্ডভণ্ড করে দিল,Negative,1
খোলা জায়গায় নয় ঈদ জামাত হবে মসজিদে ধর্ম প্রতিমন্ত্রী,Positive,0
বন্ধু সুশান্ত রাজপুতকে মাদক কিনে দেয়ার দায়ে,Negative,1
ওসির নম্বর ক্লোন করে চাঁদাবাজি,Negative,1
রাস্তার মাস্টার র ক্লাসরুমও রাস্তায় মিলছে খাবারও,Positive,0
রামায়ণের পৌরাণিক রামসেতু কীভাবে বানাানো শিখবে ভারতের ইঞ্জিনিয়ারিং ছাত্ররা,Positive,0
চট্টগ্রামের বোয়ালখালী পৌরসভা নির্বাচনে মেয়র পদে বিনা প্রতিদ্বন্দ্বিতায় নির্বাচিত হয়েছেন আওয়ামী লীগের মো জহুরু,Negative,1
একদম মনের কথা বলেছেন ভাই,Positive,0
এতো দিন পর ৯১১ এর কথা উঠলো কেন তালিবান আফগান শাসন পাওয়ার পর ই এই কথা কেন এতো দিন কই ছিলা,Negative,1
ফুফা চাচা চাচী নাস্তা এগুলো বাংলা নয় বাংলু,Negative,1
ইশকুল খুইলাছেরে মাওলা ইশকুল খুইলাছে ইহা আন্তর্জাতিক গণমাধ্যমের হেডলাইন হতে পারে না,Negative,1
নতুন যুদ্ধ শুরু করার ধান্দা,Negative,1
শুধু অনিবন্ধিত নিউজ পোর্টাল বন্ধ করলেই চলবে না নিবন্ধনকৃত কিছু নিম্নমানের নিউজ পোর্টালের বন্ধেরও দাবি জানাচ্ছি সংবাদপত্রের মানের দিক দিয়ে সম্ভবত আমরা উগান্ডার নিচে আছি বাংলাদেশের ইলেকট্রনিক প্রিন্ট মিডিয়ার অনেক সংবাদেই এদেশের মানুষ বিশ্বাস করে না,Negative,1
অংশগ্রহণকারী প্রত্যেককে ২২ হাজার টাকা করে দিতে হয়েছিল আয়োজকদের প্রতিযোগিতায় বিজয়ীদের জন্য ছিল ৪ লাখ ৮৩ হাজার,Positive,0
ব্রেকিংনিউজ ঢাবির হল খোলার তারিখ চূড়ান্ত লাগবে প্রমাণপত্র,Positive,0
আমলাতন্ত্রের কাছে রাজনীতির পরাজয় ঘটল,Negative,1
কবে খুলতে পারে সে বিষয়ে আগামী রোববার চূড়ান্ত সিদ্ধান্ত হতে পারে এ বিষয়ে সিদ্ধান্ত নিতে ওই দিন,Positive,0
বাস্তব কথা বলেছে,Positive,0
সঠিক নির্বাচন দিবি কিনা বল নাহলে জনগণ এবারে কান টেনে ধরে আছাড় দেওয়ার অপেক্ষায় আছে,Negative,1
২০০২ সালের ৩০ আগস্ট সাতক্ষীরার কলারোয়ায় সে সময়ের বিরোধীদলীয় নেতা ও বর্তমান প্রধানমন্ত্রী শেখ হাসিনার গাড়িবহরে,Negative,1
মনে রাখতে হবে কর রেয়াত নিতে এত দিন বছরে দেড় কোটি টাকা পর্যন্ত বিনিয়োগের সুযোগ ছিল চলতি অর্থবছর থেকে তা কমিয়ে,Positive,0
বিশ্ববিদ্যালয় খোলার চূড়ান্ত সিদ্ধান্ত আসছে,Positive,0
ফরিদপুরে আলোচিত দুই ভাই সাজ্জাদ হোসেন বরকত ও ইমতিয়াজ হাসান রুবেলের সহযোগী সাবেক এক স্বেচ্ছাসেবক লীগ নেতাকে গ্রে,Positive,0
আমি আপনার থেকে ন্যায্য দামে পন্য ক্রয় করে সেই পন্য যদি বেশি দামে বিক্রি করি তাতে নিশ্চয়ই আমার পাপ হবে না বরং দোষটা হবে আপনার বাণিজ্যিক মন্ত্রণালয়ের যাইহোক ভাই ভারতের আগ্রসন বন্ধ করতে হলে বাংলাদেশের অভ্যন্তরীন রাজনৈতিক একতা গুরুত্বপূর্ণ,Positive,0
শহীদ বুদ্ধিজীবীর সংজ্ঞা এবং সংখ্যা তালিকাভূক্তির কাজ শুরু হয়েছে,Positive,0
সিনহা হত্যা দ্বিতীয় দফায় পঞ্চম দিনের সাক্ষ্যগ্রহণ চলছে,Positive,0
আফগানিস্তানে ভয়াবহ বোমা হামলা নিহত অন্তত সাত,Negative,1
করোনায় আরো ৩১ জনের মৃত্যু মোট প্রাণহানি ১২ ০৭৬ নমুনা পরীক্ষা ১৩ ৪৭১ নতুন রোগী ১ ২,Negative,1
করোনায় আরো ৬১ জনের মৃত্যু মোট প্রাণহানি ২৬ ৪৯৩ নমুনা পরীক্ষা ১৭ ৭৫০ নতুন রোগী ১ ৭,Negative,1
জীবনে এই প্রথম ভালো একটি নিউজ করলো ব্রিটিশদের বিবিসি,Positive,0
শুরু থেকেই সতর্ক ও সচেতন থাকলে মৃত্যুঝুঁকিসহ অন্যান্য জটিলতা কমে,Positive,0
আমার কথা গুলো আপনি বলছেন অনেক ধন্যবাদ আপনাকে,Positive,0
ভারতের টেস্ট ইতিহাসের সর্বনিম্ন স্কোর হল অ্যাডিলেইডে অস্ট্রেলিয়ার বিপক্ষে দ্বিতীয় ইনিংসে ৩৬ রানে অলআউট,Negative,1
ভুয়া ব্যবস্থাপত্র ও অ্যাম্বুলেন্সে করে ঢাকায় প্রবেশের চেষ্টা,Negative,1
ছাত্রলীগ নেতার এমন জাকজমকপূর্ণ বিয়েতে এলাকার সাধারণ মানুষের মধ্যে ব্যাপক,Negative,1
পাসপোর্ট অফিসের দালালদের বৈধতার চিন্তাভাবনা চলছে ডিজি,Positive,0
করোনা ভাইরাস হাসপাতালে বেড বসানোর এক ইঞ্চি জায়গাও নেই স্বাস্থ্যমন্ত্রী জাহিদ মালেক,Negative,1
ইভ্যালির গ্রাহকদের জন্য বাণিজ্য মন্ত্রণালয়ের পরামর্শ,Positive,0
পহেলা জুলাই ভোর ৬টা পর্যন্ত কী করতে পারবেন কী করতে পারবেন না বিস্তারিত,Positive,0
আবারও আইসিইউতে পেলে বিস্তারিত নিউজে,Negative,1
গত মঙ্গলবার আমাদের দেশের উদ্দেশে যাত্রার কথা ছিল কিন্তু আমাদের অনুমতি দেওয়া হয়নি বলে কাবুল বিমানবন্দরের উদ্দেশে,Positive,0
করোনা ভাইরাস নো মাস্ক নো সার্ভিস নির্দেশনা বাস্তবায়ন কতোটা সম্ভব,Positive,0
মাননীয় শিক্ষামন্ত্রী কেজি স্কুলের দিকে কিছু দৃষ্টি আকর্ষণ করুন কারণ ছোট ছোট বাচ্চা দের পড়া লেখা ব ই দিয়ে যেভাবে চাপ দিচ্ছে এতে ভবিষ্যত প্রজন্মকে ধ্বংসের কারণ আমি মনে করি,Positive,0
ফের বাড়ল সয়াবিন তেলের দাম,Negative,1
জাতিসংঘ হলো ঠুটো জগন্নাথ যে মানবজাতির অধিকার রক্ষা করতে পারে না মানবতা যেখানে ভূলুন্ঠিত জাতিসংঘ সেখানে হাস্যকরভাবে নিন্দা করে দর্শকের মতো শক্তিধরদের স্বার্থ সংরক্ষণ আর লেজুড়বৃত্তিই জাতিসংঘের প্রধান কাজ,Negative,1
যারা এই সব ছবি পোষ্ট করেছে ভাইরাল করেছে সবাইকে এখন সিস্টেম করা হবে সব ধুয়ে যাক ভেসে যাক দেবে যাক তাতে তাদের কি ছবি তুলবে কেন ঘর তাদের বাপ দিছে হাসিনা দিয়েছে বাবার নামে,Negative,1
আফগানিস্তানে ছেলেদের জন্য আজ শনিবার স্কুল খুলেছে তবে মেয়েরা কবে ক্লাসে ফিরতে পারবে সে সম্পর্কে কিছু জানা যায়নি,Positive,0
আফগান নারী ক্রিকেট নিষিদ্ধ হলে রশিদদের সাথে খেলবেন না অস্ট্রেলিয়া বিস্তারিত নিউজে,Positive,0
আমাদের দেশে কোন জায়গাতে দুর্নী তি হয় না বলতে পারবেন মোট কথা হলো সেবা টাকা ছারা হয় না,Negative,1
রাষ্ট্রীয় শোক পালনের সিদ্ধান্ত সরকারের,Negative,1
কৃষ্ণাঙ্গ ছেলেবন্ধুর সন্তান গর্ভে ধারণ করায় কীভাবে ঘর ছাড়তে হলো বাঙালি মেয়েকে,Negative,1
আপত্তিকর দৃশ্য ও সংলাপের কারণে গত জুনে সাহস সিনেমাটিকে প্রদর্শনের অযোগ্য ঘোষণা করে বাংলাদেশ চলচ্চিত্র সেন্সর বো,Negative,1
ট্রেনের ইঞ্জিন বিকল হওয়ায় প্রায় ৬ ঘণ্টা পর,Negative,1
কৃষক উপকৃত হোক এটাই চাই,Positive,0
চার ছক্কা উইকেটের চেয়েও ইদানীং যেন নিরাপত্তা শঙ্কা হুমকি শব্দগুলোই বেশি আলোচিত হচ্ছে,Positive,0
সৌদি আরবে গাড়িচাপায় ময়মনসিংহের যুবকের মৃত্যু,Negative,1
আমেরিকা নির্বাচন ২০২০ ডোনাল্ড ট্রাম্পের অভিবাসন নীতির প্রভাব সাতটি চার্টে ব্যাখ্যা,Positive,0
একজন প্রাকটিসিং মুসলিম কখনোই সহশিক্ষাকে সাপোর্ট করতে পারেনা স্কুলে থাকতে নিজের অজান্তেই কত গুনাহ করেছি তা আল্লাহই ভালো জানে,Positive,0
ব্রাহ্মণবাড়িয়া কারাগারে হাজতির মৃত্যু,Negative,1
লোভ,Negative,1
আইপিএল নিলাম ভিত্তিমূল্য ১ কোটি রুপিতে মুস্তাফিজকে নিয়েছে রাজস্থান রয়্যালস,Positive,0
আমাদের এখানে বিদ্যুৎ যায় না মাঝে মাঝে আসে,Negative,1
মুম্বাইয়ে ছিলো দাউদ ইব্রাহিমের এই সহযোগীর অবস্থান,Positive,0
করোনায় আরো ২৬ জনের মৃত্যু মোট প্রাণহানি ১২ ১০২ নমুনা পরীক্ষা ৭ ৮৩৫ নতুন রোগী ৮৪৮,Negative,1
নিকলী অলওয়েদার সড়ক বন্ধুপরিজনের সাথে হাওরে গিয়ে রহস্যময়ভাবে নিখোঁজ এক পর্যটক চলছে ব্যাপক তল্লাশি,Negative,1
বিটিআরসিকে ১৩ কোটি ৭০ লাখ টাকা পরিশোধ করলো বিটিসিএল,Positive,0
নিউজিল্যান্ডকে ৯৩ রানে অলআউট করেছে বাংলাদেশ ৪র্থ টিটোয়েন্টিতে নাসুম ও মুস্তাফিজের,Positive,0
রেলকে ভারসাম্যপূর্ণ যোগাযোগ মাধ্যম হিসেবে গড়ে তোলা হচ্ছে,Positive,0
কারন ওখানে ছোটলোকের বসবাস,Negative,1
সবই জামায়াত বিএনপি এ এান চুরির সাথেও জামায়তবিএনপির সম্পৃক্তা পাওয়া গেছে আর পরী মনির সাথে হাতে নাতে ধৃত জামায়াত বিএনপির নেতারা সুষ্ঠু তদন্ত হলে প্রত্যেক অভিযোগই প্রমানিত,Negative,1
করোনা ভাইরাসঃ বাংলাদেশের ভ্যাকসিন কেনার বিপুল অঙ্কের অর্থের যোগান কি নিশ্চিত,Positive,0
খোলা মাঠে কোটি কোটি মানুষ পায়খানা করে যে দেশে ভাত খেতে পায়না কোটি কোটি মানুষ কুসংস্কার ও পশ্চাৎপদতায় নিমজ্জিত যেদেশের সিংহভাগ মানুষ সেখানে এসব কাজ ভারতের জন্য স্বাভাবিক ঘটনা,Negative,1
ইসির বিরুদ্ধে কেন বার বার চিঠি দিচ্ছেন ৪২জন বিশিষ্ট নাগরিক,Negative,1
মাদক বিস্তারের পরিণাম জঙ্গিবাদের মতোই ভয়াবহ,Positive,0
সুপার সুপার হা হা হা,Positive,0
একটা দেশের প্রধানমন্ত্রী হিসেবে আপনার মুখে এমন কথা মানায় না আপনি যে পরিমাণ টাকা দিয়েছেন তার অর্ধেক টাকাও ঘর নির্মাণের কাজে ব্যবহার হয়নি যারা ঘর নির্মাণের টাকায় মজবুত ঘর নির্মাণ না করে নিজেদের ব্যাংক ব্যালেন্স বাড়িয়েছে তাদের শাস্তি না দিয়ে উল্টাপাল্টা বকছেন আপনি এতে করে দোষীগন ছাড়া পেয়ে যাচ্ছে কোনটা হাতুড়ি শাবল দিয়ে ভাঙা আর কোনটা উন্নতমানের কাঁচামালের অভাবে ভাঙা সেটা বুঝতে পারছেন না নাকি বুঝতে চাচ্ছেন না,Negative,1
ভিয়েনা সংলাপে প্রতিশ্রুতিবদ্ধ ওয়াশিংটন,Positive,0
আমার খালায় কইছে মিডিয়া তা প্রমাণ করবে কিছু আলেম ওলামা নেতাফেতা গ্রেফতার করা হবে,Negative,1
দীর্ঘ ২০ বছর পর ১১ই সেপ্টেম্বরের মধ্যে আফগানিস্তান ছেড়ে চলে যাচ্ছে অবশিষ্ট আমেরিকান ও ব্রিটিশ সৈন্যরা,Negative,1
হাজার হাজার রকেট বানাচ্ছে হামাস,Positive,0
চলন্ত লঞ্চ থেকে ৪ শিশুকে নদীতে নিক্ষেপ মুন্সীগঞ্জে মামলা,Negative,1
পানসিরে সাবেক ভাইস প্রেসিডেন্টের ভাইকে হত্যা করল তালেবান,Negative,1
চাঁদে চীনা অভিযান পাথরমাটি তুলে আনছে রকেট পাঠাচ্ছে রঙিন ছবি,Positive,0
২০২০ সালে যে ছবিগুলো সোশ্যাল মিডিয়ায় ব্যাপক শেয়ার হয় তার মধ্যে আছে ক্যালিফোর্নিয়ার দাবানলের ছবিও,Positive,0
নিসচার খুলনা মহানগর শাখার সভাপতি বিপ্লব সম্পাদক মুন্না,Positive,0
ধর্ষন করে রড ঢুকাই দিয়ে মেরে ফেলে কোন গো মুত্রের দেশে যেনো এইসব চলবেনা শুটিয়ে লাল করে দিবে,Negative,1
বিশ্বের অন্যতম সেরা ফুটবলার এখন ফ্রি এজেন্ট অর্থাৎ কোন ক্লাবের সাথেই আদতে এখন তাঁর কোনও বাঁধন নেই বার্সেলোনার লি,Positive,0
জয়পুরহাট জজ আদালতের নারী ও শিশু নির্যাতন দমন ট্রাইব্যুনালের বিচারক মো রুস্তম আলীকে তালেবান পরিচয়ে হুমকির অভিযো,Negative,1
টাইগাদের ঐতিহাসিক সিরিজ জয় ক্রীড়া প্রতিমন্ত্রীর অভিনন্দন,Positive,0
সবার আগে ঠিক করতে হবে পুলিশের বৌইরি আচরণ হিসাব কি ভাবে ঠিক করবে,Negative,1
বন্যার্তদের সব ধরনের সহযোগিতা দিতে প্রধানমন্ত্রীর নির্দেশ,Positive,0
জনগণের আস্থাহীনতার আরেক নাম বিএনপি,Negative,1
করোনার কারনে আমি পারিবারিক সহিংসতার শিকার তাই ক্লাস করতে পারছি না,Negative,1
নেত্রী আপনি অসুস্থ দয়া করে অবসরে যান,Negative,1
এবার ঢাকা আন্তর্জাতিক বাণিজ্য মেলা ডিআইটিএফ হচ্ছে তবে এত দিনের পরিচিত স্থান রাজধানীর শেরেবাংলা নগরে নয়,Positive,0
হ্যাঁ এটাই আমার সোনার বাংলা,Positive,0
যে জাতির আত্মা পচে যায় সে জাতিকে সংশোধনের চেষ্টায় যতো বিধানই করা হউক না কেনো তা কোন কাজে আসবে না,Negative,1
পৃথিবীর সবচেয়ে দীর্ঘ রাস্তা এটি,Positive,0
এতো কিছু চলতে পারলে স্কুল চললে কি হবে কোথাও কোন সতর্কতা নেই স্কুল চললে বাচ্চারা অন্তত তাদের সতর্কতা সম্পর্কে জানতে পারবে,Positive,0
আফগানদের বিপক্ষে শুভসূচনা টাইগার যুবাদের,Positive,0
ভ্যাকসিন নিতে আগ্রহীদের ৫ ফেব্রুয়ারির মধ্যে রেজিস্ট্রেশন সম্পন্ন করতে হবে প্রধানমন্ত্রীর মূখ্য সচিব,Positive,0
এ প্লাস ও স্নাতক স্নাতকোত্তর ডিগ্রী এখন এমনি এমনি পাওয়া যায় ভর্তি হলেই হইলো তাই সমাজে এতো সার্টিফিকেটধারী শিক্ষিত বেকার অথচ চাকরিযোগ্য উদ্যোক্তা বা কর্মমুখীযোগ্য প্রকৃত মেধাবী শিক্ষিতদের সংখ্যা খুবি নগন্য সামাজিক প্রতিবন্ধীকেও দেখছি স্নাতকোত্তর ডিগ্রী শেষে উকালতি নিয়ে পড়তে,Negative,1
বছরে একবারও দেখা মেলে না কোনো ডাক্তারের,Negative,1
মেসিকে ছাড়াই বড় জয় পেল পিএসজি,Positive,0
জুস কারখানায় আগুন লাগার সময় ভবনের একটি সিঁড়ি তালাবদ্ধ বিস্তারিত নিউজে,Negative,1
বিএনপির মতো জোড়াতালি দিয়ে আলীগ দেশ চালায় না তথ্যমন্ত্রী,Negative,1
কোরবানি পশু কেনাবেচা বাংলাদেশের অর্থনীতির জন্য কেন এতো গুরুত্বপূর্ণ,Positive,0
তাঁদের মধ্যে দীর্ঘ আটনয় বছরের পরিচয় তবে এই বিয়েকে কোনোভাবেই প্রেমের বিয়ে বলতে নারাজ এই অভিনেত্রী,Positive,0
ওয়ার্ড পর্যায়ে করোনার টিকা একদিন শনিবার,Positive,0
ঐতিহাসিক স্কুলকলেজ প্রত্যাবর্তন দিবস আজশুভকামনা,Positive,0
টাঙ্গুয়ার হাওরের অন্যতম আকর্ষণ হলো নৌকায় থাকার দিনগুলো এই অভিজ্ঞতাটিই টাঙ্গুয়ার হাওরের ট্যুরকে আলাদা করে অন্য স,Positive,0
ভেরি গুড,Positive,0
জাতিসংঘ পশ্চিমাদের দ্বারা পরিচালিত একটি অকেজো সংগঠন তীব্র নিন্দা আর বিবৃতি প্রকাশ ছাড়া কোন ক্ষমতা নাই তবে লীগ অফ নেশনস ও পক্ষ পাতের কারনেই বিশ্বযুদ্ধ হয়েছিল তবে জাতিসংঘ লীগ অব নেশনস থেকে একটু চালাক মাঝে মাঝে মিষ্টি মিষ্টি কথা বলে,Negative,1
বিতর্কিত কয়েকজনও ঢুকেছেনানক,Negative,1
এলএসডি মাদক উচ্চবিত্তশিক্ষার্থীদের টার্গেট করে বাজার তৈরির চেষ্টা,Negative,1
টেকনাফে অস্ত্রইয়াবাসহ আটক ১,Negative,1
ওবামার স্মৃতিকথায় ভারত মনমোহন সিংয়ের ভূয়সী প্রশংসা মোদীর কথা নেই,Positive,0
চলতি বছর র্যামন ম্যাগসেসে অ্যাওয়ার্ড পেয়েছেন ফেরদৌসী কাদরী ১২তম বাংলাদেশি হিসেবে এই পুরস্কার অর্জন করেন তিনি,Positive,0
দেখুন হায়দার সাহেব আমাদের কার মৃত্যু কখন হবে আমরা কেউই তা জানি না আজকে অফিস থেকে বেরিয়ে আমি তো রোড অ্যাকসিডে,Negative,1
সময় টিভিতে নিয়োগ বিজ্ঞপ্তি,Positive,0
নূরজাহান আম একটার দাম হাজার টাকা,Positive,0
ন্যান্সির শাশুড়ি নিজ হাতে মেহেদি বেটে,Positive,0
আয়নার সামনে দাঁড়া একবার,Negative,1
কট্টরপন্থা বাদ দিয়ে মধ্যমপন্থা অবলম্বন করে একটা দেশকে কিভাবে উন্নতি আর সমৃদ্ধির সর্বোচ্চ শিখরে পৌঁছানো যায় এবং অপরাপর দেশ ও জাতিগোষ্ঠীর সাথে সৌহার্দপূর্ণ সম্পর্ক রেখে সকলের মনে স্থান করে নেওয়া যায় তার বাস্তব ও উজ্জ্বল দৃষ্টান্ত তিনি ভাল থাকবেন আপনি সবসময়,Positive,0
ফের ইউনাইটেডে রোনালদোর রাজত্ব শুরু শনিবার,Positive,0
মোট স্মার্ট ঘড়ি বিক্রির ১০ শতাংশ স্যামসাংয়ের দখলে তবে মাউস্টন মনে করেন বছরের বাকি সময় বিশেষ করে,Positive,0
কবে খুলছে বিশ্ববিদ্যালয় চূড়ান্ত সিদ্ধান্ত আসছে,Positive,0
অল্প বয়সের চুল পাকা রোধ করার ৬ সমাধান,Positive,0
প্রতি মাসে ২ কোটি টিকা দেওয়ার পরিকল্পনা,Positive,0
পরিবেশ রক্ষায় এইচআরপিবির ৯ দফা দাবি,Positive,0
মার্কিন ইজরায়েলের বিমান হামলায় যখন নারীশিশুরা নিহত হয় তখন জুতাসঙ্ঘের এই অনুভূতি কোথায় থাকে,Negative,1
যদি বলি রাজনীতির অপব্যবহার এর মূল কারনব্যাখা অনেক ধরনের দেওয়া যায়তবে মূল হোতা রাজ নেতারাতাদের লাভের জন্য তাদের সন্তান দের জন্য সব,Negative,1
শুধু পাকিস্তানিই নয় আন্তর্জাতিক গণমাধ্যমও টিটিপিকে নিষিদ্ধ জঙ্গি বা সন্ত্রাসী সংগঠন হিসেবে,Positive,0
ব্রেকিংনিউজ প্রথমার্ধে চিলিয়ানরা দাপট দেখালেও রবার্তো ফিরমিনো সুবর্ণ সুযোগ মিস করেন,Positive,0
আচ্ছা তালেবান খুব খ্রাপ বুজলাম৷ কিন্তু অনেক চেতনাসূচক দেশে কি বিক্ষোভ দমনে গোলা বারুদ ব্যাবহার হয় নাই অনেক অরাজনৈতিক দাবী আদায়ের বিক্ষোভে কি গুলি করে গন্ডা কয়েক মারে নাই সেটা বললাম যে দেশের নাম উচ্চারণ করা যায় না তার কথা কাশ্মিরীদের বিক্ষোভ দমনে প্রতি ৭ জন কাশ্মীরির বিপরীতে একজন করে ভারতীয় দখলদার সেনা কি মোতায়েন নাই তারা কি হাজার হাজার বিক্ষোভকারীদের কি সম্পুর্ন অন্ধ বা এক চোখ অন্ধ করে দেয় নি,Negative,1
কলকাতায় ১৯৪৬ এর দাঙ্গার দিনেই কেন পশ্চিমবঙ্গে খেলা হবে দিবস প্রশ্ন হিন্দু সন্ন্যাসীদের,Negative,1
মাঝখানে কয়েক বছর বিরতির পর পাকিস্তানের গোয়েন্দা সংস্থা ঢাকায় আবার সক্রিয় হয়ে উঠেছে বলে সরকারি সংস্থাগুলো মনে ক,Positive,0
গেলো ২৪ ঘণ্টায় ৭১৭ নমুনা পরীক্ষা করে ২৯০ জন করোনাভাইরাসে বিস্তারিত নিউজে,Negative,1
আমি মনে করিনা বা বুদিমান জনগন সত্য মনে করবেনা,Negative,1
এইসব কথা পাগলে বলে না শেখ হাসিনা যে কথা বলে,Negative,1
নিষিদ্ধ জঙ্গি সংগঠন জেএমবির ভারপ্রাপ্ত আমির রেজাউল হককে বাড্ডা থেকে গ্রেপ্তার করেছে সিটিটিসি,Negative,1
যাত্রীচাপ বাড়ায় করোনা সংক্রমণ ঝুঁকি কমাতে পাটুরিয়া দৌলতদিয়া নৌরুটে ফেরি চলাচল,Positive,0
শিক্ষিতরা সত্যিকার শিক্ষিত নয় যেকারণে তাদের চাহিদা মতো চাকরির যোগ্য হতে পারেনি অযোগ্যদের কেউ কি চাকরি দেয়,Negative,1
ঢাকা বিশ্ববিদ্যালয়ে চাকরির সুযোগ,Positive,0
করোনা নিয়ন্ত্রণে নতুন সিদ্ধান্ত দেয়া হয়েছে এক সপ্তাহের জন্য লকডাউন লকডাউন মানলে পরি,Positive,0
ডেঙ্গু জ্বর ও করোনার লক্ষণ এক হলেও পার্থক্য বুঝবেন কীভাবে একই রোগী কি কোভিড ও ডেঙ্গুজ্বরে আক্রান্ত হতে পা,Positive,0
বিদ্যালয়ে এসে খুব আনন্দ হচ্ছে,Positive,0
সাইবার সিকিউরিটি স্পেশালিস্ট হিসেবে হাজির বিস্তারিত নিউজে,Positive,0
পরীমণির ম্যানেজার আশরাফুল ইসলামকেও আসামি করা হয়েছে,Negative,1
করে থাকলে আলহামদুলিল্লাহ্ ভারতীয় রাজাকার গুলোকে পেদানী দেয়া ঠিক আছে,Negative,1
বান্ডিল সেলাইও থাকে,Positive,0
কাজের চাপেই বছরে মারা যায় ১৯ লাখ মানুষ,Negative,1
গ্রামে ১৭ ঘন্টা বিদ্যুৎ থাকেনা,Negative,1
এই কথা শুনার পরে লজ্জায় ঘর থেকে বেরুতে মন চাই না,Negative,1
উপযুক্ত বিচার চাই,Positive,0
সহমত দাদা,Positive,0
একশ র নিচে নামলো করোনায় মৃতের সংখ্যা,Positive,0
সিনেমার মুনেজ অভিষেকেই নিউক্যাসলের হয়ে পেনাল্টি জিতেছিলেন মৌসুমের শেষ ম্যাচে লিভারপুলের বিপক্ষে,Positive,0
যা দের ঘর ভাং ছে তা দের ফা সি চাই,Negative,1
থাইল্যান্ড থেকে ফিরলেন আটকে পড়া ৩৭ বাংলাদেশি,Positive,0
জাতিসংঘের নতুন নাম জাতির ধ্বংস হওয়া উচিত,Negative,1
শিক্ষার গুনগত মান কম্পিটিটিভ সিলেবাস পশ্চাদপদ পরীক্ষা তথা মেধা যাচাই ব্যাবস্থা টেকনোলজিক্যাল ইনফ্রাস্টাকচার শিক্ষকদের কর্মশালা এবং গবেষণায় পশ্চাদপদতা এসব অব্যাবস্থাপনা দিয়ে উচ্চশিক্ষার কেবল একটি ডিগ্রী দেয়া যায় কর্মদক্ষ হিউম্যান রিসোর্স দেয়া যায় না এ বেকারত্বের দায়ভার শিক্ষা অব্যাবস্থাপনার কম্পলিটলি গার্বেজ ইন এন্ড আউট,Negative,1
রিজেন্ট হাসপাতালের চেয়ারম্যান সাহেদ ও তার সহযোগীদের ব্যাংক হিসাব জব্দের নির্দেশ,Positive,0
মাননীয় প্রধানমন্ত্রী সেইসাথে এটাও বলুন হাতুড়ি শাবল দিয়ে কতবার আঘাত করা লেগেছে সেটা কি এক দুটো আঘাতেই ঝুরঝুর করে পড়ে গিয়েছে সেটা যদি হয় তাহলে নিশ্চই বাংলাদেশে অনেকগুলো হাল্ক এর জন্ম হয়েছে আপনার রিলিফের চাল খেয়ে আমি আমার বাড়ি নির্মানে দেখেছি নির্মানের পর প্রয়োজনে কিছু আংশ ভাংগার জন্য প্রফেশনাল মিস্ত্রীদের কত সময় এবং ঘাম ঝড়েছে হাতুড়িশাবল দিয়ে তাহলে নিশ্চই আপনার দেয়া সেই দুর্নিতিমুক্ত বাড়ি ভাংতে অনেক সময় লাগার কথা সেই সময় কি আপনার কোনো নেতাকর্মী কিংবা আওয়ামীলীগের সমর্থকও ছিলোনা,Negative,1
করোনা ভাইরাস যুক্তরাষ্ট্রে ৯০ হাজার কোটি ডলারের কোভিড রিলিফ বিল পাস ডোনাল্ড ট্রাম্প বলছেন অপব্যয়,Positive,0
ঘর নির্মাণে দুর্নীতিগ্রস্ত আমলাদের দায়মুক্তির বার্তা দিলেন তিনি,Negative,1
স্থাপনের এক দশক পার হতে চললেও যশোর মেডিকেল কলেজের শিক্ষার্থীদের আবাসন সংকট কাটেনি,Negative,1
শ্রীলঙ্কা ক্রিকেটের বিবৃতি,Positive,0
করোনায় আরও ৩৯ জনের মৃত্যু,Negative,1
বেরোবির শিক্ষকশিক্ষার্থী জখমের ঘটনায় আরও একজন গ্রেপ্তার,Negative,1
সিনহা হত্যা মামলা সাক্ষ্য দিচ্ছেন ইমাম শহীদুল ইসলাম,Positive,0
এতো নির্লজ্জ ও দুর্নীতিবাজ সরকার পৃথিবীর কোথাও আছে বলে মনে হয় না,Negative,1
মেহেরপুর জেলায় আছি সারা রাস্তায় পাট আর পাট এত উৎপাদন এরপরেও লস খাত এটা ভাবতে খারাপ লাগে,Negative,1
পরীমনির কস্টিউম ডিজাইনার জিমি তিন দিনের রিমান্ডে,Negative,1
মূল্য পরিশোধ করা যাবে ডিজিটাল মাধ্যমে,Positive,0
ক্রিকেটে ফিরছেন আফগান নারীরা,Positive,0
শরতের কাশফুলে শিশুদের হাসি,Positive,0
ভারতে নারী পাচারে নদী ও টিকটক হৃদয় সিন্ডিকেটের সঙ্গে যশোর ও সাতক্ষীরা সীমান্ত এলাকার কি,Negative,1
পৃথিবীর মধ্যে কোন লোক যদি থাকে তাহলে মিথ্যাবাদী বাংলাদেশের প্রধানমন্ত্রী,Negative,1
স্কুল খোলার উৎসবে মেতেছে পিছিয়ে পড়া চা শ্রমিকদের সন্তানরাও,Positive,0
ট্রাকচাপায় রিকশার ৩ যাত্রী নিহত,Negative,1
বিশ্বে করোনায় মোট প্রাণহানি ৪৪ লাখ ৯৭ হাজার ৬১৯ আক্রান্ত ২১ কোটি ৬১লাখের বেশি বি,Negative,1
অনেকদিন পর একটা ভালো সংবাদ দেখলাম সাংবাদিককে ধন্যবাদ,Positive,0
ফেনী নদীর ভাঙন কি বদলে দিতে পারে বাংলাদেশভারত সীমান্ত রেখা,Negative,1
কিউই কাণ্ডে আইসিসির দ্বারস্থ হবে পাকিস্তান,Positive,0
হবিগঞ্জে স্ত্রীসন্তানকে পাবার মামলায় হেরে যাবার পর আদালত প্রাঙ্গণে এক যুবকের আত্মহত্যা,Negative,1
ডিএসইর ব্লক মার্কেটে লেনদেন বেড়েছে ১৮০ কোটি টাকা,Positive,0
চুলের সৌন্দর্য বাড়াতে যা করবেন,Positive,0
আমাদের প্রধানমন্ত্রী বিশ্রামের প্রয়োজন,Positive,0
লাহোরে আজ মুখোমুখি বাংলাদেশপাকিস্তান,Positive,0
অসুস্থ,Negative,1
খাল উদ্ধারে ৩মাসের ক্রাশ প্রোগ্রামে ডিএসসিসি,Positive,0
কুষ্টিয়ায় নয় মাসের শিশুকে হত্যা করে মায়ের আত্মহত্যা,Negative,1
ঔপন্যাসিক মিতালি পারকিনসের লেখা রিকশা গার্ল উপন্যাসটি উত্তর আমেরিকায় বিপুল সমাদৃত ফলে এ অঞ্চলের,Positive,0
যে তালেবান কপ্টার চালাতে পারে সে কী ড্রোন চালাতে পারবে না বিবিসি,Positive,0
খুব খারাপ,Negative,1
সিরিয়ার ইদলিবে দফায় দফায় আসাদ বাহিনীর বিমান হামলা,Negative,1
স্যার এখানে আপনি ৩ টি প্রশ্ন রেখেছেন আমি উত্তর দেওয়ার চেষ্টা করবো মানা না মানা এটা আপনার নিজস্ব ব্যপার ১সব চললে স্কুল চলবেনা কেন সব সবসময় চলে নি পরিস্থিতি বিবেচনায় চলেছে এদেশের অর্থনীতির কথা আপনি জানেন যেটা না চললেই না সেটাই চলেছে আর আমাদের স্কুল গুলোর সক্ষমতা আপনি জানের শহর কিংবা গ্রামে সব যায়গায় প্রয়োজনের তুলনায় ধারণ ক্ষমতা কম ২কোথাও কোন সতর্কতা নেই বিধি বলা বিধান দিয়ে কোন কাজ হবে না সরকার যথেষ্ট এর প্রচার চালিয়েছে আমি অন্যের কথা বলবো না আমি নিজের সঠিক ভাবে পালন করিনি তার এত লোকসংখ্যা দেশে কোনো সরকার এ ধরনের বিধি গুলো কখনো ঠিক রাখতে পারবেনা যদি আমরা এগুলো পালন না করি ৩বাচ্চাদের কথা না হয় বাদ দিলাম আমরা বড়রা কি সতর্ক বাচ্চারা অনুকরণ প্রিয় তার জন্য তাদের আশেপাশে হলো প্রকৃত শিক্ষালয় আপনার বাচ্চা স্কুলে না বাড়িতে বেশি শেখে ধন্যবাদ আপনার মতামতের জন্য,Positive,0
সিনহা হত্যা মামলার সাক্ষ্যগ্রহণ নিয়ে সংবাদমাধ্যমে কথা বলতে নিষেধাজ্ঞা,Negative,1
বিবিসির অপপ্রচার,Negative,1
সিলেট৩ ভোট বৃহস্পতিবার মাঠে নামবে আইনশৃঙ্খলা বাহিনী,Positive,0
আবরার হত্যা রাষ্ট্রপক্ষের যুক্তিতর্ক উপস্থাপন অব্যাহত,Positive,0
ধারণ ক্ষমতার অর্ধেক ট্রাক ও বাস নিয়ে শিমুলিয়াবাংলাবাজার রুটে ফেরি চলতে পারবে বিআইডব্লিউটিসি,Positive,0
খুলনার তিন হাসপাতালে আরও ১৭ জনের মৃত্যু,Negative,1
আল্লাহ্ যেন তাঁকে জান্নাতুল ফেরদৌস দান করেন আমীন,Positive,0
শুয়োরের বাচ্ছাদের বিরুদ্বে হত্যা মামলা দেয়া হোক,Negative,1
২৮ আরোহী নিয়ে রাশিয়ার প্লেন নিখোঁজ,Negative,1
টাঙ্গাইল মধুপুরের মাস্টারপাড়ায় ৪ জনের মরদেহ উদ্ধার,Positive,0
খেলার ছলে বন্ধুর ঘুষিতেই মারা যায় রবিউল,Negative,1
পিতা মাতা ফেলিউর,Negative,1
তাতে এই মেয়ের ছবি দেয়ার সাথে কি সম্পর্ক পুঃ ছারা পোষ্ট হয় না,Negative,1
টয়লেটে প্রস্রাব করলেই পুরস্কার আর না করলে শাস্তি তবে এটা শুধু গরুর জন্য কারণটা জেনে নিন এখান থেকে,Positive,0
ঢাকা ও চট্টগ্রামের কিছু সুনির্দিষ্ট বস্তি ও সংলগ্ন এলাকায় জরিপ চালিয়ে তার যে ফলাফল প্রকাশ করেছে আইসিডিডিআরবি তা,Positive,0
সরকারের বৈধতার অভাবে কর্মসংস্থান সৃষ্টি হচ্ছে না,Negative,1
করোনাভাইরাসের সংক্রমণ বাড়ায় দীর্ঘ পাঁচ মাস বন্ধ ছিল সব বিনোদনকেন্দ্র গত মাসের ১৯ তারিখ থেকে খুলেছে সব বিনোদনকে,Positive,0
শুরু থেকেই বিশ্ব বাজারে বাংলাদেশ জায়গা করতে পারেনি আমলাতান্ত্রিক জটিলতায় জর্জরিত ছিলো বাংলাদেশের বৈদেশিক বাণিজ্য এখন অবশ্য ইউরোপ ইউনিয়নভুক্ত দেশগুলোর সাথে বাংলাদেশের বাণিজ্য বেশ জমজমাট আশাকরি মধ্যেপ্রাচ্যের দেশগুলোর সাথেও বাংলাদেশের বাণিজ্যিক সম্পর্ক ঠিক হয়ে যাবে ইনশাআল্লাহ,Positive,0
একজন মানুষের প্রথম শিক্ষক শিক্ষিকা বাবামা এবং প্রথম শিক্ষা প্রতিষ্ঠান তার বাড়ি তাই আমার মতে একটি বাড়িকেও দুই ভাগে ভাগ করা হোক ১ পুরুষ বাড়ি আর ২ নারী বাড়ি,Positive,0
একটু বাতাস আসলে ১৫ দিন কারেন্ট থাকে না,Negative,1
স্কুল খুললেই আবার সেই জনসমাগম যত জনসমাগম তত সংক্রমণ তার ওপর করোনার ডেলটা ধরন শিশুদের জন্যও সংক্রামক করোনায় আ,Negative,1
উদ্যোগী হতে সরকার কি ধরনের সুবিধা দেয় জানি না তবে কমপক্ষে ৫ লক্ষ টাকা সুদ মুক্ত ঋণ দিতে পারে এখানে ডাক্তার ইঞ্জিনিয়ার সবাই বিসিএস দিচ্ছে তাদের জন্য গ্রহণযোগ্য চাকরির ব্যবস্থা করা উচিত,Negative,1
পদ্মা সেতুর মূল কাঠামোর উপর শুরু হয়েছে সড়ক বসানোর কাজ আরো পড়ুন পদ্মা সেতু পারাপারের টোল কতো হবে গাড়ি চলবে,Positive,0
ধামাকার বিরুদ্ধে ১১৬ কোটি টাকার মানি লন্ডারিং মামলা,Negative,1
গাজীপুর সিটিতে আবর্জনার পাহাড় কয়েক কিমি জুড়ে দুর্গন্ধ,Negative,1
সদ্য পাওয়া ইভ্যালির সিইও রাসেল ও তাঁর স্ত্রী তিনদিনের রিমান্ডে,Positive,0
শিগগিরই আইপি টিভির রেজিস্ট্রেশন তথ্যমন্ত্রী,Positive,0
বিবিসি বড়ই কৌশল খাটিয়ে পোস্টি করেছে কেননা ভয়েস অব এমেরিকা আজ নাইন ইলাভেন নিয়ে পোস্ট করায় বিবিসিরও খারায় গেছে তাই তারাও পোস্ট দিছে যাইহোক তারা কৌশল খাটিয়ে মুসলিমদের নিয়ে পোস্ট দিছে যাতে আমাদের বাহ বাহ পেতে পারে,Negative,1
কারন যাই হোক আপাদত বিবিসি এতদিনে একটা কার্যকরি খবর প্রকাশ করছে মনেহয়,Positive,0
এনআইডি জাতীয় পরিচয়পত্রে তথ্য ভুল হলে যেভাবে সংশোধন করবেন,Positive,0
সময় টিভি বাদ যাবে,Negative,1
হাসান বন্দরবাজার পুলিশ ফাঁড়ির সেকেন্ডইনকমান্ড টুআইসি পদে ছিলেন ফাঁড়ির সিসিটিভির ফুটেজ গায়েব করার অভিযোগে,Negative,1
অনেক সময় টাকা গুলো ছিড়ে যায় এটা খুব দ্রুত নিষিদ্ধ করা হোক কড়াকড়ি ভাবে,Positive,0
সারা দেশে একযোগে হামলার বিচার ১৫ বছরেও কেন শেষ হয়নি,Negative,1
আমি বাংলাদেশ থেকে ইন্ডিয়ান রুপী নিয়ে কলকাতা গেলে সেখানে একটা নোটে কলমের কালি ছিলো বলে টাকা টা কোন দোকানে চালাতে পারিনি আর এখানে ব্যাংকাররা টাকার উপর কিন্ডারগার্টেন এর বাচ্চাদের মত লেখা শুরু করে টাকাকে স্ট্যাপ্লার মেরে নষ্ট করে ফেলে,Negative,1
ইনস্টাগ্রাম রিল কি পারবে টিকটকের সাথে পাল্লা দিতে টিকটকের মতো অ্যাপ ব্যবহার করে ঘটছে অপরাধ এর প্রতিকার কী ম,Negative,1
আইফোন ১৩ বাজারে আসার দিন নির্ধারণ,Positive,0
কেউ কেউ তো খুশিতে নাচাও শুরু করেছে যেই আমি ফিরে আসছি অনেকে আবার মিস ইউ লাভ ইউ বলা শুরু করছে এই ধরনের,Positive,0
হাতিয়ায় মেঘনায় ট্রলারডুবি এক মরদেহ উদ্ধার নিখোঁজ ৫০,Negative,1
দেশে সংঘাত সৃষ্টির পাঁয়তারা করছে একটি মহল প্রধানমন্ত্রী,Positive,0
যোগী যোগে মনঃসংযোগ করতে পারছে না ঠিকঠাক,Negative,1
চতুর্থ দিনে ব্যাট হাতে দাপট দেখিয়েছে টাইগারা হারারেতে জিম্বাবুয়ের সামনে বিস্তারিত নিউজে,Positive,0
এসব বাসী বাণী অনেকে খায় না,Negative,1
ভাই আমি তো মুসলমান আমি হুরদের নিয়ে সারাদিন চিন্তা করি মোট কথা আমি হুর ভক্ত মানুষ এখন চিন্তা করছি জিহাদ ঘোষনা করে তাড়াতাড়ি শহীদ হব এবং তাড়াতাড়ি হুরদের কাছে চলে যাবো আপনি যাইতে চাইলে আমার সাথে যোগাযোগ করতে পারেন আমার আর দেরী সহ্য হচ্ছে না,Negative,1
গণহারে পাস সবাই ফার্স্টক্লাস মুখস্তবিদ্যায় সফল মানে চাকরিতে এগিয়ে খোজ নিয়ে দেখুন ৬৬ এর সবাই মুখস্ত বিদ্যায় দূর্বল কিন্তু এদের সবাই কোনো না কোনো ক্ষেত্রে ভালো মাপের ছাত্র কিন্তু তাদের এখন এই লম্বা পথ পাড়ি দিয়ে এসে না পারে ছোট কাজ করতে আর না পারে বড় কাজ ধরতে বড় কাজ ধরতে লাগে মুখস্ত বিদ্যা অমুকের দাদার নাম তমুকের তৃতীয় বউ এর বয়স এসব মুখস্ত করা লাগে আর কিছু অযোগ্যরা মুখস্তবিদ্যা ছাড়াও চাকরিতে এগিয়ে কারন তার দাদায় মুক্তিযুদ্ধ করছিলো এই বেকার ৬৬ এর ঐসব কোনো সম্পত্তিই নাই,Negative,1
দুলুর বিরুদ্ধে দুর্নীতির মামলা ৬ মাসে নিষ্পত্তির নির্দেশ,Positive,0
করোনায় আরো ৯৪ জনের মৃত্যু মোট প্রাণহানি ১০ ০৮১ নমুনা পরীক্ষা ১৯ ৯৫৯ নতুন রোগী ৪ ১৯২ জন,Negative,1
বিগ বস ওটিটিতে তাঁর নিকটতম প্রতিদ্বন্দ্বী ছিলেন শমিতা শেঠী বলিউড অভিনেত্রী শিল্পা শেঠীর বোনকে টপকে বিজয়ী হওয়ায়,Positive,0
তবে মেসির পিএসজি যাওয়া ঠেকাতে রীতিমতো আদালতের,Negative,1
আমার আম্মু সকালে বাইরে গেলো যাওয়ার সময় বলে গেলো আজ কলেজে যাওয়ার দরকার নাই,Positive,0
স্থগিত সিলেট৩ আসনের উপনির্বাচন ৪ সেপ্টেম্বর ইসি সচিব,Positive,0
তাঁকে বাহ কেন দেবে বলেন ওঁরা তো আর স্পেশাল কেউ নয় ধর্ম পালনের জন্য মন্দির মসজিদ করে দেওয়া হয়েছে এবং যে যাঁর ঘরে ধর্ম পালন করার জন্য স্বাধীন,Negative,1
পঞ্চগড়ে মাটি খুঁড়তে গিয়ে আহত অবস্থায় উদ্ধান করা হয় বিরল এই সাপ,Positive,0
আদালতকে যা বললেন পরীমনি,Positive,0
এই টানা বৈঠক আজ এক যুগেরও বেশি চলতেছে,Negative,1
ওরে বেঈমান আল্লাহ তর উপরে এখনো গজব নাজিল করেনাই কেন,Negative,1
ঢাকা দক্ষিণের সাবেক মেয়র সাঈদ খোকনসহ ৭ জনের বিরুদ্ধে দোকান বরাদ্দে প্রতারণা ও অর্থ আত্মসাতের মামলার আদেশ কাল,Positive,0
ভাষা বিতর্ক খোদা হাফেজএর জায়গায় আল্লাহ হাফেজএর প্রচলন কখন কীভাবে হলো আরবদের মাঝে বিদায়ী সম্ভাষণের ভাষা কী,Positive,0
নিয়ন্ত্রণ হারিয়ে যাত্রীবাহী প্রাইভেটকার পানিতে,Negative,1
চি কি জগন্ন মহিলা,Negative,1
ডিপ্লোমা পাশেই ৪০ ০০০ টাকা বেতনে ঢাকার বাইরে টিএমএসএসে চাকরির সুযোগ,Positive,0
প্রেমিক যখন সিরিয়াল প্রেমিকা কিলার,Negative,1
তাইওয়ানকে কূটনৈতিক স্বীকৃতি দিয়ে ভারত কি এক চীন নীতি থেকে সরে আসতে পারে,Negative,1
কানাডার প্রধানমন্ত্রী জাস্টিন ট্রুডোকে লক্ষ্য করে পাথরের টুকরা ছুড়ে মেরেছেন একদল বিক্ষোভকারী,Negative,1
নিউজিল্যান্ডের আত্মবিশ্বাস বাড়িয়েছেন ফিন অ্যালেন,Positive,0
ঈদ মোবারক,Positive,0
পশ্চিমা সেনাদের দখলদার বিবেচনা করব তালেবান,Positive,0
ঘূর্ণিঝড়ে গাছে উড়ে গেলো গরু,Negative,1
তারা আফগান বাসী ও পৃথিবীর মানুষদের এক নতুন পথের দিশা দেবে যদিও এতে মুত খোরদের ঘুম উড়ে গেছে,Negative,1
আর্থার মর্টিমের বলছেন ক্যাপ্টেন টম মুর থেকে অনুপ্রাণিত হয়েছেন তিনি এই ভ্রমণে সাড়ে ৪ হাজার পাউন্ড তহবিলও সংগ্রহ হ,Positive,0
প্রেমবিয়ে নিয়ে যা জানালেন দীঘি বিস্তারিত নিউজে,Positive,0
খুলনার বড় বাজারে স্বাস্থ্যবিধি চিড়ে চ্যাপ্টা,Negative,1
শুরু হচ্ছে সংগীতবিষয়ক নতুন অনুষ্ঠান পিয়ানো লাউঞ্জ চ্যানেল আইয়ের পর্দায় আজ থেকে শুরু হতে যাওয়া এই অনুষ্ঠানের,Positive,0
প্রতি সেকেন্ডে এক ট্রাক পোশাক যাচ্ছে ময়লার ভাগাড়ে,Negative,1
প্রশসংসনীয় উদ্যোগ,Positive,0
বিবিসি আরেক সন্ত্রাস,Negative,1
এমপিদের আচারব্যবহার ও পোশাক নিয়ে কড়া নির্দেশনা দিয়েছেন পার্লামেন্ট হাউস,Positive,0
পানির নিচে রাঙামাটির ঝুলন্ত সেতু,Positive,0
একেবারে উচিত কাজ করছে বাইন মুসলিম হয়ে বিধর্মীদের দালালী করিস তোদেরকে আগে ফিনিশ করা দরকার তোরাই ইসলামের আসল শত্রু,Negative,1
নতুন পিএসপি সেবা চালুর বিষয়ে পাঠাওয়ের জনসংযোগ বিভাগের সঙ্গে যোগাযোগ করা হলে তারা,Positive,0
ইয়াহিয়া খানের বাচ্চা,Negative,1
টিকাগ্রহণ ও টিকা নেয়ার পর করণীয় বিষয়ে যেসব নির্দেশনা দিয়েছে সরকার এগুলো হলো,Positive,0
পাট কাঠি দিয়ে ঘুতাইয়া ভেঙ্গে ফেলছে,Negative,1
নীতিনির্ধারকদের অযোগ্যতা,Positive,0
সড়ক দুর্ঘটনায় আহতনিহত ব্যক্তির ক্ষতিপূরণ ও চিকিৎসা খরচ মেটাতে আর্থিক সহায়তা তহবিল এবং তহবিল পরিচালনায় ট্রাস্টি,Positive,0
অনলাইনে টার্ম ফাইনাল পরীক্ষা নেবে বুয়েট,Positive,0
করোনায় ২৪ ঘণ্টায় ৭০ জনের মৃত্যু,Negative,1
জিপিএ৫ ঢাকা বোর্ড ৫৭ ৯২৬ রাজশাহী বোর্ড ২৬ ৫৬৮ জিপিএ৫ কুমিল্লা বোর্ড ৯ ৩,Positive,0
ভারত থেকে তেঁতুল বিচি আনছে বাংলাদেশ কী কাজে লাগে,Positive,0
খুলনা বিভাগে করোনায় রেকর্ড ৩২ জনের মৃত্যু,Negative,1
ব্রেকিংনিউজ বসিলায় জঙ্গি আস্তানায় র্যাবের অভিযান চলছে,Positive,0
ওরে জাতিসংকরস্টুপিড,Negative,1
তালিকা থেকেই বাদ মাশরাফী,Negative,1
ঠিক মত ঘুষ দিতে পারে না বলে আজ শিক্ষিত হয়েও ৬৬ বেকার ছোট্ট এ বাংলাদেশে,Negative,1
দুই সন্তানসহ দম্পতি হত্যায় রাহানুরের ফাঁসির আদেশ,Positive,0
গ্রাম অঞ্চলে শিল্পের বিপ্লব ঘটাতে হবে কৃষি প্রযুক্তির ব্যবহার বাড়াতে হবে চাকরির আসায় বসে না থেকে উদ্যোগত্তা হতে হবে আমদানিতে নির্ভরশিল না হয়ে উত্পাদক হতে হবে ছোটো খাটো উদ্যোগক্তাদের সহজ শর্তে রিন সুবিধা দিতে হবে সর্বপরি মাঠ পর্যায়ে উন্নয়ন জরুরী শুধু কাগজে কলমে আটকে থাকলে হবেনা তাহলেই আমাদের গ্রামও একদিন শহর হবে আমাদের সবাইকে তখন এই এক কেন্দ্রীক শহর মুখি হতে হবেনা,Positive,0
১২ থেকে ১৭ বছরের শিক্ষার্থীরা পাবে ফাইজারের টিকা,Positive,0
বিধিনিষেধ বাড়ল আরও ৭ দিন,Negative,1
জানা গেল এসএসসি পরীক্ষার সম্ভাব্য তারিখ,Positive,0
সেই জাপানি স্ত্রীকে ৫ কোটি টাকা চেয়ে ইমরানের নোটিশ,Positive,0
ফ্রান্সে কেউ চাইলেও সন্তানকে বাসায় পড়াতে পারেন না সরকারি স্কুলে হিজাব পরা নিষিদ্ধ মেয়ে শিক্ষার্থীকে ছেলেদের সাথে স্বল্প পোশাকে স্পোর্টস ক্লাসে অংশগ্রহণ করতে হয় কেউ কেউ বিভিন্ন অজুহাতে সাঁতারের ক্লাস থেকে বিরত থাকেন সেটাকে জঙ্গিবাদ ও বিচ্ছিন্নতাবাদ বলে কঠোরভাবে দমনের কথা বলেছেন সেদেশের কোনো কোনো মন্ত্রী বিষয়টি মুসলমানদের জন্য কতোটা অসহনীয় ও যন্ত্রনাদায়ক তা বলাই বাহুল্য স্বাধীনতা হরণের এই নিকৃষ্ট নিয়ম নিয়ে বিশ্বের কারো কোনো অভিযোগ নাই এখানে নারীর অধিকার নিয়ে কথা বলার কেউ নেই সমাজ উচ্ছন্নে গেলেও নারীকে অশ্লীলভাবে চলাফেরা করতে দিতে হবে যা খুশি করতে দিতে হবে কারণ নারীর স্বাধীনতা থাকতে হবে অবশ্য নিজ ইচ্ছায় ইসলাম পালনের স্বাধীনতা দেওয়া যাবে না এ হলো আজকের সভ্যতার প্রকৃত রূপ,Negative,1
সমাজ ও রাষ্ট্রের বহুমাত্রিক বিকাশে গণমাধ্যমের প্রসারের পাশাপাশি এ ক্ষেত্রে নৈতিকতার চর্চা অত্যন্ত গুরুত্বপূর্ণ বলে,Positive,0
পিন কারণে টাকা টা নষ্ট হচ্ছে ৭০ আরবের দেশ গুলোতে পিন মারা নিষেধ,Negative,1
এসএসসি পাসে ২৩ ৪৯০ টাকা বেতনে,Positive,0
আলহামদুলিল্লাহআহা সোনালী দিনগুলো মিস করিফিরে আসুক সোনার বাংলায় সোনালী আঁশের সোনালী দিন,Positive,0
আমি ইতিপূর্বে অন্তর থেকে দোয়া ও রহমত কামনা করছি যাতে ইসলামের স্বার্থেই এক কাতারে কাতারবন্দি হয়ে দেশ ও জনগণের কল্যাণে কাজ করতে পারে আমিন,Positive,0
বাইডেন ও ট্রাম্প কে কীভাবে জয় পেতে পারেন মার্কিন নির্বাচনের সর্বশেষ আপডেট,Positive,0
ব্যবসায়ীদের সঙ্গে বৈঠকের পর আলুর নতুন দাম নির্ধারণ করেছে কৃষি বিপণন অধিদপ্তর খুচরায় ৩,Positive,0
পাকিস্তানের সামরিক বাহিনীর মুখোমুখি দাঁড়িয়েছিলেন যে বিচারপতি,Positive,0
বিদ্রোহীদের এ বিদ্যুৎগতির অগ্রগতিতে তারা শিগগিরই বিস্তারিত নিউজে,Negative,1
এক মাসের মধ্যে ডেঙ্গুর প্রকোপ কমে আসবে এলজিআরডি মন্ত্রী,Positive,0
ব্রাজিলের বিপক্ষে মেসি খেলবেন কিনা জানালেন স্কালোনি,Positive,0
বড়দের বিশ্বকাপে বড় চ্যালেঞ্জের অপেক্ষায় শামিম,Positive,0
খালে গোসলে নেমে ৩ স্কুলছাত্রী নিখোঁজ,Negative,1
যদি চালিয়েও থাকে তাহলে ভাল করেছে ইসলাম ফবিয়া সন্ত্রাসীদের উৎখাত করা প্রয়োজন,Negative,1
বার্ড ফ্লু ভারত থেকে হাঁসমুরগি ডিম ও মুরগির বাচ্চা আমদানি অনির্দিষ্টকালের জন্য বন্ধ,Negative,1
বাস্তবে কাজে লাগে এমন শিক্ষার অভাব,Negative,1
ডাকাতি শেষে পালানোর সময় গণপিটুনি এক ডাকাত নিহত,Negative,1
গ্রামের নাম পালপাড়া কিন্তু লোকজন উপহাস করে ডাকে কাদারগাঁ পালপাড়া বর্ষা এলেই একপ্রকার অবরুদ্ধ হয়ে পড়ে গ্রামটি,Negative,1
২য় টিটোয়েন্টিতে অজিদের ৫ উইকেটে হারাল বাংলাদেশ টিটোয়েন্টিতে টানা দ্বিতীয় জয়ে,Positive,0
খোয়াই নদীর পানি বিপৎসীমার উপরে,Negative,1
পটিয়া আওয়ামী লীগ নিয়ে তৃণমূলে ক্ষোভ ভেঙে দেওয়া কমিটি পুনর্বহালের দাবি,Negative,1
যতসব ফালতু খবর,Negative,1
বিএনপিকে আয়নায় চেহারা দেখার আহ্বান কাদেরের,Negative,1
ঠিকই আছে পাটের দাম কম হলে মমতাজ আপা এসে এবার বলবে ভাতের চাপ কমান বেশি বেশি পাট খান,Negative,1
গত বছর ২০২০ স্কুলটিতে ৩২ ছাত্রীর বিয়ে হয় বলে জানান প্রধান শিক্ষক মো আব্দুল লতিফ,Positive,0
দেখলাম না ২০ বছরের ভিতরে মাজলুম তালেবানদের উপর নির্যাতনের পক্ষে কোন কথা লিখতে এই বলদগুলো সর্বদাই চেষ্টা করে যাচ্ছে তালেবানদেরকে বাঙ্গালীদের চোখে খারাপ দেখাতে আরে তোদের দাদা বাবুরা পর্যন্ত জঙ্গি জঙ্গি বলে মিডিয়া দিয়ে বিশ্বে তাদেরকে জঙ্গি দেখাতে যেয়ে পেদানি খেয়েছে তোরাও অপেক্ষা কর,Negative,1
কর্মী নিয়োগে আদালতের আদেশ না মানায়,Negative,1
তালিবরা হত্যাকারী খুনি বিনা কারণে যখন তখন মানুষ খুন করে প্রত্যেকেই এক একজন বিচারক তাদের হত্যা করলেও কী অন্যায় হয় দুনিয়ার চিন্তা ভাবনা করা উচিত,Positive,0
গ্র্যাজুয়েশনের পর ১২ বছর সুবিধার প্রস্তাবে সমর্থন চাইলেন মন্ত্রী,Positive,0
১৪ দিন ধরে করোনা পজিটিভ অবস্থায় বাড়িতে বিস্তারিত নিউজে,Positive,0
এটা দূর্নীতি বাজদের সাফাই গাওয়া ছাড়া আর কিছু নয় লজ্জা এখন আমাদের লাগে আপনাদের কথা শুনলে,Negative,1
সিল মারার সময় ৬ নির্বাচন কর্মকর্তা আটক,Positive,0
করোনা সংক্রমণের কারণে দীর্ঘদিন বন্ধ থাকা শিক্ষাপ্রতিষ্ঠানগুলো আগামী সেপ্টেম্বর মাসে খুলে দেয়ার জন্য আল্টিমেটাম দি,Positive,0
শিক্ষাপ্রতিষ্ঠান খোলার চূড়ান্ত ঘোষণা,Positive,0
ছয় জেলার বন্যা পরিস্থিতি আরও অবনতির শঙ্কা,Negative,1
বুড়ো বয়সে ভীমরতিতে পেয়েছে,Negative,1
বিএনপিপন্থী বুদ্ধিজীবীরাই তাদের অনিয়ম নিয়ে মুখ খুলছেন,Negative,1
রাজপথে সাঁজোয়া যান কাচিনে গুলি ইয়াঙ্গুনে বন্ধ ইন্টারনেট,Negative,1
বেশী ভাগ আন্ডা শিক্ষিত যে কয়টা সরকারি চাকরি করে ঘুষখোর নবাব সঠিকতর শিক্ষিত খুব কমই আর দালালিতে এগিয়ে,Negative,1
মোনাফেক,Negative,1
সরকারের সহযোগিতা চাইছে যুবলীগের প্রয়াত নেতার পরিবার,Positive,0
বস্তা বন্দিনীদের আবার উচ্চ শিক্ষা বাচ্চা প্রসবের সময় কিন্তু পুরুষ ডাক্তারের সামনে ইয়ে হতে কিন্তু লজ্জা লাগে না মধ্যেযুগীয় মানুষ,Positive,0
ডাজাফর উল্লাহ ঠিকই বলছেন প্রধানমন্ ত্রীর মাথা ঠিক নাই,Negative,1
রোহিঙ্গাদের দ্বিতীয় দল ভাসানচরের পথে,Positive,0
ত্বকে উজ্জ্বলতা ফেরাতে হলুদ আর চন্দন লাগানোর প্রথা বহু যুগ ধরে চলে এসেছে,Positive,0
একজন সাধারণ নারী পুরুষতান্ত্রিক সমাজ ব্যবস্থা থেকে বের হয়ে বিস্তারিত নিউজে,Positive,0
প্রধানমন্ত্রীর কার্যালয় থেকে সারাদেশে টিম পাঠিয়ে এর তদন্ত করা হয়েছেসম্ভবত তদন্ত হয়েছে সেটার যে এই ছবি ফেসবুকে বা সংবাদে বা বিভিন্ন মিডিয়ায় দিল কারা নয় কি,Negative,1
দেশ ছেড়েই পালালেন আফগানিস্তানের নারী ফুটবলাররা,Negative,1
ভিয়েনায় মার্কিন কূটনীতিকরা হাভানা সিনড্রম জাতীয় রহস্যজনক রোগে আক্রান্ত হয়েছেন,Negative,1
এই ম্যাচে এটাই তার প্রথম উইকেট,Positive,0
আরটিভি ও ইউটিউব চ্যানেল আরটিভি মিউজিক হয়ে মানুষের মুখে মুখে ঘুরছে গ্রাম থেকে গ্রামান্তর,Positive,0
প্রবীণ প্রকাশক মহিউদ্দিন আহমেদ আর নেই,Negative,1
মাতৃভূমি আর্জেন্টিনা থেকে শুরু করে ইতালি বিশ্বকাপের গৌরব ও মাদকে পতন এক নজরে দিয়েগো ম্যারাডোনার ক্যারিয়ার,Positive,0
দায়ীদের আইনের আওতায় আনাহোক,Negative,1
ইতালির সিসিলিতে কীভাবে শক্ত হচ্ছে আফ্রিকান সংস্কৃতি,Positive,0
ক্রিকেটার জাভেদ ওমর এখন পুরোদস্তুর অভিনেতা,Positive,0
দুঃখজনক,Negative,1
ঘুষের টাকা ফেরত দিলেন পুলিশের এএসআই,Positive,0
আগ্রহ নেই রাহুল গান্ধির তবে কে হচ্ছেন কংগ্রেসের কাণ্ডারি,Negative,1
ঢাকা বিশ্ববিদ্যালয় খোলার পর ছাত্রত্ব শেষ হওয়া কেউ আবাসিক হলে থাকতে পারবেন না প্রভোস্ট,Negative,1
পরবর্তী নির্দেশ না দেওয়া পর্যন্ত বিকেল ৫টা থেকে রাত ১১টা পর্যন্ত সিএনজি স্টেশন বন্ধ থাকবে,Positive,0
সকল মুসলিম দেশে এই আইন চালু করার দাবী করা উচিৎ,Positive,0
টাঙ্গাইলে নৌকাবাইচ প্রতিযোগিতা,Positive,0
হুদাই আপনি ছোট ছোটো ইস্যুতে মাথা ঘামান ক্যান বড় বড় ইস্যুতে মাথা খাটান কাজে লাগবে,Negative,1
বঙ্গবন্ধু পরিবারসহ গুরুত্বপূর্ণ ব্যক্তিদের নিরাপত্তা দেবে এসএসএফ,Positive,0
আলু বাজারজাতে প্রয়োজনীয় ব্যবস্থা কৃষিমন্ত্রী,Positive,0
মিম এখন সর্বোচ্চ পারিশ্রমিকপ্রাপ্তদের মধ্যে অন্যতম বিস্তারিত নিউজে,Positive,0
যৌনকর্মীদের খুঁজছে তালেবান,Negative,1
আইপিএলের এই পর্ব শুরুর আগে নিজের পছন্দের সর্বকালের সেরা আইপিএল একাদশ সাজিয়েছেন এই অলরাউন্ডার,Positive,0
সরকার হটাতে লাঠিসোটা নিয়ে মাঠে নামুন জাফরুল্লাহ,Negative,1
প্রথমে ভাবছিলাম কাক্কু ম্যানিকে মাগে হিতে গাইবো,Negative,1
ইন্টারনেটের মাধ্যমে হাতের নাগালে পাওয়া পর্ণগ্রাফি দেখে ধ্বংসের পথে,Negative,1
তালেবানরা মানুষ হত্যা করবে না এই কথা উম্মাদও বিশ্বাস করবে না রক্ত না পেলে তারা নিজেরা নিজেরা রক্তারক্তি করবে,Positive,0
মনে করেন ঐকিক নিয়মে ৫ হাতুড়ি ৫ টা শাবল মানে ১০ জন ৩০০ ঘর বিরোধী দলীয় ৩০০০ জন জড়িত তার মানে ৩০০০ নতুন করে বিরোধী দলীয় নেতা কর্মী গ্রেফতার হবে যদিও প্রশ্ন থেকে যায় গত ১২ বৎসর কারা হতুড়ির সর্বোচ্চ ব্যবহার করেছে দমন পীড়নে,Negative,1
সামাজিক মাধ্যম নিয়ে আইন সময়োপযোগী,Positive,0
শ্রীলঙ্কায় ৮০ বছর পর প্রথমবার যমজ হাতির জন্ম বিস্তারিত নিউজে,Positive,0
তারপরও সরকারি আমলা ও দলীয় লোকদের দূর্নীতি প্রকাশ করা যাবেনা যত দোষ পাবলিকের,Negative,1
টিকা না নেওয়া কর্মীদের কোনো সুরক্ষা দেওয়া হবে না,Positive,0
ভালো জিনিস তাহলে কি ভাবে হবে,Negative,1
হাওরের থৈ থৈ পানির মাঝখান দিয়ে দৃষ্টিনন্দন সড়ক,Positive,0
আবারও সালেহপুর সেতুর এক লেন বন্ধ সড়কে যানজট,Negative,1
সিএএবির নিয়োগ পরীক্ষার সূচি প্রকাশ,Positive,0
হাতুড়ি তোর ভোদায় প্রয়োগ হবে,Negative,1
এরা জাতিসংঘের ভাড়াকরা দালাল বিক্ষো ভ সমাবেশ এরাই করছে,Negative,1
বাবা ভর্ৎসনা না করলে বলিউডে হয়তো রিমা লাম্বা নামেই পরিচিত হতেন তিনি,Positive,0
এই বক্তব্যের মাধ্যমে দুর্নীতিবাজরা আরো উৎসাহিত হয়ে উঠবে,Negative,1
বিজ্ঞান মনস্ক কোন আদর্শ নয় কার সাথে যে তর্ক করছি বৃথা বৃথা,Negative,1
আমার ক্যাপশন আর কখনো ইসলামের বিরুদ্ধে কথা বলবি না এখন সভ্যতা শিখতে মাদ্রাসায় পড়াশুনা করতে যা,Positive,0
এই জন্য তদের নেঙটার জাত বলে,Negative,1
বাংলাদেশ নৌবাহিনীর দাবাড়ু নাসির অবশ্য এর আগে একবার ঢাকায় মুখোমুখি হয়েছিলেন দীপ সেনগুপ্তের সেবার হেরেছিলেন কি,Positive,0
দেশে করোনায় মৃত্যু ২৫ হাজার ছাড়ালো,Negative,1
জামায়াত নেতা গোলাম পরওয়ারসহ সাতজন কারাগারে,Negative,1
সবাই গিয়ে ভিতরের নিউজ পড়েন তাইলেই বিবিসি জারজদের ভন্ডামি ধরতে পারবেন,Positive,0
বাহ বিরোধী দল দমনের নতুন কৌশল এই ঘর ভাঙার মমলায় হয়তো মির্জা ফখরুল বা আসিফ নজরুলরাও গ্রেফতার হতে পারেন,Negative,1
উন্নয়নের জোয়ারে ভেঙে গেছে,Negative,1
কর্ম বিমুখী নিম্ন মান পুরাতন সিলেবাস নকল শিক্ষা ব্যবস্থার কারনে বেকার বেশী,Positive,0
শুনেছি পাপ বেশি বেড়ে গেলে এইরকম হয়,Negative,1
আসলে ঞান বুদ্ধি না থাকায় মূর্খ তার পরিচয় দেয়া আর কি এ দিকে ছবির ব্যক্তি টা নিখোঁজ আর দিকে ফেসবুকওলারা কি ফালতু ফালতু কমেন্ট করছে এটা কোন সভ্যতা হতে পারে না,Positive,0
উনি দুর্নিতি ও দুর্নিতিবাজদের কে আড়াল করছেন এবং দুর্নিতিকে প্রতিষ্ঠানিক রূপ দেওয়ার বার্তা দিচ্ছেন,Negative,1
গরমে আরাম নরম কাপড়ে,Positive,0
কবিতা পাঠ করা হা রা ম,Positive,0
করোনায় আরো ২২৫ জনের মৃত্যু মোট প্রাণহানি ১৭ ৮৯৪ নমুনা পরীক্ষা ৩৯ ৮০৬,Negative,1
ব্রাহ্মণবাড়িয়ায় ফেসবুক স্ট্যাটাসের জেরে দুপক্ষের সংঘর্ষ,Negative,1
কেন বিএনপির সিরিজ বৈঠক জানালেন ফখরুল,Positive,0
তুরাগে গোসল করতে নেমে ডুবে গেল তিন ছাত্রী,Negative,1
স্মার্টফোন ব্যবহার করে ১৫ বছরের স্কুল পড়ুয়া মেয়ে বিস্তারিত নিউজে,Negative,1
প্রযুক্তির নেতিবাচক ব্যবহার প্রতিরোধে শিক্ষামন্ত্রীর পরামর্শ,Positive,0
তুরাগ নদীতে গোসল করতে গিয়ে পানিতে ডুবে যাওয়া নিখোঁজ তিন ছাত্রীর,Negative,1
ঢাকা শিশু হাসপাতালকে ইনস্টিটিউট করতে বিল পাস,Positive,0
সোনালী দিন আবার কিরে ভাই যাও একজন মধ্যবিত্তের বাড়িতে খোঁজ নিলেই জানতে পারবেন তাঁরা কেমন আছে আর সোনালী রুপালি কিছুই না পাট চাষ অনেক কমছে পাটের পিছনে যা খরচ তা দিলে হয়তো এইবার টিকবে বাট গত কয়েক বছর ক্ষতিই হয়েছে,Negative,1
আগ্রহী প্রার্থীরা যোগ্যতা থাকলে সরাসরি অফিস বরাবর আগামী ১৮ আগস্ট পর্যন্ত বিস্তারিত নিউজে,Positive,0
সমন্বয় না থাকলে ডেঙ্গু থেকে বাঁচা দুঃসাধ্য সুলতানা কামাল,Positive,0
করোনায় আরো ১৮ জনের মৃত্যু মোট প্রাণহানি ৮ ৬৪২ নমুনা পরীক্ষা ১৮ ৯১৭ নতুন রোগী ১ ৮৯,Negative,1
কলেজছাত্রী মোসারাত জাহানকে ধর্ষণের পর হত্যার অভিযোগে বসুন্ধরা গ্রুপের চেয়ারম্যান আহমদ আকবর সোবহান ব্যবস্থাপনা পরি,Negative,1
পিয়াসাকে কোটি টাকার গাড়ি লাখ টাকার বাড়ি উপহার বিস্তারিত নিউজে,Positive,0
দুর্নীতিবাজরা যাতে শাস্তি পায় সে লক্ষ্যে প্রয়োজনীয় ব্যবস্থা নিতে দুর্নীতি দমন কমিশনের দুদক প্রতি আহ্বান জানি,Positive,0
শবেবরাত ও নববর্ষ ঘরে বসে পালনের আহ্বান জানালেন প্রধানমন্ত্রী,Positive,0
পাহাড় ধস নিখোঁজ মামেয়ের লাশ উদ্ধার,Positive,0
বাংলাদেশ থেকে যে নারীরা সৌদি থেকে ফিরে এসেছে তারা যানে কি রকম শরিয়া আইন শেখানে চলে,Positive,0
বিশ্বে করোনায় মোট প্রাণহানি ছাড়ালো ৩৪ লাখ ৯৮ হাজার এ পর্যন্ত আক্রান্ত ১৬ কোটি ৮৪ লা,Negative,1
কুকুরের বাচ্ছা,Negative,1
ডাক্তারের কাছে রোগী নয় রোগীর কাছে ডাক্তার,Positive,0
পৃথিবীতে বাংলাদেশে একমাত্র নোংরা টাকা আছে ছেরা পুটা লেখা আর অন্য দেশে আছে কি না জানিনা ইউরোপ আমেরিকা জাপানে যদি কেউ কলমের দাগ দেই ওটাই বাতিল বলে গন্য হবে,Positive,0
ছিলো না লাইসেন্স ঘুম চোখে গাড়ি চালানোয় ঘটে দুর্ঘটনা,Negative,1
পূর্ণ ডোজের ভ্যাকসিন গ্রহণকারী বিদেশি নাগরিকদের মালয়েশিয়া প্রবেশের অনুমতি দিয়েছে দেশটির সরকার,Positive,0
শিক্ষার্থীকে চাপা দেওয়া সেই গাড়িচালক গ্রেপ্তার,Positive,0
সহমত আফা,Negative,1
একদম ঠিক কথা,Positive,0
উপসাগরীয় আরব দেশগুলোর সঙ্গে ব্রিটেনের এত ঘনিষ্ঠ সম্পর্ক যে স্বার্থের কারণে,Positive,0
করোনা ভাইরাস ভ্যাকসিন ভারতে টিকা নেয়ার পর প্রায় সাড়ে চার শ মানুষের শরীরে বিরূপ প্রতিক্রিয়া,Negative,1
বিদ্যুত আগের থেকে ভালোই থাকে আর যখন এটটু পানি হয় আকাশে মেঘ থাকলেও বিদ্যুত নাই আর একবার যাওয়া শুরু হলে জীবন অতিষ্ঠ,Negative,1
সৌম্যলিটনে তবুও আস্থা বিসিবি সভাপতির,Positive,0
করোনা রোধে কঠোর বিধিনিষেধ ১৬ মে পর্যন্ত বাড়িয়ে প্রজ্ঞাপন জারি আন্তজেলা বাস বন্ধ থাক,Positive,0
বলিউড অভিনেত্রীদের বিয়ে মানেই ঝলমলে পোশাক দাম আর ডিজাইন দিয়ে আলোচনায় থাকে সব সময় কিন্তু ব্যতিক্রমও আছে যেখা,Positive,0
সিনহা হত্যা মামলায় ওসি প্রদীপ পরিদর্শক লিয়াকত ও এস আই নন্দদুলালের তৃতীয় দফায় ৩ দিনের রিমান্ড মঞ্জুর,Negative,1
কি গো চর্মরোগী আপনিই তো পাবলিক টয়লেটের সাংঘাতিক,Negative,1
বই উৎসব হচ্ছে না বই বিতরণ হবে যে পদ্ধতিতে,Positive,0
কোভিড ভ্যাকসিন করোনাভাইরাসে আক্রান্ত হয়ে ভার হয়ে যাওয়ার পর টিকা নিলে অ্যান্টিবডি বেশি হয় গবেষণা,Positive,0
প্রতিষ্ঠানগুলো ৪০ শতাংশ বাংলাদেশি শ্রমিক নিয়োগ দিতে পারবে ভারতের জন্যও এই নিয়োগ সীমা বিস্তারিত নিউজে,Positive,0
বিদ্যুৎ এমন এক জিনিশ যেটা মজুদ রাখা যায় না গ্যাস পানি ক য়লা রাখা যায় কিন্তু বিদ্যুৎ রাখা যায় না উৎপাদন করে খরচ না করলে পুরোটাই বৃথা তাই যথাযথ প্রয়োগ করাটাই ভালো,Positive,0
মানসিক ভারসাম্যহীন অবৈধ মন্ত্রী,Negative,1
সবাই নৌকায় উঠলে বিপদ আছে তথ্যমন্ত্রী,Positive,0
আলোচনায় সুলতানা কামাল বলেন এত বছর পরও মানুষের বঞ্চনা কমেনি বৈষম্য বরং আরও বেড়েছে,Negative,1
খালেদা জিয়ার প্যারোলে মুক্তি নিয়ে,Negative,1
আফগানিস্তানে শান্তি ফিরে আসছে বিবিচির কোনমতেই তা সহ্য হচ্ছে না,Negative,1
নারী অধিকারবিষয়ক সনদ থেকে কেন বেরিয়ে গেল তুরস্ক,Negative,1
শিরোনাম হবে সন্ত্রাসবাদ ী কার্যক্রম চালানোর নতুন কি নিঞ্জা টেকনিক আবিস্কার করলো পশ্চিমারা যা প্রয়োগ করে পরবর্তীতে নতুন করে কোন মুসলিম রাষ্ট্রকে খেয়ে হজম করা যাবে,Negative,1
গ্রেফতার রিমান্ড শুরু হল বলে,Negative,1
বাণিজ্য মেলায় সবচেয়ে বেশি ভিড় যে প্যাভিলিয়নে,Negative,1
এসব হাস্যকর কথাবার্তা এজন প্রধানমন্ত্রী কিভে বলেন যেখানে তিনি ঠিকাদার ও তত্ত্বাবধানে নিয়োজিত ব্যাক্তি বর্গের জবাবদিহিতা নিশ্চিত করবেন,Negative,1
দেখেন কিছু গোলমাল পাকানো যায় কিনা,Positive,0
ইসলামাবাদ দুরবিন ধরে এক নজরে তাকিয়ে আছে ভারত কবে তালেবানদের স্বীকৃতি দিবে তখনই তারা লেজ উচু করে বলবে সাবাস বিবিসি,Negative,1
১৭ হাজার কোটি টাকা আত্মসাতের অভিযোগে এহসান গ্রুপের চেয়ারম্যান গ্রেপ্তার,Negative,1
জামিনে কারাগার থেকে মুক্তি পেলেন সাংবাদিক রোজিনা ৫ দিন পর জামিনে মুক্তি,Positive,0
সব রাজাকারদের মেরে পেলা হোক,Negative,1
বাস্তবমুখী শিক্ষার অভাব,Negative,1
নানাভাবে ট্রলের শিকার হচ্ছিলেন এ বলিউড অভিনেত্রী এবার স্পষ্টভাবে জানিয়ে দিলেন আদতে কী চান তিনি,Negative,1
করোনায় আরো ৬৯ জনের মৃত্যু মোট প্রাণহানি ৯ ৮৯১ নমুনা পরীক্ষা ৩২ ৯৫৫ নতুন রোগী ৬ ০২৮ জন,Negative,1
গত ২৪ ঘণ্টায় করোনা আক্রান্ত হয়ে ও উপসর্গ নিয়ে রাজশাহী খুলনা ঝিনাইদহ ও চুয়াডাঙ্গায় ৪২ জনের মৃত্যু,Negative,1
দেখবেন নেতার লঞ্চ এ ঘটনায় কিছুই হবে না,Negative,1
সংসদ টিভিতে ক্লাস প্রচারের প্রস্তুতি মন্ত্রণালয়ের,Positive,0
চাঁদপুর শহরের ৫ জন নারী উদ্যোক্তা এবারই প্রথম অনলাইনে ইলিশ বিক্রি করছেন এর মধ্যে রোকেয়া প্রীতি একাই ১৫ লাখ টাকার,Positive,0
বগুড়ায় পোষা প্রাণীদের চিকিৎসাসেবায় পৃথক একটি হাসপাতাল স্থাপনের দাবি করেছে পেটস কেয়ার টিম বগুড়া নামের প্রাণী,Positive,0
গ্রামে লোডশেডিং বলে কিছু নেই তবে মাঝেমাঝে বিদ্যুৎ আসে,Positive,0
আমের এত বাহারি নাম আছে আগে জানতেন আর এই নামগুলোই বা এলো কী করে এ নিয়ে বিস্তারিত ভিডিও,Positive,0
হচ্ছে বাড়তি খরচকোনো ফ্লাইটেই পর্যাপ্ত যাত্রী পাওয়া যাচ্ছে না,Positive,0
ডেঙ্গুতে ২৪ ঘণ্টায় আরও ২৭৫ জন হাসপাতালে,Negative,1
অনলাইনে প্রেমের ফাঁদ পেতে বাংলাদেশের পুরুষদের,Negative,1
চুতরা পাতা কোথাকার,Negative,1
পুলিশের পেইজে মন্তব্য করায় এক যুবক গ্রেফতার তাই আমি কোন মন্তব্য ও করতে চাই না গ্রেফতার হওয়ার কোন ইচ্ছে নেই,Negative,1
ক্যাপিটল হিল অবরোধ ইতিহাস কীভাবে মনে রাখবে ডোনাল্ড ট্রাম্পের এই বিদায়কে,Negative,1
বাঙালি জাতির জনক ও বাঙালি জাতির প্রাণভোমরা বঙ্গবন্ধু শেখ মুজিবুর রহমানের কন্যা মাননীয় প্রধানমন্ত্রী শেখ হাসিনা কে অন্তর থেকে জানাই প্রাণঢালা ধন্যবাদ বঙ্গবন্ ধুর হাত ধরে অাসা স্বাধীন বাংলাদেশ কর্মবীর শেখ হাসিনার হাত ধরে গড়বে সমৃদ্ধির সোনার বাংলাদেশ জয় বাংলা,Positive,0
আফগানিস্তান থেকে সেনা প্রত্যাহারের বিষয়টি বাইডেন যেভাবে দেখভাল করেছেন তা ইউরোপীয়দের মধ্যে অস্থিরতা সৃষ্টি করেছে,Positive,0
স্বাস্থ্য খাত ও বেসরকারি স্বাস্থ্যসেবা নিয়ে জাতীয় সংসদে তীব্র সমালোচনা করেছেন বিরোধী দলের সদস্যরা,Positive,0
বাংলাদেশের শিক্ষা ব্যবস্থা বাস্তবমূখী কর্মের ধারে কাছেও নেই যে দেশে একমাত্র আয়ের মাধ্যম পোশাক শীল্প সে দেশে শিক্ষার কি দরকার যে দেশে এক মাসে যা ইনকাম হয় আমেরিকা চীন গাড়ি বানিয়ে এক ঘন্টায় তা ইনকাম করে,Negative,1
দয়া করে নাশকতার রাজনীতি করবেন না শান্তিপূর্ণ ও গঠনমূলক আন্দোলন গ্রগহণযোগ্য আর তারেক জিয়া যেন কোনোদিন দেশে না ফিরে তারেক দেশে ফিরলেই প্রতিদিনই মানুষ মারা যাবে,Negative,1
পিএসজিতে এ মৌসুমে ৩ কোটি ইউরো বাংলাদেশি মুদ্রায় প্রায় ৩০০ কোটি ১৮ লাখ টাকা আয় করবেন মেসি,Positive,0
আমি এক দিনে তো পরীমনি হইনি আমি কেমনে এতটা পথ পাড়ি দিয়েছি আমি জানি কেউ কিছু বলে দেবে তা নিয়ে মন খারাপ করে দ,Positive,0
একমাত্র বৌদ্ধ ধর্ম অনুসারীরাই আপনাদের কে চিনতে পেরেছে তাদের মত যদি পৃথিবীর যত জাতি আছে তারা চিনতে পারতো তাহলে আজকে পৃথিবীর এই অবস্থা হতো না যেমন চিনতে পেরেছে চিন মায়ানমার,Negative,1
এনআইডি জালিয়াতির মামলায় জেকেজির সাবরিনা আরিফ চৌধুরীর ২ দিনের রিমান্ড মঞ্জুর,Negative,1
করোনা ভাইরাস ভারত বাংলাদেশের মধ্যে বিমান চলাচল আবার শুরু হচ্ছে কী সতর্কতা নিচ্ছে বাংলাদেশের সরকার,Positive,0
করোনার ধাক্কা এবার আইপিএলে,Negative,1
আপনার আশেপাশে ইংলিশ জানলে তাদেরকে দেখান আর বুঝে নেন কি লিখেছেন,Negative,1
কারণ তো বহু আছে তার মধ্যে অধিক বেতন আশায় চাকুরী থেকে বিমুখতা তারা ভাবেন ছোট বেতন কিংবা ছোট কোম্পানিতে কাজ করলে ইগুতে আঘাত হবে নিরাশতা অলসতা এবং সবচেয়ে বড় কথা হচ্ছে শিক্ষিত হয়েও নিজে উদ্যোগী না হওয়া,Negative,1
মুসলিমদের মুসলিমরা মারছে আরেকদল মুসলিম ধামাচাপা দেয়ার চেষ্টায় সংবাদপত্রকে গালাগালি করছে কি চমৎকার এদের চরিত্র,Negative,1
রাজতন্ত্র বিরোধী বিক্ষোভ থাইল্যান্ডের প্রতিটি পরিবার এখন যে ইস্যুতে বিভক্ত,Positive,0
নিজেদের দোষ অন্যের উপর চাপিয়ে দেওয়া বন্ধ করুন,Negative,1
সচিবদের সভায় লকডাউনের মেয়াদ বাড়ানোর সিদ্ধান্ত লকডাউন আরও এক সপ্তাহ বাড়া,Positive,0
জরুরি ভিত্তিতে জনসনের টিকার অনুমোদন দিল ভারত,Positive,0
গাড়ী তে তেল উঠান কেন জানেন না তেল মুসলমানদের সম্পদ,Negative,1
তেলাপোকা দ্বারা রাষ্ট্রযন্ত্র আক্রান্ত বলে,Negative,1
ভাতিজিকে উত্যক্তের প্রতিবাদ করে দুই চাচা মৃত্যুর মুখে,Negative,1
বই খাতা খুঁজে বের করো কয়টা অাছে অার কয়টা হারিয়ে গেছে,Positive,0
টাকায় শুধু পিন মারা নয় টাকা ভাজ করাও ঠিক নয় এতে টাকা দ্রুত নষ্ট হয়,Positive,0
জাতি নিধন সংঘ,Negative,1
মির্জা ফখরুল বলেন জনগণকে বিভ্রান্ত করতে চায় আওয়ামী লীগ প্রকৃত ইতিহাস ভুলিয়ে মিথ্যাচার করছে সত্যকে মিথ্যা প্র,Negative,1
আরে ভাই দুরের গ্রামের কথা বাদি দেন ঢাকার পাশের মফস্বল শহর মানিকগঞ্জ এখানেই দিনে ৩ থেকে ৪ বার লোডশেডিং হয় আর রান্নার গ্যাস সেটাতো সোনার হরিণ রাত ১ টার পরে আসে আর সকাল ৭ টার মধ্যে চলে যায় এটা হলো ঢাকার পাশের মফস্বল শহর তাহলে বাকি দুরের খবর কেমন হবে সেটা বলার বাকি থাকে,Negative,1
ব্রেকিংনিউজ অক্টোবরে খুলছে ঢাবির হল,Positive,0
দেখা যাবে কয়েকজন নির্দোষ হুজুরকে গ্রেফতার করে থানায় নিয়ে নাটক সাজানো হবে,Negative,1
চীনের অঙ্গরাজ্য মিজোরাম জিন্দাবাদ ৪৭০৫৮৫৫১,Positive,0
প্রত্যাশা পূরণে ব্যর্থ মেসিনেইমারএমবাপে,Negative,1
চিলিকে হারিয়ে জয়রথ ধরে রাখলো ব্রাজিল,Positive,0
প্রবাসীদের পুনর্বাসনের উদ্যোগ নেওয়া হয়েছে,Positive,0
উজানের ঢলে যমুনা পদ্মা এবং ব্রহ্মপুত্রের পানি বেড়ে যাওয়ায় বিভিন্ন জেলার একের পর এক,Negative,1
মনে পড়ে সেই বিখ্যাত ধাক্কা মখা আলমগীর,Negative,1
শিক্ষা ব্যাবস্থার দুর্বলতা আর চাকরির স্বল্পতা,Negative,1
প্রথমে ভাবছিলাম মির্জা ফকরুল স্যার তারেক জিয়ার নেতৃত্বে হতাশ হয়ে বিবিসির সাংবাদিক হিসাবে যোগদান করছেনতবে যাই করেন সংলাপের সমঝোতার মাধ্যমে করেন আন্দোলনের নামে জন ভোগান্তি সৃষ্টি করবেন না,Negative,1
সিলেটে বেড়েছে সুস্থতার হার কমেছে আক্রান্তমৃত্যু,Positive,0
ক্লান্তি দূর করার সহজ উপায়,Positive,0
সকল ভারতীয় নাগরিকের কাছেও শেখ মুজিব একজন বীর হিসেবে গণ্য হন বলে টুইট করেছেন ভারতের প্রধানমন্ত্রী নরেন্দ্র মোদী,Positive,0
পেঁয়াজ বীজ চাষ করে কোটি টাকার ব্যবসা গড়ে তুলেছেন সাহিদা বেগম,Positive,0
বিশ্বে করোনায় মোট প্রাণহানি ৪৫ লাখ ৩৩ হাজার ৬০৯ আক্রান্ত ২১ কোটি ৮৫ লাখের বেশি,Negative,1
ভারত সরকার আর ব্রিটিশ তেল কোম্পানি কেয়ার্নের এই দ্বন্দ্বের শুরু প্রায় ১৫ বছর আগে কেন এই বিবাদ,Negative,1
আলহামদুলিল্লাহ দীর্ঘ ৫৪৪ দিন পর শিক্ষাঙ্গনগুলো আজ আলো ছোঁয়া পেলো আর যেন থমকে না যায় শিক্ষার্থীরা,Positive,0
টানা ৯ দিনের মুলতবি শেষে মঙ্গলবার ১৪ সেপ্টেম্বর শুরু হচ্ছে একাদশ জাতীয় সংসদের চতুর্দশ অধিবেশনের পঞ্চম কার্যদিবসে,Positive,0
সেকুস্টার্ড রা কি চায় উদ্দেশ্য যদি লেখাপড়া বা শিক্ষাগ্রহণ হয় তাহলে তো ছেলে মেয়ে আলাদা শিক্ষা গ্রহণে কোন সমস্যা হওয়ার কথা নয় আর যদি উদ্দেশ্য হয় আরো বেসি সেকুস্টার্ড জন্ম দেওয়া তাহলে সমস্যা আছে কারণ একসাথে না বসলে নষ্টামির সুযোগ একটু কম থাকে,Positive,0
চুরির ভয়ে,Positive,0
গুঞ্জন উড়িয়ে ভারতের দায়িত্বে কোহলিই,Positive,0
বিশ্বে করোনায় মোট প্রাণহানি ৩৪ লাখ ৩১ হাজার ৯ আক্রান্ত ১৬ কোটি ৫৫ লাখের বেশি বিশ্বে ক,Negative,1
চট্টগ্রামে করোনায় একদিনে সর্বোচ্চ শনাক্তের রেকর্ড ৬৬২ জন এ সময় বিস্তারিত নিউজে,Negative,1
আফগানিস্তানের রাজধানী কাবুলের হামিদ কারজাই আন্তর্জাতিক বিমানবন্দরের বাইরে জোড়া বিস্ফোরণের ঘটনায় সেখানে আটকে থাকা,Negative,1
করোনাকালে ভিটামিন এ প্লাস ক্যাম্পেইন,Positive,0
জাতিসংঘ মানে হলো সংঘাত সৃষ্টি করে দাড়িয়ে দাঁড়িয়ে কান্না করা,Negative,1
এদিকে আমাদের চুল ধরে স্বাগতম জানাইছে,Negative,1
তালেবান আইতাছে এয়ারপোর্টে চল,Positive,0
১২ সেপ্টেম্বর ৫টি বিদ্যুৎ কেন্দ্র উদ্বোধন করবেন প্রধানমন্ত্রী,Positive,0
রাজধানীর উত্তরা থেকে পল্লবী পর্যন্ত চলেছে মেট্রোরেল,Positive,0
মন খারাপ ছিল কমেন্টগুলো পড়ে ভালো লাগছে,Positive,0
আফগানিস্তান ঐতিহ্যবাহী পোশাকে তালেবানের বিধিনিষেধের বিরুদ্ধে আফগান নারীদের প্রতিবাদ সোশ্যাল মিডিয়ায়,Positive,0
কাদাছিটা ছিটি,Negative,1
নিউজিল্যান্ডের প্রধানমন্ত্রী জাসিন্ডা আরডার্ন বলেছেন মেয়েদের যে বিষয়টি স্বাভাবিক জীবনের অংশ তার কারণে শিক্ষা থে,Positive,0
এলডিসি গ্রাজ্যুয়েশন চ্যালেঞ্জ মোকাবিলায় প্রস্তুত হতে হবে,Positive,0
শেষ কার্যদিবসে পুঁজিবাজারে সূচকের বড় উত্থান,Positive,0
তোমাদের জ্বলে,Negative,1
দুপুর ২ টার খবর,Positive,0
তারা নিজেরাই নিজেদের ধর্মীয় উপসানালয় গুলো ভাংতেছে যার উদাহারণ তো হয়ে গেল ২০২১ এ কোরোনাই তাও আবার ইন্ডিয়ায় হি হি তা বুঝি চোখে পড়ে না,Negative,1
জঙ্গিরা নিজেরা সংগঠিত হয়ে যুক্তরাষ্ট্র ও তার মিত্রদের ওপর আবার হামলা চালাতে পারে বলে আশঙ্কা,Negative,1
আফগান যুবাদের হারাল যুবা টাইগাররা,Positive,0
ডাব্লিউএফপিকে ২১ মিলিয়ন ডলার সহায়তা দেবে অস্ট্রেলিয়া,Positive,0
হাডুভাঙ্গা প্রতিষ্ঠান জাতিসংঘ সারাজীবন খালি নিন্দাই জানাই গেল,Negative,1
জাতির জনক বঙ্গবন্ধু শেখ মুজিবুর রহমানের আত্মস্বীকৃত পলাতক ৫ খুনির মধ্যে এ এম রাশেদ চৌধুরী যুক্তরাষ্ট্রে ও নূর চৌধু,Negative,1
পতাকা নিয়ে শঙ্কায় আফগানিস্তানের বিশ্বকাপ খেলা,Negative,1
এমন জাতিসংঘের উপর মুতি আমি যখন কাশ্মিরের মুসলমানদের নিরযাতন করে ধর্ষণ করে তখন জাতিসংঘ কই থাকে মায়েনমারে যখন মুসলমানদের গনহারে হত্যা করা হয়েছিলো তখন জাতিসংঘ কোথায় ছিল ফিলিস্তিনি মুসলমানদেরকে হত্যা করেছিলো নির্যাতন করতেছে তখন জাতিসংঘ কই থাকে হে দুনিয়ার মুসলমান শুনে রাখো কাফের কোনদিন মুসলমানের বন্ধু হতে পারেনা,Negative,1
আপনার শিক্ষাগত যোগ্যতা আমার জানা নেই কমেন্ট পড়ে বুঝতে পারলাম আন্তর্জাতিক বিষয়ক আপনার কোন ধারণা নেই এই জন্যই বাংলাদেশের শিক্ষার মান খুব নিম্ম কারণ নকল করে রাজনীতি করা মূর্খ শিক্ষকদের ছাএরা আর কতদূর জানবে কিছু লেখাপড়া করুন অনেক কিছু জানতে পারবেন,Positive,0
কুকুরইঁদুরের প্রস্রাবে ভয়াবহ রোগ সতর্কতা জারি,Positive,0
বাংলাদেশে হেফাজতে ইসলামের আলোচিত নেতা মামুনুল হককে গ্রেপ্তারের পরদিন আজ ঢাকার একটি আদালতে হাজির করে সাত দিনের পুলি,Negative,1
ঘুষখোর দুনীতি কর্মচারীদের পক্ষে সাফাই গাইলেন প্রধানমন্ত্রী নিম্নমানের নির্মান সামগ্রী ও কাচামালের জন্যই ঘরগুলো টেকসই হয়নি,Negative,1
আপসোস করোনায় ভালো মানুষ গুলো মরলো খারাপ একটাও মরেনা শয়তানেন খারা ঝিল্কি,Negative,1
দেশের ৪ বিভাগে বজ্রসহ ভারী বৃষ্টির সম্ভাবনা,Negative,1
কোভিড বাংলাদেশে এক দিনে সবচেয়ে বেশি মানুষের মৃত্যুর নতুন রেকর্ড,Negative,1
অনার্স ২য় থেকে ৩য় বর্ষে প্রমোশনের শর্ত,Positive,0
কোভিড ভারতীয় ডেল্টা ভ্যারিয়েন্ট বিস্তারের মুখে সব কিছু বন্ধ করার কথা ভাবছে বাংলাদেশ সরকার,Negative,1
করোনা ভাইরাসের টিকা রমজানে রোজা থাকলেও টিকা নিতে বাধা নেই,Positive,0
শেখ হাসিনা ডিজিটাল নিরাপত্তা আইনের সমালোচকরা বাস্তব অবস্থা উপলব্ধি করে না,Negative,1
বাবা ওঠো স্কুলের সময় হয়েছে,Positive,0
ব্যক্তির ধর্মীয় পরিচয়কে কর্ম ক্ষেত্রে নিয়ে আসা অনুচিত ধর্ম নিয়ে বাড়াবাড়ি না হলে ভারতবর্ষ অখণ্ড থাকতো,Positive,0
বাংলাদেশের শিক্ষাখাতে ৪২৩ কোটি টাকা সহায়তা দিল ইইউ,Positive,0
ইউএনওর ওপর হামলা ১৬৪ ধারায় জবানবন্দি দিতে আসামি রবিউলের অসম্মতি আরও ৩ দিনের রিমান্ডে,Negative,1
সরকারের উদাসীনতা ও কোন গুরুত্ব না দেওয়া দূর্নীতি অন্যতম একটা কারণ,Negative,1
২৯ বছর বয়সী এই নারী আফগানিস্তানের প্রথম নারী মেয়রদের একজন তিনি নারী অধিকারকর্মী হিসেবেও বেশ পরিচিত,Positive,0
১৮থেকে২৪বছর কচি মেয়েদের সাথে সরাসরিভিডিও কোলে কথাবলতে চাইলে নিচের লেখাতে টার্চ করে আমাদের গ্রুপ জয়েন্ট দিয়ে ইনবক্সে আসো,Negative,1
বাংলাদেশের মুমিন রা টাকার বিনিময়ে ধর্ষণ সওদা করছে,Negative,1
তালেবানের বিরুদ্ধে অপপ্রচারের মেতে উঠেছে যুক্তরাষ্ট্রের মিত্ররা,Negative,1
এই জেলায় নমুনা পরীক্ষার বিপরীতে রোগী শনাক্তের হার উদ্বেগজনক,Negative,1
মার্কিন সাময়িকী ফোর্বসএর সর্বশেষ তথ্য অনুযায়ী ক্রীড়া দলের ক্ষেত্রে বিশ্বের সবচেয়ে ধনী মালিক হলেন মুকেশ আম্বা,Positive,0
স্বাভাবিক বিষয় বিজ্ঞাপন তৈরী করতে যাদের সঙ্গে চুক্তি হয়েছে অথবা সরাসরি সংবাদ পত্রিকার বিজ্ঞাপন বিভাগ এর জন্য দায়ী কোনো না কোনো রাজনৈতিক দলের মোসাহেবি করা ভুলভাল খবর উল্টাপাল্টা ছবি ছাপানো এখন সংবিধানের চতুর্থ স্তম্ভের নিত্যকার কাজ হয়ে দাঁড়িয়েছে টাকা আমদানি করাটাই একমাত্র লক্ষ্য অন্য বিষয়ে দেখার সময় কোথায়,Negative,1
হাওরে ঘুরতে গিয়ে সংঘবদ্ধ ধর্ষণের শিকার নববধূ,Negative,1
পাকিস্তানের পাওরি যেভাবে গোটা ভারতে পার্টি জমিয়ে দিল,Positive,0
চোট ও ব্যক্তিগত কারণে তামিম অবশ্য ২০২০ সালে জিম্বাবুয়ের সিরিজের পর থেকেই বাংলাদেশের হয়ে কোনো টিটোয়েন্টি ম্যাচ,Negative,1
গত ২৪ ঘণ্টায় ডেঙ্গুতে আরও ২ জনের মৃত্যু নতুন আক্রান্ত ২৭৮ জনের মধ্যে ঢাকাতেই ২৩০,Negative,1
পুরোনো সেই কবিতাগুলো আগের মতো সংযোজন করার জন্য অনুরোধ করছি যা থেকে একটা শিশু ছোটবেলা থেকে সামজিক মূল্যবোধ সম্পর্কে ধারণা পাবে যেমনঃ শিক্ষকের মর্যাদা প্রার্থনা বাপুরাম সাপুড়ে পারিবনা ছুটি বীরপুরুষ মামার বাড়ি কাজলা দিদি ইত্যাদি,Positive,0
সবচেয়ে বেশি পাচারের শিকার স্তন্যপায়ী প্রাণী হল বনরুই বা প্যাঙ্গোলিন তবে খুশির খবর হচ্ছে এগুলো রক্ষা করতে এগি,Negative,1
আপনার ১৪শত বছর আগে ২১শত বছর আগের বর্তমান সভ্য জাতির চাইতেও অধিক সভ্য জাতির সন্ধান পাওয়া গেছে ইতালিতে গবেষণা চলছে আর তা প্রমানিত হলে ১৪শত বছর আর টিকবে নাহ চাঁপাবাজির দিন শেষ হয়ে যাবে,Positive,0
বিজিএমইএ ভবন ভাঙার কার্যক্রম শুরু হচ্ছে আজ,Positive,0
উডু আরখতো ইবা খয়রা আজাইরা খাইবা ইসসখুল খুইল্লালাইছে অহন পোলামায়া হরাইয়া ভাত কাও,Positive,0
উনি বললেন আমরা জানলাম,Negative,1
সুইজারল্যান্ডভিত্তিক প্রতিষ্ঠান আইকিউ এয়ারের এক প্রতিবেদনে বলা হয়েছে এখন বিশ্বে বায়ু দূষণের শীর্ষে রয়েছে বাংলা,Negative,1
এতোদিন শত্রু ছিলো৷ বিএনপি জামাত৷ এবার নিন্মবিত্ত শ্রেণি৷ ধীরে ধীরে সবাই শত্রু হবে৷,Negative,1
যথার্থ বলেছেন লিখাপড়া শিখে যেকোনো কাজ করতে অনীহার মানসিকতা অবশ্য আমাদের সামাজিক দৃষ্টিভঙ্গির প্রতিফলন আমরা লিখাপড়া শিখে বিদেশে গিয়ে সুইপারের কাজ করতে পারি তাতে সম্মানে আঘাত লাগেনা আঘাত লাগেনা দেশে পণের হাজার টাকা বেতনে যেকোনো চাকুরি করতে কিন্তু আঘাত লাগে পানবিড়ির দোকান দিয়ে মাসিক বিশহাজার টাকা উপার্জনে যে জাতি কোন বৈধ কাজ করাকে সম্মানের বিষয় মনে করে সে জাতির উন্নতি শুধু স্বপ্নেই সম্ভব,Negative,1
হবু মায়ের খাবার খেতে হবে বুঝে শুনে কোন খাবারে কী পুষ্টি মিলবে সেটা বুঝে খেতে পারলে নিজেকে ফিট রাখা সহজ হবে,Positive,0
শহরে ও বেহাল দশা,Negative,1
আমি গর্বে গর্ভবতী যে আমি জাতীয় ভার্সিটির ছাত্র,Negative,1
আজ পাঁচটি বিদ্যুৎকেন্দ্র উদ্বোধন করবেন প্রধানমন্ত্রী,Positive,0
উইকেটের সমালোচনায় লিটন,Negative,1
কর্মমুখী শিক্ষার অভাব এবং জাতীয় বিশ্ববিদ্যালয়ের শিক্ষার মানের অধঃপতন,Negative,1
সবার জন্য তো চাকরির ব্যাবস্থা করা সম্ভব নয় নিজে কোনো ব্যাবসা বা কর্মমুখী উদ্যোগ না নিয়ে মানুষ প্রায় সারাটা জীবন চাকরির পেছনে ছুটটেই থাকে আর তাদের একটা বড় অংশ বেকার থাকে,Positive,0
রাতে মুম্বই ইন্ডিয়ান্সের মুখোমুখি হায়দরাবাদমুম্বাই জিতলে কোয়ালিফাই করবে,Positive,0
ম্যাকক্যাফের বর্ণিল জীবন ও বিতর্কিত মৃত্যু,Negative,1
ব্যাপক ক্ষয়ক্ষতি বাঁধে ধস ভেসে গেলো কয়েক হাজার মাছের ঘের,Negative,1
বাসায় গিয়ে মাকে বললাম ডাক্তারের খোঁজ পেয়েছি দৌড়ে মাকে নিয়ে বাইরে এসে অ্যাপ্রোন পরা সেই ভদ্রমহিলাকে চেপে ধর,Positive,0
ডিসেম্বরের মধ্যে আসবে ২০ কোটি ডোজ টিকা স্বাস্থ্য সচিব,Positive,0
আমেরিকা ইউরোপ ইজরায়েল পরিকল্পনা করে মুসলমানদের মারছে ২০ বছর ধরে শোনা যাচ্ছে তবুও মুসলিমরা আমেরিকা ইউরোপ ইজরায়েলকে বয়কট করছে না কেন ঐ দেশগুলো যখন হাবাগোবা মুসলমানদের খারাপ চায় তাদের দেশে যাবার দরকার কি নাকি আর একটা ৯১১ ঘটাবার মিশনের তোড়জোড় চলছে,Negative,1
ভাই রাগ করবেন না যদি শিক্ষা ব্যবস্থার এ রকম নিয়ম কানুন তৈরী করে তাহলে বললো সেখানে নারীদের চাকরী থেকে বিরত থাকতে হবে অার যদি এতোই ধর্মকে অাগে তারপর বিজ্ঞানকে মানেন তাহলে বলবো ভাই অাপনারা ফেজবুকে কি করছে ইসলাম ধর্মকে কি মানছেন দয়া করে জানাবেন ভুল হলে ক্ষমার দৃষ্টিতে দেখবেন,Positive,0
জাতপাত কামসূত্র আবিষ্কার আর পঞ্চ পান্ডবদ্রোপদির অনুসারিরা যদি নিজেদের দেবতাদের আকাম নিয়া কিছু বলতো তাহলে না হয় মানা যেতে কিন্তু এখানে ইসলাম নিয়া এদের খাউজানি দেখে আমার হাসি পায়,Negative,1
লকডাউনে করোনার টিকা কর্মসূচি চলবে ৮ এপ্রিল থেকে দ্বিতীয় ডোজের পাশাপাশি প্রথম ডোজও দেয়া হবে,Positive,0
চলতি বর্ষা মৌসুমে বন্যার পানিতে তলিয়ে গেছে,Negative,1
সু্ন্দর প্রস্তাব,Positive,0
কোটায় মেধাবীদের শেষ করে দিলো,Positive,0
চাঁদা না পেয়ে ক্রসফায়ারের হুমকি দেয়ার অভিযোগে চট্টগ্রামের বায়েজিদ থানার ৮ পুলিশ সদস্য,Positive,0
মোশতাকজিয়া বেঁচে থাকলে জাতির পিতা হত্যার প্রধান আসামি হতেন,Negative,1
নিউজ পড়ে মনে হচ্ছে অসম্ভব কে সম্ভব করাই তালেবানের কাজ অনন্ত জলিলের নাহ,Negative,1
একের পর এক ভুল উচ্চারণ ট্রাম্পের হাসির রোল প্রশ্ন উঠেছে প্রস্তুতি কম নাকি অবজ্ঞা,Positive,0
সাপ বিরল প্রজাতির রেড কোরাল কুকরি প্রথমবারের মত পাওয়া গেছে বাংলাদেশে,Positive,0
ফেসবুক ইউটিউব গুগলের মতো প্রতিষ্ঠানকে মূসক নিবন্ধন নিতে হবে,Positive,0
আইনি ভিত্তি ছাড়া পুলিশ রিমান্ড চাইতে পারে না অথচ,Positive,0
নিজের দলের দুর্নীতি ঘোচানোর জন্য এমন বক্তব্য প্রধানমন্তির কাছ থেকে দেশবাসি আসারেনি এই বক্তব্যের জন্য নিজের দলের লোকেরা দুর্নীতি করার জন্য আরো উৎসাহি হবে,Positive,0
সঙ্গী বলতে একটি রেডিও আর দিনভর খাটনির বিনিময়ে দুটি খাবার,Positive,0
শত বাঁধা বিপত্তি উপেক্ষা করে তিনি আজ সফল একজন ফ্রিল্যান্সার,Positive,0
কাল হতে আবার স্কুলে টিকটক শুরু করবে সবাইকে ফুল না দিয়ে গরিব ছাএ ছাএীদের একটা কলম আর খাতা কিনে দেও,Positive,0
ক্লাইমেট ভালনারেবল ফোরামসিভিএফের আগামী বছরের সম্মেলন মুজিববর্ষ স্মরণে প্রধানমন্ত্রীকে,Positive,0
আরো অনেক কিছু দেখবেন,Negative,1
চীনের হুয়াওয়ে বুয়েটের সঙ্গে ঢাকায় আইসিটি অ্যাকাডেমি খুলছে যেভাবে কাজ করবে এটি,Positive,0
আইসিসি সংবাদ বিজ্ঞপ্তিতে জানায় বাছাই পর্ব ও মূল পর্বে বিস্তারিত নিউজে,Positive,0
নিউইয়র্কে হামলাকারী আকায়েদ উল্লাহ সম্পর্কে কী জানা যাচ্ছে পড়ুন এখানে,Positive,0
এইসব গ্রাম্য শালিশ ব্যান করা উচিত,Positive,0
পৃথিবীর সবচেয়ে দীর্ঘ রাস্তা এটি,Positive,0
বিশ্ব করোনায় আক্রান্ত ফের বেড়েছে,Negative,1
আমেরিকাত সব জায়গায় ড্রোন হামলা করে তখন যদি এই প্রশ্ন গুরুত্বপূর্ণ না হয় এখন আর সেইটার গুরুত্ব থাকার কথা নয় তাছাড়া তালেবান সরকার কে আমেরিকার উচ্ছেদ করেছে আবার যাওয়ার সময় যাদের থেকে লড়াই করে দখল করেছে তাদের সাথেই চুক্তি করে ফেরত দিয়ে গেছে তাহলেত সরকার উনারাই উহাদের আহবানে আন্তর্জাতিক দেশ আসতে পারবেনা কেন ভারতের মিডিয়া যদি চিৎকার করে বলতে পারে পাঞ্জশের কে আন্তর্জাতিক দেশ সহযোগীতা করা দরকার তাহলে পুরো দেশের সরকার তালেবান হলে তাদেরকে আন্তর্জাতিক সহযোগিতা করা যাবেনা কেন ইসরায়েল কি পাশের দেশ গুলাতে ড্রোন হামলা করতে পারে কিন্তু তারাত নিয়মিত করতেছেই পাকিস্তান অন্তত একটা সরকার কে সহযোগিতা করেছে আমেরিকা দখল করার আগেতো তালেবান ঐ দেশের সরকার ছিলো আবার যাওয়ার সময়ও তাদের সাথে চুক্তি করেছে আলোচনাও করেছে,Positive,0
ওইসব কুত্তার বাচ্চাগুলো খুজে খুজে এখনই বাশ দেয়া শুরু করতে হবে,Negative,1
তার দেশের জনগণ ভাত পায় না আর সে কোটি কোটি ডলার দিয়ে মিশাইল বানায় এরকম বা এর নেতা থাকলে যেকোন দেশ ধবংস হতে বেশি দিন লাগেনা এজন্য উত্তর কোরিয়াতে আত্মহত্যার রেট বিশ্বে সবথেকে বেশি,Negative,1
উঠো দরসের সময় হয়েছে,Positive,0
মুক্তিযোদ্ধের মধ্য দিয়ে একটা দেশ স্বাধীন হলো সাথে দখলদারত্বের অবসান ঘটিয়েছে তালেবান সেখানে বাংলাদেশ অন্যের পা চ্যাটতে শুরু করেছে,Negative,1
ইসরাইল বড় সন্ত্রাসী,Negative,1
বিয়ের আসরে বরবধূর গান ভিডিও,Positive,0
একজন অনার্স মাস্টার্স করা যুবক চাইলেই যে কোন পেশা গ্রহন করতে পারেনা অপরদিকে চাকরির পদ ও সিমাবদ্ধ ঘুস আর কোঠা ব্যবস্থাও কম দাায়ী নয় এর জন্য,Negative,1
দাদা ভাই লুঙ্গি বাহিনীর কে ছোট ভাববেন না এরা ফেসবুকের মাধ্যমে পৃথিবীর যে কোন অংশ দখল করতে পারে,Negative,1
স্টেম এডুকেশন স্টেম শিক্ষা কী এবং চতুর্থ শিল্প বিপ্লবের জন্য তা কেন এতো গুরুত্বপূর্ণ,Positive,0
নিউইয়র্কের ম্যানহাটনের টাইমস স্কয়ারের প্রধান বিলবোর্ডে বঙ্গবন্ধু শেখ মুজিবুর রহমানের ছবি প্রদর্শনের উদ্যোগ নেওয়া,Positive,0
দয়া করে কারিগরি শিক্ষায় নজরদারি বাড়ান নইলে এসবের কোন মূল্য থাকবেনা,Positive,0
এ যুগের রবিনসন ক্রুসো,Positive,0
এডিটারস মেইলবক্স আফগানিস্তান বিপর্যয় পাঞ্জশেরে তালেবান প্রতিরোধ আর মাছেলের নাটকীয় অপহরণ নিয়ে প্রশ্ন,Negative,1
ঘুষ দিয়ে চাকরি নিতে হয় এটাই কারণ,Positive,0
টাইগাররা যেকোনো দলের বিপক্ষেই জিততে সক্ষম,Positive,0
পাচা ক রে য দি আমা দের দে শের কৃষক বা চে তা তে ক্ষ তি কি,Positive,0
ঈদ শেষে ঢাকামুখী মানুষ,Positive,0
জাতীয়তাবাদী ছাত্রদলের তিন নেতাকে গুম করার অভিযোগ করেছে বিএনপি তবে তাঁদের মধ্যে দুজনকে আজ মঙ্গলবার পুলিশ রিমান্ডে,Negative,1
রেকর্ড ২৩৭ ডেঙ্গু রোগী হাসপাতালে ভর্তি,Negative,1
তগো মা দূর্গা কোন গ্রহের এলিয়েন ছিলো এতো গুলো হাত পৃথিবীর কোন মেয়ে মানুষের তো হয় না তাই বললাম আর কী,Negative,1
হাতুড়ি আর শাবলের দাম বেড়েছে আগের তুলনায়,Negative,1
অবশ্যই পারে কারণ আমেরিকা যদি সন্ত্রাস নিয়ন্ত্রণ নাম দিয়ে আফগানিস্তানের হামলা চালাতে পারে তাহলে পাকিস্তান সন্ত্রাসীদের উপরে ডোন হামলা চালালে অসুবিধা কোথায়,Negative,1
নাগোর্নোকারাবাখ বন্দী হত্যার ভিডিও প্রকাশ যুদ্ধাপরাধের তদন্ত দাবি আর্মেনিয়ার,Negative,1
রাজধানীর বারডেম হাসপাতালে তিন দিন আগে ব্ল্যাক ফাঙ্গাসে একজনের মৃত্যু,Negative,1
নিজের জাত পাত কাস্ট সন্ত্রাসী আপনার মতো নিকৃষ্ট ব্রাহ্মণরাই তো হিন্দুদের মেরেছেন তথাকথিত জাতপাত দিয়ে অন্যদের মন্দিরে ঢুকতে দেন না সেই মন্দির আপনার মত সন্ত্রাসীদের জন্য পুজোর জায়গা না সেজন্য সেগুলো ধংস করা হয়েছে নিজের চেহারার দিকে তাকান ব্রাহ্মণ শুদ্র একই দেখতে ব্রাহ্মণ হয়েছেন বলে দুটো হাত বেশি নেই আপনার আপনার মত সন্তাসী ব্রাহ্মনরাই বৈশ্য শুদ্রের হাত পায়ে ঘামে উৎপাদিত শস্য খায় আর লুংগি ঐ অর্ধনগ্ন ধুতির চেয়ে উত্তম,Negative,1
ক্যালিফোর্নিয়ায় জমে উঠেছে গভর্নর নির্বাচন,Positive,0
দুই শতাধিক অনুমোদনহীন ভবন ভেঙ্গে ফেলার নোটিশ,Negative,1
ত্রুটিপূর্ণ শিক্ষা ব্যবস্থা,Negative,1
সুরকার আলতাফ মাহমুদের আপনজন ও বন্ধুঅনেকের লেখার সঙ্গে আলভী প্রথমবারের মতো লিখেছেন আলতাফ মাহমুদের সঙ্গে কাটানো ভয়া,Positive,0
গণমাধ্যমসহ বিধিনিষেধের আওতামুক্ত যেসব সেবা,Positive,0
বিদেশ গমনেচ্ছু কর্মীদের পাসপোর্ট দ্রুত রিনিউর জন্য আবেদনের আহ্বান,Positive,0
এই মাফিয়াদের আস্তানা ভেঙ্গে দাও গুড়িয়ে দাও,Negative,1
ভূমিকম্প ঝুঁকি বিবেচনায় সিলেটে ২৪টি স্থাপনা ১০ দিনের জন্য বন্ধ মেয়র আরিফুল হক,Negative,1
স্নান করো জলদি,Positive,0
ভ্যাট ফাঁকির জরিমানা কমানোর প্রস্তাব,Positive,0
নড়াইলে নবগঙ্গা নদীর ভাঙনে দিশেহারা সাধারণ মানুষ,Negative,1
এবার বুঝি সৌদির ঘাড় মটকানোর পরিকল্পনা,Negative,1
আমাদের অনেকরই একই অবস্থা ভাই অনেক কিছু বলার থাকলেও বলতে পারি না,Positive,0
সাব্বাশ তালেবান সরকার এমন সিদ্ধান্ত নিয়ে বিশ্বের বস্তুবাদি শয়তানী শক্তি গুলো বুঝিয়ে দিতে হবে ইসলাম কোনো অংশেই সমাজে পিছিয়ে থাকা ধর্ম নয় খৃষ্টান ধর্মের হিন্দু ধর্মের ইহুদী ধর্মের বৌদ্ধ ধর্মের সেই সক্ষমতা নেই যা দিয়ে মানুষকে সুন্দর কল্যান ময় জীবনের লক্ষ্যে পরিচলিত করতে পারে কিন্তু ইসলামের সেই সক্ষমতা আছে,Negative,1
ভালো নেই টমটম ব্যবসায়ীরা,Negative,1
চুরের খনি তাই পিন না মারলে টাকা চুরি হবে,Negative,1
কেন বিবিসি না এত দিন প্রচার করল আল কায়েদা দাই,Negative,1
একটু অপেক্ষা কর তুইতোর মনের আসা পুরন হবে এর নাম শুনেছিস,Negative,1
কাদাজলে দুই মাডস্কিপার মাছ ঝগড়া করছিল এলাকার দখল নিয়ে এমন সময় তৃতীয় এক নত্যৃকুশলী মাডস্কিপারের নাচ দেখে হতবাক,Positive,0
লেনোভো এম৮ ও এম১০ ট্যাব এনেছে সেলেক্সট্রা,Positive,0
দাদা ১১ বছর বিদেশে থেকেও বাংলা লেখার চেষ্টা করি তোমারতো সে যোগ্যতাও নাই,Negative,1
নওগাঁয় জমকালো নৌকাবাইচ প্রতিযোগিতা,Positive,0
ব্রেকিংনিউজ আজ দেশে করোনায় দ্বিতীয় সর্বোচ্চ মৃত্যু বিস্তারিত নিউজে,Negative,1
করোনায় স্কুল বন্ধ থাকায় বসে বসে থেকে অলস হয়ে গিয়েছো অনেক মাস্তি করেছো আর না উঠো জলদি প্রস্তুত হয়ে নাও স্কুলে যেতে হবে না হলে কান ধরে স্কুলে নিয়ে যাবো,Negative,1
সরকারের অদক্ষতায় সরকার যেখানে দক্ষ লোক নিয়োগ করার কথা ছিল সেখানে কতগুলো অদক্ষ লোক নিয়োগ করে পরিস্থিতি ঘোলাটে করে নিয়েছে,Negative,1
হুম কতোদিন পর নিব্বা নিব্বিদের সামনাসামনি দেখা হবে কথা হবে চকলেট আর ফুলের দোকান ফাঁকা হওয়াটাই স্বাভাবিক,Negative,1
বুদ্ধিপ্রতিবন্ধী তরুণীকে ধর্ষণের অভিযোগে গ্রেপ্তার ১,Negative,1
বাংলাদেশের পুলিশ একটি মৃত্যুর ঘটনার সাথে এলএসডি নামক মাদকের সংশ্লিষ্টতা পেয়েছে এই এলএসডি কী,Negative,1
কুবিতে সশরীরে পরীক্ষা শুরু,Positive,0
অবসরপ্রাপ্ত মেজর সিনহা হত্যা মামলায় পুলিশের তিন সাক্ষী ও চার পুলিশ সদস্যের ৭ দিন করে,Positive,0
আগামী মাসে দৃশ্যমান হবে স্বপ্নের পদ্মা সেতু,Positive,0
মাহমুদউল্লাহকে অধিনায়ক করে ১৫ সদস্যের দল ঘোষণা করেছে বিসিবি,Positive,0
করোনায় দেশে একদিনে সর্বোচ্চ ২৪৭ জনের মৃত্যুর রেকর্ড এখন পর্যন্ত দেশে করোনায় মোট,Negative,1
চীন রাশিয়া ছাড়া আর সবাই আমেরিকার দিকে তাকিয়ে আছে আমেরিকা সীকৃতি দিলে সব কটা ছাগলের তিন নাম্বার বাচ্চার মত একই পথে হাটবে,Negative,1
চিকিৎসক জানিয়েছেন দাহ্য পদার্থে ওই গৃহবধূর মুখ এবং দুই হাতের বেশ কিছু অংশ ঝলছে গেছে খাদিজা নামের শিশুটির,Negative,1
দেশ যেমন দেশের মানুষের বুদ্ধিও তেমন ডলার এবং দক্ষিণ কোরিয়ার এরকম কিছু দেশের টাকায় পিন মারা হয় না,Negative,1
ডেঙ্গু হলে যা করতে হবে,Positive,0
দিনে ৫ টাকা আয় থেকে এখন শত কোটির মালিক তিনি বিস্তারিত নিউজে,Positive,0
চলতি মাসেই খুলছে বিশ্ববিদ্যালয় চূড়ান্ত সিদ্ধান্ত,Positive,0
বিশালদেহী বিমানটি বোয়িং সি১৭ গ্লোবমাস্টার থ্রি মডেলের,Positive,0
চেতনা,Negative,1
আমাদের সমাজের ছাত্র অবিভাবকের কোন লক্ষ নেই গদ বাধা একটা লেন্ডমার্ক ডাক্তার ইন্জিনিয়ার না হতে পারলে বিসিএস ক্যাডার ছোটবেলা থেকে এই কুইনান খেয়ে একটা ছাত্র বিদ্যালয় জীবন শেষ করে এর মধ্যে যারা বিদ্যালের নবম শ্রেণীতে সাইন্স সাবজেক্টে পড়াশোনা করে তারা ডাক্তার ইন্জিনিয়ারের কুইনানটা কলেজ জীবন পর্যন্ত টানে আর যারা মানবিক বানিজ্য নিয়ে কলেজে উঠে তারা অনেকটা খেই হারিয়ে ফেলে বিশেষত মানবিক শ্রেনীর ছাত্র ছাত্রিরা কলেজের পর সাইন্স ওলারা দৌড়ায় মেডিকেল বুয়েট চুয়েট ডুয়েটর মরিচিকায় আর মানবিক বানিজ্য ঢাবিরাবি জাবি এই দৈড়ে যারা হেরে যায় তারা চলে প্রাইভেট বিশ্ববিদ্যালয়ের জ তক তকে বিলাসী লাইফ স্টাইলের পড়াশোনার জগতে জমি বেচে বাবার পেনশন বেচে জমানো টাকা তুলে খেয়ে না খেয়ে আত্নায় কষ্ট দিয়ে হলেও পড়তে হবে প্রাইভেট নবিশ্ববিদ্যালয়ে র আর যারা পারেনা তারা ছুটে জাতীয় বিশ্ববিদ্যালয়ে ক্লাস ওয়ান থেকে বিশ্ববিদ্যালয়ের বারান্দা পর্যন্ত ছাত্র অবিভাবক কারো মধ্যে কি কোন বোধ শক্তি কাজ করে আসলে আমাদের লক্ষটা কি আমরা সন্তান বা আমি ছাত্র নিজে কি জানি আমি আসলে কোন কাজের জন্য আমার শিক্ষার বুঝাকে আমি বয়ে বেড়াচ্ছি,Negative,1
পরশ্রীকাতরতা কাকে বলে,Negative,1
নারায়নগঞ্জের রুপগঞ্জে হাসেম ফুড কোম্পানির ভয়াবহ অগ্নিকান্ডের নিহতআহত শ্রমিকদের বিস্তারিত নিউজে,Negative,1
চাঁপাইনবাবগঞ্জে সর্বাত্মক লকডাউনের মেয়াদ বাড়লো আরও এক সপ্তাহ করোনা নিয়ন্ত্রণ কমিটির সভায় সিদ্ধান্ত,Positive,0
স্বপন ছিলেন জনপ্রিয় এবং কর্মীবান্ধব রাজনীতিবিদ,Positive,0
একেবারে ৮ মাসের অন্তঃসত্ত্বা বিস্তারিত নিউজে,Positive,0
জীবিত নেই কেউ প্রিয়জনের খবর পেতে স্বজনদের অপেক্ষা,Negative,1
চাঁপাইনবাবগঞ্জের সোনামসজিদ স্থলবন্দর দিয়ে আমদানি করা ভারতীয় পেঁয়াজবাহী ট্রাক প্রবেশ শু,Negative,1
দূর্নীতিবাজ এবং দায়িত্বজ্ঞানহীন কর্মকর্তাদের কথা না শুনে বরং বুয়েটের বিশেষজ্ঞদের নিয়ে তদন্ত কমিটিই বলে দিতে পারতো দূর্নীতি কোথায়,Negative,1
আইসিসির যেসব বিবেচনায় টেস্ট ক্রিকেটের র্যাঙ্কিংয়ে সাকিব মুশফিকদের টপকে গেলেন রশিদ নবীরা,Positive,0
দুই সিটিতে ৫ হাজার টন ভাসমান বর্জ্য অপসারণের দাবি,Positive,0
সিআইএর প্রাক্তন এজেন্ট ম্যালকম হাবার্ড এর স্বীকারোক্তি অনুযায়ী টুইনটাওয়ারে হামলা আমেরিকা নিজেই করিয়েছে অবশ্য আমেরিকা এখন সৌদির ঘাড়ে চাপিয়ে খবীস রাজপরিবারের কাছ থেকে কিছু টুপাইস হাতিয়ে নিয়ে হয়তো যাইহোক রাজপরিবার নিয়ে আমাদের মাথাব্যথা নেই কিন্তু প্রাণের মক্কামদিনা আমাদের হৃদয়ের স্পন্দন শুধু এতটুকুই বলছি দেড়শো কোটি মুসলমান এক কাতারে দাঁড়িয়ে যাবে,Positive,0
একটু ভাই টি কোন বয়স্ক মানুষ থাকলে জিগাও গিয়া,Negative,1
পুঁজিবাজারে সূচকের পতনে কমেছে লেনদেন,Positive,0
সিটির হয়ে তিনবার প্রিমিয়ার লিগ জিতেছেন গার্দিওলা গত মৌসুমে দলকে তুলেছেন চ্যাম্পিয়নস লিগ ফাইনালে বার্সেলোনা কোচ,Positive,0
কোভিড শিথিল লকডাউনে গণপরিবহন চলবে যেভাবে,Positive,0
বাস্তবে যৌনজীবনে কী করা উচিত এবং কী করা উচিত নয় তা শেখাতে বিস্তারিত নিউজে,Positive,0
হিজাব ছাড়া নারীরা কাটা তরমুজের মতো তালেবান,Negative,1
ধরা যাক প্রিয় নবী এখনও জীবিত আছেন মুসলিম নিধনকারী চীনের সাথে কি তিনি হাত মিলাতেন না জিহাদের ডাক দিতেন,Negative,1
বর্তমান সময়ে অনেক রাষ্ট্র একজন উগ্রপন্থী সন্ত্রাসী এবং একজন মুসলিম উভয় চিহ্নিত করতে ভূল করছে যার কারনে একজন সাধারন মুসলিম আক্রমণের শিকার হচ্ছে এটা দুঃখজনক এবং অনাকাঙ্ক্ষিত বটে,Positive,0
সুনামগঞ্জের শাল্লার বাসিন্দা ঝুমন দাশ ২৫ হেফাজতে ইসলামের কারাবন্দী সাবেক নেতা মামুনুল হকের সমালোচনা করে ফেসবুকে,Negative,1
জীবনযাপনের পরিবর্তনই কি একমাত্র কারণ,Positive,0
অভিনন্দন তাদেরকে এমন শিক্ষাব্যবস্থা চালু করার জন্য,Positive,0
চেতনা বাজি গুলো এখন কোথায় যেমন ধরেন তসলিমা নাসরীন,Negative,1
খালেদা জিয়ার দণ্ড স্থগিতের মেয়াদ ছয় মাস বাড়ানো হয়েছে স্বরাষ্ট্রমন্ত্রী,Positive,0
কোভ্যাক্সের আওতায় চীন থেকে সিনোফার্মের ১৭ লাখ টিকা সন্ধ্যায় শাহজালাল বিমানবন্দরে পৌঁছাবে,Positive,0
চীন উইঘোর মুসলিমের পো মারছে সেই চীনের পয়সা ভিক্ষা নিয়ে তালিবান ইসলাম রক্ষা করবে,Negative,1
সারাংশ হল গোফহীন দাঁড়ি আর ব্রেকহীন গাড়ি থেকে সাবধান,Positive,0
পুনরায় খেলার বিপক্ষে মেসিনেইমার,Negative,1
মিথ্যাচারে একটা নোবেল তাকে দেওয়াই যেতো কিন্তু হায় এই ক্যাটাগরিতে কোনো নোবেল নাই,Negative,1
রক্ত দিয়ে বাঙালি জাতিসত্ত্বার নাম লিখেন বঙ্গবন্ধু তথ্য প্রতিমন্ত্রী,Positive,0
অতিরিক্ত মাছ বোঝাই করে খালে পড়লো বাস,Negative,1
আজ প্রকাশিত সর্বশেষ ফিফা র্যাঙ্কিংয়ে এক ধাপ অবনমন হয়ে বাংলাদেশের অবস্থান ১৮৯ দক্ষিণ এশিয়ান দেশগুলোর মধ্যে সবার,Negative,1
বাংলাদেশে এখন মেসিনেইমারে দুভাগ হয়ে যেতে সময় লাগে না একদম আর চলমান কোপা আমেরিকা যেন এই বৈরিতায় আরেকটু ঘি ঢেলে,Negative,1
নুতন মন্ত্রীদের অধিকাংশই জ্যেষ্ঠ সেনা কর্মকর্তা,Positive,0
এক সময় তালেবানদের বিচার করা সেই নারী বিচারকরা এখন ভয়ে তটস্থ,Negative,1
১৭ দেশ ও অভ্যন্তরীণ রুটে ফ্লাইট চলাচলে নিষেধাজ্ঞা ১৬ মে পর্যন্ত বাড়ালো বেবিচক,Positive,0
করোনায় আরো ১০ জনের মৃত্যু মোট প্রাণহানি ৮ ৪৫১ নমুনা পরীক্ষা ১৩ ০৮২ নতুন রোগী ৫৪০,Negative,1
রামেক করোনা ইউনিটে ১৫ জনের মৃত্যু,Negative,1
অই সব নীতিমালা তারা রোজ ভর্তা করে খায়,Negative,1
দুর্নীতী বাজরা আনন্দে নৃত্য করছে এসব কথা শুনে,Negative,1
বৈঠকের সময় হেফাজতের নেতারা কিছু কাগজপত্রও স্বরাষ্ট্রমন্ত্রীকে দিয়েছেন বিস্তারিত,Positive,0
টুইটার ব্যবহারকারীদের জন্য সুখবর,Positive,0
কবে শেষ হবে রূপপুর পারমাণবিক বিদ্যুৎ কেন্দ্রের কাজ,Positive,0
টয়লেট ব্যাতীত কোন ধর্মীয় স্থপনা নির্মান করার যৌক্তিকতা ঝাড়খন্ড সরকারের নেই এটা উস্কানি অন্য ধর্মের মানুষ কি ধর্ম পালন করবে না বিজেপি বরং এটার রাজনৈতিক ফায়দা লুটবে যেটা ঝাড়খন্ড সরকার ভালোভাবে জানে,Negative,1
বাজেটে আইসিটি খাতে বরাদ্দ বাড়ানোর সুপারিশ,Positive,0
লকডাউনের ৪র্থ দিনে চার লক্ষাধিক টাকা জরিমানা র্যাবের,Negative,1
আপনার যে কোন আইনী সমস্যা সেটা হউক ভূমি সংক্রান্ত অথবা ফৌজদারি আপনার সকল আইনি সমস্যার সমাধানের জন্য আমরা আছি আপনার পাশে আপনার বহু কস্টে অর্জিত জমি জমির খতিয়ান অথবা দলিল সংক্রান্ত অথবা চুক্তিপত্র এভিড েভিড গাড়ি অথবা বাইকের মালিকানা পরিবর্তন অথবা বিবাহ ও ডিভোর্স সংক্রান্ত যেকোনো পরামর্শের জন্য আমাদের এস এম এস করুন অথবা আমাদের গ্রুপে পোস্ট করুন আমাদের দক্ষ আইনজীবীগন আছে আপনার অপেক্ষায় গ্রুপ ১৯৬৫২৭৮৬১৬৯৫৪২৩৮ গ্রুপ,Positive,0
টাকার বান্ডিলে স্ট্যাপ্লার পিন মারা হয় যাতে যে মারে সে যেনো চুরি করে ৯৯ রে ১০০ বানাতে না পারে,Negative,1
টিকটক ভিডিও বানাতে গিয়ে নদীর স্রোতে ভেসে গেল ছাত্র,Negative,1
এটা কোনো সৎ উদ্দেশে করা হয়নি করোনা পজিটিভ হলে তারা বিস্তারিত নিউজে,Negative,1
সাধারণত গ্রামের মানুষ একটু দরিদ্র হয় ২৪ ঘন্টা কারেন্ট থাকলে বিদ্যুৎ বিল অনেক বেশি আসবে সেই বিল দিতে তাদের হিম শিম খেতে হবে৷ সেতা আমাদের মানবিক সরকার বুঝে জন্যই লোড শেডিং এর ব্যবস্থা করেছেন,Negative,1
করোনাকালে বাড়িতে বসে মাত্র ৫০ হাজার টাকা বিনিয়োগ করে আয় করা যাবে কোটি টাকা,Positive,0
গরু নিয়ে যাওয়ার সময় ত্রিপুরায় তিনজন মুসলিম যুবককে পিটিয়ে হত্যা,Negative,1
ঘরে বসে অশিক্ষিত থেকে মেয়েরা কি হবে দাসী,Negative,1
বাইরে থেকে বাসায় ঢোকার সঙ্গে সঙ্গেই বিদ্যা সিনহা মিমের পিছু নেয় বার্বি জোজো ও ক্যান্ডি,Positive,0
ব্যস্ত মানুষদের জীবনে রূপচর্চার জন্য বেশ আরামদায়ক উপায় এটি,Positive,0
সকালে লেবু পানি খেলে যে উপকার পাবেন,Positive,0
করোনাভাইরসে বাংলাদেশে মৃত্যু দিনে প্রথম বারের মতো ১০০ পেরুলো বেড়েছে সংক্রমণের হারও,Negative,1
ক্রিকেট অস্ট্রেলিয়ার নানা নিয়মের জালে আঁটকে গেছে বিসিবি,Negative,1
তিতাস থানার ভারপ্রাপ্ত কর্মকর্তা ওসি সুধীন চন্দ্র দাস বলেন লঞ্চে নাচানাচি করতে গিয়ে বৈদ্যুতিক তারে জড়িয়ে,Negative,1
প্রধানমন্ত্রী এই বক্তব্য দিয়ে দুর্নীতিবাজদের রক্ষা করেছেন এতে সুস্পষ্ট শেখ হাসিনা নিজেই চান তার দলের নেতাকর্মীরা সরকারী প্রকল্পে চুরি করুক দুর্নীতি করুক মজার কথা হচ্ছে এই বক্তব্যের মাধ্যমে শেখ হাসিনার সততার প্রকাশ পেয়েছে ধন্যবাদ মাননীয় প্রধানমন্ত্রী,Negative,1
বিশ্বের প্রথম দেশ হিসাবে করোনাভাইরাসের টিকার অনুমোদন দিল যুক্তরাজ্য করোনাভাইরাস প্রতিরোধে ৯৫ শতাংশ সক্ষম এই টিকাটি,Positive,0
জি না এখানে বাংলাদেশের কোন এখতিয়ার নেই মুদি যা বলবে সেটাই,Negative,1
কংগ্রেসের ক্যাপিটল ভবনে ট্রাম্প সমর্থকদের তাণ্ডবের মধ্যেই জো বাইডেনকে পরবর্তী প্রেসিডেন্ট হিসেবে অনুমোদন দিয়েছে কং,Positive,0
জয় বাংলা,Positive,0
আজ মঙ্গলবার দুপুর সাড়ে ১২টায় পৌরসভার গণকবর ও জেলেপল্লি এলাকার সড়কে এ ঘটনা ঘটে,Positive,0
ব্যাংকের যেমন কাস্টমারের উপর ভরসা নেই তেমনি কাস্টমারও ব্যাংকের উপর ভরসা রাখতে পারছেনা কাজেই বান্ডিলে পিন থাকা অনেকটাই নিরাপদ,Positive,0
অবৈধ স্থাপনা উচ্ছেদ ও খননে নেমেছে ডিএসসিসি,Positive,0
কিছু দিন পর পর গর্ত থেকে বের হয়ে বিনোদন দেওয়ার জন্য ধন্যবাদ যাইহোক নিজের যত্ন নিয়েন মনে হচ্ছে শরীরটা বেসি ভালো না,Negative,1
ম্যারাডোনার স্মরণে ট্যাঙ্গো সঙ্গীত আয়োজন,Positive,0
বৈঠক করতে করতে জীবন কাটিয়ে দিন,Negative,1
এসব প্রশ্নের উত্তর দেয়া তথাকথিত গনতন্ত্রের প্রবক্তা মার্কিন যুক্তরাষ্ট্র এখনো প্রয়োজন মনে করেনি,Negative,1
আগামী নির্বাচন অবশ্যই নিরপেক্ষ সরকারের অধীনে হতে হবে বলে মন্তব্য করেছেন বিএনপির মহাসচিব মির্জা ফখরুল ইসলাম আলমগীর,Positive,0
অগ্রগতি ৬৭৬৩ শতাংশ দৃশ্যমান সাড়ে ১৭ কিমি রেল ট্র্যাক,Positive,0
মেজর সিনহা হত্যা মামলার আসামিদের হেফাজতে রাখতে পুলিশের আবেদন খারিজ,Negative,1
বর্তমান সঞ্চালন লাইন ব্যবহার করে ভারতের মাধ্যমে ২০০ মেগাওয়াট বিদ্যুৎ বাংলাদেশে রপ্তানির প্রস্তাব দিয়েছে নেপাল,Positive,0
দরদী আইছে,Negative,1
কি দরকার জাতিসংঘের কাজের নেই টাকা খেতে আছে,Negative,1
ডিএসইর ব্লক মার্কেটে লেনদেন বেড়েছে ৬৮ কোটি টাকা,Positive,0
ইঅরেঞ্জ কাণ্ডে পুলিশ পরিদর্শক সোহেলসহ ১০ জনের বিরুদ্ধে মামলা,Negative,1
চ্যাপ্টারে ছাত্রলীগের সম্বন্ধে কোনও সিলেবাস নাই তাই,Negative,1
এত মুর্খ বাংলাদেশে থাকে চিন্তা করলেই বুঝি সব নষ্টদের অধিকারে চলে যাবে,Negative,1
খাদ্য প্রক্রিয়াজাত শিল্পের দিকে এখন বেশি নজর দিতে হবে প্রধানমন্ত্রী,Positive,0
ক্রাইস্টচার্চে সিরিজের দ্বিতীয় ওয়ানডেতে নিউজিল্যান্ডের বিপক্ষে তামিমের ফিফটি,Positive,0
যেমন চীন বিবিসি ওয়ার্ল্ড সম্প্রচার বন্ধ করেছেবাংলাদেশেও বিবিসি বাংলা বন্ধ হবে নাকি,Negative,1
মন্ত্রী সাবেক হওয়াতে আদালত খালাস দিয়েছে যদি এখনো মন্ত্রী তিনি থাকতেন তাহলে আদালতের খালাস দেওয়ার হেডম ছিলোনা,Negative,1
মানসম্পন্ন শিক্ষার অভাব,Negative,1
প্রিয় মানুষের মন পাওয়ার জন্য ছুটে যান কবিরাজের কাছে এক নয় একাধিকবার বিস্তারিত নিউজে,Positive,0
এম আই ফাইভ প্রধানদের কথা শুনলে এখন আর লজ্জা লাগেনা কারণ তারাতো নির্লজ্জ বেহায়ার বংশধর লজ্জাশীল হলে তো আর আফগানিদের জঙ্গিবাদের তকমা দিয়ে সেই দেশের তেল সম্পদ এবং খনিজ সম্পদ লুট করা সম্ভব হবে না আমাদের সম্পদ তারা লুট করবে আর আমরা দেখে দেখে আঙ্গুল চুষবো কি মচৎকার হিসাব লুট করলে কিছু বলা যাবে না কিন্তু প্রতিবাদ করলে জঙ্গিবাদের তকমা আর এ কারণেই যে দেশে সূর্য ডুবে না সেখানে সূর্য উঠার জায়গায় খুঁজে পায়না,Negative,1
শুক্রবার সকালে ক্রিশ্চিয়ানো রোনালদো ক্লাবে এসেছিলেন বিস্তারিত নিউজে,Positive,0
দাবী যুক্তিগত সবার সমান অধিকার পাওয়া উচিৎ,Positive,0
একে তো মানহীন শিক্ষা যেটার সাথে বাস্তবতার কোন মিল নাই তার উপর তোতা পাখির মত মূখস্থ করা বিদ্যা বেকার না হয়ে কি হবে বেশীর ভাগ লেখাপডা করেই বিসিএস দিয়ে ঘুষের চাকরি পাওয়ার আশায়,Negative,1
দারুন ভাই,Positive,0
সড়ক পরিবহনমন্ত্রী বলেন নিজেদের চরম ব্যর্থতা ঢাকতে এসব কাল্পনিক ও অন্তঃসারশূন্য বাক্যচর্চা বিএনপির,Negative,1
৪ দফা দাবিতে নীলক্ষেত মোড়ে অবস্থান ৭ কলেজ শিক্ষার্থীদের,Positive,0
বিবাহিতআসামিরাই ছাত্রলীগের সভাপতি প্রার্থী,Negative,1
কর্মমুখী শিক্ষার অভাব নিরাপদ ইনভেস্টের অভাব যেখানে কোন ব্যবসায় বিনিয়োগ করলে অর্থের নিরাপত্তা থাকে এরপর মেয়েদের চাকরিতে সুযোগ সৃষ্টি,Negative,1
অপরিকল্পিত শিক্ষা,Negative,1
ভারত সফরে ব্যস্ত সময় পার করছেন সেনাপ্রধান,Positive,0
আমি চিন্তা করছিলাম কোথায় লুকানো যায় ছাদে একটা স্টোররুম ছিল আমি চিন্তা করলাম স্টোররুমেই লুকাব স্টোররুমে ঢুকে,Positive,0
আমার এ ঘর ভাঙিয়াছে যেবা আমি বাঁধি তার ঘর আপন করিতে কাঁদিয়া বেড়াই যে মোরে করেছে পর,Negative,1
বিক্রি হওয়া নবজাতককে মায়ের কোলে ফেরাল পুলিশ,Positive,0
চট্টগ্রামে ভারী বৃষ্টিপাত নিম্নাঞ্চলে জলাবদ্ধতা,Negative,1
ব্রেকিংনিউজ শনাক্তের সব রেকর্ড ভাঙ্গল আজ বিস্তারিত নিউজে,Negative,1
ঘরে সাউন্ডবক্স বাজিয়ে স্ত্রী গায়ে আগুন দিল ইমাম,Negative,1
বিবিসিকে দেওয়া সাক্ষাৎকারে ইমরান খান বলেছেন তালেবান সরকারকে পাকিস্তানের স্বীকৃতি পেতে হলে নির্দিষ্ট শর্ত পূরণ কর,Positive,0
মৌলভীবাজারের কুলাউড়া উপজেলায় কম দামে ইট দেওয়ার কথা বলে শতাধিক ব্যক্তির কাছ থেকে প্রায় আট কোটি টাকা হাতিয়ে নেও,Positive,0
গত ২৪ ঘণ্টায় নমুনা পরীক্ষার বিপরীতে শনাক্তের হার ছিল ৩১৩২ শতাংশ,Negative,1
বেশি সংক্রমণ এলাকায় প্রয়োজনে লকডাউন স্বাস্থ্যমন্ত্রী,Positive,0
শিশুরোগ এবং নবজাতকের বিভিন্ন সমস্যা নিয়ে সরাসরি প্রশ্ন করতে পারেন বিবিসি বাংলার ফোন ইন অনুষ্ঠানে,Positive,0
ওনাকে কোথায় নির্যাতন করলো আমরা জানবো কী আটক অবস্থায়তো কোন নির্যাতন হয়নি,Negative,1
আফগানিস্তান আমেরিকার ওপর হামলার ২০ বছর পূর্তির আগেই দেশটি থেকে সৈন্য প্রত্যাহার,Negative,1
শেখ হাসিনা এখন মানসিক ভাবে অসুস্থ ওনি ওনার এই ধরনের কথা জাতির জন্য লজ্জা জনক,Positive,0
ইফতারে আপনি কোন ধরনের খাবার পছন্দ করেন,Positive,0
কারণ এই দেশে গরীব নাই সবাই নিজের মত থাকতে পছন্দ করে,Positive,0
মানহানিকর তথ্য প্রকাশের অভিযোগে পাঁচ কোটি টাকা ক্ষতিপূরণ চেয়ে জাপানি নারী এরিকো নাকানোকে লিগ্যাল নোটিশ পাঠিয়েছেন,Negative,1
ডক্টর জি ছবিতে রাকুল প্রীত সিংয়ের প্রথম ছবি সম্প্রতি প্রকাশ্যে এসেছে হাতে স্টেথিসকোপ আর সাদা কোট কাঁধে ব্যাগ,Positive,0
ভালোবেসে ভক্তরা তাঁদের নাম দিয়েছিলেন সিডনাজ আজ সিড নেই তাই নাজ বড়ই একা,Negative,1
বাচ্চা বলবে না থাক আমি ডিজিটাল দেশে ভালো আছি যেখানে আধাঘন্টার বৃষ্টি হলে রাস্তায় নৌকা নেমে যায়,Negative,1
ইঅরেঞ্জের মালিকপক্ষ প্রতারণামূলকভাবে এক লাখ গ্রাহকের ১ হাজার ১০০ কোটি টাকা আত্মসাৎ করেছে বলে অভিযোগ এনে,Negative,1
সকাল সকাল এতক্ষণ গোসল আর করতে হবে না ওঠ ওঠ,Positive,0
কোন নীতিমালাই কাজ হবে না পুলিশকে দিয়ে আওয়ামীলিগ রাত্রে ভোট চুরি করতে বাদ্য করছে পুলিশ আওয়ামীলিগের খমতার উৎস আওয়ামীলিগ পুলিশের দুনীতির ব্যাপারে অন্ধ,Negative,1
দেশের একটি শীর্ষস্থানীয় করপোরেট হাউসের বড় কর্তা তিনি সেই সঙ্গে বাংলাদেশ ক্রিকেট বোর্ডের বিসিবি সভাপতিও বিসিবি,Positive,0
কি লাভ হল সন্তান জন্ম দিতে তো সেই নারী আর পুরুষকে এক হতে হয় প্রকৃতির সাথে এই ছলনার লাভটা আসলে কোথায় পৃথিবীর আর কোন প্রাণীতে নারী আর পুরুষে এমন বিভেদ বিভাজন তো দেখি না শুধু মানুষের সমাজে কেন এত বিধিবিধান বাড়াবাড়ি সংস্কার,Negative,1
এদের নামই ইহুদী মিডিয়া,Negative,1
তালেবানের তিনটি সূত্র রয়টার্সকে আরও দুই তালেবান নেতার নাম জানিয়েছে তাঁরা হলেন মোল্লা মোহাম্মাদ ইয়াকুব ও শের আ,Positive,0
ফরহাদ হোসেন আরও বলেন সরকারের তিনটি বিভাগ বিচার বিভাগ আইন বিভাগ ও নির্বাহী বিভাগ মেয়রও নির্বাহী,Positive,0
স্ত্রী হত্যার অভিযোগ বাগেরহাটের সাহেব আলী খালাস,Negative,1
বাবু চলো নদী ছাইড়া জঙ্গলে যাই সাংবাদিক লুঙ্গি খুইলা গোসল করতে নামছে,Negative,1
বিজ্ঞান ও প্রযুক্তির এই যুগে অন্য দেশে গিয়ে নিজেদের ইচ্ছা ও ব্যবস্থা চাপিয়ে দেয়ার চিন্তা করা ভুল দেরিতে হলেও যুক্তরাষ্ট্র সেটি বুঝতে পেরেছে দেশের জনগনের মধ্যে সামাজিক ও অর্থনৈতিক মুক্তির ইচ্ছা জাগ্রত না হলে তারা গেরিলা যুদ্ধ করে যাবে আর অমানবেতর জীবনযাপন করবে,Negative,1
রহিমার পরিবর্তে রাহিমা গ্রেফতার,Negative,1
ঢাকায় সাংবাদিকদের সাথে আলাপকালে এই মন্তব্য করেন আমেরিকা প্রেসিডেন্ট নির্বাচন ফলাফল ঘিরে আইনি লড়াইয়ের স,Positive,0
করোনায় আরো ৫২ জনের মৃত্যু মোট প্রাণহানি ৯ ৩১৮ নমুনা পরীক্ষা ৩০ ২৩৯ নতুন রোগী ৭ ০৭৫ জন,Negative,1
ভারতের আসামে শুধু দেশজ মুসলিমদের জন্য অনলাইনে তথ্যসংগ্রহ ও নথিভুক্তকরণের কাজ শুরু করেছেন বিজেপির একজন প্রথম সারির,Positive,0
আপাদমস্তক দুর্নীতিতে নিমজ্জিত সরকার জনরোষ থেকে বাঁচতেই জামায়াত নেতৃবৃন্দকে গ্রেফতার করছে ড শফিকুল ইসলাম মাসুদমিছিলোত্তর প্রতিবাদ সমাবেশে ড শফিকুল ইসলাম মাসুদ বলেন জামায়াতে ইসলামীর নায়েবে আমীর ও শ্রমিক কল্যাণ ফেডারেশনের সভাপতি সাবেক সংসদ সদস্য এমপি আনম শামসুল ইসলামকে অন্যায়ভাবে মধ্যরাতে নিজ বাসা থেকে রাষ্ট্রীয় আইন শৃঙ্খলা রক্ষাকারী বাহিনীর পরিচয়ে আটক করা হয়েছে এছাড়াও গত ২ দিন পুর্বে সেক্রেটারী জেনারেল সহ ৯ জন কেন্দ্রীয় নেতৃবৃন্দকে গ্রেফতার করা হয়েছে আপাদমস্তক দুর্নীতিতে নিমজ্জিত সরকার জনরোষ থেকে বাঁচতে এবং জনগণের দৃষ্টিকে ভিন্ন দিকে প্রবাহিত করতেই একের পর এক জামায়াত নেতৃবৃন্দকে গ্রেফতার করছে গ্রেপ্তার ও কারারুদ্ধ করার মাধ্যমে ক্ষমতাসীন সরকার মুলত জামায়াতকে নেতৃত্ব শূন্য করার অপচেষ্টা করছে তাদের এই ষড়যন্ত্র এদেশের মুক্তিকামী মানুষ কখনোই বাস্তবায়ন করতে দেবেনা আমরা সাবেক সংসদ সদস্য এমপি জননেতা আ ন ম শামসুল ইসলামকে গ্রেপ্তারের তীব্র নিন্দা ও প্রতিবাদ জানাচ্ছি একইসাথে অবিলম্বে জামায়াতের নায়েবে আমীর সাবেক এমপি আনম শামসুল ইসলাম সেক্রেটারী জেনারেল মিয়া গোলাম পরওয়ার সহকারী সেক্রেটারী জেনারেল রফিকুল ইসলাম খান হামিদুর রহমান আজাদ সহ সারাদেশে আটককৃত সকল জামায়াত নেতাকর্মীকে মুক্তি দেওয়ার উদাত্ত আহবান জানাচ্ছি ড মাসুদ আরও বলেন বর্তমান ক্ষমতাসীন সরকার গনতন্ত্রের কবর রচনা করে বাংলাদেশে একদলীয় স্বৈরশাসন কায়েম করেছে তারা জনগণের জান ও মালের নিরাপত্তা দিতে ব্যর্থ হয়ে বিরোধী দল ও মতের ব্যক্তিদের নির্মূলের পথ বেছে নিয়েছে এটা অত্যন্ত ন্যাক্কারজনক ইতিহাস পাতায় দেখা যায় যে পুর্বে কোন স্বৈরশাসকের পরিণতি কখনো ভালো হয়নি অন্যায় অবিচার করে তারা ক্ষমতাকে দীর্ঘস্থায়ী করতে পারেনি আমরা স্পষ্ট ভাষায় সরকারকে বলতে চাই এভাবে গ্রেপ্তার রিমান্ড জুলুম ও নির্যাতন করে জামায়াতে ইসলামীর মত একটি আদর্শিক সংগঠনকে নির্মূল করা যাবে না তিনি এ চরম সত্যটি উপলব্ধি করে সরকারকে এধরণের রাজনৈতিক প্রতিহিংসা মুলক জঘন্য আচরণ থেকে বিরত থাকার আহবান জানান অন্যথায় জনগণকে সঙ্গে নিয়ে তীব্র গণআন্দোলন গড়ে তোলার মাধ্যমে জামায়াতের কেন্দ্রীয় নেতৃবৃন্দকে মুক্তি দিতে বাধ্য ও সকল অন্যায়ের সমুচিত জবাব দেওয়া হবে হুঁশিয়ারী উচ্চারণ করেন ২৪৮১,Negative,1
এডিটারস মেইলবক্স ফ্রান্স ম্যাক্রঁ কার্টুন নিয়ে বিতর্ক আর ইরফান সেলিম নিয়ে প্রশ্ন,Negative,1
আমারো কিন্ত মাঝে মাঝে আত্নহত্যা করতে মন চাই ব্যর্থ হতে হতে মানসিক সমস্যায় ডুবে আছি,Negative,1
বাজারে অ্যাপলের নতুন আইপ্যাড,Positive,0
অস্ট্রেলিয়ার সঙ্গে যুক্তরাষ্ট্রের সাবমেরিন চুক্তি নিয়ে উত্তেজনার পর এই প্রথম দুই নেতার ফোনালাপ হতে যাচ্ছে,Positive,0
হেফাজত নেতা রফিকী গ্রেপ্তার,Positive,0
লিওনেল মেসি সাবেক বার্সেলোনা তারকা ফরাসী ক্লাব প্যারিস সেইন্ট জার্মেইয়ের চুক্তি স্বাক্ষরের প্রস্তুাবে সম্মত হয়ে,Positive,0
মাননীয় নেতা বি এন পি এ দেশের বড় একটি রাজনৈতিক দল,Negative,1
টানা দ্বিতীয়বার অলিম্পিক ফুটবলের শিরোপা জিতল ব্রাজিল স্পেনকে হারিয়েছে ২১ গোলে,Positive,0
জয় বাংলা,Positive,0
বিদেশে পালিয়ে গিয়েও শেষ রক্ষা হচ্ছে না তাদের,Positive,0
প্রাথমিক বিদ্যালয়কিন্ডারগার্টেনের ছুটিও বাড়ালো,Positive,0
প্রতি হাটে বিক্রি ১৫ থেকে ২৫ ট্রাক গুড়,Positive,0
কমেন্টগুলো পড়ে মনে হচ্ছে জনগনের টাকায় লালিত এক লাখ বলদ মার্কা চাকর বাকরের কার্যক্রম শুরু হয়েছে জনগণ থেকে বিচ্ছিন্ন দালাল সরকার এবং তাদের অনুসারীদের করুণ পরিণতি চোখের সামনে দেখেও বলদরা শিক্ষা নিতে পারে না সময় খুবই সন্নিকটে দালালরা লাইন ধরে পালাও নাহলে বিমানের চাকায় লুকোতে হবে,Negative,1
হিন্দু আইন সংস্কার মাবাবার কাছে প্রত্যেক সন্তান যেমন সমান তাদের অধিকারও সমান হওয়া প্রয়োজন সে কোন লিঙ্গের এটা কখন বিবেচ্য বিষয় না আইন করবে রাষ্ট তার দেশের জনগনকে উন্নত জীবনধার নিরাপত্তা ও সবার সমান মৌলিক অধিকার নিশ্চিত কারার জন্য যুগের সাথে তাল মিলিয়ে ধর্ম হল উৎসব হিসাবে পালন করার জন্য,Positive,0
করোনা ভাইরাস আসছে টিকার দ্বিতীয় চালান আরো প্রায় সাত কোটি ডোজের নিশ্চয়তা,Positive,0
২৪ ঘণ্টায় দেশে করোনা শনাক্ত ৪৮৪৬,Negative,1
আমেরিকা নিষেধাজ্ঞা না তুললে বৈঠকে বসবেনা ইরান,Positive,0
দেশের সবাই যেন নিজ ভাষায় লেখাপড়া করতে পারে সে ব্যবস্থা করেছে সরকার প্রধানমন্ত্রী,Positive,0
বিমান পরিবহন ও পর্যটন প্রতিমন্ত্রী বলেন সবগুলো অপশনই খোলা রাখা হয়েছে যেটিতে সহজ হবে সেটিতেই দ্রুত তাঁকে দেশে আ,Positive,0
মেসি এখন ব্রাজিলে,Positive,0
বাস্তবমুখি শিক্ষার নামগন্ধ নাই খালি সার্টিফিকেট এই সব সার্টিফিকেট সর্বস্ব শিক্ষা আমাদের বানিয়েছে,Negative,1
দেশ যে শিক্ষা দেয় তাতে ১০০ যে বেকার হচ্ছে না তাতেই খুশি,Negative,1
পায়েল হত্যা বাস থেকে ফেলে শিক্ষার্থী হত্যায় চালকসুপারভাইজারসহকারীসহ তিনজনের মৃত্যুদণ্ড,Negative,1
মাইক্রোসফটের প্রতিষ্ঠাতা বিল গেটসকে ছাড়িয়ে বিশ্বের দ্বিতীয় শীর্ষ ধনী এখন এলন মাস্ক শীর্ষস্থানে আছেন অ্যামাজনের,Positive,0
অনেকদিন পর একটি উপকারী নিউজ এটা ১০০ সত্যি আমার এলাকায় বিদ্যুৎ সঞ্চালনের ভাল ব্যবস্থা থাকলেও দিনে ৫৬ ঘন্টা বিদ্যুৎ থাকেনা আসে আর যায় খুব বাজে অবস্থা,Negative,1
করোনায় আরো ১০২ জনের মৃত্যু মোট প্রাণহানি ২৫ ৭২৯ নমুনা পরীক্ষা ৩৪ ১১১ নতুন রোগী ৪ ৬৯,Negative,1
এত কাছের স্বজন এমন জঘন্য কাজ করতে পারেন ভাবতে পারিনি আমি মেয়ের ভবিষ্যৎ নিয়ে চিন্তিত,Negative,1
দেশে করোনায় মৃত্যু অনেক কমেছে,Positive,0
মিশুভ পার্লামেন্ট মন্দিরে কার পুজা করবেন উলংগ বিভত্স মা কালীর গদা হাতে কল্পিত হনুমানজীর হস্তি মাথা গনেশের বিষ্নু রুপী শালগ্রাম শিলার তুলশী গাছ পাবে কোথায় শিব পার্বতীর কর্তিত প্রোথিত লিংগের রাক্ষষ রাজার কাছে পরাজিত ভগবান শ্রী রামজির দশভুজা দুর্গার লক্ষী নাকি স্বরস্বতীর নাকি সহস্র যোনীধারী স্বর্গের রাজা ইন্দ্রের ব্রহ্মা বিষ্নু মহেশ্বর তাদের মুর্তীর জন্য বিশাল বিশাল মন্দির দরকার হবে,Negative,1
দৌলতদিয়া পতিতালয়ে ব্যবসায়ীর রহস্যজনক মৃত্যু,Negative,1
১৯৫৪ সালের পর প্রথম কোন বড় টুর্নামেন্টের কোয়ার্টার ফাইনালে সুইজারল্যান্ড,Positive,0
তালেবানকে স্বীকৃতির আগে যুক্তরাষ্ট্রের প্রত্যাশা,Positive,0
বিসিএস লিখিত পরীক্ষার সিলেবাস প্রকাশ,Positive,0
জাতীয় বিশ্ববিদ্যালয় বন্ধ করে দিক না কেনও ভালো পরিক্ষা দিলে ফেল খারাপ পরিক্ষা দিলে পাশ,Negative,1
ইরানঘনিষ্ঠ ৩৬টি ওয়েবসাইট দখলে নিল যুক্তরাষ্ট্র,Negative,1
জেঁকে বসেছে মাঘের শীতবইছে মাঝারি শৈত্যপ্রবাহ,Positive,0
করোনা ভাইরাস ২৯টি জেলায় সংক্রমণের ঝুঁকি কেন এত বেশি,Negative,1
ঈদের পর খুলনায় বেড়েছে করোনায় মৃত্যুর সংখ্যা,Negative,1
সাড়ে ৩ হাজার ভবন ভাঙতে মাঠে নামছে রাজউক বিস্তারিত নিউজে,Positive,0
আপনার কি খুজে খুজে মুসলিম দের কমেন্ট গুলোতে রিপ্লাই দেওয়ার চাকরি নাকি হযরত মুহাম্মদ সাঃ এর সময়েও এই ধরনের কিছু পুরুষ ছিল আর মহিলা ছিল যারা দোষ খুজে বের করার চেষ্টা করতো আর গীবত করে বেড়াতো তাদের অনেক টাকা ছিল তারা মনে করতো সেই সময়ের তারা সর্বোচ্চ আধুনিক এবং শ্রেষ্ঠ হায় আফসোস পৃথিবী থেকে তাদের নামও মুছে গেছে তাদের নামের নামও কেউ সন্তানদের রাখেনা আপনার বিরোধিতা করিনা আপনার আদর্শের করি আমাদের আদর্শ হযরত যার জ্ঞান সৃষ্টি কর্তা প্রদত্ত যদিও আমাদের মাঝে ত্রুটি আছে সেই ত্রুটি আমাদের হযরতের নয় আপনার আদর্শ সত্য হলে মানুষকে ভালবাসতে শিখেন যদিও শিক্ষা দেয়ার কোন যোগ্যতাই আমার নাই আপনারা অনেক শিক্ষিত তবে বলবো সত্যের পক্ষে থাকতে,Positive,0
আমার লেখাপড়া হোক জ্ঞানার্জনের জন্য আর কাজ হোক জীবিকা নির্বাহের জন্য লেখা পড়া করলেই যে চাকরি করতে হবে এই মন্ত্র ভুলে যেতে হবে লেখা পড়ার সম্মান সবক্ষেত্রেই আছে,Positive,0
চীন সম্প্রতি একটি গুরুত্বপূর্ণ উপাত্ত নিভৃতি আইন ডেটা প্রাইভেসি ল পাশ করেছে,Positive,0
দুই ছেলের কথা স্বীকার করলেন যশ,Positive,0
লাউয়াছড়ায় ৯ বন্যপ্রাণী অবমুক্ত,Negative,1
সত্য প্রকাশিত হলেই ভালো,Positive,0
করোনা,Negative,1
ছাত্রদলের সাবেক সভাপতি রাজিবকে তুলে নেওয়ার অভিযোগ,Negative,1
উক্ত সংবাদটি হাস্যকর বড়ই হাস্যকর কারণ লাঠি আর হাতুড়ি কারা ব্যাবহার করে সেটা জাতি জানে৷,Negative,1
মসজিদের সিঁড়ি থেকে পরিত্যক্ত অবস্থায় পাওয়া গেলো শিশুটিকে,Negative,1
ভাদ্র মাস তো গেছেগা কুত্তার জন্ম গুলা এখনো চিল্লায় ক্যান,Negative,1
আম প্রক্রিয়াজাতকরণ শিখতে ৬০ লাখ টাকায় বিদেশ ভ্রমণ,Positive,0
চেহারা তো ভস্কে গেছে,Negative,1
কারো ধর্মীয় আইনে পরিবর্তন কাম্য নয়,Positive,0
তাতে বিবিসির চুলকানি উঠছে,Negative,1
বঙ্গবন্ধু টিটোয়েন্টি চট্টগ্রামের বিপক্ষে খুলনার একাদশে মাশরাফী ৮ মাস পর ফিরলেন,Positive,0
সমর্থকদের জন্য হঠাৎ হাসপাতাল ছাড়লেন ট্রাম্প নানা মহলে সমালোচনা,Positive,0
এসব আমাদের দেশের জন্য কমন ব্যাপার ২৪ লাখ তো কমই ২৪ কোটি২৪ হাজার কোটি নিয়ে যায় তাতে কোন মাতামাতি হয় না নিত্যদিনের ঘঠনা,Negative,1
করোনার জাল সনদ বিক্রি চারজন কারাগারে,Negative,1
আজ থেকে অফিসআদালত সব খুলছে চালু হচ্ছে সব ধরনের গণপরিবহন তবে যতই শিথিল হোক ঘরে কিংবা অফিসে বদ্ধ রুমে করোনা থেকে,Positive,0
যুক্তরাষ্ট্র ও ব্রিটেনের সঙ্গে বন্দি বিনিময়ে প্রস্তুত ইরান,Positive,0
রাশিয়ার করোনা টিকা দেশে তৈরির চুক্তি পররাষ্ট্রমন্ত্রী,Positive,0
করোনা নিয়ন্ত্রণে সামাজিক অনুষ্ঠান বিনোদনকেন্দ্র ও বইমেলা বন্ধের সুপারিশ কোভিড জাতীয় কারিগরি কমিটির,Positive,0
পুলিশ পরিদর্শক মামুন হত্যা আসামি ফারিয়ার আত্মসমর্পণ,Negative,1
এক বিটকয়েনে মিলবে এত আইফোন,Positive,0
চট্টগ্রামে বহুতল ভবনে আগুন,Negative,1
যুদ্ধ বিধ্বস্ত একটি দেশে ২০১৮২০২১ একুরেট হিসাবে সার্ভে করাই যেখানে প্রায় অসম্ভব সময় দিতে হবে ভাই,Positive,0
অতিরিক্ত বিদ্যুৎতের চাপে লোডশেডিং হচ্ছে আরে ভাই চাপ সামলানোর মতো যায়গা লাগবেতো নাকি এইটাতো পরিমনি না যে সব লোড নিতে পারবে,Negative,1
টিভিতে খেলার সূচি,Positive,0
বাগেরহাটে নিউমোনিয়াসহ ঠান্ডাজনিত রোগের প্রকোপ,Negative,1
বি বি সির কাছে আমার অনুরোধ কমেন্ট বক্স এর সকল মানুষের মতামত দেয়া কমেন্টগুলো নিউজ আকারে প্রচার কবেন প্লিজ,Negative,1
চিড়িয়াখানা কর্তৃপক্ষের তথ্যমতে আজ সকাল নয়টা থেকে সন্ধ্যা ছয়টা পর্যন্ত প্রায় ২০ থেকে ২২ হাজার দর্শনার্থীর সমাগ,Positive,0
ঘুষ,Negative,1
ডিজিটাল যুগে জয়ের মতো নেতৃত্বই প্রয়োজন তথ্যমন্ত্রী,Positive,0
আজ থেকে দেখবেন আমাদের ব্যাপক ক্ষমতাবান মিডিয়াগুলো আশ্রয়ন প্রকল্প নিয়ে আর কোন নিউজ করবে না কারণ আজকের পর আর কোন ঘর ভাঙবেনা এবং অতীতের রিপোর্ট গুলো ভুল হওয়ার জন্য ক্ষমা প্রার্থনা করবে কোন ঘর অতীতেও ভাঙ্গে নাই ও কোন দূর্নিতীও হয় নাই হজরতের বানী বলে কথা,Negative,1
লেখকের রচনায় গোয়ালন্দের ইলিশ স্থান করে নিয়েছে কিন্তু বর্তমানে ইলিশের বিস্তারিত নিউজে,Positive,0
অবৈধভাবে বিষ দিয়ে মাছ ধরার সময় তিন জেলেকে আটক করেছে বন বিভাগ,Positive,0
আপনাকে ইসলাম শিখাইতে পারি আমি তাই পড়াশোনা করে কথা বলুন,Negative,1
বেগম রোকেয়া যদি এ দৃশ্য দেখতেন,Positive,0
পিআইবিএটুআই পুরস্কার পেলেন বাংলানিউজের ডালিম হাজারী,Positive,0
স্রষ্টারজম িন যার আইন তাঁর,Negative,1
সিলেট৩ আসনের উপনির্বাচনে আওয়ামী লীগ মনোনীত প্রার্থী হাবিবুর রহমান নৌকা বিজয়ী হয়েছেন,Positive,0
কবি বলেছেন বিশ্বে যা কিছু ভয়ংকর তাহাই দেখতে মনোমুগ্ধকর,Negative,1
বান্দরবানের ৫ লাখ গাছের বীজ ছিটানো শুরু,Positive,0
মাস্টার্স কমপ্লিট করার পরেও অনেকেই একলাইন ইংরেজি ভালো করে পড়তে এবং লিখতে জানে না অর্থও বুঝতে পারে না ক্লাস থ্রি ফোরের একটা অংকও অনেকেই করতে জানে না শিক্ষাব্যবস্থার এতোটা জীর্ণদশা নিয়ে বেকারত্ব নিরসনের স্বপ্ন দেখা বোকামি আর লেখাপড়া শিখলে তাকে চাকরিই করতে হবে এমন ধারণাও বেকারত্বের সবচেয়ে বড়ো কারণগুলোর একটি আর শিক্ষা পদ্ধতি সংস্কারের দরকার,Positive,0
আগামী সপ্তাহে সারা দেশে শুরু করোনার গণটিকা কর্মসূচি দেশের ১২টি সিটি করপোরেশনে দেয়া,Positive,0
রাস্তা থেকে শুরু করে রেলসেটশন পর্যন্ত যে শুধু নাম পাল্টে গেল তাঁর কাছে অন্য রাজ্যের ব্রিজের ছবি নিজের রাজ্যের বলে চালানোয় অবাক হওয়ার কিছু নেই,Negative,1
ভারতের পুঁজিবাজারে হোটেল কোম্পানিগুলোর শেয়ার চাঙা হয়ে উঠছে,Positive,0
দ্রুত সরকারি পদক্ষেপ চান এলাকাবাসী,Positive,0
মমতা বন্দ্যোপাধ্যায়ের নিজ আসন ভবানীপুরের উপনির্বাচনের তারিখ ঘোষণা করেছে,Positive,0
এ কাজে লোভি শিয়াল গুলো রাজি নেই,Positive,0
কৃষক লাভ করলেই এদের চুলকানি শুরু হয়ে যায়,Negative,1
যাদের যৌন খাজলি আছে তাদের চুলকাবে আর যারা সুস্থ তারা খুশি হবে কারন সহ শিক্ষা ছেলে ও মেয়ে উভয় এর জন্যই ক্ষতিকর,Negative,1
আফগানরা দাসত্বের শৃঙ্খল ভেঙ্গেছে বলেছেন ইমরান খান সৌদি আরব ইরান তুরস্ক ইন্দোনেশিয়াসহ অন্যান্য মুসলিম বি,Positive,0
এখন তালে এর কী ছিড়া যাবে বলেন তো সাংঘাতিক,Negative,1
কিছু বলার নেই শুধু হাহা রিয়েক্ট দিয়ে চলে গেলাম,Negative,1
জিয়ার কবর জনগণ রক্ষা করবে মির্জা ফখরুল,Positive,0
চলতি মাসে দেশব্যাপী ৪০ কোটি টাকার ফুল বিক্রি,Positive,0
সুলতানা কামাল বলেন যেকোনো পরিবর্তন আনতে হলে ওই স্থানের জনগণের মতামতকে গুরুত্ব দিতে হবে সাফারি পার্কের পরিকল্পনায়,Positive,0
ভাই বিবিসি একটু বলবেন জাতিসংঘ টা কি বা কে এটা কি মানুষ নাকি পশু পাখি যখন কাশ্মিরে তাদের অধিকার ছিনিয়ে নিয়ে সেখানে হত্যার তান্ডব চালায় যখন মায়ানমারের নির্দোষ জনগণের প্রতি সেখানকার প্রতিনিধিরা নির্বিচারে গনহত্যা চালিয়ে বাংলাদেশে ১১লক্ষ রোহিঙ্গা পাঠিয়ে দেয় যখন ফিলিস্তিনে লক্ষ মানুষ হত্যা হয় সন্ত্রাসী ইহুদিদের দ্বারা তখন কোথায় থাকে এই জাতিসংঘ নামক পতুল আফগান সরকারের উপর আমাদের আকুল আবেদন বিবিসির হেড অফিসের উপর যেনো একটা বড় উজনের বোমা নিক্ষেপ করা হয়,Negative,1
দুই বছর পরপর হবে বিশ্বকাপ ফুটবল,Positive,0
জাতিসংঘ অধিবেশনে রোহিঙ্গা ইস্যু তুলে ধরবে বাংলাদেশ,Positive,0
কিশোরগঞ্জে আলীগ নেতা সৈয়দ টিটুর ঈদ সামগ্রী বিতরণ,Positive,0
প্রকাশনা প্রতিষ্ঠানের সঙ্গে স্কুলের গোপন চুক্তির অভিযোগ,Positive,0
চীনভারত সীমান্ত বিরোধ কোন দেশ কতবার অন্যের সীমানা টপকেছে,Positive,0
ছেলে যখন তার মাকে মৃত্যুশয্যায় ফেলে রেখে বিস্তারিত নিউজে,Negative,1
টোকিও অলিম্পিক গেমস বাংলাদেশ থেকে কোন ইভেন্টে কারা খেলবেন,Positive,0
পেয়ারা পাতায় বাজিমাত চুল পড়ার সমাধান দুই সপ্তাহে,Positive,0
করোনায় আরো ৪০ জনের মৃত্যু মোট প্রাণহানি ১২ ০৪৫ নমুনা পরীক্ষা ১৫ ২৯৬ নতুন রোগী ১ ১৪০,Negative,1
এই করনার মাঝে স্কুল কলেজ খুলে দেওয়া ঠিক হয় নাই সরকারের কি বিবেক জ্ঞান বলতে কিছুই নেই নাকি আমি না এটি দুই দিন পরে তারাই বলবে যাহারা এতোদিন বলছে স্কুল কলেজ খুলে দেয় না কেন,Negative,1
মারাত্মক ভাবে লোডশেডিং বেড়েছে ভাল সঞ্চালন লাইনের অক্ষমতার কারণে,Negative,1
কর্মসংস্থানে সরকারি উদ্যোগ নেই লেখাপড়ায় কর্মমূখী শিক্ষার চেয়ে কামলা তৈরির সূচি এবং উদ্যোক্তা হতে প্রয়োজনীয় অর্থসহ সহযোগিতার অভাব মূল সমস্যা,Negative,1
অস্ত্র তুলে দিয়ে ছাত্র রাজনীতিকে কলুষিত করেছিলেন জিয়াউর রহমান প্রধানমন্ত্রী,Positive,0
মোদির জন্মদিনে যে উপহার পাঠালেন প্রধানমন্ত্রী,Positive,0
করোনায় আরো ৪১ জনের মৃত্যু মোট প্রাণহানি ১১ ৭৯৬ নমুনা পরীক্ষা ২১ ৫৮৫ নতুন রোগী ১,Negative,1
মাদ্রাসায় গ্রন্থাগারিক নিয়োগ প্রশ্নে হাইকোর্টের রুল,Positive,0
আলী আশরাফের মৃত্যু দেশের জন্য অপূরণীয় ক্ষতি রাষ্ট্রপতি,Negative,1
পরকীয়ায় বাধাদানকারীকে হত্যা করে আসামি হলেন চেয়ারম্যান,Negative,1
গোমুত্র পানের ফল এমনি হয়,Negative,1
আগে দুই দিন লাইনে দাঁড়িয়েও টিকা পাইনি এত বেশি ভিড় ছিল যে লাইন,Negative,1
শুক্রবার সকাল ছয়টা থেকে সন্ধ্যা ছয়টা পর্যন্ত প্রতিযোগিতা অনুষ্ঠিত হয় ৩০ জন শৌখিন মৎস্যশিকারি এতে অংশ নেন,Positive,0
পরীমনি হেলেনা জাহাঙ্গীরসহ ৮ জনের ব্যাংক অ্যাকাউন্টের তথ্য তলব করেছে বাংলাদেশ ব্যাংক,Positive,0
ক্যাপ্টেন নওশাদ বাসায় ফিরেছে তবে কফিন বন্দি হয়ে,Negative,1
চোখ দেখে মনে হচ্ছে খুব তাড়াতাড়িই উপরওয়ালার নিকট হাজির হয়ে যাবে তার পরও যে কেনো এত সত্য স বিপরীত কথা বলে আমি বুঝিনা সসম্পূর্ণ,Negative,1
সমাজের অর্থনৈতিক অবস্থা ও সামাজিক পরিস্থিতির সঙ্গে অপরাধপ্রবণতা বাড়েকমে বলে উল্লেখ করেছেন সুপ্রিম কোর্ট লিগ্যাল এ,Negative,1
তসলিমার মইন আলী আইসিস টুইটে খেপেছেন ইংলিশ ক্রিকেটাররা,Negative,1
টেকনিকাল শিক্ষা দরকার সাহিত্য ইতিহাস পড়ে কিছু কাজে আসছে না,Positive,0
ইচ্ছা থাকলে উপায় হয় যেসব দেশে প্রতিদিন ৫৭ হাজার লোক মরে ছিলো তাঁরাও এতো দিন স্কুল বন্ধ রাখেনি আসলেই আমাদের কিছু কর্মেকান্ডে মনে হয় মন্ত্রী সাহেব যে বলেছিলেন আমরা করোনার চাইতেও শক্তিশালী আসলেই আমরা করোনার চাইতেও শক্তিশালী তা না হলে আমরা যে হারে সীমা লঙ্ঘন করেছি এতোদিনে আমাদের অস্বস্তি বিলিন হয়ে যেতো যাক আপনার কথার যথেষ্ট যুক্তি রয়েছে তবে আমাদেরকে এরমাঝে চলতে হবে,Positive,0
চলতি আগস্ট মাসের ২৮ দিনেই দেশে ডেঙ্গুতে আক্রান্ত হয়েছেন ৬ হাজার ৯১১ জন,Negative,1
চলচ্চিত্রের আবহ সংগীতের জন্য আন্তর্জাতিকভাবে পরিচিত মিকিস থিওডোরাকিস ১৯৬৪ সালের জোবরা দ্য গ্রিক তাঁর অন্যতম গুরু,Positive,0
পানিতে ডুবে গেছে চট্টগ্রাম মা ও শিশু হাসপাতালের নিচতলা,Negative,1
২ বছরে রোহিঙ্গা ক্যাম্প থেকে ২২০০ অপরাধী গ্রেফতার করা হয়েছে,Negative,1
শিরোনাম হওয়া উচিত ছিলবিশবছর ইসলামের বিরুদ্ধে যুদ্ধ করে পশ্চিমা বিশ্ব কী শিক্ষা পেল,Positive,0
বরাদ্দ পাওয়া আমদানিকারকদের আগামী ২৫ সেপ্টেম্বরের মধ্যে পুরো চাল বাংলাদেশের বাজারজাতকরণ করতে হবে,Positive,0
ট্রাকে গাদাগাদি করে ঢাকায় ফিরছেন পোশাককর্মীরা,Negative,1
গ্রামীণ ব্যাংকের একাউন্টে দুই শিশুর ৯৬০ কোটি টাকা,Negative,1
অক্সফোর্ডের করোনা ভ্যাকসিন রোগ প্রতিরোধ ক্ষমতা বাড়াতে সক্ষম দাবি বিশ্ববিদ্যালয়ের,Negative,1
মিথ্যা নিউজ আর এখন মানুষ খাইনা,Negative,1
এই দামের প্রভাবে সামনের মৌসুমে সবাই পাট চাষ করে ধরা খাবে আর কর্তাব্যক্তিরা মুচকি মুচকি হাসবে,Negative,1
ডেঙ্গু রোগের চিকিৎসায় নতুন ওষুধের সম্ভাবনা দেখছেন বাংলাদেশের একদল গবেষক,Positive,0
বিবিসি তোদের বাপেরাও পারে নি আর তোরা নেংটি কুত্তার মত আর ঘেউ ঘেউ করিস না,Negative,1
বিশাল ভরদ্বাজের মাপের পরিচালককে না বলতে খারাপ লাগলেও করার কিছু ছিল না বলে জানান মিম,Positive,0
চারগাছ দেখতে মন চাইলে সরকার কে অনুসুরন করুন,Negative,1
জী আপনি এবং আপনার করোনা বাদী বাবারা তো এটাই মনে করেন ঈদ আসলে স্কুল খুললে করোনা বেড়ে যাবে লাশের স্তুপ পড়বে গনকবরে ও মানুষের জায়গায় হবে ইত্যাদি এই সব আজাইরা কথা মানুষ এখন আর খায় না,Negative,1
শরীয়তপুরে নদী তীরবর্তী ২০ গ্রাম প্লাবিত,Negative,1
দাদা এক্কেবারে তিক্ত সত্য কথাগুলো বলেছেন,Positive,0
গুগল এক বিশ্বস্ত বন্ধু,Positive,0
এখনতো মিডিয়ার যুগ আপনাদের কথায় ডিজিটাল বাংলাদেশ তাহলে এতগুলো ঘর ভাঙা হলো কিন্তু কেউ কি টের পেল না কোন শব্দ হলো না এমন কোন ব্যক্তি নেই যার হাতে একটি স্মার্ট ফোন নেই অন্তত একটি ভিডিও তো পাওয়ার কথা ছিল আপনি এমন কথা বললে আমাদের দেশের দূর্নীিতির যে মহোৎসব চলছে সেটি আরও বেড়ে যাবে কারণ কথাগুলো দূর্নীতিবাজদের পক্ষে চলে যাচ্ছে,Negative,1
ড্র চায় না বাংলাদেশশক্ত প্রতিদ্বন্দ্বীতা গড়ার প্রত্যয় নেপালের,Positive,0
মিয়ানমারে সেনা অভ্যুত্থানের বিরুদ্ধে সোচ্চার হয়ে রাস্তায় নেমে আসতে জনসাধারণের প্রতি আহ্বান সু চির,Positive,0
জাতীয় বিশ্ববিদ্যালয় বন্ধ হোক,Negative,1
আনসার আল ইসলামের আধ্যাত্মিক নেতা গুনবি রিমান্ডে,Negative,1
পদ্মা সেতুর নিচ দিয়ে ভারী যানবাহনের ফেরি চলাচল বন্ধ,Positive,0
ইভ্যালির চেয়ারম্যানএমডির বিরুদ্ধে গুলশান থানায় অভিযোগ,Negative,1
ফখরুলকে বয়কট করুন কারণ সে একজন মিথ্যাবাদী রাজাকারের ছেলে,Negative,1
সিলেটে আরও ৯ জনের মৃত্যু আক্রান্ত ৫৮৪,Negative,1
বলদ নাকি পৃথিবীর যেকোনো পবিত্র পরিষ্কার যায়গায় নামাজ পড়া যায় তবে কেও উপর্যুক্ত কারণ ছাড়া মসজিদ ব্যতিরেকে অন্য যায়গায় নামাজ পড়লে গুনাগার হবে কারণ আল্লাহর পক্ষ থেকে নামাজের জন্য মসজিদকে নিদিষ্ট করা হয়েছে,Negative,1
পরিবহন বন্ধ ফসল নষ্ট হচ্ছে মাঠেই কৃষকদের দুর্দিন,Negative,1
আমার হেডাসংগ,Negative,1
রাজধানীতে ডাকাত চক্রের ৩ সদস্য গ্রেপ্তার অত্যাধুনিক অস্ত্র জব্দ,Positive,0
আমাদের উচিত কাজি নজরুল আর রবিন্দ্রনাথের হ য ব র ল এসব পাঠ্য বই থেকে বাদ দিয়ে সকল কর্মমুখি শিক্ষা চালু করা এটা কর্মের বৈষম্য দূর করে সবাইকে এটা মনে প্রানে বিশ্বাষ করা যে কোন কাজই ছোটনা আমারা সমাজে একেক পেশার মানুষ অন্য পেশার মানুষের উপরে নির্বরশীলকর্ম হোক ডাক্তারি রিক্সার ড্রাইভার,Positive,0
টুইন টাওয়ার নিউইয়র্ক শহরের বিজয়কেতন হিসেবে তিন দশকের বেশি সময় দাঁড়িয়ে ছিল ২০০১ সালের ১১ সেপ্টেম্বরের সন্ত্রা,Positive,0
আপনারা তো হিন্দুদের দেশ হিসেবেই দেখেন ভাই,Negative,1
বিবিসিও বানান ভুল করে বুঝতে হবে অপপ্রচারেও তাড়াতাড়ি করতে নেই,Negative,1
দেশকে দুর্নীতি মুক্ত করা গেলেইবেকারত্ব অধিকাংশ কমে যাবে ১০০,Positive,0
বার্তাঃ কথা কইলেই মাইর,Negative,1
জনসংখ্যা বৃদ্ধি এবং কর্মমুখী শিক্ষার অভাব আছে দেশে কিছু পেশা বৃদ্ধি পেতো দেশের সুষ্ঠ নিয়মশৃঙ্খলার অভাবে তাও হচ্ছে না কারন ভালো কাজে বাধা আছে অনেক,Negative,1
এবারের ঈদেও বন্ধ থাকছে চিড়িয়াখানা,Positive,0
ভাসানচর যাচ্ছে রোহিঙ্গা শরণার্থীদের দ্বিতীয় দল,Positive,0
ইনশাআল্লাহ জনগণের ভোটে আসা সরকার ফিরে এলে আবার ও ফিরে আসবে,Positive,0
ডিজিটাল নিরাপত্তা আইনে মামলা মিথ্যা হলেও প্রতিকারের বিধান নেই,Positive,0
পর্তুগিজ ফরোয়ার্ড মাঠে নামা মানেই যেন কোনো রেকর্ডের পাশে তাঁর নাম বসে যাওয়া তবে গতকাল,Positive,0
উটছ না খেনে বে মাইলেনেওরা আর খতো খান ঘুমাইতে,Positive,0
কৌশিক দাশ জয় তালেবান মুক্তিযোদ্ধার জন্ম তখন হয় নি ভাগ্য ভালো নয় আফগানিস্তানের মুক্তিযোদ্ধাদের মতো আমাদের মুক্তিযোদ্ধাদের জংগি বলতো জাতিসংঘে জংগী তালিকা থেকে তালেবানকে বাদ দিচ্ছে যাইহোক জংগী মানে যোদ্ধা,Negative,1
পাকিস্তানে রাজার হালে ভারতের ক্রীড়াবিদরা,Positive,0
সবার আগে টাকায় লিখা বা কালির দাগ থাকলে সে টাকা অচল করা হউক ব্যাংকাররাও টাকায় লিখে এই টাকা বাতিল করলে কেউই আর লিখবেনা ফলে টাকাও চকচক থাকবে,Positive,0
কাপ্তাই থানার ওসিকে শ্রেষ্ঠ অফিসার ঘোষণা,Positive,0
জাতিসংঘ এটা কি কাজে লাগে এটা একটা অকার্যকর সংস্থা,Negative,1
এই ম্যাচের মাধ্যমে আর্জেন্টিনার জাতীয় দলের হয়ে সবচেয়ে বেশি ম্যাচ ১৪৭টি খেলার রেকর্ড স্পর্শ করলেন মেসি,Positive,0
অভিনেতা শ্যামল মাওলার সংসার ভাঙার গুঞ্জন,Negative,1
ঢাকাতেও নিয়মিত লোডশেডিং অথবা বিদ্যুত্ বিভ্রাট চলছে,Negative,1
যশোর সদর উপজেলা পরিষদের চেয়ারম্যান নীরা আর নেই,Negative,1
শিক্ষার্থীদের রাশিয়ার ভিসা নিয়ে পররাষ্ট্র মন্ত্রণালয়ের নির্দেশনা,Positive,0
গোড়াঁ টিক না করে শুধু আগায় পানি দিতেই থাকেন,Negative,1
নোয়াখালীর ভাসানচর থেকে পালিয়ে যাওয়ার সময় শিশুসহ ১৯ জন রোহিঙ্গাকে আটক করেছে পুলিশ,Negative,1
সাড়ে ৩ হাজার ঝুঁকিপূর্ণ ভবন ভাঙতে মাঠে নামছে রাজউক,Positive,0
কোভ্যাক্স থেকে ২৫ লাখ মডার্নার টিকা আসতে পারে ১০ দিনে একই সময়ে বড় চালান আসবে চীন থেকেও স্বাস্থ্যমন্ত্রী,Positive,0
স্ত্রীর ইচ্ছা পূরণ না হওয়া পর্যন্ত চেষ্টা করবেন নাসির,Positive,0
বেশিরভাগ প্রদেশের নিয়ন্ত্রণ নেওয়ার পর প্রথমবারের মতো সংবাদ সম্মেলনে হাজির হয়েছে তালেবান দেখুন সরাসরি,Negative,1
মহামান্য হাইকোর্ট একসময় বলেছিলেন,Negative,1
সাধারণ মানুষের জন্য বুস্টার ডোজের প্রয়োজন নেই,Positive,0
সরকারের জারি করা কঠোর বিধিনিষেধ উঠে যাওয়ায় সুপ্রিম কোর্টের হাইকোর্ট বিভাগে,Positive,0
সিলেটে এটিএম বুথে ডাকাতির ঘটনায় ৩ জনকে গ্রেপ্তার করেছে ডিবি পুলিশ,Negative,1
আগে পিছনে না বিবেচনা করে শিক্ষিত লোক হয়ে গুজবে বিশ্বাস করবেন না ৪,Negative,1
বিশ্বে অনেক শিশু প্রাকৃতিক নিয়মে ছেলে বা মেয়ে হয়ে জন্মায় না কেমন তাদের জীবন,Positive,0
রসুনে গজাবে চুল জানুন পদ্ধতি,Positive,0
হবু চন্ড রাজার গবু চন্ড মণ্ত্রী এই কাজে জিয়াউর রহমান ও গোলাম আযম জড়িত ওবাইদুল কাদের,Negative,1
মখা আলমের ঝাকুনি তত্ত্ব,Negative,1
ম্যাশকিন উদযাপনের রহস্য জানালেন তাসকিন,Positive,0
নোয়াখালীতে বিপুল পরিমাণ ইয়াবাসহ পুলিশ সদস্য আটক,Negative,1
বিলীন হয়েছে ৪টি ব্রিজ ১৫টি রাস্তা ও ৩০ হাজার হেক্টর ফসলি জমি,Positive,0
তুই একটা জালিতয় জারস সন্তান,Negative,1
এক নজরে দেখে নিন ইতিহাসের এ দিনে ঘটে যাওয়া উল্লেখযোগ্য ঘটনা,Positive,0
ব্রাহ্মণবাড়িয়া চুলার ধোঁয়া নিয়ে দুই ভাইয়ের মধ্যে সংঘর্ষ,Negative,1
আবার কর্মচঞ্চল হচ্ছে প্রতিযোগিতামূলক পরীক্ষার অঙ্গন জোর প্রস্তুতি গ্রহণের এটাই মোক্ষম সময়,Positive,0
বিয়ের পর নয়নতারা নাকি চিরতরে ফিল্মি দুনিয়াকে বিদায় জানানোর পরিকল্পনা করছেন,Positive,0
ডিজিটাল নিরাপত্তা আইন বাতিলের দাবি,Positive,0
এটা একটা ফালতু সিস্টেম হবে দুর্নীতি বেড়ে যাবে এতে করে,Negative,1
দেশে এখন দুঃশাসন চলছে বলে মন্তব্য করেছেন নোয়াখালীর কোম্পানীগঞ্জের বসুরহাট পৌরসভার মেয়র আবদুল কাদের মির্জা,Negative,1
মাথা টা একটু কাজে লাগে সেলারি টাকা এটিএম থেকে তুলে ব্যাংক থেকে না মাসের ১ থেকে ১৫ তারিখ পর্যন্ত এটিএমএ অনেক চাপ থাকে,Positive,0
বলদ নাহইলে এই ভাবে কেউ পিন মারেনে,Negative,1
গরুর কারনে মুসলিম হত্যার জন্য জংঙ্গি ভারত কে নোবেল দেওয়া উচিত,Negative,1
মাননীয় প্রধান মন্ত্রীর গৃহহীনদের যেই ঘর গুলো উপহার দিয়েছেন সেই গুলো কোন প্রাকৃতিক অদৃশ্যের শক্তিতে ভেঙ্গে পড়েছে কাজের দুর্নীতি ও নিম্নমানের উপাদানের জন্য সেই ঘর গুলো ভেঙ্গে পড়েছে সুতরাং আপনার এই বক্তব্যে যারা ঘর নির্মাণে দুর্নীতি করেছে তাদের আরো দুর্নীতি করার ধার উন্মোচন হয়েছে তিনশো ঘর যদি কেউ ন্যাক্কারজনক কাজ করে থাকে তাদেরও বিচার দাবি করছি সেই সাথে যারা আপনার উপহারের ঘর গুলো নিয়ে দুর্নীতি করেছে তাদেরও বিচার হওয়া উচিত,Positive,0
মধ্যরাতে হবিগঞ্জ থেকে সেই কলেজ ছাত্র আটক,Negative,1
পর্তুগিজ এই ফুটবল রাজপুত্র মাঠে নামা মানেই কোনো না কোনো রেকর্ড ভাঙবেন গড়বেন এটা যেন,Positive,0
যুগান্তর প্রথম আলো বিবিসি এবং ইত্তেফাক ওদের তালেবান ব্যাপারে বলার আগে তোমারা এ প্রশ্নগুলোর উত্তর দাও তোমারা যে এদেশের সাধারণ মানুষের আবেগ ও চিন্তাচেতনার সম্পূর্ণ বিপরীতে সর্বদাই আরএসএসের মুখপাত্র হিসেবে সর্বক্ষেত্রে এনডিটিভি জি২৪ ঘন্টা আনন্দ টিভি হিন্দুস্তান টাইমস ও আনন্দ বাজার পত্রিকার বস্তাপচা ভুয়া সংবাদ কপিপেষ্ট মারছো তাই তোমাদের কি করা উচিৎ পেছন দিকের কাপড় তুলে কাঁচা কঞ্চি দিয়ে সারা দিন ওছালেও কি সবার রাগ মিটবে,Negative,1
জোতির্বিদ্যা মহাকাশ ফটোগ্রাফিতে ২০২১ সালে সেরা যেসব ছবি ও ফটোগ্রাফার,Positive,0
সময়পোযোগী বিশুদ্ধ ও সঠিক পরিসংখ্যান চাই পরিকল্পনামন্ত্রী,Positive,0
আন্দোলন শুধু বিএনপি করবে কেন মাফিয়া আর ভোট চোরদের কাছ থেকে দেশ ও গনতন্ত্র বাঁচাতে সবাইকে ঐক্যবদ্ধ হয়ে কঠিন আন্দোলনের শপথ নিয়ে রাজপথে নামতে হবে,Negative,1
সরষে ক্ষেতে বুত আপনার উক্ত প্রকল্পের প্রধান যিনি তদন্ত কমিটি গঠন করেছেন উনি কত পারসেন্ট পেয়েছেন তদন্ত করে দেখুন আর যাকে দিয়েই তদন্ত করবেন যে লাউ সে কদু যারা আপনার স্বপ্নের প্রকল্পে এ ধরনের দূর্নীতি করেছে তাদেরকে অবশেষে মুক্ত করে দিলেন আমরা সাধারণ জনগণ তাহা আশা করিনি,Negative,1
বাংলাদেশের হিরো আলমকে ম্যানিকে মাগে হিতে গাওয়ার জন্য এই ধরনের ইগ নোবেল দেওয়া উচিত,Negative,1
রাজনৈতিক পরিস্থিতি নিয়ে আলোচনা করতে কেন্দ্রীয় নির্বাহী কমিটি অঙ্গ ও সহযোগী সংগঠনের পৌনে চার শ নেতাকে আমন্ত্রণ জা,Positive,0
এর আগে মৌসুম শেষে বাংলাদেশী কৃষি খামার শ্রমিকরা দেশে ফিরে না আসার কারণে ইতালি এই সুযোগ বন্ধ করে দিয়েছিল,Negative,1
প্রথমেই বলি আমি কোনো রাজনীতির গুষ্টি কিলাইনা তারপর বলি আমি দেখেছি জনগণের কষ্টার্জিত টাকা কি ভাবে লুটতরাজ করে আমলা ও আওয়ামী রাজাকারের বাচ্চারা এবারে দেখলাম শেখ হাসিনা কতোটা নিম্নবর্গের নেতা কারণ আমলা ও আওয়ামী রাজাকারের বাচ্চারা লুটপাট করেছে ও নিম্নমানের নির্মাণসামগ্রী ব্যবহার করে যারফলে ঘরগুলো ভেঙ্গে পড়ে সেটা আবার শেখ হাসিনাকে দিয়ে বলিয়েনিচ্ছে যা হয়েছে ঠিক হয়েছেএদেশের মানুষকে বলদ মার্কা বানানো হচ্ছে,Negative,1
মসজিদের বারান্দায় লাইকি ভিডিও করে তরুণ গ্রেপ্তার,Positive,0
শিক্ষিতরা অহংকারী হবার কারনে বেকারত্ব বাড়ছে এবং বাড়বেই,Positive,0
ব্যক্তিগত মুহূর্তের ভিডিও সব প্ল্যাটফর্ম থেকে সরাতে লিগ্যাল নোটিশ পাঠিয়েছেন এক,Positive,0
তার পরেও কিছু লোক বলবে ঘরের রড বের হইনি কেনো,Negative,1
বিসিবিও মোস্তাফিজের সিদ্ধান্তকে সম্মান জানিয়েছে আকরাম খানের কথায় তাই বোঝা গেল এটা আমরাও খুব ইতিবাচকভাবে,Positive,0
বিদেশে আর কয়লাভিত্তিক বিদ্যুৎকেন্দ্র স্থাপন করবে না চীন দেশটির প্রেসিডেন্ট সি চিন পিং জাতিসংঘের সাধারণ পরিষদের,Positive,0
মানববন্ধনে বক্তারা অবিলম্বে পরীমণির মুক্তি চেয়ে বলেন তাকে মুক্তি না দিলে খুব শীঘ্রই,Positive,0
৫ অক্টোবর পর্যন্ত বাংলাদেশ থেকে যাত্রীবাহী ফ্লাইটে নিষেধাজ্ঞা ইতালির,Positive,0
সৌদির বর্তমান শাসক আর ইসরায়েলের মধ্যে কোন পার্থক্য নাই আমার কাছে মনে হয় চাপে রেখে আরো অস্ত্র বিক্রি করার জন্যই আমেরিকা এসব করছে,Negative,1
ফুল চকলেট বাসায় নিয়া গেলে বাপ মা কখনও বিশ্বাস করবেনা যে শিক্ষক দিছে উলটা বি এফ দিছে ভেবে উত্তমমধ্যম দিবে,Negative,1
যেভাবে বাংলা হলও বাঙালীর মাতৃভাষা,Positive,0
মৃত্যুদণ্ডপ্রাপ্তদের কনডেম সেলে রাখার রিটের শুনানি ১২ সেপ্টেম্বর,Positive,0
ক্যান্সারের লক্ষণ বোঝার ১১ উপায়,Positive,0
জি এম কাদের বলেন একটি সাংবিধানিক প্রতিষ্ঠান হিসেবে নির্বাচন কমিশনের অনেক ক্ষমতা আছে কিন্তু সাধারণ মানুষের কাছে নি,Positive,0
শিক্ষকের বিরুদ্ধে ওঠা যৌন হয়রানির অভিযোগ ভুলে গেছেন উপাচার্য,Negative,1
তোরা আবার বিনোদনের জন্যও ভারতের উপর নির্ভরশীল বাবাহ তোরা তো সেক্টরেই দেখছি ভারত ছাড়া চলতে পারিস না,Negative,1
আমি তো জাতিয় বিশ্ববিদ্যালয় থেকে পাশ করা কাউকে বেকার দেখি না আমি ছাড়া,Positive,0
পরে ধরে আমারে পাশাই দিতেন বুঝছি,Negative,1
পিন না থাকলে চুরি হওয়ার সম্ভবনা থাকবে কিংবা বান্ডিল এ কয়েকটা নোট হাওয়া হয়ে যাবে,Positive,0
তুই স্কুলে যাবি না তোর বাপ যাবে দাড়া,Positive,0
নাসির বিয়ে বিতর্ক অভিযোগ নিয়ে যা বললেন নাসির হোসেন এবং তামিমা সুলতানা,Negative,1
বিশ্বের বড় সন্ত্রাসী হচ্ছে আমেরিকা,Negative,1
আমাদের দেশের কোন পর্যটন কেন্দ্র নিরাপদ নয় প্রশাসন এগুলো সবকিছুই জানে কিন্তু কার্যকর কোন পদক্ষেপ নেন না কারণ আপনারা সবাই জানেন জানেন না শুধু ওবায়দুল কাদের,Negative,1
ফিফা র্যাংকিংয়ে আরও নিচে নামল বাংলাদেশ দল,Negative,1
২৪ ঘণ্টায় ৩৪৭৬ নমুনা পরীক্ষায় ৪১৮ করোনা রোগী শনাক্ত,Negative,1
কোভিড ভ্যাক্সিন টিকা দেয়ায় পোশাক শ্রমিকদের অগ্রাধিকার উপেক্ষিত অন্য শিল্প শ্রমিকরা,Negative,1
দক্ষ গ্রেজুয়েট দের কর্মসংস্থানের অভাব দেশে কারণ হচ্ছে দেশের কর্মসংস্থানের অনুযায়ী জনসংখ্যা বেশি,Positive,0
হাতুড়ির শাবলের ভাঙ্গা আর মাটি সরে যাওয়ার ভাঙ্গা দেখতে একই রকম হয় না ইদুরে কাটা কাপড় আর কেচি ব্লেডে কাটা কাপড় যেমন এক হয় না তেমন প্রকৃত দুর্নীতিবাজদের সাজা হওয়া উচিত,Positive,0
চুরি করে আবার সিনা চুরি করে এদের মুখ একটু আটকাই ও না কিভাবে মিথ্যা কথা বলে দেশের টাকা মেরে মেরে নিজেদের পেট বড়তেছে আবার দোষ ধরা পড়লে অন্যের ঘাড়ে চাপিয়ে দেয় অন্যের ঘাড়ে চাপিয়ে দিই এদের পতন অতি শীঘ্রই হবে ইনশাআল্লাহ,Negative,1
আসলেই ভাই এরা আমাদের সহশিক্ষাকে অন্য মাইন্ডে নিয়ে গেছে নতুবা কি সুন্দর আমরা ক্লাসে লেকচারের সময় সবথেকে সুন্দরী রমণীটার দিকে চেয়ে থাকতাম লাইন মারতাম লাভ লেটার দিতাম সামাজিক কর্মকান্ড করতে গিয়ে ধরা খেতাম আরো কত কিসোনালি দিনগুলো আর আফগান বালক বালিকারা পাবে না আফসোস,Negative,1
তোদের কাজ নাই তথ্য সন্ত্রাসীরা এখন জাতিগত বিভেদ তৌরি করতে চাস,Negative,1
শিপ্রাকে নিয়ে সামাজিক যোগাযোগ মাধ্যমে কটুক্তিকারী দুই পুলিশ সুপারের বিরুদ্ধে ব্যবস্থা,Negative,1
জো বাইডেন নতুন প্রেসিডেন্ট হিসাবে শপথ নেয়ার পর প্রথম যে চ্যালেঞ্জগুলোর মুখোমুখি,Positive,0
শেখ রেহানার ৬৭তম জন্মদিন আজ বিস্তারিত নিউজে,Positive,0
করোনাভাইরাসের টিকায় কাজ হচ্ছে স্কটল্যান্ডে জরিপের ফল,Positive,0
এইটাই বাকি ছিল মুসল মান ইরাক ইরান আফগান পাকিস্তান সব ই শেষ,Negative,1
রাজধানীতে নারী চিকিৎসককে হত্যা,Negative,1
মাঠ নয় আমেরিকায় স্ত্রীকন্যার কাছে ফিরছেন সাকিব,Positive,0
মাইকেল জ্যাকসন বিক্রি হয়ে গেল পপ তারকার বাড়ি দি নেভারল্যান্ড র্যাঞ্চ,Negative,1
গোল্লায় যাক আফগান,Negative,1
মাফিয়াদের মনমতো চলতে হয়,Negative,1
আলআজহার বিশ্ববিদ্যালয়ের ছাত্র রাকিন স্ত্রীর সাথে দেখা করার জন্য দেশে ফিরলে বিমানবন্দর থেকে চোখ বেঁধে তাকে তুলে নিয়ে গেছে এখনো তার খোঁজ মেলেনি আজব এক দেশে বাস করছি পরদেশ ছেড়ে মাতৃভূমিতে ফিরেও রাকিন নিরাপদ নয় বিমানবন্দরের মত কড়া নিরাপত্তা বলয়ের মধ্য থেকে মানুষ উধাও হলেও তার খোঁজ মেলেনা অনতিবিলম্বে রাকিনের সন্ধান দাবি করছি,Negative,1
আপনার এসব বক্তব্যের কারণে ঠিকাদারি প্রতিষ্ঠানগুলো দুর্নীতি করার সুযোগ পেয়ে গেল আরও বেশি আপনি যতই বলবেন কিছু মানুষ শাবল দিয়ে ঘর ভেঙেছে আপনার ঘরের ঠিকাদারি প্রতিষ্ঠানগুলো ততই দুর্নীতি করবে কেননা দোষ তো তাদের উপরে পড়ছে না,Negative,1
এরকম বার্তা উনি নিয়মিতই দেন এতে অবাক হওয়ার কিছুই নেই,Negative,1
ইভ্যালির রাসেলকে জেলগেটে জিজ্ঞাসাবাদের নির্দেশ,Positive,0
যে মুমিনরা মুসলিমদের ওপর অত্যাচার নিয়ে বাজার গরম করে তাদের জন্য নিচের লেখাটা দেওয়া হল যে সব দেশে অন্য কোন ধর্ম অনুপস্থিত সেখানে নিজেদের ভিতর হানাহানির এক রক্তাক্ত ইতিহাস শিয়া সুন্নি আহমদী কাদিয়ানি ওয়াহাবি সুফি ইত্যাদি করে নিজেদের ভিতর কোপাকুপি অথচ আল্লাহর নির্দেশ সব মুসলিম ভাই ভাই মুসলিমরা কোপাচ্ছে অন্য মুসলিমদের আজ পর্যন্ত মুসলিমরা যত মুসলিমদের হত্যা করেছে তার এক শতাংশও অন্য কোন জাতি মুসলিমদের মারেনি ১সাদ্দাম হোসেন ৬ লক্ষ ১৯৭০২০০৩ ২সুহার্ত ৫ লক্ষ ১৯৬৫৬৬ ১৯৬৯বর্তমান ৩মোল্লা ওমর তালিবান ৪ লক্ষ ১৯৮৬ ২০০১ ৪হাসান তারাবি ১ লক্ষ ১৯৮৯ ১৯৯৯ ৫ইরাক ইরান যুদ্ধ ১০ লক্ষ ১৯৮০১৯৮৮ ৬কুয়েত যুদ্ধ ১৪০ লক্ষ ১৯৯০১৯৯১ ৭আলজেরিয়া ৭ লক্ষ ১৯৫৪১৯৬২ ৮আলজেরিয়া ২ লক্ষ ১৯৯১ বর্তমান ৯সোমালিয়া ৪ লক্ষ ১৯৯১ বর্তমান ১০নাইজেরিয়া ১১ লক্ষ ১৯৯৩ বর্তমান ১১লেবানন ১৫ লক্ষ ১৯৭৫ বর্তমান ১২ইথোওপিয়া ১৫ লক্ষ ১৯৭৫ ১৯৭৯ ১৩সিয়েরালিয়ন ২ লক্ষ ১৯৯১ বর্তমান ১৪আই এস বাশার ২২ লক্ষ ২০১১ চলছে ১৫ পাকিস্তান ও জেঃ টিক্কা খান ৭১ বাংলাদেশে প্রায় ৩০ লাখ বাঙালি মুসলিম ধর্ষিত প্রায় তিন লাখ বাঙালি মুসলিম মাবোন,Negative,1
সুজোগ ত পাকিস্তান কে দেওয়া হয়েছিল ইসলাম মেনে কি করেছিল তোদের সাথে মনে আছে,Negative,1
সমালোচকেরা বলছেন নিজ দেশের নাগরিকদের রক্ষার দায়িত্ব ছিল গনির কিন্তু তিনি তা না করে,Negative,1
জাতিসংঘে ভোটাধিকার ফিরে পেল ইরান,Positive,0
ইভ্যালি ইঅরেঞ্জের মতো প্রতারণা ঠেকাতে সরকার সচেষ্ট জনগণকেও লোভ সামলাতে হবে বাণিজ্যম,Positive,0
চীনা নভোচারীরা তাদের সবচেয়ে দীর্ঘ মহাকাশ মিশন শেষে পৃথিবীতে ফিরেছেন,Positive,0
সেই ভুল হচ্ছে মুসলিম পরিবারে জন্ম নিয়ে কারন তিতা দের মুসলিম পরিবারে জন্ম মানাই না,Negative,1
সোনা তুমি স্কুলে চলো তোমার স্কুল খোলা হয়েছে,Positive,0
হরিপুরে ৩০০ অসহায়কে কালের কণ্ঠ শুভসংঘের ত্রাণ সহায়তা,Positive,0
শাস্তির ব্যবস্থা করা হক,Positive,0
ভারতে বিতর্কিত কৃষি আইন বাতিলের দাবিতে আবারও জোরালো হচ্ছে আন্দোলন,Positive,0
এক পেশে রাজনিতী,Negative,1
লকডাউনে সব অফিস বন্ধ চালু থাকছে শিল্পকারখানা,Positive,0
মোট কথা তারা আলোচনায় থাকতে চায়,Positive,0
বিবিসিও বাংলাদেশের অখ্যাত পোর্টাল গুলোর মত সস্তা বলদামি করছে,Negative,1
সব চোরের দল,Negative,1
দেশে এ পর্যন্ত টিকা নিয়েছেন ১৩ লাখ ৫৯ হাজার ৬১৩ জন নবম দিনে টিকা নিলেন ২ লাখ ২৬ হাজার ৯০২ জন,Positive,0
এত বড় কমেন্ট পড়ার সময় কই আয়রনি যে বোঝে না তারে আর কি কমু,Negative,1
আপনি কি শামুকের লালা থেকে তৈরি সাবান দিয়ে মুখ ধুবেন তার আগে ভিডিওটি দেখুন,Positive,0
ভারতে ছাড়াল রা এই আরবে এসে ভাতের জন্য মরে আর তুই আবার এই আরব নিয়া কি কথা বলতেছত ভারতিরা আরবে না আসলে ঘুবর খেয়ে মরত খবরটা ভাল করে জেনে নিছ,Negative,1
সামনে ইলেকশন বিরোধী দলের লোকদের দমনপীড়ন করার নতুন কৌশল অবলম্বন করতে যাচ্ছে আওয়ামী লীগ সরকার,Negative,1
ডেঙ্গু শিশুদের জন্য কোভিডের থেকেও বিপজ্জনক,Negative,1
আমাদের দেশের উন্নয়ন পরিকল্পনায় প্রায়শই পশ্চিমা চিন্তার অন্ধ অনুকরণ পরিলক্ষিত হয় সব ক্ষেত্রেই ঔপনিবেশিক ব্যব,Positive,0
যাদের মেধা আছে কিন্তু অর্থ নেই এটি তাদের জন্য,Positive,0
স্বাস্থ্য অধিদপ্তর যেসব কারণে টিকার নিবন্ধনও বন্ধ করে দিলো,Negative,1
সপ্তমবারের মতো টিটোয়েন্টি বিশ্বকাপ খেলতে যাচ্ছেন বাংলাদেশের তিন ক্রিকেটার মাহমুদউল্লাহ মুশফিকুর রহিম ও সাকিব আল,Positive,0
ক্ষয়ক্ষতির আশঙ্কায় উপকূলীয় এলাকা থেকে লোকজনকে নিরাপদে আশ্রয় নেওয়ার নির্দেশ দিয়েছে সংশ্লিষ্ট বিভাগ,Positive,0
১৫ আসামির বিরুদ্ধে চার্জ গঠন ২৬২৮ সাক্ষ্যগ্রহণ,Negative,1
হাত দিয়ে ধাক্কাধাক্কি করে যদি ১০তলা বিল্ডিং ভেঙ্গে ফেলতে পারে সেখানে হাতুড়িসাবল দিয়ে ১তলা বাড়ি ভাঙ্গা তো ওয়ানটুর খেলা,Negative,1
আমদের হিরো আলমকে নিয়ে গবেষণা দাবি জানাচ্ছি নোবেল টা যদি পেতে চাও,Negative,1
সঠিক সিদ্ধান্ত সাংবাদিকতার নামে চাঁদাবাজি বন্ধ হবে,Positive,0
কিছুদিন পর টানা গ্রেপ্তার শুরু হবে ঈদের পর কঠোর আন্দোলন,Negative,1
আল্লাহ আপনি দয়াময় আপনি ওনাকে সুস্থ অবস্থায় ওনার পরিবারের কাছে ফিরিয়ে আসে সেই তৌফিক দান করুন আমিন,Positive,0
রওশন বলেন মার্কেটে ক্লিনারের চাকরি করি তাই সব দিন আসার সুযোগ পাই না আজ মঙ্গলবার মার্কেট বন্ধ আমারও ছুটি তাই,Positive,0
কিছু লোক হাতুড়িশাবল দিয়ে আশ্রয়ণের ঘর ভেঙে গণমাধ্যমে দিয়েছে আমি ভোট চোর বিনা ভোটের প্রধানমন্ত্রী,Negative,1
সৌদি আরব পশ্চিমাঞ্চল বিএনপির কমিটি প্রত্যাখ্যান,Negative,1
এদের মত তেলবাজের জন্যই দেশটা এঔ দশা না আছে সঠিক বিচার না আছে নিজের অধিকার নিয়ে কথা বলার পরিবেশ,Positive,0
দুই দিনেই নদীতে বিলীন স্বেচ্ছাশ্রমের অর্ধকিলোমিটার বাঁধ,Negative,1
আফগানিস্তান ইস্যুতে আট দেশের গোয়েন্দা প্রধানদের বৈঠক,Positive,0
বিশ্বে করোনায় মোট প্রাণহানি ৪৪ লাখ ৫২ হাজার ২৭৭ আক্রান্ত ২১ কোটি ৩২ লাখের বেশি,Negative,1
তালেবান বলতে কিছু নেই সব পাকিস্তানের সেনাবাহিনী আর চীনের অস্ত্র,Negative,1
হে আল্লাহ আপনি এই মুসলিম ভাইদেরকে ইহুদী সন্ত্রাসীদের হাত থেকে রক্ষা করুন কেননা আল্লাহ আপনিই একমাত্র হেফাজত কারী,Positive,0
করোনা ভাইরাস টিকা কোভিড১৯ ভ্যাকসিনের তথ্যের জন্য ফাইজার হ্যাক করার অভিযোগ উত্তর কোরিয়ার বিরুদ্ধে,Negative,1
এই সম্পদকে কাজে লাগানো উচিত,Positive,0
নতুন সেনাপ্রধান লে জে এস এম শফিউদ্দিন আহমেদ ২৪ জুন দায়িত্ব নেবেন এস এম শফিউদ্দিন আহমেদ,Positive,0
এটা ভাই সরকারি ব্যাংক এ বেশি করে গজাল এফুর ওফুর করে সুতা দিয়ে বাঁধে,Positive,0
আইচের সেঞ্চুরিতে বড় সংগ্রহ যুবা টাইগারদের,Positive,0
এরকম বার্তা উনি নিয়মিতই দেন এতে অবাক হওয়ার কিছুই নেই সাংবাদিক ভাই,Negative,1
মেসি পিএসজিতে বছরে ৩ কোটি ইউরো বেতন পাবেন বলে লিখেছে ফরাসি পত্রিকা লে কিপ কিন্তু পিএসজির ক্রীড়া পরিচালক লিওনার্দো,Positive,0
লোকবল নেবে সময় টিভি,Positive,0
বয়স হয়েছে তাই কথা এদিক ওদিক হয়ে যায় কেউ কিছু মনে করবেন না,Negative,1
যাও গরুর মুত্র খাও গিয়া,Negative,1
লক্ষ্মীপুর২ আসনে ভোট ইভিএমের নিরাপত্তা নিশ্চিতের নির্দেশ,Positive,0
রাতের ভুটেরপ্রধানমন্ত্রীকে মানসিক হসপিটালে ভর্তি করা দরকার,Negative,1
ভারতিও উগ্র হিন্দুত্ব জঙ্গি মিডিয়া বিবিসি বাংলা,Negative,1
এই ইসলামী আন্দোলন শুধু আন্দোলনের জন্যই কাজের কাজ কিছুই হবে না আহারে ইসলামী স্কলার,Negative,1
আগ্রহী প্রার্থীদের ৭ সেপ্টেম্বর থেকে আগামী ৬ অক্টোবরের মধ্যে অনলাইনে ফরম পূরণের মাধ্যমে আবেদন করতে হবে,Positive,0
মাদকের মামলায় চিত্রনায়িকা পরীমনি ৪ দিনের রিমান্ডে,Positive,0
সঠিক সময়ে সঠিক সিদ্ধান্ত বয়লিং ফ্রগ সিনড্রোম একটা জনপ্রিয় মেটাফোর একটা ব্যাঙ কে যদি আপনি একটি জল ভর্তি পাত্রে রাখেন এবং জলকে উত্তপ্ত করতে থাকেন তবে ব্যাঙটি জলের তাপমাত্রার সাথে সাথে নিজের শরীরের তাপমাত্রা ভারসাম্যে রাখতে থাকে সে জলের উত্তাপ সহ্য করতে থাকে লাফ দিয়ে বেরোনোর পরিবর্তে কিন্তু একসময় জলের প্রচন্ড তাপমাত্রা ব্যাঙের শরীর আর মানিয়ে নিতে পারে না যখন সে আর জলের প্রচন্ড তাপমাত্রা তার শরীরের তাপমাত্রার সমতায় আসতে পারে না তখন ব্যাঙটি ফুটন্ত জলের পাত্র থেকে লাফ দেয়ার স্বিদ্ধান্ত নেয় কিন্তু হায় সে লাফ দিতে পারে না তখন কারন সে তার সমস্ত শক্তি তাপমাত্রা নিয়ন্ত্রনে ব্যায় করে ফেলেছে অতপর সে জলেতে সেদ্ধ হতে থাকে তার মৃত্যুর কারনটা আসলে গরম জল না বিপদজনক পরিস্থিতির শুরুতে সেই পরিস্থিতি অস্বীকার করে লাফ না দেয়াটা তার মৃত্যুর কারন সব কিছু সহ্য করে নেবার মত বড় ভুল তার মৃত্যুর কারন মানিয়ে নেবার পাত্রের জল গরম কেন তার প্রতিবাদ না করে বরং তার সাথে সাথে নিজেকে মানিয়ে নেয়াই তার জীবন্ত সেদ্ধ হবার কারন সঠিক স্বিদ্ধান্ত সঠিক সময়ে না নেয়াই তার মৃত্যুর কারন হটাৎ করে সেই সেদ্ধ হওয়া ব্যাঙের কথা মনে পড়লো খুব সম্ভবত আমরাও ঐ ব্যাঙের মত মানিয়ে নিচ্ছি আমাদের চারপাশের সাথে সহ্য করছি সব আর ভাবছি টিকে আছি টিকে থাকবো আসলে আমরা সেই বয়লিং ফ্রগ সিনড্রোমে আক্রান্ত যখন বুঝবো তখন ডিসিশান মেকিং এর কোন শক্তিই আর শরীরে অবশিষ্ট থাকবে না কাঁক,Negative,1
টিসিবির পরিবেশকেরা বলছে বাজারে সয়াবিন তেল ও চিনির দাম বেড়ে যাওয়ায় এখন টিসিবির এই দুটি পণ্যের প্রতি ক্রেতার নজর,Positive,0
আবরার হত্যা যুক্তিতর্ক উপস্থাপন শুরু ৭ সেপ্টেম্বর,Positive,0
সবাই নিঞ্চই বিএনপি এর লোক,Negative,1
পরিবারের ৪ সদস্য প্রতিবন্ধী গৃহকর্তার বয়স ৭৮ তবুও ভাতা পান না কেউ,Negative,1
করোনায় আরও ৩৫ জনের মৃত্যু,Negative,1
এই কথায় মাধ্যমে দুর্নীতিবাজ কন্ট্রাক্টদার ও সংশ্লিষ্ট সরকারী কর্মকর্তদের প্রকাশ্যে দুর্নীতির গ্রীন কার্ড দেওয়া হলো,Negative,1
শাক দিয়ে মাছ ঢাকতে গিয়ে ঢাকতে পারলাম না কারণ মাসের কল্লা টা অনেক বড় ছিল নিজের গায়ে নিবেন না কারণ আমার নিজ অভিজ্ঞতা থেকে বলতেছি,Negative,1
আফগানিস্তান এখন পৃথিবীর সব চাহিতে শান্তির দেশ আমি তার প্রমানআমি মাজারি শরিফে আছি নিজেই দেখতেছি বর্তমান ে সব চাহিতে শান্তির জায়গা হচ্ছে আফগানিস্তান,Negative,1
সব ধরনের ক্রিকেটকে বিদায় জানালেন মালিঙ্গা,Positive,0
সরকারি কনডম খোলা বাজারে বিক্রি ইনজেকশনে নেওয়া হয় অর্থ,Negative,1
যেখানে আমেরিকা লেজ গুটিয়ে মুচলেকা দিয়ে পালিয়ে গিয়েছে অতচ আহমেদ মাসুদ আমেরিকার ইন্ধনে দেশকে অস্থিতিশীল করতে চেষ্টা করছে এর জন্য মাসুদ দায়ী,Negative,1
সাকিব আল হাসানের ক্ষমা চাওয়া নিয়ে বিতর্কের ঢেউ এবার ভারতেও,Negative,1
ইংল্যান্ডেরই সাবেক আরেক অধিনায়ক নাসের হুসেইন বলছেন টেস্ট বাতিল হওয়ার পেছনে ভারতের দায় নেই,Positive,0
ইতিহাস গড়া হলো না জোকোভিচের,Negative,1
রাজধানীতে সাংবাদিকের ওপর হামলার অভিযোগ,Negative,1
ইয়েমেনি মডেলের অশালীনতার অভিযোগ নিয়ে কেন সোচ্চার মানবাধিকার কর্মীরা,Positive,0
দেয়াল সাইনবোর্ড অটোরিকশার দরজা কিংবা ট্রাকের গায়ে লেখা থাকে অমূল্য সব বাণী বানান ভুলের নমুনাও চোখে পড়ে অহরহ,Negative,1
বিশ্বের সবচেয়ে বড় সন্ত্রাসীরা হলে পশ্চিমারা যেমন ইরাক আফগানিস্তান ও আরো অনেক দেশের কি অবস্থা করেছে তাদের মুখে মানবাধিকার কথা মানায় না বিবিসি ইত্যাদি মত সংবাদ মাধ্যম তারা তাদের মদদে পরিচালিত হয়,Negative,1
বাইক রেখে ফ্লাইওভার থেকে ঝাঁপ,Negative,1
দশ বছর সিঙ্গাপুর আছি আজ পযর্ন্ত একটা ফুটা ডলার চোখে পড়লো না পুরাতন ডলার হাতে পাইনি এ টি এম বুথ থেকে টাকা তুলতে গেলে সবসময় নতুন টাকা বের হয়ে আসে,Positive,0
সোশ্যাল মিডিয়া আসক্তি ঠেকাতে ফেসবুকের নতুন টুল,Positive,0
করোনায় আরো ২৬১ জনের মৃত্যু মোট প্রাণহানি ২২ ৪১১ নমুনা পরীক্ষা ৩১ ৭১৪ নতুন রোগী ৮,Negative,1
ভারতীয় তারকা সুনীল ছেত্রী নেতৃত্বাধীন দলটির বিপক্ষে বাংলাদেশের চ্যাম্পিনয়দের একাদশ অপরিবর্তিত রয়েছে,Positive,0
আল্লাহ্ভরসা,Positive,0
পুরো হত্যাকাণ্ডটি সিসিটিভি ক্যামেরায় রেকর্ড হয়ে যায়,Positive,0
ভাঙ্গা পৌর নির্বাচনে মেয়র পদে নৌকার জয়,Positive,0
যে ব্যায়ামগুলো নিয়মিত করা উচিত প্রতিটি পুরুষদের,Positive,0
আর্থশট পুরস্কার পেল বাংলাদেশের সোল বাজার,Positive,0
সংযুক্ত আরব আমিরাত মেধাবী বিদেশিদের নাগরিকত্ব দেবে,Positive,0
দেশবাসীকে ওনি যে বাণী শুনিয়েছেন এটা দুর্নীতিকে প্রশ্রয় দেওয়ার মত আগে শুনতাম উনি একটু আলাদা এখন দেখে যে লাউ সে কদু,Negative,1
ঘরের মাঠে লজ্জার যে রেকর্ড গড়ল বাংলাদেশ,Negative,1
টাকার বান্ডিলে স্ট্যাপ্লার পিন মারা অনুচিত এতে নোটের স্থায়িত্ব কমে যায়,Positive,0
আগামী সেপ্টেম্বরঅক্টোবরে বাংলাদেশ সফরে,Positive,0
ভালোবাসা দিবসে আসছে জিয়াউল ফারুক অপূর্ব ও তানজিন তিশার নাটক আনটোল্ড লাভ স্টোরি,Positive,0
করোনায় আরো ১৩৯ জনের মৃত্যু মোট প্রাণহানি ২৫ ২৮২ নমুনা পরীক্ষা ৩১ ৬৮৯ নতুন রোগী ৪,Negative,1
সত্য মিথ্যা জানিনা আর এমন হলে এই নয় যে ইসলাম এমনটাই বলেছে,Positive,0
পূর্বাচল আবাসিক প্রকল্প গড়ে উঠছে গতানুগতিক পদ্ধতিতেই,Positive,0
প্রধানমন্ত্রীর এপিএস হলেন ইসমাত মাহমুদা,Positive,0
অকারণে বের হলেই গ্রেফতার ডিএমপি কমিশনার,Positive,0
যথার্থ বলেছেন,Positive,0
বাংলাদেশি শ্রমিক নিতে সাইবেরিয়ার আগ্রহ প্রকাশ,Positive,0
কোন কোন স্যাটেলাইট চ্যানেল আজ কোন কোন খেলা দেখাবে তা এক নজরে দেখে নিন,Positive,0
এর জন্য বাংলাদেশের বিচার ব্যবস্থা এবং প্রশাসন দায়ী দলীয় ক্ষমতার প্রভাব বাংলাদেশের প্রতিটি পাড়া মহল্লায়,Negative,1
৫০তম দিনে এসে ইউরোপআমেরিকার তুলনায় পরিস্থিতি ভালো,Positive,0
মোটরসাইকেলে ঘুরতে বেরিয়ে নিথর দেহে ফিরল যুবক,Negative,1
গ্রামের দুরন্ত ছেলেটি এবার বিশ্বকাপে খেলবে,Positive,0
এরকম রাজনীতিবিদ থাকতে কৃষ্নচন্দ্রের সভাসদে গোপাল ভাঁড়ের ধরকার হবে না,Negative,1
এবার ওজুহাত দিয়ে কোনো মুছলিম দেশে হামলা করলে আমেরিকার বিষ দাত বেংগে দেওয়া লাগবে,Negative,1
আল জাজিরার প্রতিবেদন সম্পর্কে পাঠকের মন্তব্য পররাষ্ট্র মন্ত্রণালয় বলতেই পারে যে এটা মিথ্যা বানোয়াট কিন্তু সে,Negative,1
সৈয়দপুরবিরাটনগর বিমান রুট ভারতকে এড়ানোর সুযোগ বাড়ানোর চেষ্টা নেপালের বাংলাদেশের কী লাভ,Negative,1
তের লোডশেডিং নিয়ে কথা বলতে গেলে এ দেশে আগুন লেগে যাবে কি আর বলবো ডিজিটাল মামলায় আমাকে ফাঁসিয়ে দেওয়া হবে এদেশের জনগণ যে এত মূর্খ এরা এত অন্যায় অত্যাচার সহ্য করতে পারে তা ধারণার বাইরে তা না হলে অবৈধ একজন সরকারকে তারা কেন এখনো ক্ষমতায় বসায় রাখছে,Negative,1
অনলাইনে যাচাই বাচাই সঠিক ভাবে করা সম্ভব না সেখানে সবাই আর্দশ পরিমাপ গুলাই দেয়,Negative,1
সিরিজ জয়ের মিশনে ব্যাট করছে যুবা টাইগাররা সরাসরি,Positive,0
২০০৬ সালে ক্ষমতা ছাড়ার পর দেশে কমপক্ষে দুই কোটি নতুন ভোটার যুক্ত হয়েছেন এই নতুন ভোটারদের আকৃষ্ট করার জন্য সময়ের,Positive,0
শুধু তালিকায় থাকে,Negative,1
কোরবানির পশু অনলাইনে কেনাবেচার অনুরোধ সরকারের,Positive,0
চাকরির নিয়োগপত্র দুর্নীতির কারণ,Negative,1
এসএসসিএইচএসসি পরীক্ষা যখন শুরু হতে পারে,Positive,0
সকালে পুলিশি হেফাজতে তাঁকে খুলনা জেলা কারাগারে নেওয়া হয়,Positive,0
তালেবানরা আফগান ক্রিকেটে ভারতীয় প্রভাব দূর করবে শহীদ আফ্রিদি,Positive,0
আফগান প্রেসিডেন্ট আশরাফ গানি দেশ ত্যাগ করেছেন বলে আফগান কর্মকর্তাদের উদ্ধৃত করে খবর দেয়া হয়েছে,Negative,1
অকারণ বিষয় বা বই গুলো বাদ দেওয়া দরকার শ্রেণী বেধে চার থেকে পাঁচটা বিষয়ের উপর পাঠদান হওয়া উচিত এতে পড়ার চাপও কমবে মেধাও বিকশিত হবে আমার বর্তমান অবস্থান আমেরিকা আমার তিনটা ছেলে মেয়ে স্কুলে পড়ে অথচ তারা গাদা গাদা বই নিয়ে স্কুলে যায় না বা আলাদা কোন টিউশন লাগে না পড়ালিখা হতে হবে ছাত্রদের মনমানষিকতার উপর জোর করে নয় ধন্যবাদ বাংলাদেশ সরকারকে স্বাধীনতার এত বছর পর তারা ব্যপারটা উপলব্ধি করতে পেরেছে,Positive,0
এই বলে ৫০ থেকে ৬০ জন কে গারদে পুরবেন আর কি,Negative,1
চীনকে মোকাবেলা করতে যুক্তরাষ্ট্র ও ব্রিটেন মিলে অস্ট্রেলিয়াকে পারমাণবিক সাবমেরিন তৈরি করে দেবার জন্য অকাস নামের যে,Positive,0
আমাদের দেশের মানুষ এর চিন্তা শিক্ষিত হতে হবে কিন্তু সেই শিক্ষা কোন কাজে আসবে কিনা ইহা কখনোই ভাবে না আর তাই আমাদের কে বর্তমান পৃথিবীর সাথে তাল মিলিয়ে জেনারেল শিক্ষার চেয়ে টেকনোলজি শিক্ষার প্রতি গুরুত্ব দিতে হবে শিক্ষিত হবে এই ফর্মমোলা থেকে বেড়িয়ে আসতে হবে প্রথমেই চিন্তা করতে হবে শিক্ষিত হবে কি করবো তার উপর গুরুত্বরোপ করা তাহলে দেখা যাবে টেকনোলজি শিক্ষার গুরুত্ব বেড়ে যাবে এবং টেকনোলজি শিক্ষায় শিক্ষিত হলে ইয়াং জেনারেশন এর মেধা বেড়ে যাবে এবং নিজে কিছু করতে চাইবে চাকরি কে প্রধান্য কম দেবে তখন শুধু বেকার সমস্যা কমে যাওয়ার সম্ভাবনা থেকে যায় তার পরও সামাজিক অবক্ষয় থেকে বেড়িয়ে আসতে হবে চাকরি জীবী হলেই তার সাথে কারও তুলনা চলবে না বা চাকরি জীবীই বিশাল মেধার অধিকারী এবং এখান থেকেও বেড়িয়ে আসতে হবে,Negative,1
শত শত না হাজার হাজর ছিলো আমরাতো ভিডিওটা দেখেছি,Positive,0
জাতিসংঘ শুধু তালেবান ফিলিস্তিন এদের নিন্দা করতে পারে কিন্তু আমেরিকায় যে কালো মানুষকে কে হত্যা করা হচ্ছে ফ্রান্সে কে মুসলিমদের উপর অত্যাচার করে হচ্ছে তার নিন্দা কেনো করে না আর বিবিসির কাজ হলো ইসলামি বিভিন্ন সংগঠনকে সন্ত্রাসবাদী বলে প্রচার করা,Negative,1
এইসব বন্ধ করুন তাদের দেশে তারা ইসলামিক শাসন চালু করুন কোন জাতির কি তা জেনে আপনারা কি করবেন,Negative,1
এডিটারস মেইলবক্স পুলিশের অপরাধ আর পুলিশ হত্যা নিয়ে প্রশ্ন ভাইরাস নিয়ে দুশ্চিন্তা,Positive,0
স্কুল খোলার পর আড়াই লাখ শিশু করোনায় আক্রান্ত,Negative,1
উদ্যোক্তা সৃষ্টি হচ্ছে না বলেই বেকারত্ব মারাত্মক আকার ধারণ করছে,Positive,0
তাসকিন আহমেদের শিকার হয়ে ফেরেন মিল্টন সুম্বা এরপর ব্রেন্ডন টেইলরের ব্যাটে ঘুরে বিস্তারিত নিউজে,Positive,0
দুর্নীতিবাজদের আবার দুর্নীতি করার সুযোগ তৈরি করে দিচ্ছে,Negative,1
রেলপথমন্ত্রী মো নূরুল ইসলাম বলেছেন আগামী বছরের ১৬ ডিসেম্বর ঢাকা থেকে ভাঙ্গা পর্যন্ত ট্রেন চলাচল শুরু হবে,Positive,0
দিন শেষে যেই কুমড়া সেই মিষ্টিলাউ,Negative,1
আমিন,Negative,1
প্রথম একাদশেই রোনালদো,Positive,0
মহিলা ও শিশু বিষয়ক মন্ত্রণালয়ের জন্য ৪১৯১ কোটি টাকা বরাদ্দ,Positive,0
তৃণমূল মানুষের উন্নয়ন ছাড়া দেশের উন্নয়ন সম্ভব নয়,Positive,0
মাঝারি ও ভারী বর্ষণের আভাস,Negative,1
ভক্তদের মনের প্রশ্নের জবাব যেন প্রকাশ্যেই দিলেন শাহরুখ খান,Positive,0
অসমাপ্ত প্রান্ত এ ও ঠিকাদার,Negative,1
বর্তমান প্রযুক্তি নির্ভর বিশ্বের চাহিদা পূরণ করতে পারছে না এ শিক্ষা,Negative,1
অবৈধ কাজীর সকল কার্যক্রম সাতদিনের জন্য স্থগিদ করছে উপজেলা প্রশাসন,Positive,0
সবাই বাংলাদেশের দিকে তাকিয়ে আছে,Negative,1
ব্রেকিংনিউজ তালেবান সরকারকে স্বীকৃতি দিচ্ছে না বাংলাদেশ পররাষ্ট্র প্রতিমন্ত্রী,Positive,0
বাংলাদেশে আক্রান্তের সংখ্যা কম হলেও মারা যায় বেশিরভাগ রোগী,Positive,0
পাবজি ফ্রিফায়ারসহ সব ক্ষতিকর অনলাইন গেমস বন্ধের নির্দেশ হাইকোর্টের টিকটক লাইকি ই,Positive,0
পশ্চিমবঙ্গের অভিনেত্রী ও তৃণমূলের সাবেক সাংসদ মুনমুন সেনের বাড়িতে হামলা চালিয়েছিল দুর্বৃত্তরা পরে মুনমুন সেনের অ,Negative,1
এদের কথা বলার মধ্যেও কতটা অসহায় হয়ে পড়েছে হায়রে আওয়ামীলীগ,Negative,1
দুটি পদে জনবল নেবে মিলটি আগ্রহী প্রার্থীরা যোগ্যতা থাকলে বিস্তারিত নিউজে,Positive,0
কখনও মার্কিন নাগরিক কখনও এনএসআই পরিচালক অথবা,Positive,0
মেয়েদের দাবা লিগের সবচেয়ে বেশি বয়সী দাবাড়ু রানী হামিদের মুখোমুখি হয়েছিল সর্বকনিষ্ঠ দাবাড়ু নীলাভা,Positive,0
সঞ্চয়পত্রে কারও ২০ লাখ টাকার বেশি বিনিয়োগ থাকলে উৎসে কর কাটার পর মাসে ১৫১৬ হাজার টাকা পাওয়া যায় একটি মধ্যবি,Positive,0
ঈদুল আযহার আগের রাতে ইরাকের রাজধানী বাগদাদে বোমা হামলায় বহু হতাহত,Negative,1
পর্যটক নিয়ে মহাকাশে যাচ্ছে স্পেস এক্স,Positive,0
গোলমেশিন অ্যাখ্যা পেলেন হল্যান্ড,Positive,0
গত চার মাসের মধ্যে আজ শুক্রবার প্রথম জেলায় কেউ করোনায় আক্রান্ত হননি,Positive,0
এক চোর কখনো অন্য চোরের বিচার করতে পারে না যদিও অনেকে চাউল চুরীর বিচার চায় ভোটচোরের কাছে তারা বুঝাতে চায় ভোটচোর হাসিনাই পারবে অন্য চোরদের চুরী থেকে বিরত রাখতে যদিও বাস্তব হলো যাদের অস্তিত্ব টিকে আছে চুরির কারণে তারা কখনো চুরীর বিচার করতে পারে না,Negative,1
মেয়েদের স্কুল যাওয়ার কোনো নির্দেশনা না আসায় আফগানিস্তানে নারীদের ভবিষ্যৎ নিয়ে গভীর উদ্বেগ জানিয়েছে জাতিসংঘ,Negative,1
বিজয়ের ৫০ বছরে দীর্ঘ অনুষ্ঠান আনছে স্পাইস টিভি,Positive,0
পরীমনির হাতের লেখাটা সবার উদ্দেশে যেভাবে মেলে ধরা তাতে মনে হয় তিনি গোটা সমাজকেই বলছেন তোমরা আমাকে গালি দিয়েছ ক,Negative,1
আফগানিস্তানে নারীদের খেলাধুলায় নিষেধাজ্ঞা,Negative,1
কিভাবে বুঝবেন আপনি ডেল্টা ভেরিয়েন্টে আক্রান্ত,Positive,0
মামলায় পলাতক ৩ আসামির বিদেশযাত্রায় নিষেধাজ্ঞা বিস্তারিত নিউজে,Positive,0
হিজলা সংঘ,Negative,1
এম পি মন্ত্রীদের থেকে দূরত্ব বজার রাখা উচিত উনার তাদের প্রভাব খুব ভালো ভাবে ফুটে উঠতেছে উনার রিচেন্ট বক্তব্যে,Negative,1
ইথিওপিয়াটিগ্রে সংকট আঞ্চলিক রাজধানী মেকেলে সম্পূর্ণ দখলে নেয়ার দাবি ইথিওপিয়ার প্রধানমন্ত্রীর,Negative,1
যে অমানুষের বাচ্চারা এইকাজ করেছে তাদের গ্রেফতার করে দৃষ্টান্তমুলক শাস্তির দাবি জানাচ্ছি,Negative,1
আমেরিকাসহ কু জাতির সংঘ এখনো আফগানিস্তান নিয়ে মিথ্যাচারে লিপ্ত নির্লজ্জ জাতিসংঘ,Negative,1
ফোন দিলে খাদ্য নিয়ে হাজির হবে ছাত্রলীগের নেতাকর্মীরা,Positive,0
অনেক কস্ট সাথে সময় নষ্ট একবারে ২০০০টা করা ভালো হবে,Positive,0
বাসায় ফিরেছেন ইসলামী বক্তা আবু ত্বহা,Positive,0
আমেরিকায় পারলে পাকিস্তানের বেলায় সমস্যা কি,Negative,1
শুরুর দিনে স্পিকার ভাস্কর যাদবকে হেনস্থার অভিযোগে ১২ জন বিজেপি বিস্তারিত নিউজে,Negative,1
পারে নাই ক্যামনে বুঝলেন আপনিও কি মামুর সঙ্গী আছিলেন,Negative,1
কোভিড ভ্যাকসিন অক্সফোর্ডঅ্যাস্ট্রাজেনেকার টিকা ৯৩ অ্যান্টিবডি তৈরি করে সমীক্ষা শেষে বলছে ঢাকা মেডিকেল কলেজ,Positive,0
চলতি মাসের প্রথম পাঁচ দিনে ডেঙ্গুতে ছয়জনের মৃত্যু,Negative,1
ভালো লিখেছেন মুহতারামা,Positive,0
নিরাপত্তাহীনতা দেখেন সরকারি চাকরিবাদে আরও কারো জীবিকার কোনো নিরাপত্তা নাই ফলে সবাই সরকারি চাকরির পিছনে ছুটছে মুখস্ত করছে ৩ এদের কারও চাকরি হলেও বড়ো অংশ হচ্ছে বেকার ২০০৯ সালে এই সরকার ক্ষমতায় এসে এবং ক্ষমতা পাকাপোক্ত করার জন্য সরকারি চাকরিজীবীদের হাতে রেখেছে সমস্যা সেটা না সমস্যা হলো বেসরকারি চাকরি ও উদ্যোক্তা হওয়ার পথে নিরাপত্তাহীনতা ২০০৯ সালের আগে প্রাইভেট সেক্টরে ভালো ক্যারিয়ার হোত ফলে অনেকেই সে অনুসারে প্রস্তুতি নিত কিন্তু সরকারি চাকরিতে মুখস্তবিদ্যা বাদে কোনো যোগ্যতা লাগেনা ফলে মুখস্তের দিকে ধাবিত হয় সবাই অর্জন হয়না স্কিল এখন বড়ো একটা সময় যাওয়ার পর যখন সরকারি চাকরি হয়না তখন বেসরকারিতেও স্কিল থাকেনা ফলে দক্ষতার অভাব হয় বেসরকারিতে কর্মীদের কুকুরের মত ব্যবহার করা হয় তাছাড়া সমাজে জ্ঞান মর্যাদা বিয়ের বাজারে দাম ইত্যাদিকে বিচার করা হয় সরকারি চাকরি দ্বারা এরজন্য প্রথমত দায়ী দেশের সরকার সরকার ক্ষমতায় থাকতে গিয়ে কারো দুর্নীতিও ধরতে পারছেনা এক সংসদ সদস্য তো আফসোস করে বলেই ফেলেছেন তা আসলে বড়ো ক্ষতি হয়ে গেছে দেশের,Negative,1
কামাল উদ্দিন জানান খেলা আমি তেমন বুঝি না প্রেমিকার বিয়ের খবরে মানসিকভাবে ভেঙে পড়ি বিস্তারিত নিউজে,Negative,1
মানুষ যখন ক্ষমতার মোহে অন্ধ হয়ে যায় তখন সে দিনের বেলায়,Negative,1
সুধু মুসলিম হত্যা করা ওদের উদ্দেশ্য ছিল,Negative,1
পানশিরে আহমেদ মাসুদের বাড়ি তালেবানের দখলে,Negative,1
বাংলাদেশের সুশীল সমাজ এনজিও ও গণমাধ্যমের কন্ঠ এখন নমনীয় কেন,Negative,1
৩৮তম বিসিএস এর ৫৪১ জনকে ননক্যাডার প্রথম শ্রেণির পদে নিয়োগের সুপারিশ করেছে পিএসসি,Positive,0
ইতিহাসের শ্রেষ্ঠ নায়ক সালমান শাহ শাকিব খান,Positive,0
ধর্ষণ মামলা করতে দেরি হলে সমস্যা কোথায়,Positive,0
করোনায় আরো ৪১ জনের মৃত্যু মোট প্রাণহানি ২৬ ৯৭২ নমুনা পরীক্ষা ২৫ ৩৮৮ নতুন রোগী ১ ৯,Negative,1
একনজরে দেখে নিন ইতিহাসের এ দিনে ঘটে যাওয়া উল্লেখযোগ্য ঘটনা বিশিষ্টজনের জন্মমৃত্যুদিনসহ গুরুত্বপূর্ণ কিছু বিষয়,Positive,0
শ্রীলঙ্কা হয়ে আমিরাত পাঁচগুণ অতিরিক্ত অর্থ গুনছেন প্রবাসীরা,Positive,0
তোরা লক্ষলক্ষ মুসলিম হত্যাকারী সুতরাং তোরা সন্ত্রাসী,Negative,1
খালেদা জিয়াকে বিদেশে চিকিৎসার সুযোগ দিন নজরুল ইসলাম,Positive,0
দায়িত্ব জ্ঞানহীন বক্তব্য এ বক্তব্য দেশে দূর্নীতি কে আরো বাড়িয়ে দিবে নিজের দলের অপরাধীদের বাচাতে সরকার প্রধানের এমন বক্তব্য অগ্রহণযোগ্য যা জাতির কাছে বর্তমানে হাস্যরসে পরিণত হয়েছে,Negative,1
২০ বছর ধরে আফগানিস্তানে অনেক শান্তি প্রতিষ্ঠা করলো আমেরিকা শেষমেশ কাতারের পায়ে ধরে তালেবানের পায়ে পড়ে পলালয় করলে,Negative,1
বিশ্বে করোনায় মোট প্রাণহানি ৪৩ লাখ ৩৬ হাজার ৬৬৫ আক্রান্ত ২০ কোটি ৫৪ লাখের বেশি বিশ্বে,Negative,1
চাকরি হারাতে পারেন এ খাতের কয়েক লাখ কর্মী,Negative,1
খালেদা জিয়া এখনো ঝুঁকিমুক্ত নন মির্জা ফখরুল,Negative,1
৬ দিন ধরে বন্ধ বাংলাবাজারশিমুলিয়া রুটে ফেরি চলাচল,Negative,1
দুর্নীতিকে উৎসাহিত করা হচ্ছে যেটা আগামীতে আরো ভয়াবহ আকারে প্রসার ঘটবে আর সেটা বললে বিরোধী পক্ষের লোকদেরকে মিথ্যা মামলা হামলা দিয়ে অত্যাচার করা হবে,Negative,1
পরীর যে গাড়ি নিয়ে এত গুঞ্জন সেই গাড়িটি নাকি বিস্তারিত নিউজে,Negative,1
ইরাকে বাগদাদের গ্রিন জোনে যুক্তরাষ্ট্রের দূতাবাসের কাছে কয়েক দফা রকেট হামলা,Negative,1
ইসরায়েলি আরবদের অভিযোগ তাদের দ্বিতীয় শ্রেণির নাগরিক হিসেবে গণ্য করা হচ্ছে,Negative,1
দ্বিগুণেরও বেশি আসন জিতে এগিয়ে তৃণমূল বিস্তারিত,Positive,0
করোনা ভাইরাস মহামারির এই জীবাণু কেন এত প্রাণঘাতী,Positive,0
ইন্দোনেশিয়ায় মহাবিপর্যয় বাড়িঘরে পড়ে আছে মরদেহ,Negative,1
গ্রামের চাচাতো ভাই যখন টাকা দিয়ে ব্লুবেজ আইডি খুলে,Negative,1
স্বাস্থ্য সুরক্ষার কথা বিবেচনা করে পূর্ব নির্ধারিত বিশ্ববিদ্যালয়ের বিস্তারিত নিউজে,Positive,0
উনার ভয়ংকর চেহারা দেখে আমি নিজেই ভয় পেয়ে গেলাম,Negative,1
মায়ের মাথা ফাটিয়ে মামলার আসামি ক্লোজআপ তারকা সাজু,Negative,1
বিবিসির কোন কাজ নেই তো তাই না খেয়ে না পরে তালেবানের পিছে লাগছে,Negative,1
গুগলে রেকর্ড হচ্ছে আপনার সব কথা আটকাবেন যেভাবে,Positive,0
জাহিদ এফ সরদার সাদী এটা নতুন আর কি আবারও বিএনপির স্থায়ী বা কেন্দ্রীয় নেতাদের বিরুদ্ধে মামলা হবে জেলে যাবে,Negative,1
নকল মাস্ক ভেজাল স্যানিটাইজারে সয়লাব দেশ,Negative,1
সম্পূর্ণ নিরপেক্ষ ও প্রভাবমুক্ত থেকে সিনহা হত্যাকাণ্ডের তদন্ত করা হবে র্যাব,Negative,1
বেতন পাচ্ছেন না ২১ লাখ শিক্ষককর্মকর্তাকর্মচারী,Negative,1
বরখাস্ত হতে পারেন বার্সা কোচ কোম্যান,Positive,0
বাংলা রোমান অলচিকি তিন ভাষায় শিক্ষা নিচ্ছে শিশুরা,Positive,0
আরও বেশি মসজিদ পুড়িয়ে দেয়ার ইচ্ছে ছিল তার,Negative,1
আমার মনেহয় শিক্ষা প্রতিষ্ঠানে কর্মমূখী ও দক্ষতা ভিত্তিক শিক্ষার অভাব এবং শিক্ষা প্রতিষ্ঠানে সনাতন পদ্ধতিতে পাঠদান তাছাড়া উদ্যোক্তাদের সঠিক পৃষ্ঠপোষকতার অভাব,Negative,1
করোনা ঠেকানোর জন্য অন্যসব মন্ত্রণালয় আছে স্বাস্থ্য মন্ত্রণালয়ের কাজ বিস্তারিত নিউজে,Negative,1
সাবেক মার্কিন প্রেসিডেন্ট ডোনাল্ড ট্রাম্পের অভিশংসন প্রক্রিয়া সাংবিধানিক সিনেটে প্রস্তাব পাস,Positive,0
খুলনায় আনসার আল ইসলামের ৪ সদস্য গ্রেপ্তার,Positive,0
অভিযোগের তীর সংসদ সদস্য মোস্তাফিজুর রহমানের দিকে,Negative,1
স্বাস্থ্যবান ও সুস্থ গরু চেনা একটু কঠিন বটে তবে কিছু বিষয় খেয়াল করলে ভালো গরু চিনে বিস্তারিত নিউজে,Positive,0
জরুরি চিকিৎসাসেবায় কোনো হাসপাতাল অসম্মতি জানাতে পারবে না হাইকোর্ট,Positive,0
৫০ লাখ টাকা ক্ষতিপূরণ চেয়ে সেঁজুতি ট্রাভেলসকে আইনি নোটিশ,Negative,1
সহিংস জঙ্গিবাদে উদ্বুদ্ধ সন্দেহে এক কলেজছাত্রীকে গ্রেপ্তার করেছে পুলিশের কাউন্টার টেররিজম অ্যান্ড ট্রান্সন্যাশনাল,Negative,1
পদ্মার শিমুলিয়াকাঁঠালবাড়ি নৌপথে ড্রেজিংয়ে ৫ দিন লাগবে কাল থেকে চলবে ছোট ফেরি বিআইডব্লিউটিএ,Negative,1
আবার কোন খেলা খেলব,Negative,1
মানে আপনি যে রামে রাম ছাগলা তা আপনার কথা ও ইতিহাস ভূলের তথ্য থেকেই বুঝা যায় আপনি ইহুদি দের সম্পর্কে ভাল করে পড়া শোনা করেন তাহলে বুঝতে পারবেন তারা কত বড় রিফিউজি ও গাদ্দার অপেক্ষা করুন তারা আপনার পাছায় আঙ্গুল দিতে আসছে খুব শিঘ্রই আশা করি আজকেই তাদের সম্পর্কে ভাল করে জানার চেষ্টা করবেন ধর্মীয় গোরামি ভূলে তাহলে আপনার আরও ভাল উওর আপনি নিজেই পাবেন,Negative,1
১৯৭১ সালের ১৯ সেপ্টেম্বর সিলেটে জন্ম নেওয়া চৌধুরী সালমান শাহরিয়ার ইমন ওরফে সালমান শাহ বেঁচে থাকলে আজ বয়স ৫০ পূ,Positive,0
অথচ মৃত্যু বিচ্ছিন্ন করে দিল অভিনেতা সিদ্ধার্থ শুক্লা ও প্রেমিকা শেহনাজ গিলকে,Negative,1
মই লাগিয়ে উঠতে হয় যে সেতুতে,Negative,1
কানাডায় আবেদনের যোগ্যতা হারিয়েছে দেশের ৩৩ বিশ্ববিদ্যালয়,Negative,1
এই মাত্র রংপুরে মহানগরে ১ ঘন্টা লোড শুডিং ছিল তাহলে গ্রাম আর শহরের পার্থক্য টা কই,Negative,1
লিভার ক্যান্সার চিকিৎসায় আশার আলো,Positive,0
হাক্কানী সঠিক বলেছেন,Positive,0
দূরপাল্লার বাসের পাশাপাশি রাজধানীর ভেতরে চলাচল করা গণপরিবহনে গাদাগাদি করে বিস্তারিত নিউজে,Negative,1
এই অধর্ম ই পৃথিবী ধ্বংসের কারন,Negative,1
বিএনপির সিনিয়র যুগ্ম মহাসচিব রুহুল কবির রিজভীর নামে গ্রেপ্তারি পরোয়ানা জারি হয়েছে,Negative,1
চাকুরী বাজার সীমিত প্রাইভেট সেক্টর গুলোই মামা খালুদের স্বজনপ্রীতির দখলে প্রাইভেট ব্যাংক কোম্পানি এগুলোই রেফারেন্স লাগে যারা চাকুরী পাইছে তারাও কতোজন যোগ্যতা বা ঘোষ ছাড়া ঢুকেছে তার সমীক্ষা করলে মাথা ঘুরে উঠবে সরকারী চাকুরীর পুরো দেড় বছর কোন সার্কুলার নেই যাদের প্রিপ্রারেশন ছিলো তাদের বেশিরভাগ ডিপ্রেশনে চলে গেছে কারণ কোন পরীক্ষা নেই পারিবারিক চাপ ধৈর্য্য রাখার মতো মানসিকতা থাকেনা তার উপর আমাদের যে শিক্ষার মান যা চাকরির বাজারে খাইনা বললেই চলে নতুন করে সব শুরু করতে হয় যা সবার পক্ষে সম্ভব হয়ে উঠেনা বেকার আরো বাড়বে,Negative,1
দেশের মানুষ হিরো আলমকে প্রমট করতে করতে কখন যে নিজেরাই আহম্মক হিরো আলমের মত হয়ে গেছে সেটাই দেখছি আর হাসছি বাংলাদেশের সব যায়গাতেই ছেলে মেয়ে আলাদা স্কুল ব্যাবস্হা আছে সেটা কি হিরো আলমের গান শুনে ভুলে গেছেন সবাই বয়েজ স্কুল আর গার্লস্ স্কুল সবাই চিনে কিন্তু ছেলে মেয়ে আলাদা স্কুল পৃথিবীতে শুধু আফগানিস্তানে হবে সেটা দেখে সবাই অবাক দেশের মানুষের মেধা কে কি পরিমান নষ্ট করছে বর্তমানের ইন্টারনেট ব্যাবস্হায় তার প্রমান খবর এবং কমেন্ট এর চেয়ে অধপতন আর হতে পারে না,Positive,0
ভারতের পূর্বাঞ্চলীয় ৫টি রাজ্যে উদ্বেগজনক হারে বাড়ছে বলে দেশটির স্বাস্থ্য মন্ত্রণালয় সতর্ক করেছে,Negative,1
আমি শিক্ষিত আমি এই করব এই দরনের মন ভাব পাল্টাতে হবে মনে রাখতে হবে কোন কাজকেই ছোট করে দেখা যাবে না,Positive,0
কারাবন্দীদের একনজর দেখতে কিংবা ইশারায় কথা বলার জন্য নানা প্রান্ত থেকে মানুষ ছুটে আসেন জেল রোডে কেউ কেউ একদৃষ্টে,Positive,0
ওসি প্রদীপ ও তাঁর স্ত্রীর বিরুদ্ধে দুদকের অভিযোগপত্র গ্রহণ করেছেন আদালত,Positive,0
যারা হাতুড়ি শাবল দিয়ে ঘর ভেংগেও বিচারের মুখোমুখি হতে হয় নি তারা যে কত বড় ক্ষমতা বান সেটা বলার অপেক্ষা রাখেনা জাতি এই সব ক্ষমতাবানদের দেখতে চায়,Negative,1
যুগ উপযোগী শিক্ষা ব্যবস্থা না থাকায়,Negative,1
ময়মনসিংহ রাজশাহী কুষ্টিয়াসহ ৭ জেলায় ৭৭ জনের মৃত্যু করোনায় ৩৭ ও উপসর্গ নিয়ে ৪০ জন মারা গেছেন,Negative,1
মুশফিকুর রহিম সতীর্থের সাথে মারমুখী আচরণের পর ক্ষমা চাইলেন বাংলাদেশ ক্রিকেটের সাবেক অধিনায়ক,Positive,0
সাকিবের পর আইপিএল খেলতে গেলেন মুস্তাফিজ,Positive,0
উগ্রপন্থী তৈরি করতে বাধ্য করেন আপনারা এর জন্য আপনাদের বিচার আগে হওয়া দরকার মনে করি,Negative,1
মে মাসের ১ম সপ্তাহে আসছে করোনা টিকা স্বাস্থ্যের ডিজি সেরাম থেকে আসবে অক্সফোর্ডের ২০,Positive,0
বাংলাদেশে এসে বিধ্বস্ত অস্ট্রেলিয়া ক্রিকেটের পরাশক্তি এই দলটার এমন,Positive,0
চোরের দেশ তাই পিন শুতো বাধে তা না হলে বান্ডিল থেকে একটা দুইটা নোট বের করে নিবে,Negative,1
কোভিড বাংলাদেশে গত ২৪ ঘণ্টায় আবারও একদিনে সর্বোচ্চ মৃত্যুর রেকর্ড ছুঁয়েছে প্রাণহানি ২৩ হাজার ছাড়িয়েছে,Negative,1
মেজর সিনহা হত্যা মামলার অভিযোগপত্র গ্রহণ করেছে আদালত পলাতক আসামি সাগর দেবের নামে পরোয়া,Negative,1
২ দশক পর চালু হচ্ছে ঢাকাকায়রো সরাসরি ফ্লাইট,Positive,0
এখন পানি থেকে ওঠো জ্বর ঠান্ডা লেগে যাবে,Positive,0
মিয়ানমার ইস্যুতে জাতিসংঘের প্রস্তাবে ভোটদান থেকে কেন বিরত থাকলো বাংলাদেশ,Positive,0
আমি মারা গেলে আমার বাম হাতের মধ্যাঙুল এই দেশের শিক্ষা ব্যবস্থার জন্য দান করে দিও যতদিন অব্দি এই দেশের শিক্ষা ব্যবস্থা অন্যের লাভ লোকসানের হিসাব কে কি করে গেলো সে সব এর সাল মনে রাখা বিশাল বিশাল প্যারাগ্রাফ কম্পোজিশন মুখস্থ করা এগুলো বাদ না দিবে ততদিন এসব চলবে,Negative,1
বাংলাদেশে নরেন্দ্র মোদীর আগমনের প্রতিবাদে গত সপ্তাহে বিক্ষোভকর্মসূচী ব্যাপক সহিংস রূপ নিয়েছিল,Negative,1
বরিশালে করোনায় ২০ জনের মৃত্যু শনাক্ত ৪৭৯,Negative,1
আফগানিস্তান থেকে দূতাবাস সরিয়ে নিচ্ছে ইতালি,Negative,1
দেশে করোনার তৃতীয় ঢেউ আসতে পারে যেসব কারণে,Positive,0
ভাই লোডশেডিং নাই এখন আভ্যসশেডিং হয়ে গেছে,Negative,1
কলেজে মেয়ে নাই কিন্তু তোর জন্য ফারহান আছে,Negative,1
করোনা ভাইরাস ব্রাজিলে অক্সফোর্ডের ভ্যাকসিন ট্রায়ালে অংশগ্রহণকারীর মৃত্যু কোন নিরাপত্তা ঝুঁকি পাওয়া যায়নি,Negative,1
হবেরে হবে ঈদের পর আন্দোলন হবে,Negative,1
জয় বাংলা,Negative,1
বিএসএফএর বিরুদ্ধে ওঠা সীমান্ত হত্যার অভিযোগ তদন্ত করতে ভারতকে আহ্বান জানালো হিউম্যান রাইটস ওয়াচ,Positive,0
পুলিশ সদর দপ্তরের নতুন মিডিয়া উইং কামরুজ্জামান,Positive,0
ইউরো ও কোপা আমেরিকা চলাকালেও দলবদলের মাঠ গরম হয়নি দুটি মহাদেশীয় প্রতিযোগিতা শেষে একবার খবর বের হলো,Positive,0
বিশ্বের প্রথম দেশ হিসেবে দুই বছর বয়সী শিশুদের করোনার টিকার আওতায় নিয়ে আসছে,Positive,0
যুক্তরাষ্ট্রে সরকারি অর্থায়নে পড়তে যাচ্ছেন ৮ শিক্ষার্থী,Negative,1
কাবুল থেকে মার্কিনদের ফেরানো কঠিন কাজ বাইডেন,Negative,1
গ্রেপ্তার হয়েছেন ইভ্যালির সিইও এবং চেয়ারম্যান শঙ্কায় আছেন লাখো গ্রাহক গ্রাহকেরা কি ফেরত পাবে তাদের টাকা মতামত,Positive,0
সংবাদ সম্মেলনে বিসিবি সভাপতি নাজমুল হাসান,Positive,0
ফের নতুন লুকে হাজির অপু ভাই বিস্তারিত নিউজে,Positive,0
কর্মক্ষেত্রে রাজনৈতিক কৌটা ও স্বজনপ্রীতি,Negative,1
ওয়াসিম জাফর ড্রেসিংরুমে মৌলভী ডাকার অভিযোগকে ঘিরে বিতর্কে তারকা ক্রিকেটার,Negative,1
নিজেকে প্রমান করার জন্য অবশ্যই পরীক্ষাটা জরুরি এধরনের জাতীয় সিদ্ধান্ত গ্রহণের আগে জনমত যাচাই দেশের শিক্ষাবিদ ও বুদ্ধিজীবীদের পরমর্শ গ্রহন করা অতিব গুরুত্বপূর্ন বলে আমি মনে করি,Positive,0
চার দাবিতে আন্দোলনে সাত কলেজের শিক্ষার্থীরা বিস্তারিত নিউজে,Positive,0
বেগম খালেদা জিয়া চিকিৎসার জন্য বিদেশে যাওয়ার সুযোগ আছে সেজন্য খালেদা জিয়াকে বিস্তারিত নিউজে,Positive,0
বিবিসির প্রযুক্তি বিষয়ক অনুষ্ঠান ক্লিকে আজ দেখতে পাবেন দ্য আইরিশম্যান ছবির ভিজুয়াল ইফেক্ট তৈরির গল্প বাংলা,Positive,0
সাগরে লঘুচাপ ভারী বর্ষণের আভাস,Negative,1
বগুড়া শহরে নানামুখী ব্যবসাপ্রতিষ্ঠান পরিচালনায় সফল ইসরাত জাহান অন্য নারীদের জন্য এক অনুপ্রেরণা হয়ে উঠেছেন অনেকে,Positive,0
বাংলাদেশে প্রচলিত এবং ইসলামী ধারার ব্যাংকিং ব্যবস্থার মধ্যে পার্থক্য কী,Positive,0
ইতিহাসের সাক্ষী পূর্ব জার্মানিতে কমিউনিজমের পতন বদলে দিয়েছে যে নামিবিয় শিশুদের জীবন,Positive,0
আলহামদুলিল্লাহ,Positive,0
কবরী সারোয়ার করোনাভাইরাসে ঢাকায় মারা গেছেন,Negative,1
ঢাকায় এক অনুষ্ঠানে স্বাস্থ্যমন্ত্রী দাবি করেন আমেরিকায় মাস্ক বাধ্যতামূলক করার তিন মাস আগেই বাংলাদেশ নো মাস্ক,Positive,0
গাধা রপ্তানি করে প্রচুর আয় করছে পাকিস্তান,Positive,0
তৃতীয় ম্যাচেও উইকেটকিপিংয়ে সোহান,Positive,0
দেশের ১৮ কোটি জনগণের মধ্যে দুই কোটি জনগণের রাজনীতি করে রাজনীতির সাথে জড়িত তাদের তো কোন পেশা নেই তারা কিভাবে অর্থ উপার্জনের করে সরকারকে বিষয়টা কোনদিন ভেবে দেখেছে,Negative,1
এ বছর ফুটবল বিশ্বে সবচেয়ে বেশি অর্থ আয় করা ফুটবলারদের একটা তালিকা প্রকাশ করেছে ফোর্বস,Positive,0
এলপিজি রান্নাবাড়ার সিলিন্ডারের গ্যাসের দাম নির্ধারণ করে দিল সরকার,Positive,0
পশ্চিমাদের বিরুদ্ধে এতো কমেন্ট তারপরও পশ্চিমে যাবার সুযোগ পেলেই এরা সবার আগে দৌড়াবে পশ্চিমা ভিসার জন্য হিপোক্র্যাট বাঙালি,Negative,1
হাসেম ফুড কারখানায় অগ্নিকাণ্ডে পুড়ে যাওয়া আর কোনো মরদেহ আছে কিনা তা খতিয়ে দেখতে সেখানে তল্লাশি চালিয়েছে,Negative,1
অার্জিন্টিনা ১০০ দায়ী একটা দেশে খেলতে যাবে সে দেশের নিয়ম কানুন মানবে না সেটা কেমন কথা,Positive,0
আগস্টের মাঝামাঝি সময় থেকে মুসলিম দেশ আফগানিস্তান ও তালেবান সংশ্লিষ্ট খবরাখবরে চোখ পড়লেই দেখা যাচ্ছে তালেবানের উত্থানের কারণে সম্ভাব্য নানা সঙ্কটের গল্পে বিশ্ব গণমাধ্যমের প্রভাবশালী পাতাপোর্টাল ও স্ক্রীনগুলো মুখর হয়ে আছে ২০ বছরে সাম্রাজ্যবাদী ও তল্পিবাহীদের নির্বিচার আঘাতআক্রমণে কী কী হয়েছে সেখান থেকে চোখ সরিয়ে নিয়ে যাচ্ছে আর তালেবানের হাতে কল্পিত ভবিষ্যতবিপর্য য়ের প্রতিবেদন দিয়ে চেষ্টা করছে দর্শকপাঠকের মগজ দখলের মুসলমানদের ২০ বছরের ক্ষয়ক্ষতি ও দুঃখের সমুদ্র গায়েব করে দিয়ে সাম্রাজ্যবাদী রাষ্ট্র ও তাদের তল্পিবাহীদের কল্পিত নিরাপত্তা শংকা নিয়ে চারদিক ভারাক্রান্ত করে তোলা হচ্ছে এক্ষেত্রে ইচ্ছাকৃতভাবেই গণমাধ্যমের একপেশে ব্যবহারে হৃদয়স্পর্শী বিশাল বেদনার ইস্যুগুলো থেকে মানুষের চোখ সরিয়ে নেওয়ার চেষ্টা করা হচ্ছে সম্পূর্ণ ভিন্ন একটি বায়বীয় ইস্যুর দিকে যুদ্ধবিধ্বস্ত আফগানের লাখো লাখো এতীম বিধবা ও দুঃখীজনের জীবনের প্রয়োজনীয়তার প্রশ্নগুলো গায়েব করে দিয়ে সামনে আনা হচ্ছে বিদেশি অনুচরদের ভয়ভীতি ও পলায়নের দুঃখী দাস্তান বারবার এজাতীয় ও একপেশে রিপোর্টপ্রতিবে দন বিশ্লেষণ ফলোআপ প্রচার করে আন্তর্জাতিক গণমাধ্যমগুলো দৃষ্টি সরিয়ে নেওয়ার এ কাজটি করছে পাশ্চাত্যগণমাধ ্যম তাদের গুটিকয়েকের স্বাচ্ছন্দ্য ও শংকার পেরেশানিকে দুনিয়ার মাথাব্যথা য় পরিণত করে দিচ্ছে একই সঙ্গে মুসলিম উম্মাহ ও রাষ্ট্র সংশ্লিষ্ট ইস্যুকে চোখের সামনেই আসতে দিতে চাচ্ছে না দিচ্ছে না আর এটা করা হচ্ছে সম্পূর্ণভাবেই দর্শকপাঠকের মাথা ও চোখ রদবদলের একটি কৌশলী উপস্থাপন প্রক্রিয়ার সাহায্য নিয়ে যার প্রায় পুরোটাই চাতুর্যপূর্ণ ও ধূর্ত গণমাধ্যম মিশনের অন্তর্ভুক্ত ভালো কল্যাণকর ও দরকারি জিনিস শুনতেদেখতে না দিয়ে বিপরীত জিনিসের মধ্যে মানুষের চিন্তাবুদ্ধি মনোযোগ আটকে রাখার এ এক পুরোনো কূটকৌশল আল্লাহ তাআলা ইরশাদ করেন এবং অবিশ্বাসীরা বলে তোমরা এই কুরআন শুনো না বরং কুরআন পাঠের সময় হৈহট্টগোল করো হয়তো এতেই তোমরা বিজয়ী হবে সূরা ফুসসিলাত ৪১,Negative,1
নিউজিল্যান্ডের বিপক্ষে প্রথম সিরিজ জয়ের অপেক্ষায় টাইগাররা,Positive,0
নিউজিল্যান্ডে ফুলফ্রি স্কলারশিপ বার্ষিক উপবৃত্তি ১৭ লাখ টাকা,Positive,0
জি৭ নেতারা এ সপ্তাহেই আফগানিস্তান নিয়ে আলোচনায় বসছেন,Positive,0
সবাই যদি পূর্ব অভিজ্ঞতা খুঁজে তাহলে বেকারত্ব বাড়বেই ঘুষের বাজার রমরমা হলে বেকারত্ব বাড়বেই,Negative,1
জাতিসংঘ তখন সেফুদার সাথে মিটিং এ ছিল,Negative,1
মামুনুল হক রিসোর্টে অবরুদ্ধ হওয়ার পর হেফাজত নেতার সমর্থকরা তাকে ছিনিয়ে নেয়,Negative,1
বঙ্গবন্ধু হত্যার কুশীলবরা এখনো সক্রিয় কাদের,Negative,1
বাংলাদেশে ডিজিটাল অবকাঠামো খাতে বিনিয়োগের লক্ষ্যে কাজ করছে,Positive,0
উগ্রপন্থী একমাত্র ইয়াহুদী রা,Negative,1
মন্ত্রণালয়ে আবেদন করা হলেও এখনো মিলেনি সাড়া,Positive,0
হেফাজতের কর্মসূচিতে সহিংসতা বিরোধীদলগুলোর ওপর ক্র্যাকডাউনের অভিযোগ বিএনপির,Negative,1
পৃথিবীকে বাঁচিয়ে রেখেছে যে গ্রহ,Positive,0
মাননীয় প্রধানমন্ত্রী আপনার যেকোন বার্তা ১০০ আ স্থার সা থে বিশ্বাষ ক রি তাই এমন অপক র্মে জ ড়িত দূষ্কৃ তিদের বিচার চাই এবং তা দের কে দেখ তে চাই,Positive,0
ফেসবুকইউটিউবে প্রতারণার সাগরে ভাসছে মানুষ,Negative,1
কোন শাসন ব্যবস্থা পৃথিবীকে দুর্নীতি মুক্ত করতে পারেনি এরা একটু চেষ্টা করুক,Negative,1
অন অভ্যাসে বিদ্যাহ্রাস পায়,Positive,0
রিমান্ডের উপাদান ছাড়া তদন্ত কর্মকর্তা প্রার্থনা দিল আপনি ম্যাজিস্ট্রেট মঞ্জুর করে দিলেন এগুলো কোনো সভ্য সমাজে,Positive,0
স্রোতের তীব্রতার কারণে বাংলাবাজারশিমুলিয়া রুটে ফেরি বন্ধ,Negative,1
খুলছে স্কুলকলেজ আন্তঃমন্ত্রণালয় বৈঠকে যেসব সিদ্ধান্ত,Positive,0
বহুত বাদরামি করেছো সোনা আর না,Positive,0
জাতিসংঘ কি বালডা ফালায় মায়ানমার জান্তা সরকার যখন মায়ানমারে দমন নিপিরন চালাচ্ছে যখন রোহিংগাদের মেরে দেশ ছাড়া করেছে৷,Negative,1
স্কুলত ন যাই নষ্ট ওই গিয়স উঠ স্কুলত যা নইলে কামড় দিয়ুম,Negative,1
কাজী আলমগীরের স্বপ্ন শতভাগ ডিজিটাল ব্যাংকিং,Positive,0
বঙ্গবন্ধুর স্নেহধন্য ডা আলতাফ হোসেনের মৃত্যুবার্ষিকী আজ,Positive,0
টানা ৩৩ ম্যাচ অপরাজিত ইতালি এবার স্পেনকে হারিয়ে ইউরো ফাইনালে বিবিসি বাংলার খবর পড়ুন,Positive,0
অর্থমন্ত্রী জানান বিভিন্ন উন্নয়নসহযোগী দেশ বা সংস্থার সঙ্গে ৩০ জুন ২১ পর্যন্ত ঋণচুক্তির পরিমাণ ৯ হাজার ৫৯০ কোটি,Positive,0
যখন আপনি প্রাপক এবং চান না প্রেরক জানুক যে আপনি তাঁর পাঠানো বার্তা পড়েছেন তখন কী করবেন সহজ পদ্ধতিটা হলো,Positive,0
এবারও কী জেএসসি পরীক্ষা অটো পাস দেওয়া হবে,Positive,0
প্রকাশ মন্ডল বলদ ভিকারীরা তোরা নিজেরা ভাত পাস না অন্যের খবর নিয়ে বেরাস,Negative,1
এক ঝলক ১০ সেপ্টেম্বর ২০২১,Positive,0
যশোরের বেনাপোল স্থলবন্দর দিয়ে ভারত সরকারের উপহারের আরও ২৯টি অ্যাম্বুলেন্স বাংলাদেশে পৌঁছেছে,Positive,0
নাটোরে শিশু চুরির আট দিন পর এক নারীর কাছ থেকে উদ্ধার,Positive,0
এডিসন এলাইন্সে বাংলাদেশের প্রতিনিধি পলক,Positive,0
ঝুঁকিপূর্ণ মার্কেট ১০ দিন বন্ধের নির্দেশ সিসিক মেয়রের,Positive,0
প্রথম দলিত মুখ্যমন্ত্রী পেলো পাঞ্জাব,Positive,0
আশ্রয়ণ দারিদ্র্য বিমোচন ও টেকসই উন্নয়ন,Positive,0
না বুইঝা কিছু মানুষ লাফায় তার মধ্যে তুমিও একজন,Negative,1
প্রয়াণ দিবসে তাকে স্মরণ করেছেন ঢালিউড সুপারস্টার শাকিব খান,Positive,0
খুব ভালো সিদ্ধান্ত,Positive,0
আধুনিক যুগে বর্বর ব্যবস্থাকে স্বকৃীত দেয়া উচিৎ নয়,Negative,1
সকালের মনোরম পরিবেশে হাঁটা খুবই উপকারী,Positive,0
কেন ভারত থেকে বিহারী মুসলিম রা কী বিতাড়িত হয় নাই,Negative,1
মনে হচ্ছে দুর্নীতি কে সমর্থন করলেন,Negative,1
সৌদিকে নতুন মুরগি বানানোর পায়তারা আফগানদের ঝাটার বাড়িতে মন ভরে নাই সালা চু্্ৃ্্্্রর ভাইরা,Negative,1
করোনা ভাইরাস কোয়ারেন্টিনের সময়সীমা বাংলাদেশে এক এক সময় এক রকম করা হচ্ছে কেন,Negative,1
বিসিএস পর্যায়ে দুর্নীতি ১০ এর নিচে আনতে পারলেই কেবল বেকার সমস্যা সমাধান করা সম্ভব৷,Negative,1
কিশোরগঞ্জে গ্যাস সিলিন্ডার বিস্ফোরণে দগ্ধ এক নারীর মৃত্যু শেখ হাসিনা বার্ন ইনস্টিটিউটে সংকটাপন্ন আরো ৬ জন,Negative,1
মডার্নার টিকা নিয়ে আরেকজনের মৃত্যু,Negative,1
যারা সহশিক্ষা সমর্থন করছে তারা মূলত শিক্ষক নামে পরিমল হতে চায় অথবা হোস্টেলের বাথরুমে বা কলেজ ভার্সিটির পাশের ডাস্টবিনে কুড়িয়ে পাওয়া শিশুদের জন্মদাতা হতে চায়,Negative,1
ব্রাজিল কোচ তিতের দুশ্চিন্তা ক্লাবগুলো শেষ পর্যন্ত খেলোয়াড় না ছাড়লে বেকায়দায় পড়তে হবে,Negative,1
দুই শতাধিক কিন্ডার গার্ডেন বন্ধ স্কুলের ঘর বিক্রি করে ঋণ পরিশোধ,Negative,1
আইন অনুসারে আদালতের অনুমতি ছাড়া কোনো নাগরিকের ব্যাংক হিসাব ও সম্পত্তি জব্দের ক্ষমতা কারও নেই এমনকি দুর্নীতি দমন ক,Positive,0
একই সঙ্গে কল ড্রপের টাকা ফেরত দেয়ার কথা বলেছি কারণ এটা যুক্তিসঙ্গগতভাবে ভোক্তার,Positive,0
এবার পাট তেমন ভালো হয়নি,Negative,1
উড়ন্ত ড্রোনটি গিলে ফেললো কুমির ভিডিও,Negative,1
ঢাকা বোট ক্লাবের সভাপতির দায়িত্ব নিয়ে একজন সংসদ সদস্য যে প্রশ্ন তুলেছেন সে বিষয়ে কোনো মন্তব্য করতে রাজি হননি আই,Positive,0
সেতি গেছে হাগল হৈ,Negative,1
কে ধংশের পুরা ক্রেডিট রাশিয়ার রাশিয়ার কৃতি চুরি করে ন্যাটোকে দিতেসেন বুঝলাম না কিছু,Negative,1
পরীমনি স্বীকৃতি দিছে নিজের পাপ ঢাকতে,Negative,1
বাংলাদেশে অনেক কিছুই উদ্ভাবন এবং আবিস্কার হয় কিন্তু সেগুল ো বাজারজাত করা হয় না এটা খুব দুঃখজনক যদি পাটের তৈরি পলিথিন ব্যাগ তৈরি ব্যবহার করা যেত তাহলে দেশের পরিবেশ এবং নদী দূষিত হতো না,Positive,0
করোনায় দেশে আরও ২১ জনের মৃত্যু মোট প্রাণহানি ৬ ১৯৪ জন ১৪ ০৬০ নমুনা পরীক্ষায় আরও ১৮৩৭,Negative,1
ধর্ষকদের উত্তরসুরীদের কথাবার্তা শুনলেই বুঝা যায় কে কতো বড় ধর্ষক ছিল আর এই ধর্ষনের সংস্কৃতি টা ও কিন্ত হিন্দুস্থানে এখনো ঠিকে আছে,Negative,1
এখন চরিত্রহীনদের মাথাব্যাথা বেড়েযাবে,Positive,0
একটা নির্লজ্জ জাতির নির্লজ্জ প্রধানমন্ত্রী স ব কিছু উনিও জানেন জনগনও জানেন তারপরেও এত মিথ্যা অজুহাত কেনো,Negative,1
নাইজেরিয়ায় স্কুলছাত্রী অপহরণ জামফারা স্কুলের তিন শতাধিক ছাত্রী নিখোঁজ,Negative,1
সবাই পায় সম্পদের খনি আমরা পেলাম চোরের খনি,Negative,1
আলহামদুলিল্লাহ্ আসুক,Positive,0
মোদী সরকারের স্কিৎজোফ্রেনিয়ার কারণে করোনা ভয়াবহ অমর্ত্য সেন,Negative,1
১০ বছরে ৩৪ ড্রেজার সংগ্রহ করা হয়েছে নৌপ্রতিমন্ত্রী,Positive,0
অসংখ্য কারণ থাকলেও অন্যতম ও অবহেলিত একটি কারণ পরীক্ষায় নকল দেখাদেখি এবং মানহীন ফলাফল প্রকাশ যার দরুন নাম মাত্র শিক্ষা অর্জিত হচ্ছে আর এই শিক্ষিত স্ট্যাটাস থাকার কারণে যে কোনো পেশা বাছাই করতেও তারা পারেন না ফলাফল বেকারত্বএছাড়া ধারণ ক্ষমতার অধিক ও উচ্চ শিক্ষায় অনুপযোগী ছাত্র ভর্তি শিক্ষক সংকট কর্মমুখী শিক্ষার অভাব ইত্যাদি ইত্যাদি,Negative,1
ঢামেক হাসপাতালে দালালদের ধরতে র্যাবের অভিযান,Positive,0
জঙ্গি সন্ত্রাসী রাষ্ট্র আমেরিকার দালালী আর কত করবি,Negative,1
ভয়ঙ্কর কমান্ডো নামিয়েছে তালেবান,Negative,1
কর্মসংস্থানসহ হাজারো মানুষকে সেবা দিচ্ছেন এই পুলিশ সদস্য,Positive,0
সালমানের সঙ্গে জুটি না বাঁধার কারণ জানালেন ভাগ্যশ্রী,Positive,0
ফরিদপুরের আটরশির ওরসফেরত গাড়ির চাপে এ পরিস্থিতির সৃষ্টি হয়েছে এসব গাড়িকে দুতিন ঘণ্টা লাইনে দাঁড়িয়ে ফেরির জ,Negative,1
ফ্রি চিকিৎসা পরামর্শ সুবিধা নিয়ে কেয়ার বক্সের যাত্রা শুরু,Positive,0
পোষাক বা পর্দা এগুলো প্রত্যেকটা দেশের নিজস্ব রীতি বা সংস্কৃতি যা বিবর্তনের মাধ্যমেই অগ্রসর হবে এখানে অন্য দের জোর খাটানোর কিছু নেই বরং নারীদের শিক্ষা ও কাজ যেন নিশ্চিত হয় সেটাই গুরুত্ব পাওয়া উচিৎ,Positive,0
তাতে তোদের মত সাংবাদিকের বিচিতে লাতি পরছে মনে হয়,Negative,1
৩ হাজার কনস্টেবল নিয়োগ আবেদন করবেন যেভাবে,Positive,0
কারণ না আমি পুরো সমাধান দিয়ে দিচ্ছি ৮ম শ্রেনীর পর থেকে প্রচলিত শিক্ষাব্যবস্থা বন্ধ করে দিন বাধ্যতামূলক বাস্তবমুখী শিক্ষা ব্যবস্থা চালু করতে বলুন যেখানে পুঁথিগত শিক্ষার প্রাধান্য কম থাকবে কিন্তু সত্যিকার অর্থেই প্রত্যেককেই উদ্যোগী করে তুলতে সক্ষম হবে জানি এটা সহজ বিষয় নয় কিন্তু শক্ত হাতে সুপরিকল্পিত ভাবে ব্যবস্থা নিতে হবে তবে সবাই আবার কর্মমূখী শিক্ষার প্রতি আগ্রহী হবে না যেমন যারা শিক্ষকউকিলজজ হতে চান তাদের জন্য বিশেষ বিবেচনায় ঐ গলদগলনউদগীরণ শিক্ষাব্যবস্থা থাকবে,Positive,0
স্বাস্থ্যের গাড়িচালক মালেকের ৩০ বছর কারাদণ্ড,Negative,1
বিভিন্ন সাধারণ ধারার স্কুল ও মাদ্রাসায় ৪৭১টি এমপিওভুক্ত ট্রেড ইনস্ট্রাক্টর পদের প্রার্থীদের নিয়োগ সুপারিশ করা হ,Positive,0
সাংবাদিকদের বিরুদ্ধে মামলার প্রতিবাদে মিরপুরে মানববন্ধন,Positive,0
ফিলিপাইনে বঙ্গবন্ধুর স্মারক খামবিশেষ ডাকটিকিট অবমুক্ত,Positive,0
রাত ৯টায় বাংলাদেশ,Positive,0
ইসরায়েলফিলিস্তিন গাজায় সাম্প্রতিক সংঘাতে যুদ্ধাপরাধ হয়েছে বলে প্রতীয়মান,Negative,1
নাটক এর জন্য বাংলাদেশ বিখ্যাত,Negative,1
পাসপোর্ট দালালদের এজেন্ট হিসেবে নিয়োগ দেবে স্বরাষ্ট্র মন্ত্রণালয়,Positive,0
বার্তা হলো দুর্নীতিবাজরা দুর্নীতি করো কোন সমস্যা নাই কোনো না কোনো অজুহাতে তোমাদেরকে পার করে দেয়া হবে,Negative,1
চিড়িয়াখানায় দর্শনার্থীদের দেখানো হলো হাতির ফুটবল খেলা,Positive,0
প্রথম ১২ সপ্তাহে দুশ্চিন্তাজনিত মাথাব্যথা আর মাইগ্রেনটা বেশি হয় আগে মাইগ্রেন থাকলে ধরন পাল্টায় হরমোনজনিত বা বমি,Positive,0
কোভিড ভ্যাকসিন বনের বানর দিয়ে বঙ্গভ্যাক্স ট্রায়ালের ঝুঁকি ও নৈতিকতা নিয়ে প্রশ্ন,Negative,1
কর্মক্ষেত্রের সাথে যায় এমন শিক্ষা ব্যবস্থা গ্রহণ করলে প্রাইভেট সেক্টরগুলোতেও শিক্ষার্থীদের ঝোঁকটা বাড়তে পারতো আমার কথাই বলি প্রাণিবিদ্যায় পড়াশোনা করার পর যদি কোন প্রতিষ্ঠান থেকে যেমন ধরুন মৎস্য চাষ প্রশিক্ষণ গবাদিপশু পালন প্রশিক্ষণ বা এধরনের কোন প্রতিষ্ঠানে প্রশিক্ষণ গ্রহণের পর বিভিন্ন সরকারি বেসরকারি প্রতিষ্ঠানে নিয়োগ পেতাম তাহলেই সিস্টেম ঠিক হতে পারতো,Positive,0
কর্মমুখী শিক্ষা উদ্যেগক্তা তৈরী করতে হবে,Positive,0
রাজশাহী জেলা পরিষদের নবনির্মিত ভবনের উদ্বোধন,Positive,0
আফগানিস্তানের ভয়াল স্মৃতি পেছনে ফেলে দেশে ফিরেছেন ৬ প্রকৌশলী,Positive,0
সিএনজি দিয়ে চালানো হচ্ছে গাড়ি আর বাসা বাড়ির জন্য কিনতে হচ্ছে সিলিন্ডারের গ্যাস বিশ্বে আর কোন দেশে সিএনজি গ্যাসে গাড়ি চালানো হয় না তেল দিয়েই গাড়ি চলে,Positive,0
পশ্চিমবঙ্গে বিধানসভা নির্বাচনে ৪র্থ ধাপের ভোট চলাকালে সংঘর্ষ কোচবিহারে পুলিশের গুলি,Negative,1
সত্য বলার অভ্যস করতে হবে,Positive,0
আফগানদের উড়িয়ে দ্বিতীয় জয় বাংলাদেশের,Positive,0
গভীর শ্রদ্ধা ও সমবেদনা জানাচ্ছি নিহত পরিবারের আজ সেই ভয়াল ৯১১ ধিক্কার জানায় জারা নিরীহ মানুষের উপরহামলা চালিয়ে ছিলো,Positive,0
ছোটসোনামণিরা অতি উচ্ছ্বাসিত হয়ে আবেগে গা ভাসিয়ে দিয়ো না স্বাস্থ্যবিধ ি মেনে চলো বাচ্চারা,Positive,0
রোগবালাই যেমন আছে তেমনি আছে উপশমের উপায় স্বাস্থ্য ও বিভিন্ন রোগ নিয়ে পাঠকের পাঠানো প্রশ্নের উত্তর দিয়েছেন বিশে,Positive,0
বঙ্গোপসাগরে গভীর নিম্নচাপে বাড়তে পারে বৃষ্টি,Negative,1
কারিগর তৈরি করে মধ্যপ্রাচ্যে কর্মি পাঠাতে এই শিক্ষানীতি বেশ কাজে লাগবে তবে সর্বোচ্চ মেধাবীরা এতে ক্ষতিগ্রস্ত হবে কারিগরির পাশাপাশি বিজ্ঞানমনষ্ক জাতি গঠন করতে হবে এতে বৃহৎ মঙ্গল হবে দেশের,Positive,0
আবারও আইসিইউতে পেলে,Negative,1
সেই যুবকের রূপে মুগ্ধ হয়ে দাম জিজ্ঞেস না করেই এক প্লেট মাছ অর্ডার করে,Positive,0
শিক্ষা কার্যক্রম যেহেতু বন্ধ করছেনা তাহলে সমস্যা কোথায়,Positive,0
ঢাকা টাঙ্গাইল দিনাজপুর সিলেট নীলফামারীসহ বিভিন্ন জেলায় ভূমিকম্প অনুভূত রিখটার স্কে,Negative,1
কন্ট্রোলরুমে আগুন শেরপুরে টেলিযোগাযোগ বন্ধ,Negative,1
মাশাল্লাহ যুগান্তকারী পদক্ষেপ অভিনন্দন জানাই তালেবানকে,Positive,0
করোনা ভাইরাস যুক্তরাজ্য থেকে বাংলাদেশে আসা যাত্রীদের বাধ্যতামূলক কোয়ারেন্টিন শুরু,Positive,0
ওদের নিজেদের ষ্ট্যাণ্ডার্ড বাড়াতে হবে,Positive,0
মানিকে মাগে হিতে জনপ্রিয় গানটি সামাজিক যোগাযোগ মাধ্যমে সম্প্রতি ব্যাপক সাড়া ফেলেছে ভাইরাল হওয়ার পেছনের গল্প,Positive,0
ইহুদীদের কাছ থেকে টাকা খেয়ে এসব অপ্প্রচার চালাইতেছে দলাল এসব মিডিয়া ইসরাইলের ইহুদি বাদীরা প্রতিদিন ফিলিস্তিনিদের কে হত্যা করছে এসব হলুদ মিডিয়া তা প্রকাশ করে না এরা ইসলামের পেছে লেগে আছে,Negative,1
হল খোলার তারিখ ঘোষণা করল ঢাকা কলেজ,Positive,0
পরীমণিকে নিয়ে বাংলাদেশ চলচ্চিত্র শিল্পী সমিতির ভূমিকা নিয়ে চিত্রনায়ক শাকিব খানের সমালোচনা পর সমিতির সাধারণ সম্পা,Negative,1
ঢেঁড়সের কেজি ৮০০ টাকা,Negative,1
সাভারের রানা প্লাজা ঝাকুনি দিয়ে যে ভাবে ভেঙ্গেছে যেমন সত্য হাতুড়ি শাবল দিয়ে আশ্রয় প্রকল্প ভেঙ্গেছে তেমনি সত্য,Positive,0
আমেরিকার নির্বাচন ২০২০ ষড়যন্ত্র তত্ত্ব নভেম্বরের প্রেসিডেন্ট নির্বাচনে কতটা প্রভাব ফেলবে,Negative,1
সরকারের কথা চামারে ও বিশ্বাস করেনা এখন ও ঘণ্টার পর ঘণ্টা বিদ্যুৎ তাকেনা গ্রাম অঞ্চলে,Negative,1
বিশ্বকাপে তামিমের বাজি ভারতপাকিস্তানে,Positive,0
বিশ্বে করোনায় একদিনে আরও ৭ হাজারের বেশি মৃত্যু,Negative,1
এই বৈষম্য শুধু বিদ্যুৎতে নয় হাজারো বৈষম্যের শিকার দেশের সিংহভাগ মানুষ গ্রামে বাস করে অথচ এই মানুষ গুলোর জীবন যাত্রা মানের হিসাবেই নাই রাতে শান্তিতে একটু ঘুমাবে সেখানোও চরম বৈষম্যের শিকার ধন্যবাদ বিবিসি কে যে তারা একটা বস্তূনিষ্ঠ সংবাদ প্রকাশ করার জন্য বর্তমানে বিদ্যুৎ একটা জীবনের অংশ হিসেবে বিবেচিত বিষয় তাই এই অবহেলিত জনগোষ্ঠীর জীবন যাত্রার মান আরো একটু উন্নত করার জন্য যাথাযথ কর্তৃপক্ষের দৃষ্টি আকর্ষণ করছি ভাই আমাদের প্রত্যেকেরি শিকর কিন্তু গ্রামেই তাই কোন যুক্তি তর্ক না করে আমাদের এই অসহায়ত্বের কথা বিবেচনা করে ঘন্টার পর ঘন্টা বিদ্যুৎ না থাকার বিষয়টি বিবেচনায় আনার জন্য আবারো অনুরোধ জানাচ্ছি,Negative,1
এলএসডিডিএমটিসহ গ্রেফতার ৪ শিক্ষার্থী রিমান্ডে,Negative,1
ভারতবাংলাদেশের সম্পর্ক নতুন উচ্চতায় পৌঁছেছে ড হাছান,Positive,0
আমাদের দেশ ও নামে গনতন্ত্র মিছিল মিটিং করলে পাখির মতো গুলি চালায় মিথ্যা মামলা হয়রানি ত্য ফ্রী,Negative,1
করোনায় আরো ৭৭ জনের মৃত্যু মোট প্রাণহানি ১১ ৩০৫ নমুনা পরীক্ষা ২৮ ২০৬ নতুন রোগী ২,Negative,1
তালেবানের ভয়ে পালালেন আফগান পপস্টার আরিয়ানা,Negative,1
আজ বিশ্বে অন্যতম স্কুলবন্ধের রেকর্ড সাফল্য পূরণ করে শিক্ষা প্রতিষ্ঠান চালু করা হয়েছে ইতিমধ্যেই মাননীয় শিক্ষামন্ত্রী হুমকি দিয়ে রেখেছেন সংক্রমণ বাড়লে আবারও শিক্ষা প্রতিষ্ঠান বন্ধ করে দেওয়া হবে সুতরাং ওহে বাংলাদেশের স্কুল কলেজ ও মাদ্রাসার সুবোধ তালেবরা তোমরা কোন প্রকার আন্দোলনের হুমকি দিওনা তাইলে কিন্তু করোনা সংক্রমন বাইড়া যাইবো ফলে আবারও হেই লকডাউন শিক্ষা গোল্লায় যাক ক্ষমতা চিরস্থায়ী হোক,Negative,1
কেনো ভারতের সঙ্গে তো বাংলাদেশের স্বামী স্ত্রীর সম্পর্ক থাপড়াইয়া কান ফাটাইয়া দেয় ইলিশ আম উপহার দিয়ে সম্পর্ক বজায় রাখেন,Negative,1
সে কারনে ব্যাংক সেই ছেরা টাকা দিলে চেনজ দেয়না,Positive,0
শিক্ষার কদর নাই,Negative,1
শিক্ষার্থীরা আগামী ১ সেপ্টেম্বর থেকে চূড়ান্ত আবেদন করতে পারবেন,Positive,0
চোরের মেয়ের বড় গলা চোর শেখ হাসিনা,Negative,1
দেখ মানুষ হয়ে ওরা কি করতেছে,Negative,1
বাংলাদেশের দত্তক শিশু বেবি নাম্বার টুটুসিক্স যেভাবে আমার হলো,Positive,0
ভারতে অনেক জীবিত মানুষকে মৃত হিসেবে নিবন্ধিত করে তাদের সম্পত্তি হাতিয়ে নেয়ার অনেক ঘটনা ঘটছে বিস্তারিত পড়তে পারে,Negative,1
আমরা এমন দেশের মানুষ আবার আফগানিস্তানের নিয়ে উদিগ্ন,Negative,1
তালেবান আফগানিস্তানের ক্ষমতা দখলের পর বড় প্রশ্ন হয়ে দাঁড়িয়েছে দীর্ঘদিনের মিত্র সন্ত্রাসী সংগঠন আলকায়েদার স,Negative,1
অযোগ্য ব্যাক্তি যখন যোগ্যতার আসনে বসে তখন তাদের কাছে এর থেকে ভালো কিছু আশা করা যায় না,Positive,0
ঘটনাটি ঘটেছে যুক্তরাষ্ট্রের উইসকনসিনে,Negative,1
বেশ্যার ছেলে তোদের মত তো মামী নিয়ে নস্টি পুষ্টি আমরা করিনি তোদের ভারতে কাশ্মীর মুসলমানদের হাজার হাজার মুসলমানকে হত্যা করতে করেছিস রোহিঙ্গাদের কে হত্যা করার জন্য ষড়যন্ত্র করছিস বাংলাদেশ প্রতিদিন সীমান্তে মারিস এটাকি উগ্রবাদী নয়,Negative,1
স্বাস্থ্যবিধি মেনে চলার আহ্বান প্রধানমন্ত্রীর,Positive,0
বৃষ্টিপাত বাড়বে সিলেটময়মনসিংহচট্টগ্রামে,Negative,1
বঙ্গবন্ধুর শাহাদাতবার্ষিকী পালনে প্রস্তুত সমাধিসৌধ,Positive,0
বাংলা সংক্ষেপে বলি যতটুকু কর্মসংস্থান আছে সেখানোও দূর্নীতি আপনি হইত অবশেষে বলবেন আংশিক দূর্নীতি আর আংশিক দূর্নীতি কেন জানেন তারা দূর্নীতি ভুক্তভোগী ছিল আপনি হইত শেষ পরামর্শ বলবেন উদ্যোক্তা হতে পড়তে পড়তে ক্লান্ত এত বছর পেরিয়ে আবার নতুন কঠোর পরিশ্রম যেখানে পড়ালেখা র ব্যর্থ তা প্রতিনিয়ত গ্রাস করে আপনি সান্তনা দিয়ে বলবেন পড়ালেখা করতে করতে উদ্যোক্তা হতেআসল বিষয় আপনি বিপক্ষে অবস্থান করলে নানান অজুহাত দিবেন এজন্য আপনার ই এর সমাধান বের করেন যেহেতু সমস্যা আপনার দের নজর কেড়েছে,Negative,1
আফগান জনগণকে তালেবানের হাতে ছেড়ে দিয়ে দেশ থেকে পালিয়ে যাওয়া আশরাফ গনি আগে থেকেই তাঁর সন্তানদের নিরাপদ জীবন নি,Positive,0
সাতক্ষীরা সীমান্তে দুই ভারতীয়সহ ১১ জন আটক,Negative,1
মিরপুরে বৃষ্টি ধানমন্ডিতে রোদ,Negative,1
শুধু মাত্র রাজনৈতিক কারণে ঘুস না দিতে পারলে চাকরি করা বা শিক্ষিত লোকেরা দিন দিন বেকারত্ব বেড়ে যাবে,Negative,1
আমার মেয়েকে শেখাব মাথা নত করে না চলতে নুসরাত,Positive,0
১৩ সেপ্টেম্বর সারপ্রাইজ দিবেন মাহিয়া মাহি,Positive,0
সাংবাদিকেরা ভেঙ্গে আবার ওরাই মিডিয়ায় শিরোনাম করেছে,Negative,1
রাজমিস্ত্রির দৈনিক মজুরি ৯৪০ টাইলস মিস্ত্রির ১ ১০৫ টাকা,Positive,0
ধনীরা এ সংকটে অসহায়দের পাশে দাঁড়ান ওবায়দুল কাদের,Positive,0
জটিল ছবি,Positive,0
অবকাশকালীন ছুটি বাতিল সেপ্টেম্বরে খোলা থাকবে সুপ্রিম কোর্ট,Positive,0
অন্যের মুখপেক্ষি হয়ে নয় ভবিষ্যৎ গড়ার কাজে ব্যস্ত রোহিঙ্গারা,Positive,0
চীন কি তার অর্থনীতিকে আরো সবুজ করে তুলতে এক বিরাট পদক্ষেপের জন্য তৈরি,Positive,0
এমন অত্যচার আল্লাহ সয্য করবে না,Positive,0
বাংলাদেশের মাইনুল আহসান এর পাগলামির জন্য এ ধরনের পুরস্কার তার পশ্চাতদেশে প্রদান করা উচিত,Negative,1
ইভ্যালির সিইও মো রাসেলের বাসায় র্যাবের অভিযান গুলশান থানায় স্ত্রীসহ রাসেলের বিরুদ্ধে অর্থ আত্মসাৎ মামলা,Negative,1
বিজেপি কি মুসলিম তারা যানে মিথ্যা দলের জন্য খরচ করা বোকামি তাই করেনি,Negative,1
প্রধানমন্ত্রীর বয়স হয়েছে দেশ চালায় এখন প্রধানমন্ত্রীকে পরিবেষ্টন করে রাখা কিছু দূর্নীতিবাজ চাটুকার আমলা এমনকি মাঠপর্যায়ে আওয়ামী লীগের নেতাকর্মীরাও ভাল নেই,Negative,1
এতে প্রথমে প্রয়োজন কর্মমুখী শিক্ষা দ্বিতীয়ত প্রয়োজন সরকারের প্রতিশ্রুতি রক্ষার্থে ঘরে ঘরে চাকরি বাস্তবায়ন করা চাকরি বাণিজ্য বন্ধ করে সরকার সহস্থে ঘুস বিহীন চাকরির ব্যবস্থা করলে আমি মনে করি এ বেকারত্ব হ্রাস পাবে,Positive,0
বট গাছের ডালে মধ্যবয়সী নারী নামাতে লাগলো ফায়ার সার্ভিস,Negative,1
ডেন্টাল ভর্তি পরীক্ষার ফল প্রকাশ,Positive,0
জামদানী ঘিরে একটি পল্লী একজন ছেলের স্বপ্ন ও বিশ্ববাজারে জামদানীর বিস্তার নিয়ে,Positive,0
যে দেশের মন্ত্রী বলতে পারে ধাক্কা দিয়ে বিল্ডিং ফেলে দিছে সে দেশের প্রধানমন্ত্রী যদি বলে বলে নিজেদের জন্য বানানো ঘর নিজেরাই হাতুড়ি শাবল দিয়ে ভেঙে দিয়েছে এতে অবাক হওয়ার কিছুই নেই,Negative,1
আইনমন্ত্রী বলেন বাংলাদেশের রাজনীতিকে পাকিস্তানীকরণের যে উদ্দেশ্য বিএনপির ছিল সেটা ধুয়ে মুছে শেষ না হওয়া পর্যন্ত,Negative,1
আমি মনে করি আমাদেন পড়াশোনার পাশাপাশি বিজনেস করতে হবে অর্থ জোগানের জন্য কারিগরি শিক্ষার প্রসারের সাথে কর্মসংস্থানের ব্যবস্থা করতে হবে,Positive,0
কি করবা সরকারের ম্যানুফ্যাকচারি ং প্রোডাক্ট নিয়োগ দিয়েছে এতে দোষের কিছু না,Negative,1
প্রথম বাংলাদেশি হিসেবে নির্বাচন করছেন শাহাবুদ্দিন মিয়া,Positive,0
বিএনপির লোকজনদের গ্রেফতারের এত পায়তারা চলতেছে,Negative,1
গ্রেনেড হামলার দায় খালেদাকেও বহন করতে হবে হানিফ,Negative,1
কিছু আফগানের পিঠে পশ্চিমা ভূত চেপেছে,Negative,1
আবার ও কর্মবিরতির হুমকি দিয়েছে ট্রাকলরি মালিকরা,Negative,1
একজন অপরজনকে দেখামাত্রই হাসি দিয়ে জানতে চাইছেএত দিন পর দেখা কী খবর বল কেমন ছিলি এত দিন,Positive,0
৯ লাখ প্রবাসী এসেছে তবু আমরা ভালো আছি,Positive,0
বৈষিকভাবে আমরা সিটকে পড়ছি দিনদিন,Negative,1
বহুত ডুবাইছোস এখন বাসায় চল,Positive,0
তাই দলের সবাইকে কোয়ারেন্টিইনে রাখা হয়েছে করতে পারছেন না অনুশীলনও বিস্তারিত নিউজে,Positive,0
অস্ত্র মামলায় পাপিয়া এবং তার স্বামীর ২৭ বছরের কারাদণ্ড,Positive,0
বেকার হওয়া সত্ত্বেও আমরা যারা কিশোর তাদের কাছে বেশ সমীহ আদায় করে নিয়েছিলেন মজনু মামা যে কাউকে এক ফুঁয়ে উড়ি,Positive,0
ব্রেকিংনিউজ পরীমণিকে বারবার রিমান্ডে নেওয়ার বৈধতা চ্যালেঞ্জ,Negative,1
নৈতিক শিক্ষার পাশা পাশি যুগের সাথে তাল মিলিয়ে বাস্তব মুখি শিক্ষা অর্জন করলে আমরা বেকারত্ব থেকে মুক্তি পেতে পারি আমাদের পড়াশুনার সাথে চাকরির পড়ার কোন সম্পর্ক নাই আমি চার বছর বিজ্ঞান নিয়ে পড়লাম আর চাকরি ক্ষেত্রে বিসএস দিয়ে হয়ে গেলাম প্রশাসনিক ক্যাডার এ ভাবে চলতে থাকলে আমাদের পরিবর্তন হবেনা তাই আমাদের উচিত হবে শিক্ষাকে অতি গুরুত্ব দিয়ে ইতিহাস শিকার পাশাপাশি কর্মমুখী শিক্ষার প্রসার করতে হবে,Positive,0
অবশেষে রিজেন্ট গ্রুপের চেয়ারম্যান মো সাহেদের প্রতারণার মামলায় স্বাস্থ্য অধিদপ্তরের সাবেক মহাপরিচালক ডিজি,Positive,0
কৃষ্ণ সাগরে রাশিয়াব্রিটেনের বিবাদের কী ফল হতে পারে,Negative,1
ফালতু কথা,Negative,1
লক্ষ্মীছড়িতে ৬ সেতুর কাজ বন্ধ জনদুর্ভোগ চরমে,Negative,1
জাতীয় নির্বাচনে অংশ নিতে বিএনপির চার শর্ত,Positive,0
পুরান ঢাকা মেতে উঠেছে সাকরাইন উৎসবে ছাদে ছাদে ঘুড়ি ফানুস গানবাজনা আতশবাজি আর খানাপিনার মধ্য দিয়ে উদযাপিত হচ্,Positive,0
আজকেও ঢাকা মিরপুরে পাঁচবার গেল,Negative,1
জাপার সংসদ সদস্য মাসুদা রশিদ আর নেই,Negative,1
আমেরিকার নির্বাচনে ট্রাম্পের পরাজয় বিশ্বের দক্ষিণপন্থী ও জাতীয়তাবাদী কঠোর নেতাদের জন্য কী অর্থ বহন করে,Positive,0
ফাইজারের টিকা দেওয়া শুরু,Positive,0
মাদরাসা থেকে তিন ছাত্রী নিখোঁজ,Negative,1
লঞ্চের পরিচালকে পানিতে ফেলে দেওয়া হোক,Negative,1
যোগীর গোবর খেয়ে মাথা নস্ট হয়ে গেছে,Negative,1
৯১১ এই হামলা আমেরিকা নিজেই ঘটিয়েছে সারা বিশ্ব এখন যানে ওই হামলা আমেরিকা একটা সাজানো নাটক ছিলো কারন বাহির থেকে আসে আমেরিকা মত একটি রাষ্ট্রে হামলা করা সহজ নয় আমেরিকা গোয়েন্দা সংস্থার কাছে যে প্রজকতি আছে তারা আগেই টের পেয়ে যাবে,Negative,1
বাংলাদশ সরকার,Negative,1
ঈদুল আজহায় শেকড়ের টানে বাড়ি ফিরছে মানুষ এতে করে ঢাকাটাঙ্গাইলবঙ্গবন্ধু সেতু মহাসড়কে বিস্তারিত নিউজে,Positive,0
জনগণের জীবনমান উন্নয়নে সংসদীয় কার্যক্রম জোরদার করতে হবে স্পিকার,Positive,0
নীতিমালা মেনেই শিক্ষাক্রম যুগোপযোগী হবে প্রধানমন্ত্রী,Positive,0
সত্যি ইদানিং গ্রামে লোডশেডিং খুবই বেড়ে গেছে গরমে চরম অবস্থা হয়,Negative,1
ডিএনসিসিতে ৪৮০৬ কোটি টাকার বাজেট পাস,Positive,0
পাকিস্তানে তালেবান হামলায় ৩ সেনা নিহত,Negative,1
শিক্ষামন্ত্রী দীপু মনি জানান পরিস্থিতি দেখে পরবর্তী সিদ্ধান্ত নেয়া হবে বিস্তারিত জানতে পড়ু,Positive,0
হেলপার হয়ে বাস মালিককে ব্ল্যাকমেইল,Negative,1
বিবিসির কাজ তালেবান হামাস বা ইসলামি সংগঠনকে সব সময় সন্ত্রাস দাবি বলা,Negative,1
রাজশাহীতে মেডিকেল শিক্ষার্থীদের মারধরের ঘটনায় গ্রেফতার ২,Negative,1
পরীমনিকে কারাগার থেকে নিতে তাঁর খালু জসীমউদ্দিনসহ সাতআটজন স্বজন এসেছেন,Positive,0
হোটেলে থাকেননি এমন মানুষ খুঁজে পাওয়া কষ্টকর একটু লক্ষ করলেই দেখা যায়,Positive,0
ব্যাংক কর্মকর্তারা নির্ধিধায় প্রতি ১০০টি নোটে একাধিক পিন আঠা দিয়ে ব্যাংকের নিজস্ব টোকেন টোকেনসহ টাকার উপর সীল এবং নির্বিচারে নোটের সংখ্যা ঘেচাং ঘেচাং করে লিখতে থাকে এগুলোতে টাকা ছিড়ে যাওয়াসহ টাকার আসল চেহারাই হারিয়ে যায় পরবর্তীতে ওই ব্যাংকওলারাই আবার টাকা নেওয়ার সময় ছেড়ানোট বেছে বেছে গ্রাহককে বলে পরিবর্তন করে দিতে যদিও ছেড়াফাটা নোট নেওয়া হয় ব্যাংকে লেকা রয়েছে যদি তাদের এ বিষয়ে বলা হয় তারা বলে এগুলো নেওয়া হয় তবে যে প্রসেসিং বলে তা অনেক জটিল সুতরাং আজ থেকেই বন্ধ হোক এই অবাঞ্চিত ব্যবহার,Positive,0
প্রতিবেশী দেশের চোরাকারবারীদের সঙ্গে যোগসাজসে,Negative,1
তোফায়েল আনিসুল সহ অনেক নেতারা দিল্লিতে অসুস্থতার নাম দিয়ে গেছে কিন্তু সেখানে অন্যকারনে গেছে তারপর প্রধানমন্ত্রী এখন খুব জটিল রোগে আক্রান্ত অজানা আশংকা ভর করেছে অথছ এই মহিলাটা এখনো মিথ্যা অনর্গল বলেই যাচ্ছে যাদের কে ঘর দিয়েছে তারাদের কথা সহ ভিডিও আছে কে হাতুড়ি আর সাবল দিয়ে ভাংচুর করেছে,Negative,1
কিশোরীকে চেয়ারম্যানের বিয়ের ঘটনা তদন্তে হাইকোর্টের নির্দেশ,Positive,0
ইরাক কারা ধ্বংস করেছে সিরিয়া কারা ধ্বংস করেছে নিশ্চয়ই গণতন্ত্রের লেবাসধারী উন্নত রাষ্ট্র গুলো এই ধ্বংসযজ্ঞ চালিয়েছে গণতান ্ত্রিক দেশ গুলোতে,Positive,0
ছাত্র ও যুব অধিকারের ২০ নেতাকর্মীর জামিন,Positive,0
হাগল অই যাইবো কিছুদিন পর,Negative,1
মানুষ হইতে পাঠাচ্ছি স্কুলে বাংলার সাংবাদিক হইও না,Negative,1
উন্নতমানের পিপিইর জন্য বাংলাদেশকে ধন্যবাদ যুক্তরাষ্ট্রের,Positive,0
তিউনিসিয়া কোভিড ইস্যুতে বিক্ষোভের জেরে প্রধানমন্ত্রী হিচেম মেচিচি বরখাস্ত পার্লামেন্ট স্থগিত,Negative,1
তৃতীয় স্বামীর সঙ্গেও সংসার করা হচ্ছে না নায়িকার তবে আগামী আগস্টের আগে বিস্তারিত নিউজে,Negative,1
আরটিভিতে দুই পদে নিয়োগ বিজ্ঞপ্তি,Positive,0
সূচকের বড় উত্থানে পুঁজিবাজারে লেনদেন বেড়েছে,Positive,0
হাতুরি শাবল সংরক্ষণ করে রিমান্ডে নেওয়া হউক,Positive,0
কোনো পরিকল্পনা নাই খালি উৎপাদন এইদিকে বিদ্যুতের জ্বালায় রাতে ঘুমাতে পারি না গ্রাম এ বিদ্যুতের অবস্থা শোচনীয়,Negative,1
করোনায় একদিনে আরও ৬৭ জনের মৃত্যু,Negative,1
দেশে শাটডাউনের প্রস্তুতি আছে সরকারের জনপ্রসাশন প্রতিমন্ত্রী সংক্রমণ নিয়ন্ত্রণে গত,Positive,0
দেশব্যাপী সতর্কতা জারির মধ্যেই ঘটলো এই ঘটনা,Negative,1
চোরের পক্ষে,Negative,1
নিলামে অংশ নিয়ে সর্বোচ্চ দরদাতা হিসেবে চান্দু মোল্লা মাছটি কিনে নেন,Positive,0
কঠোর লকডাউনের মধ্যে ঢাকার রাস্তায় যানজট বিবিসি বাংলার খবর পড়ুন,Negative,1
দেখুন সালমান শাহর ঘটনার নতুন বক্তব্য,Positive,0
দুঃখজনক বিবৃতি,Negative,1
বাংলাদেশের দআফ্রিকা সফরের চূড়ান্ত সূচি প্রকাশ,Positive,0
বিপাকে কর্মজীবি মানুষ সপ্তাহজুড়ে বৃষ্টির পূর্বাভাস আবহাওয়া অফিসের,Positive,0
সিরিজের দ্বিতীয় ওয়ানডেতে টস জিতে বাংলাদেশের বিপক্ষে ব্যাটিং নিয়েছে জিম্বাবুয়ে,Positive,0
বসুন্ধরা হাউজিং,Positive,0
অন্যন্যা দেশের মানুষ রোবট তৈরি করে আমরা মুখস্থ করি করে রোবট সুফিয়া তৈরি করলো কবে দেশে আনা হলো অন্য দেশের ছাত্ররা কিভাবে করোনা ভ্যাকসিন আবিষ্কার করা তাই নিয়ে গবেষনা করে আর আমরা কোথায় থেকে করোনার উৎপত্তি কবে কয়জন মারা গেল কে ভ্যাকসিন তৈরি করলো,Positive,0
নারী শিশু অধিকারের নামে হাজার হাজার নারী শিশু হত্যা করা হয়েছে,Negative,1
সৌদির শাসকরা যেমন ছিলো তেমনি আছে আর এই সমস্ত বুড়া বাইডেন বুইডেন পাঁচ বছর পর পর যাবে আর আসবে,Negative,1
হবিগঞ্জে স্কুলছাত্রীকে কুপিয়ে হত্যা বড় বোন আটক,Negative,1
করোনায় শিক্ষাপ্রতিষ্ঠান বন্ধের সময় ৩ অক্টোবর পর্যন্ত বাড়ল শিক্ষা মন্ত্রণালয়,Positive,0
এগুলো প্রোপাগান্ডা উল্টো ভারত বিমান হামলা করছে,Negative,1
১০০ বিদ্যুৎ এর আগে গ্রামের দিকের মোবাইল নেটওয়ার্ক উন্নত করুন,Positive,0
ব্যাগ মানিব্যাগ চাবির রিং ঘড়ি সব তৈরি হচ্ছে মাছের চামড়া দিয়ে,Positive,0
২০২১ সালের এইচএসসি পরীক্ষার্থীদের ফরম পূরণের সময় আবার বাড়ল নতুন সময়সূচি অনুযায়ী,Positive,0
জেনারেল এরশাদ বাংলাদেশে চল্লিশ বছর আগে একজন জেনারেলকে হত্যার এক মামলা থেকে প্রয়াত রাষ্ট্রপতিকে অব্যাহতি,Positive,0
অনেক কারণ সর্বঅঙ্গে ব্যাথা ঔষুধ দিবো কোথা,Negative,1
আমেরিকা নির্বাচন ২০২০ সুপ্রিম কোর্টে ট্রাম্প সমর্থিত ফল বদলানোর মামলা খারিজ,Positive,0
বড় বড় চোরদের পক্ষ থেকে অভিন্দন,Negative,1
কাস্টমস কর্মকর্তাবন্দর সচিব পরিচয়ে প্রতারণা করতেন তারা,Negative,1
চীনকে ঠেকাতে যুক্তরাষ্ট্র যুক্তরাজ্য এবং অস্ট্রেলিয়ার নিরাপত্তা চুক্তি,Negative,1
থানার ভারপ্রাপ্ত কর্মকর্তা ওসি পরিচয়ে ব্যবসায়ীর কাছে দুই লাখ টাকা চাঁদা দাবির অভিযোগে চট্টগ্রামে প্রতারক চক্রের,Negative,1
নতুন বিনোদনের চমক অপেক্ষা করছে,Negative,1
হায়রে বিবিসি তোরাও তো মানুষের কথা বলে সরাসরি সম্প্রচার করেছ যে কি মাএায় দুর্নীতি হয়েছে আর এখন বিশ্ব মিথ্যাবাদীর কথা গুরুত্ব দিয়ে ছেপে বাকশালী দালাল বলেই আরও বেশি প্রমাণ করলি পাল্টা প্রশ্ন করে ওর মুখোশ খোলার চেষ্টাও করলি না,Negative,1
মেসিকে তুলে নেওয়ার কারণ জানালেন পচেত্তিনো,Positive,0
করোনা ভাইরাস কঠোর বিধিনিষেধের সময়সীমা আরও এক সপ্তাহ বাড়লো,Positive,0
পুরুষ টেস্ট ক্রিকেটের ইতিহাসে প্রথমবারের মতো একজন নারী ম্যাচ অফিসিয়াল দায়িত্ব পালন করছেন এ সপ্তাহের খেলাধুলার আ,Positive,0
ইভ্যালির টাকা ফেরত পেতে প্রধানমন্ত্রীর হস্তক্ষেপ চান ভুক্তভোগীরা ভিডিও,Positive,0
আসলে প্রকৃত পক্ষে আমরা দেশকে কেউই ভালবাসি না বিশ্বাস না হলে একটু ভাল করে ভেবে দেখবেন আমরা সবাই শুধু মুখে মুখে চাপা মারি কিন্তু আসলে আমরা কার্যসাধ্য হাসিলের জন্য সবাই অভিনয় করি,Negative,1
তারমানে সরকারের দুর্নীতির বিরুদ্ধে যে কথা বলবে তার তালিকা হবে,Negative,1
ভালো আছে টুনা মাছ বিলুপ্তির পথে কমোডো ড্রাগন আইইউসিএন,Negative,1
দিনাজপুরে মাছেলেকে অপহরণ করে মুক্তিপণ দাবি জড়িত অভিযোগে সিআইডির একাধিক কর্মকর্তা আটক,Negative,1
আম্মাজান হাসিনা কছুদিন পরে বলবেন বিএনপির জামাতের লোক হাতোড়ি শাবল দিয়ে বুথ ডাকাতি করেছে,Negative,1
ইতিহাসের সাক্ষী আরব বিশ্বের প্রথম নারী পাইলট লতফিয়া এলনাদি,Positive,0
১২ হাজার ইয়াবাসহ গ্রেফতার ৩,Negative,1
আফগানিস্তানে নতুন মন্ত্রিসভার বাকি পদগুলোয় নিয়োগ দিয়েছে তালেবান,Positive,0
নতুন কমিশন বিনিয়োগকারীদের আস্থা বাড়াতে ভূমিকা রেখেছে,Positive,0
সৌরজগত বলে কিছু নেই সবই আল্লাহর সৃষ্টি ইতি পায়ু সেনা,Negative,1
সিনেমায় প্রথম কাজ করলেন নোভা ফিরোজ রনি ভৌমিকের মৃধা বনাম মৃধা ছবিতে তাঁর সঙ্গে জুটি বেঁধেছেন সিয়াম প্রথম ছবির,Positive,0
ভাইয়ের খুনে জোর করে শিশুর স্বীকারোক্তি নজরে নিলেন হাইকোর্ট,Negative,1
টিস্পোর্টসে আজকের খেলা,Positive,0
৯৯ টাকা নস্ট হয় ব্যাংক থেকে পিন মারা ফুটো করে সুতা দিয়ে বাধাই করা টাকার ওপরে সংখ্যা লেখা এগুলো ব্যাংকের প্রতিদিনের কাজ যা সকলের চোখের সামনে করা হয়ে থাকে কিন্তু এদের বিরুদ্ধে ব্যাবস্থা কে নিবে,Negative,1
এটা ভালো,Positive,0
পরিকল্পনা ও পরিণামহীন উন্নয়নের বলি হয়েছে চট্টগ্রামের অনেক ঐতিহ্য চট্টগ্রামের লালদীঘিপাড়ে অবস্থিত শতাব্দীপ্রাচীন,Positive,0
সিঙ্গাপুর থেকে আসা ফ্লাইটে নজরদারি বাড়ানো হয়েছে সব যাত্রীর স্ক্রিনিং করা হচ্ছে,Negative,1
আমাদের প্রাণপ্রিয় প্রধানমন্ত্রী শেখ হাসিনার প্রতি আমার অত্যন্ত ভালোবাসা কারণ সে বলেছে যে হাতুড়ি এবং সাফল দিয়ে ভাঙছে এই কথাটা না বলে যদি সে বলত ধাক্কা দিয়ে ভাঙছে তাহলে তো আজকে দেশের অবস্থা আরো খারাপ হতো তাই আমরা আছি নৌকার পিছে,Negative,1
কখন বুঝবে একটি দেশ ও সমাজ নষ্ট হয়ে গেছে যখন দেখবে দরিদ্ররা ধৈর্যহারা হয়ে গেছে ধনীরা কৃপণ হয়ে গেছে মূর্খরা মঞ্চে বসে আছে জ্ঞানীরা পালিয়ে যাচ্ছে এবং শাসকরা মিথ্যা কথা বলছে হযরত আলী রাঃ,Positive,0
পদ্মা সেতুতে আবারো ফেরির ধাক্কা নাশকতা নাকি দুর্ঘটনা,Negative,1
শিক্ষক নাসরিন নাহারের বয়স খুব বেশি নয় প্রাথমিক বিদ্যালয়ে শিক্ষকতা করেন কিন্তু ৩১ বছর বয়সেই তিনি কিডনির দুরারো,Positive,0
সাহসী গানের মতোই পরীমনির সব কর্মকাণ্ডকে সাহসী উল্লেখ করে তাঁর পাশে থাকার ঘোষণা দিয়েছেন এই গায়ক,Positive,0
করোনা ভাইরাস উহানের লকডাউনের এক বছর চীন কীভাবে মহামারি সামাল দিল,Positive,0
ভুয়া টিকাকার্ড দেখিয়ে ভ্রমণের চেষ্টা বানান ভুলে পড়লেন ধরা বিস্তারিত নিউজে,Positive,0
ব্রাউন বলেন আমরা এখন নতুন একটি যুদ্ধ মোকাবেলা করছি এটির অস্ত্র হলো ভ্যাকসিন পাশ্চাত্যরাই অস্ত্রের সবচেয়ে,Positive,0
আর ৯১১ এর আফগানিস্তানের পরে লক্ষ লক্ষ মানুষকে হত্যা করল আমেরিকা সেই ব্যপারে কোন পোস্ট দেখছি না নাকি তারা মানুষ নয়,Negative,1
এগুলা দালালীর মধ্যে পরে বিবিসি আগে নিউজ গুলারে পর্যবেকন করুন সত্য মিত্যা যাছায় করুন আর প্রমান সহ নিউজ করুন,Negative,1
উত্তর কোরিয়া কিম জং আনএর স্ত্রীকে এক বছর পর আবার প্রকাশ্যে দেখা গেল,Positive,0
অন্ধ উন্নয়ন ফলে,Negative,1
বস্তা পঁচা সিলেবাসই এর জন্য দায়ী,Negative,1
তাদের জন্মের পর থেকে এই দেশের জন্য তারা কি করেছে তার দুই একটা থেকে উদাহরণ দিতে পারবে কেউ বা বিএনপির লোক তারা কিছুই করনি অথচ মানুষকে বিভ্রান্ত করছে আপনারা সচেতন থাকুন সজাগ থাকুন,Negative,1
প্রতিদিন টন টন বোমা নিক্ষেপ করা ইসরায়েলের কর্মকান্ডের নিন্দা জানানোর ভাষা জাতিসংঘের আছে,Negative,1
নারায়ণগঞ্জে মসজিদে বিস্ফোরণ শেখ হাসিনা বার্ন ইনস্টিটিউটে আরো একজনের মৃত্যু সংখ্যা বে,Negative,1
করোনায় আরো ৩৮ জনের মৃত্যু মোট প্রাণহানি ১২ ৮৩৯ নমুনা পরীক্ষা ১৫ ৬১৩ ন,Negative,1
রিপলি স বিলিভ ইট অর নট,Positive,0
বাংলাদেশ ক্ষুদ্র ও কুটিরশিল্প করপোরেশনের বিসিক আওতাধীন প্রতিষ্ঠান স্কিটির এ কোর্স চলবে ৫৯ সেপ্টেম্বর,Positive,0
কানাডার প্রধানমন্ত্রী জাস্টিন ট্রুডো ভারতে কৃষক আন্দোলনকে সমর্থন করে বিতর্কে,Positive,0
নির্বাচনের প্রস্তুতি সরুপ শুরু করেছেন আর কি রাতের ভোটের জনপ্রিয় কাটাগুলো এর আওতায় আনা হবে এবং নির্বাচন অযোগ্য করা হবে খালি মাঠে উনার মেসি রোনালদো খেলবে,Negative,1
দেশের প্রায় শতভাগ মানুষ বিদ্যুৎতের আয়ত্তাধীন হচ্ছে এবার শতভাগ লোডশেডিং মুক্ত বিদ্যুৎ সরবরাহের দিকে নজর দেওয়া উচিত,Positive,0
স্নাতক পাশ করা ৯০ নারী চাকুরী করে না,Negative,1
বাংগালী ভালো মানুষ তো তাই আমাদের আবার চোর এর ভয় বেসি,Negative,1
গোমুত্র খাওয়া পাবলিক,Negative,1
সাবেক স্বরাষ্ট্রমন্ত্রী সাহারা খাতুন মারা গেছেন ব্যাংককের হাসপাতালে সাহারা খাতুনের মৃত্যু,Negative,1
ওআইসি এক জরুরি বৈঠক ডেকেছিল সে বৈঠকে সংগঠনটি আফগানিস্তানে,Positive,0
সরকারি জমি দখল করে ভাড়া তুলছেন তোরাব আলীরা,Negative,1
করোনার সংক্রমণ রোধে সীমান্তবর্তী ৭ জেলায় লকডাউনের সুপারিশ স্বাস্থ্য অধিদপ্তরের,Positive,0
আমেরিকার বিরুদ্ধে গেলে সৌদিকে নিয়েও টানাটানি করবে,Negative,1
লোডশেডিংয়ের জ্বালায় অতিষ্ঠ হয়ে গেলাম ২৪ ঘন্টার মধ্যে প্রায় ৮ ঘণ্টায় বিদ্যুৎ থাকেনা আরেকটু বৃষ্টি হলে তো আর আশার কথাই নেই,Negative,1
ব্রেকিংনিউজ রোনালদোম্যানচেস্টারের চুক্তি সম্পন্ন,Positive,0
হুম দাদা আপনাদের তো নির্দিষ্ট সময়ে পাঁচবার যেতে হয় কিন্তু আমাদের জন্য ঈশ্বরের দরজা অর্থাৎ মন্দিরে গিয়ে প্রার্থনা করা বা ঈশ্বরের সামনে নিজেকে সমর্পিত করার কোন সময় লাগে না ঘরি ধরে একজন মানুষ সবকিছু থেকে নিজেকে একটু শান্ত রাখতে মন স্থির করতে মন্দিরে গিয়ে সময় পার করে একজন মা যখন তার এক সন্তানকে খাবার দেয় তখন ২য় সন্তানের জন্য পর্যাপ্ত থাকে কিনা তাও দেখে রাখে যাতে চাহিবা মাত্র দিতে পারে এটাই মা রূপি রাষ্ট্রের ধর্ম হওয়া উচিত কিন্তু আপনাদের চিন্তাভাবনা গো পুরোই উল্টো যখন আপনারা খাবেন তখন অন্যরা চুপ করে বসে থাকতে হবে আপনাদের সংখ্যা বেশী হলে অন্যদের আপনাদের মতই চালাতে চান ভাই আমাদের ঈশ্বর ও ধর্ম স্বৈরাচারী নিয়ম বেধে দেয় না আপনার মন্তব্যের মূল্যায়ন করে আবিদ সাহেব বললেন আমরা কোন কিছুর মূল্য দিতে জানিনা প্রকৃতপক্ষে আপনারা যে কি দেন ভিন্ন ধর্মের লোকদের তা নিয়ে মন্তব্য করতে গেলে ঘন্টার পর ঘন্টা কেটে যাবে তাই অতো ধৈর্য রাখতে পারলাম না একজন প্রধান বিচারপতি হিন্দু হইলো তাও মানতে পারলেন না পড়ালেখার বইগুলোতে হিন্দু লেখকদের লেখা সড়িয়ে সব ইসলামের ইতিহাস পড়াচ্ছেন শালিশ মানি তালগাছ আমার এগুলো পুরানো অভ্যাস আপনাদের তা ভালো করেই জানি বহু বাস্তব অভিজ্ঞতায় দেখেছি এতটুকু বয়সে এই দেশেই তো জন্ম,Negative,1
রিটার্নিং কর্মকর্তা মোহাম্মদ মতিয়ুর রহমান জানান উপনির্বাচনে আওয়ামী লীগ মনোনীত প্রার্থী ছাড়া আর কোনো মনোনয়নপত্র,Negative,1
মোল্লা হাসান আখুন্দ হতে পারেন প্রধানমন্ত্রী তিনি তালেবানের আগের সরকারে মন্ত্রীর দায়িত্ব পালন করেন হাক্কানি নেটও,Positive,0
নদী খননের ক্ষেত্রে স্বচ্ছতা ফিরিয়ে আনার চেষ্টা করছি,Positive,0
এই দেশে ভিক্ষোব করলে রিমান্ড বা ঘুম করা হয় আর এরা ভয় দেখালে অপরাধ আপনাদের কাজ হলো তালেবান বিরোধিতা মানে ইসলাম বিরোধী,Negative,1
যশোরে ২৪ ঘণ্টায় করোনায় ১০ জনের মৃত্যু,Negative,1
ভূয়া,Negative,1
সদ্য পাওয়া ৬ অক্টোবর বাংলাদেশ ক্রিকেট বোর্ডের বিসিবি নির্বাচন কিছুক্ষণ আগে আনুষ্ঠানিকভাবে ঘোষণাটি দিয়েছে বিসি,Positive,0
করোনা ভাইরাস নয় মাস পরে সাড়ে তিন হাজার ছাড়াল শনাক্তের সংখ্যা,Negative,1
এই তুড়ি মেরে ধনী হওয়া ই হাল আমলের বাংলাদেশের নতুন প্যারাডক্স বা ধাঁধা,Negative,1
চোরের মার বড় গলা কোটি টাকা আত্মসাৎকারী ছিঁচকে চোরকে নীতি নৈতিকতার সবক শেখায়,Negative,1
মডেল মসজিদ প্রকল্পের ব্যয় বাড়ছে ৮৩৭ কোটি টাকা,Positive,0
লকডাউন বাস্তবায়নে ছুটির দিনেও মাঠে ফেনীর ডিসি,Positive,0
নিষ্ঠুরতার নিন্দা জানানো হয়েছে কিন্তু তারা যে সবাইকে মাফ করে দিলো তার প্রশংসা তো করা হয়নি এখন সবাই মাফ পেয়ে মাথায় উঠে নাচতেছে আসলে এরা অপেক্ষায় থাকে কখন কোনখানে খুঁত ধরা যায় এর চাইতে মাফ না করে গণহারে মানুষ মারলে মজা টের পাইতো,Negative,1
বিশ্বকাপ বাছাইপর্বে জয়ে ফিরেছে জার্মানি,Positive,0
হাজার হাজার তরুণতরুণী মিউজিক ফেস্টিভাল পুল পার্টিতে মাতোরায়া,Negative,1
সবসময় মাস্ক পরতে হবে ইতালিতে,Positive,0
আগামী দিনগুলো দেখেন ৩৫ বছর যদি আফগানিস্তান পিছিয়ে যায় তাহলে যারা নারী অধিকার নিয়ে লাফালাফি করছেন তারা সঠিক আর যদি এগিয়ে যায় তবে বর্তমান আফগানিস্তান শাসকগোস্টিই রাইট এটা নিয়ে এখন লাফালাফি করার কোন মানে দেখি না,Positive,0
হিজাব ছাড়া মেয়ে কাটা তরমুজের মত বলছেন তালেবান আপনার মতামত কি,Negative,1
তুরস্ক বয়কট সৌদি আরবে বর্জন ক্যাম্পেইন শুরুর পর দোকান থেকে উধাও তুর্কি পণ্য,Negative,1
জোরপূর্বক পরীমনির মুখে মদের বোতল চেপে ধরেন নাসির,Negative,1
পিনকি শুধু বাংলাদেশেই মারতে হয় আমিতো বেশকিছু দেশের কারেন্সি নাড়াচাড়া করেছি আমি কখনই এই পিন সেলাই করা দেখিনি,Positive,0
কিছু হালকা ক্ষমতাশালি দের কারনে এই গুলো হয়,Positive,0
পৃথিবীর সব বাবাই এমন,Positive,0
সঠিক শিক্ষা ব্যবস্থার অভাব সাথে মেধাবীদের সঠিক যাচাই এর অভাব শুধুমাএ দিয়ে কিছু যায় আসে নাআর শুধু মাএ চাকরি পাওয়ার আসার পড়াশোনা করলে এই অবস্থা হবেইউন্নত দেশে যারা সাফল্য অর্জন করেনতারা ম্যাক্সিমাম নিজেকে যোগ্য করে তুলেন সেই প্ল্যাটফর্ম আমাদের দেশে এখনও হয় নি,Negative,1
সমার তালুকদার এটা বলা ভুল কারন তালিবরা কোনো পশু কে মা বলে না গোবর আর পেশাব খায় না আরো ইত্যাদি ইত্যাদি জংলী তো ওরা যারা একবিংশ শতাব্দীতে এসেও জংলীপনা আর কুসংস্কার ছাড়তে পারে না,Positive,0
বঙ্গোপসাগরে লঘুচাপ সৃষ্টি ভারী বর্ষণের সম্ভাবনা,Negative,1
করোনা ভাইরাস লকডাউনের প্রজ্ঞাপন জারি যেসব বিধিনিষেধ দেয়া হলো,Positive,0
করোনাভাইরাস মহামারি শুরুর পর থেকে ইসরায়েলে এটি হচ্ছে সবচেয়ে বড় ধর্মীয় উৎসব বিস্তারিত,Positive,0
বিবিসি বাংলা বড়ই বয়ানক,Negative,1
এই নির্মমতার কঠোর শাস্তি চাই,Positive,0
এটা বিজ্ঞান সম্মত এবং ধর্ম সম্মত দুটোই,Positive,0
শ্রমের সাথে ডিগ্রির কানেকশন জড়িত নয় আর বড় সমস্যা শিক্ষা ব্যবস্থাকে সস্তা করণ মানে সোজা কথায় শিক্ষার গুণগত মান নিম্ন,Negative,1
একবার আমার বাবুকে ডেকে দিন একটিবারের জন্য ডেকে দিন আমি শুধু একবার বিস্তারিত নিউজে,Positive,0
৯১১ এর মূল কারন আম রি কে বুঝ তে হ বে ৫০ বছর যাবৎ আম রিকার সমর্থ নে ইসরাঈলী দের দারা ফি লিসতীনী মুসলমান দের ঘর ছাড়া করা বিনা কার নে ঈরাক দখল ঈরাকী নারী দের যৌন র্নিযাতন ঈরা কের তেল সমপদ চু রি ইত্যা দি কার নে মুসলমান দের ম নে জ মে থাকা ক্রোধ,Negative,1
মানুষ মেরে পৃথিবীতে শান্তি আনা যায় না,Positive,0
কৌতুক,Positive,0
নারীদের চক্রান্ত বড় কঠিন চক্রান্ত বাদশাহ আজীজ,Negative,1
সংজ্ঞায়িত আওয়ামী লীগ সত্যায়িত সৈয়দ আশরাফ,Positive,0
ভারত থেকে যদি লোক এনে বাংলাদেশে চাকরি দেয়া হয় তাহলে তো বাংলাদেশে বেকারত্ব বেড়েই চলবে,Positive,0
বিরধি দলিও সাধারণ মানুষ এর তালিকা না করে দেশের দুনীতি বাজদের তালিকা করুন এবং দেশে সুবিচার প্রতিষ্ঠা করার সৎ সাহস দেখান নয় তও ইতিহাস আপনাকে জাতির কলংক ময় অদায় স্থান দিবে,Positive,0
গাজীপুরের কাশিমপুর কারাগার থেকে মুক্তির পর চিত্রনায়িকা পরীমনি আজ বুধবার সকালে ছবি মাসুদ রানা,Positive,0
দুপুরে নুসরাতের অস্ত্রোপচার হাসপাতালে নিরাপত্তা জোরদার বিস্তারিত নিউজে,Positive,0
খোস্তের লেখকদের উদ্দেশে আনাস হাক্কানি বলেন আমাদের একে অপরকে সহ্য করতে হবে আমাদের অভ্যন্তরীণ সমস্যা,Positive,0
ভয়া নিউজ বরং ভারতই কাবুল বিমানবন্দরে হামলা চালিয়েছিল মাসুদ ের পক্ষে তালেবানের বিরুদ্ধে যুদ্ধও করেছে ভারত,Positive,0
সুপ্রিম কোর্ট আইনজীবী সমিতির সাবেক সভাপতি ও বিএনপির ভাইস চেয়ারম্যান খন্দকার মাহবুব হোসেনের শারীরিক অবস্থার অবনতি হ,Negative,1
পুলিশের সাংবাদিকতা নিয়ে ক্ষেপেছেন ফখরুল,Negative,1
মাঝে মাঝে মনে হয় বিবিসি আনসাবস্ক্রাইব করে ব্লক করে দেই,Negative,1
এই সমাজে পতিতালয়ে জন্ম নেওয়ার কিছু সাংবাদিক আছে এমন ভাব নেয় জেন কোন গোষ্ঠীর বিরুদ্ধে তারা প্রচারণা চালায় আসলে তাদের উদ্দেশ্য কোনো গোষ্ঠী বা কোনো ব্যক্তিকে নয় তাদের উদ্দেশ্যে ইসলামী খিলাফত কে ধ্বংস করা,Negative,1
সাফের বাংলাদেশ দলে অন্তর্ভুক্ত হলেন আরও এক ফুটবলার,Positive,0
অপরদিকে টিকা জটিলতায় ছুটিতে আসা বিদেশ ফেরত প্রবাসী এবং নতুন বিদেশগামীরা বিস্তারিত নিউজে,Negative,1
আইপিএল নিলাম কলকাতা সাকিবকে আর রাজস্থান কিনলো মুস্তফিজকে,Positive,0
ঘুষের জন্য অনেকের চাকরি হয়না,Negative,1
অভিমানের সুরে সাদেক বাচ্চুর স্ত্রী শাহনাজ জাহান বলেন শিল্পীদের মূল্যায়ন নেই এটাই আফসোস,Negative,1
বিদেশে ঘাস চাষ শেখা নিয়ে তুলকালাম কিভাবে ব্যয় হবে প্রকল্পের শত কোটি টাকা,Negative,1
যে পরিমান লোক উচ্চ শিক্ষীত প্রতি বছর বের হচ্ছে সে তুলনায় সরকারী বেসর কারী চাকরির কোঠা নেই যাও আছে তা আবার মামা খালা ততবির এমন কি কোঠা বরাদ্দ গুস দূরনীতি কর্মমূখী শিক্ষার অভাব ইত্যাতি কারন,Negative,1
করোনা ভাইরাস প্রতিরোধে স্পুটনিক ভি টিকা তৈরি করেছে রাশিয়া,Positive,0
উচ্চভিলাস দৃঢ় প্রতিজ্ঞা লক্ষ্য নির্ধারণ করা কঠোর পরিশ্রম সাধনা মানুষকে পৌঁছে দিতে পারে তারা আসল গন্তব্যে,Positive,0
শতভাগ সঠিক,Positive,0
পৃথিবীতে এর আগে কোন নৃশংস ঘটনা ঘটেনি,Negative,1
দুই মাস ব্যবধানে আবার মুখোমুখি আর্জেন্টিনাব্রাজিল,Positive,0
এখন প্রতিদিন স্কুলে এইভাবে কানমলা খাবি,Positive,0
শাহজালালে আরটি পিসিআর ল্যাবের সাইট পরিদর্শনে প্রবাসীমন্ত্রী,Positive,0
করোনায় আরো ২৭ জনের মৃত্যু মোট প্রাণহানি ৭ ৪৭৯ নমুনা পরীক্ষা ১২ ৬১৭ নতুন রোগী ৯৩২ জন,Negative,1
বাংলাদেশ গিয়েছিলাম ২০১৮ তে সিলেট জিনদাবাজার সোনালী ব্যাংকে ডলার বদলে বাংলাদেশের টাকা যখন পাই আমি হতবাক এতো পুরনো ফাটা ছেড়া নোট প্রথমে আমি এইসব নিতে চাইনি পরে ব্যাংক মেনেজার আমাকে বুঝিয়ে বললেন যে পুরো বাংলাদেশে এইসব নোট চলছে কোন অসুবিধা নেই আশ্বাস পেয়ে নিয়ে নিলাম আর সব নোট চলেই গেল,Negative,1
সেতু নির্মাণের দাবিতে মানববন্ধনআশ্বাস নয় সেতু চান তারা,Positive,0
১৫ রান করে ফিরলেন অ্যালেন,Positive,0
চীনে হাতির পাল কেন হেঁটে চলেছে ৫০০কিমি দীর্ঘ পথ বিভ্রান্ত বিশ্বের বিজ্ঞানীমহল,Positive,0
অনলাইনে বিচারকাজ পরিচালনায় রাষ্ট্রপতির অধ্যাদেশ জারি,Positive,0
সরকারি চাকরিজীবী ব্যতিত এখন কেউ মেয়ে দেয়না যার কারণে যুবকরা সরকারি চাকরির পেছনে ছুটতে ছুটতে বেকার হয়ে যাচ্ছে,Negative,1
যেসব খাবার বাদ দিলে চুল পড়া কমাতে পারে,Positive,0
আলোচিত মিতু হত্যা মামলার আসামি ভোলার জামিন,Positive,0
একদম বিরক্তিকর একটা জিনিস পিনের পরিবর্তে বিকল্প কিছু ব্যবহার করা উচিৎ,Positive,0
মার্কিন যুক্তরাষ্ট্রের প্রেসিডেন্ট নির্বাচন নিয়ে বিবিসি বাংলার টেলিভিশন অনুষ্ঠান বিবিসি প্রবাহের বিশেষ আয়োজন দে,Positive,0
আপনি স্বাধীন চেতনার বাহক ধন্যবাদ,Positive,0
কাবুল বিমানবন্দর ৯০ শতাংশ সচল,Positive,0
আজ সাংবাদিকদের সাথে আলাপকালে ঢাকা মহানগর পুলিশ কমিশনার বলেনসব বিষয়ে আমি মনে করিনা যে পুলিশের হস্তক্ষেপ করা দরকার,Positive,0
ঝুঁকি এড়াতে কী পরামর্শ দিলেন স্বাস্থ্য বিভাগ,Positive,0
গুণের প্রশংসা ও দোষের সমালোচনা স্বাভাবিক একটি বিষয় ইসলাম মানুষের প্রশংসা বা সমালোচনা উভয় ক্ষেত্রে ভারসাম্য রক্ষা,Positive,0
লোডশেডিং কমাতে হলে বিদ্যুৎ চুরি বন্ধ করতে হবে চুরি কমাতে হলে প্রিপ্রেইড মিটারের সিস্টেম চালু করতে হবে তখন গ্রাহক এক ইউনিটের বেশি বিদ্যুৎ খরচ করতে চিন্তা করবে,Positive,0
পাল বাড়িতে শারদীয় বার্তা প্রতিমা তৈরিতে ব্যস্ত শিল্পীরা,Positive,0
মানসিক রুগী,Negative,1
গোপালগঞ্জের ওড়াকান্দি থেকে ঢাকার উদ্দেশে রওনা হয়েছেন ভারতের প্রধানমন্ত্রী নরেন্দ্র,Positive,0
নিজের বিজয়ের বিষয়ে ১০০ ভাগ আশাবাদীকাদের মির্জা,Positive,0
৫ পুলিশ সদস্য আহত৭ আসামি গ্রেপ্তার,Negative,1
কে স্বীকৃতি দিল আর কে দিল না এসব না দেখে নিজেদের লুঙ্গি র খবর নেও বাপু,Negative,1
করোনায় আরো ২০১ জনের মৃত্যু মোট প্রাণহানি ১৫ ৫৯৩ নমুনা পরীক্ষা ৩৫ ৬৩৯ নতুন রোগী ১,Negative,1
ইভ্যালির রাসেলের মুক্তি দাবিতে বিক্ষোভ,Negative,1
৫ম শ্রেণীর বাচ্চাদের উপর মানসিক পেশার পড়তেছে,Negative,1
সোমবার থেকে বুধবার সীমিত পরিসরে লকডাউন,Positive,0
ইভ্যালিকে দেউলিয়া ঘোষণার পরিকল্পনা ছিলো রাসেলের,Negative,1
গ্রেট বাটপার,Negative,1
সন্ত্রানের বিরুদ্ধে যুদ্ধ,Negative,1
আফগান ছেলেদের কপাল খারাপ,Negative,1
দুধ আসবেনা জেনেও চুষতে চুষতেক্লান্ত হয়ে যাওয়ার নাম ই ভালোবাসা রিপেন্দ্রনাথ ২০,Negative,1
বিসিএস এর জন্য প্রিপারেশন ধরলে ৬৬ কমে আসবে,Negative,1
শিক্ষার নতুন কারিকুলাম তৈরি করা হচ্ছে শিক্ষামন্ত্রী,Positive,0
এক নতুন মুখ নিয়ে রাতে মাঠে নামছে রিয়াল মাদ্রিদ,Positive,0
ভারতের আশির্বাদ যার সাথে আছে তার কিছু হবে না এই সব লড়াই টড়াই সবই বানানো কথা,Negative,1
জাতীয় দুর্যোগ ঘোষণা হলেও নেই সচেতনতা,Negative,1
ধর্মনিরপেক্ষ রাষ্ট্র রাষ্ট্রীয় সম্পত্তির উপর ধর্মীয় কোন কাজ করার কোন ব্যক্তির অধিকার নাই ধর্মীয় কাজ করতে হলে তাদের উপাসনা স্থলে কাজটা করা উচিত,Negative,1
বাংলাদেশের প্রতিষ্ঠাতা রাষ্ট্রপতি শেখ মুজিবুর রহমানকে হত্যার পেছনের যড়যন্ত্র তদন্তের জন্য সরকার যে কমিশন গঠনের সি,Negative,1
লকডাউনের মধ্যেও বিশেষ ব্যবস্থায় অফিসকারখানা বইমেলা খোলা রাখার সুযোগ থাকায় অনেক মানুষকে কর্মস্থলের উদ্দেশ্যে বাই,Negative,1
হজরত শাহজালাল আন্তর্জাতিক বিমানবন্দরে পরীক্ষামূলকভাবে করোনার পরীক্ষা শুরু হয়েছে অস্থায়ীভাবে স্থাপিত একটি পরীক্ষা,Positive,0
খবর পেয়েও হনুমানটিকে বাঁচাতে এগিয়ে যায়নি কর্তৃপক্ষ,Negative,1
পিন মেরে একবারে ছেড়াবেড়া করে ফেলে আর এই ছেড়া নোট নিয়ে আমরা যাব কই,Negative,1
বাংলাদেশকে টিকা দিতে রাজি যুক্তরাষ্ট্র পররাষ্ট্রমন্ত্রী চীনের সঙ্গে সমস্যা,Positive,0
আজ থেকে মেডিকেলের ক্লাস শুরু,Positive,0
করতোয়ায় ভাসতে থাকা বৃদ্ধাকে উদ্ধার করলেন বাবাছেলে,Positive,0
মূর্তির পক্ষের লোকদেরও তালিকা রোয়েছে মহান আল্লাহর কাছে,Negative,1
দেরিতে হলও মানীয় প্রধানমন্ত্রী বিষয় বুঝতে পেরেছেন,Positive,0
আমার মনে হয় আপাতত গুটিকয়েক দেশ ছাড়া আর কেউ স্বীকৃতি দিবে না তবে পরবর্তীতে তালেবান সরকারের কার্যক্রম এর উপর ভিত্তি করে অনেক দেশই স্বীকৃতি প্রদান করতে পারে,Positive,0
দুর্নীতিবাজদের বিচার তো দূরের কথা তাদের পক্ষেই সাফাই গাইলেন,Negative,1
জাতীয় শিক্ষাক্রম ও পাঠ্যপুস্তক বোর্ডের সূত্রমতে প্রস্তাবিত শিক্ষাক্রম অনুযায়ী ষষ্ঠ থেকে দশম শ্রেণি পর্যন্ত সব শি,Positive,0
বিবিসি রে সবাই দালালি বন্ধ হবে না কখনো,Negative,1
বাবামার বিরুদ্ধে থালাপতি বিজয়ের মামলা,Negative,1
অবিলম্বে মৃত্যুদন্দ দেয়া হোক,Negative,1
বিবিসির সাংবাদিকদের বলছি আপনাদের অনেক অনেক ধন্যবাদ এই ভাবে তালেবানদের ইসলামী সমাজ ব্যবস্থা কায়েমের যে প্রচেষ্টা আপনারা নিরপেক্ষভাবে তুলে ধরেছেন তার জন্য সত্যিই আপনারা প্রশংসার দাবিদার ধন্যবাদ বিবিসি,Positive,0
কানাডা জাতীয় নির্বাচনে আবারও নির্বাচিত জাস্টিন ট্রুডো,Positive,0
ব্যাংক ডাকাত ধর্ষন কারির রাতেরবেলা ভোট চোরের বিচার করা হবে এই বাংলাদেশের মাটিতে ইনশাআল্লাহ,Negative,1
তুই সালা বেশি বালপাকনা,Negative,1
স্থূলতার সমস্যা বাড়ছে ১৮ থেকে ২৪ বছর বয়সে বলছে সমীক্ষা,Positive,0
হঠাৎ করে টাঙ্গুয়ার হাওরের পর্যটকবাহী নৌকার ভাড়া বৃদ্ধি,Negative,1
আজ করবো কিনা বা কখন করবো কিভাবে করবো বিস্তারিত নিউজে,Positive,0
এনজয় টিভির সঙ্গে যৌথভাবে লিগ আঁর সম্প্রচারস্বত্ব কিনেছে কসমস পিকের প্রতিষ্ঠান এই স্বত্ব এখন সাবলাইসেন্সের মাধ্যমে,Positive,0
পরের কমেন্টে গায়ে পড়ে না লেদাইলে শান্তি আসে না তাইনা অভ্যাস,Negative,1
কম্পিউটার পাসওয়ার্ডের উদ্ভাবন ও সেটি হ্যাক করার ইতিহাস জেনে নিতে পারেন এই প্রতিবেদন থেকে,Positive,0
যত তদারকি ততো ফাকি ঘুস চলছে চবেই,Negative,1
করোনায় দেশে আরও ২১ জনের মৃত্যু মোট প্রাণহানি ৫ ৬৮১ জন ১৫ ১৪৬ নমুনা পরীক্ষায় আরও ১ ৬৩,Negative,1
এটাতো আমাদের দেশেই আছে,Positive,0
চিত্রনায়িকা পরীমনির করা ধর্ষণচেষ্টা ও হত্যাচেষ্টা মামলা আসামি নাসির উদ্দিন মাহমুদসহ তিনজনের বিরুদ্ধে তদন্ত প্রতিবে,Positive,0
ইরাকে নিয়ে নারীদের যৌনপল্লীতে বিক্রি করতেন লিটন,Negative,1
ছবিটি মাহির বিয়ের নয়,Positive,0
জাতিসংঘে তালেবানের রাষ্ট্রদূত সোহাইল শাহিন,Positive,0
ইউপিপৌর নির্বাচন সুষ্ঠু হয়েছে ইসি সচিব,Positive,0
ভারতের রাজধানী দিল্লির একটি হাসপাতালে অক্সিজেনের অভাবে ২০ জন কোভিড রোগীর মৃত্যু হয়েছে বলে খবর পাওয়া যাচ্ছে,Negative,1
করোনায় আরো ২২ জনের মৃত্যু মোট প্রাণহানি ৭ ৭৫৬ জন নমুনা পরীক্ষা ১২ ৯০৮ নতুন রোগী,Negative,1
সুন্দর সিস্টেম আর পড়াশোনায় ভালো মনোযোগ দেওয়াও যাবে,Positive,0
যদি এটা পাকিস্তান করেও থাকেএ তাহলে পাকিস্তানের বাঁল ছেঁড়ার মতো ক্ষমতা কারো নেই,Positive,0
কেন তোমার বাবার নাকি আমেরিকা ইজরায়েল বিশ্ব ব্যাপী আগ্রাসী তৎপরতা চালায় তাদের স্বার্থে লাখ লাখ নিরীহ মানুষ হত্যা করে তাদের সামান্য স্বার্থে আর এর প্রতিবাদ করে কিছু মানুষ তোমাদের চোখে হয় সন্ত্রাসী আর একটা বিষয় এ দেখি মুসলিমদের সকল কাজেই তোমরা হিন্দুরা করো এটা তোমাদের সহজাত আচরণ বলে মনে হয় এটা করে তোমরা কি অর্জন করতে চাও আমেরিকা ইজরাইল এর অন্ধ অনুসরণ বাদ দিয়ে মানবতায় ফিরে আস জীবনটা কিছুটা হলেও স্বার্থক হবে,Negative,1
মোবাইল কোম্পানি বাদে সবাই খুশি নেটে কম থাকবে গ্রাহক,Negative,1
মিথ্যা,Negative,1
দিনাজপুরের চিরিরবন্দর উপজেলার নান্দেরাই গ্রাম থেকে মা ও ছেলেকে অপহরণ করে মুক্তিপণ দাবির অভিযোগে করা মামলায় এক এএস,Negative,1
সাফের জন্য বাংলাদেশ ফুটবল দল ঘোষণা,Positive,0
বিজেপি কি কলকাতার বিখ্যাত কফি হাউসেরও আদর্শিক দখল নিতে চায়,Negative,1
মাইরের উপ্রে ঔষধ নাই এটাই সন্ত্রাসী আমেরিকা গং এর শিক্ষা আশা করি এবার ঠিক হয়ে যাবে,Negative,1
করোনা ভ্যাকসিন টিকার বয়সসীমা এখনি ৪০ বছরের নীচে নামাচ্ছে না সরকার,Negative,1
দেশে করোনায় আরও ৪২ জনের মৃত্যু প্রাণহানি বেড়ে ৪ ২৪৮,Negative,1
দেশের বিভিন্ন শিক্ষাপ্রতিষ্ঠান ঘুরে আজ ছবি তুলেছেন প্রথম আলোর আলোকচিত্রীরা,Positive,0
তোমরা মুভি ছিনেমা বলতে চিন হলিউড বলিউড কলকাতা আর বাংলাদেশের মুভি এহার চাইতে হাজার গুনেমানে ভালো মুভি সিরিজ বানিয়ে রেখেছে তুর্কী ফিল্ম ইণ্ডাষ্ট্রি মুসলিমদের অনুপ্রেরণার জন্য অন্যতম তুর্কী সিরিজ দিরিলিস আরতুগ্রুল নেটফ্লিক্স এ প্রথম কোন মুসলমানদের বানানো সিরিজ প্রদর্শন করে কুরুলুস উসমান উয়ানিস বায়ুক সেলজুক পায়থাথ আব্দুল হামিদ সোজ তেসকিলাত মাভেরা বোজকির আরসালানি জালালুদ্দিন বারবোরোসা আল্প আরসালান বায়ুক সেলজুক তুস্কাপারান ইস্কেন্দার ইসিমসিজলার নামহ ীন সৈনিক,Positive,0
এবার পতন নিশ্চিত হবে পবিত্র ওই ভূমির নিয়ে নীল নকশা করলে,Negative,1
কারন দেশের জনগণের ক্ষতির একটি সুযোগ ও তারা হাত ছাড়া করতে চায়না,Negative,1
তুই যে গোয়ালন্দ ঘাটের নটির ছাওয়াল তোর কথাতেই বোঝা যায়,Negative,1
ভাগ্য ভালো প্রধানমন্ত ্রী বলে নাই কেউ নাড়াচাড়া দিয়ে ভেঙ্গে ফেলছে,Negative,1
ফেনীর নতুন ডিসি আবু সেলিম মাহমুদ উল হাসান,Positive,0
সদ্য পাওয়া,Positive,0
ভারতে কৃষক আন্দোলন তিনটি বিতর্কিত কৃষি আইন স্থগিত রাখতে সুপ্রিম কোর্টের নির্দেশ,Positive,0
করোনা ভাইরাস বাংলাদেশে শনাক্ত আরো ১৩৮০ জন মারা গেলেন ১৮ জন,Negative,1
মুস্তাফিজকে জন্মদিনের শুভেচ্ছা জানিয়েছে রাজস্থান,Positive,0
এখানেও জনগণের সাথে ধোঁকাবাজি দাম বাড়লে ব্যবসায়ীরা মানুষের কাছ থেকে ঠিকই বাড়তি টাকা নেয় আর দাম কমলে কিন্তু ব্যবসায়ীর কম নেয় না এসব বিষয় দেখারও কেউ নেই,Positive,0
একই হাসপাতালে সাধারণ রোগী করোনা ও ডেঙ্গু রোগীদের আলাদাভাবে,Positive,0
মোঃ শামীম হোসেন আবারও বলছি বিজ্ঞান এখানে মুখ্য বিষয় নয় বিজ্ঞানতো ভেদাভেদও করেনি একসঙ্গে বসতেওতো নিষেধ করেনি তাহলে জোর কেন,Positive,0
গণপরিবহন চলাচলে নিষেধাজ্ঞা থাকায় যে যেভাবে পারছেন ঢাকা ছাড়ার চেষ্টা করছেন,Negative,1
শিক্ষার্থীদের ক্লাসে বসার আনন্দ তলিয়েছে বন্যায়,Negative,1
অবশেষে লকডাউন শিথিল করল সিপি,Positive,0
পাবজিফ্রি ফায়ার কি আজই বন্ধ হচ্ছে,Positive,0
বিবিসির নিউজ এর মান এত কমে গেল কেন কে জানে এই নিউজ প্রকাশ করার আগে বিভিন্ন জায়গায় ঘুরে ভাঙা ঘরগুলোর ছবি তুলে সে গুলোও প্রকাশ করা উচিত ছিল তাহলে বোঝা যেত ঘর কিভাবে ভেঙেছে,Negative,1
শেখ কামাল অনন্য প্রতিভার অধিকারী ছিলেন শিল্পমন্ত্রী,Positive,0
আইপিএলে সাকিবমুস্তাফিজের খেলার সূচি,Positive,0
বিক্রির জন্য জলাশয় থেকে শাপলা তুলছেন এক ব্যক্তি সাগরিকা চট্টগ্রাম ৫ সেপ্টেম্বর ছবি সৌরভ দাশ,Positive,0
সিনহা হত্যা পঞ্চম সাক্ষীর সাক্ষ্যগ্রহণ শুরু,Positive,0
পাসওয়ার্ড ভুলে গেলেও ফোন আনলক করবেন যেভাবে,Positive,0
রাজশাহী সিটিইউনিয়ন পর্যায়ে টিকা কার্যক্রম শুরু,Positive,0
যে কারণে শিথিল হচ্ছে কঠোর লকডাউন বিস্তারিত নিউজে,Positive,0
কুষ্টিয়ায় জোড়া খুন দণ্ডিত ৪ আসামির জামিন নিয়ে রিভিউ খারিজ,Positive,0
আজ কী আছে ভাগ্যে জেনে নিন রাশিফলে,Positive,0
আট জেলার বন্যা পরিস্থিতি স্থিতিশীল,Positive,0
চেতনার সোনার ছেলেরা জড়িত থাকতে পারে,Negative,1
এক টাকার কয়েনের দাম ১০ কোটি,Positive,0
দলের লোকজনদের স্বজনপ্রীতি আত্মীয় স্বজনদের চাকরির সুযোগ সুবিধা দেয়ার মাধ্যমে এই ধরনের বৈষম্যের সৃষ্টি হচ্ছে,Negative,1
আচরণ বীধি সহ শিক্ষা থেকে আসে নাহ কী পরিবার থেকে আসে কেউ স্কুলে কলম চুরি করে আর কেউ তা দেখে নাক ছিটকায় কেন আপনার মনমাণুষীকতা বদলান দেখবেন পৃথিবীটাই বদলে গেছে নারী সামনে আসলে তার উচু নিচু শরীরের দিকে নাহ তাকিয়ে প্রয়োজনি কথা নারীর চোখের দিকে তাকিয়ে বলুন তাতেও যদি ঐটা দিড়িয়ে যায় যায় তবে মাথা নিচু করে মাটির দিকে তাকিয়ে কথা শেষ করুন আপনাদের কথা এমন যে নারী তুমি মাথা নিচু করে কথা বলবে আর আমি পূরুষ তোমার উচু নিচু স্হান গুলা চোখ দিয়ে চেটেপুটে গিলে ফেলব পুরুষকে আগে সংযত হতে হবে,Positive,0
শিক্ষাপ্রতিষ্ঠান খোলার পর শিক্ষার্থীদের লেখাপড়ার ঘাটতি পূরণে,Positive,0
নিখোঁজ তিন ছাত্রীর মরদেহ উদ্ধার,Positive,0
মাস্ক ছাড়া কাউকে কেন্দ্রীয় শহীদ মিনারে প্রবেশ করতে দেয়া হবে না ঢাবি উপাচার্য ২১ ফে,Positive,0
বর্তমান শেখ হাসিনা সরকার পরিবেশ বান্ধব ব্যবসা ও কর্মসংস্থান সৃষ্টি করার একটি মাধ্যম,Positive,0
সুন্দরবনের দুয়ার খুলে দেয়া হলো,Positive,0
মিয়ানমারের গণহত্যা চোখে পড়েনা শালারা,Negative,1
ওভারে ৬ ছক্কায় যুবরাজগিবসদের পাশে মালহোত্রা,Positive,0
নিজেই টুইট করে এই খবর জানিয়ে মেহবুবা বলেছেন এর মধ্য দিয়ে আরও একবার প্রমাণ হলো উপত্যকার জনজীবন মোটেই স্বাভাবিক ন,Negative,1
রাইট,Positive,0
বৃহস্পতিবার থেকে আবারও নিবন্ধন কার্যক্রম শুরু,Positive,0
নিখিলের সঙ্গে শ্রাবন্তীর নতুন সম্পর্ক,Positive,0
চট্টগ্রামের শাসনভার গ্রহণের পর ব্রিটিশরাজ সেখানে যত ভবন নির্মাণ করেছিল তার মধ্যে পুরোনো ও স্থাপত্যশিল্পের অন্যতম,Positive,0
জাতীয় স্বার্থের নিরিখে পররাষ্ট্রনীতি গঠনের আহ্বান,Positive,0
ঋণ পরিশোধে ৩১ ডিসেম্বর পর্যন্ত সময় চায় এফবিসিসিআই,Positive,0
উচ্চ বিদ্যালয়ের ৮ম শ্রেণির ছাত্রীর সঙ্গে বিয়ের আয়োজন করা হয় তিনি,Negative,1
ঐতিহাসিক ১২ ই সেপ্টেম্বর ৪৩ তম বিসিএস পরীক্ষায় প্রশ্নটি আসলেও আসতে পারে,Negative,1
উঠ উঠিয়া স্কুল ও যা,Positive,0
ইউরোপে বর্ষ সেরার চূড়ান্ত তালিকায় তিনজনই মিডফিল্ডার,Positive,0
আমজনতার কথায় তো আর কারোই কিছু আসে যায় না তবুও বলতে হয় শিক্ষা প্রতিষ্ঠানের সাথে শিল্প প্রতিষ্ঠানের সংযোগ প্রতিষ্ঠিত না হলে এর থেকে উত্তরণের উপায় নেই এছাড়াও বাস্তবমুখী শিক্ষা ব্যাবস্থার প্রচলন করতে হবে দেশের প্রয়োজনানুসারে কর্মক্ষেত্র চিহ্নিত করে তার উপর ভিত্তি করে জনবল তৈরি করতে হবে,Negative,1
প্রতি বছরে ৫০ ডিগ্রি সেলসিয়াস তাপমাত্রা ওঠে এমন দিনের সংখ্যা ১৯৮০র দশকের তুলনায় এখন দ্বিগুণ বেড়েছে বলা হচ্ছে,Negative,1
শিশু বক্তা রফিকুল ইসলাম রাষ্ট্রবিরোধী ও উস্কানিমূলক বক্তব্য দেবার অভিযোগে আটক,Negative,1
পর্তুগাল বনাম বেলজিয়াম ইংল্যান্ড বনাম জার্মানি ইউরোর শেষ ষোলোতে কারা এগিয়ে,Positive,0
আমার দৃঢ় বিশ্বাস ছিল সে আমাকে সত্যিই ভালোবাসে কিন্তু সম্প্রতি তার বন্ধুর মাধ্যমে জানতে পেরেছি অন্য একটি মেয়ের,Negative,1
দিল্লি আর মাথ্যা ন্যাড়া করা বার্মিজ সসন্ত্রাসীদের নিষ্ঠুরতা দেখেনাই জুতাসংঘ আর বিবিসি,Negative,1
শ্যামলীতে সড়ক অবরোধ তুলে নিয়েছে শ্রমিকরা,Negative,1
শপথ নেয়ার পর প্রথমেই যা বললেন বাইডেন প্রেসিডেন্টের অভিষেক ঘিরে আমেরিকায় কী হচ্ছে সে সংক্রান্ত সর্বশেষ খবর দে,Positive,0
শুধু পাট না ধান পেয়াজ রসুনে র ও যদি ভালো পাওয়া যায় তাহলে দেখবেন কৃষকরা আরো বেশি বেশি উৎপাদন করবে এতে বৈদেশিক নির্ভরশীলতা অনেকাংশে কমে যাবে আমার এলাকায় গত বছর পেয়াজের ভালো দাম ছিলো বলে এবার প্রচুর পেয়াজ চাষ করেছিল কিন্তু এবার আবার দাম কম সামনের অনেকেই এজন্য চাষ কমিয়ে দিবে,Positive,0
ধামরাইয়ে সাংবাদিক জুলহাস হত্যা মামলার ২ আসামি ৪ দিনের রিমান্ডে,Positive,0
করোনা ভাইরাস বাংলাদেশে দ্বিতীয় ঢেউ সামাল দিতে দরকার র্যাপিড টেস্ট বলছেন বিশেষজ্ঞরা,Positive,0
আলোচনায় বড় বড় কথা মাঠে নেই শীর্ষ নেতারা বিএনপির বৈঠকে ক্ষোভ,Negative,1
বিশ্ববিদ্যালয় খোলার দিন নির্দিষ্ট না হওয়ায় বিপাকে শিক্ষার্থীরা,Negative,1
আমরা কলেজে যেতে পারছি না,Negative,1
হাসিনার উন্নয়ন ফলে এসব হচ্ছে,Positive,0
শিক্ষার গুণগত মান পরিকল্পিতভাবে নষ্ট করে ফেলা হয়েছে আমাদেরকে ধীরে ধীরে মেধাহীন ভাবে তৈরি করা হচ্ছে,Negative,1
অনিয়ম দুর্নীতি অসদাচরণে অভিযোগের জবাবে যা বললেন সিইসি নূরুল হুদা,Negative,1
ইলিশে ভরা খুলনার বাজার কমেছে দামও,Positive,0
মুসলিম হলে বলা হতো মৌলবাদী এখন মুখে কুলুপ,Negative,1
আর আমাদের ইউনিভার্সিটির স্টুডেন্টদের ইনজেকশন দিয়ে প্রস্তুত করা হচ্ছেফুলটুল আমাদের কপালে জুটবেনা আমাদের দিবে সুইয়ের গুঁতা,Negative,1
আমেরিকা গত ২০ বছরে কতো বেসামরিক লোকজন হত্যা করেছে বলেন,Negative,1
করোনায় আরো ৯৮ জনের মৃত্যু মোট প্রাণহানি ১০ ৭৮১ নমুনা পরীক্ষা ২৭ ৪২৯ নতুন রোগী ৪ ০,Negative,1
বাতিল হওয়া টেস্ট নিয়ে মুখ খুললেন সৌরভ,Positive,0
বান্দর পোলাপান সারাদিন পানিতে খেলস,Negative,1
আমেরিকা যে দিন হামলা করেছিলো সে দিন কোথায় ছিলো এমন শিরোনাম,Positive,0
করোনা ভাইরাস ভারতে কি সংক্রমণের সেকেন্ড ওয়েভ আঘাত হেনেছে,Negative,1
জামিন পেলেন বিএনপি নেতা হাফিজ,Positive,0
আগামীকাল শুক্রবার খুলে দেওয়া হচ্ছে বাংলাদেশ কৃষি বিশ্ববিদ্যালয়ের ১৩টি আবাসিক হল তবে সব হল,Positive,0
শিক্ষা প্রতিষ্ঠান খোলার বিষয়ে যে ইঙ্গিত দিলেন শিক্ষামন্ত্রী,Positive,0
সই জাল করে শিক্ষক নিয়োগ টাকা নিয়ে নিয়োগ না দেয়া,Negative,1
ভাই ৪০০০ টাকাও কম হয়ে যায় আমাদের দেশে তো কৃষকের শ্রমের কোনো মূল্যই নাই কৃষক মরল না বাঁচল এটা সরকার দেখে না,Negative,1
অশিক্ষা দিচ্ছে বলে দেশের শিক্ষাটাই কর্মমুখী নয়,Negative,1
বার্সেলোনা ছাড়ার পর নতুন ক্লাব পিএসজির হয়ে মেসির অভিষেক হয়েছে আগেই তবে মাত্র এক ম্যাচ খেলেই,Positive,0
টানা একক ভোটহীন সরকার তার ফল পাচ্ছি জনগণ,Negative,1
লজ্জা কলঙ্কিত বাংলাদেশ,Negative,1
সঠিক শিক্ষার অভাব,Positive,0
জাতীয় হতাশাবাদী দল,Negative,1
বাসের ধাক্কায় এক অটোরিকশা যাত্রী নিহত,Negative,1
ভারতে অভিনব উদ্যোগ হাততালি শঙ্খ আর ঘন্টায় চিকিৎসাকর্মীদের শ্রদ্ধা,Negative,1
তাদের মধ্যে করোনায় ১০ এবং উপসর্গ নিয়ে ১৫ জন মারা গেছেন মৃতদের মধ্যে,Negative,1
মোটা অঙ্কের জরিমানার মুখোমুখি গুগল,Negative,1
জীবনের শেষ ম্যাচ খেলতে নামছেন জোকোভিচ,Positive,0
লকডাউন আরও এক সপ্তাহ বাড়ানোর চিন্তা করছে সরকার,Positive,0
তখনকার পেপার মিডিয়ার খবরগুলো তাই প্রমাণ করে আর পাঁচটি ভেটো প্রদানকারী সমাজ্য যারা পৃথিবীর সমস্ত কিছুই নিজেদের স্বার্থে ব্যবহার করেন তাদের ধারা সব কিছু সম্ভব,Positive,0
আফগানিস্তানে তিন হাজার উইঘুর মুসলমান বসবাস করছে কয়েক প্রজন্ম ধরে তারা সেখানে থাকছে কিন্তু এখনো তাদের পরিচয়পত্রে,Negative,1
আফগানিস্তানে খাবার ও ওষুধ পাঠাতে প্রস্তুত বাংলাদেশ,Positive,0
ফাস্ট ফুডের নতুন চেইনশপ ফ্রাই বাকেট,Positive,0
তাদের মধ্যে কথা কাটাকাটি হলে সোহেল তার স্ত্রীকে মৌখিকভাবে তালাক প্রদান করেন এ কারণে স্ত্রী শিউলি,Negative,1
ভোটচুরি ঘুম খুন কত প্রকার কি কি তা জানতে জিয়াউর রহমান ও তার স্ত্রীর শাসনামল পর্যালোচনা করুন তারপর তর্ক করতে আসুন,Negative,1
প্রতি লিটারে বাড়লো ২০ থেকে ২৫ টাকা,Negative,1
ফু সং বলেন যুক্তরাষ্ট্র যদি মনে করে চীনের দোষ আছে তবে তথ্য দিয়ে সেটা প্রমাণ করতে হবে আপনি তথ্য না দিয়ে কাউকে,Positive,0
সংসদে হারুনের বক্তব্য প্রত্যাখ্যান করলেন স্বাস্থ্যমন্ত্রী,Negative,1
ভিআইপি দর্শনার্থীদের আব্দারে প্রজনন ক্ষমতা নষ্ট করা হচ্ছে কুমিরের,Positive,0
ইরানের পরমাণু সংকট তেহরান ২০ বিশুদ্ধ ইউরেনিয়াম সমৃদ্ধ করবে বলছে জাতিসংঘ,Positive,0
ঝুঁকি নিয়ে দিনে ২৫ হাজার যাত্রীর চলাচল সমস্যার কথা মানতে নারাজ রেল কর্ত,Negative,1
বিশ্বকাপ ফুটবল বাছাইয়ের ম্যাচ খেলতে কাতার গেছে বাংলাদেশ,Positive,0
তালেবান শীর্ষ নেতা যার ছেলে আত্মঘাতী হামলাকারী,Negative,1
একঘেয়ে বন্ধি জীবনের অবসান হলো,Positive,0
গুড ডিসিশন,Positive,0
কর্মকর্তাকর্মচারীদের ব্যাংকে উপস্থিত থেকে স্বাভাবিক কার্যক্রম পরিচালনার নির্দেশ বাংলাদেশ ব্যাংককের,Positive,0
বড় লঞ্চ ছোট লঞ্চ বা ট্রলারকে ধাক্কা দিয়ে ডুবায় দেয় ছোট লঞ্চ পেটের দায়ে পরিশ্রমি শিশুদের কে লঞ্চের ছাদ থেকে ফেলে দেয় বিচারহীন সংস্কৃতি আমাদের আর কি কি দেখাবে একমাত্র উপর ওয়ালাই জানেন,Negative,1
করোনা রোধে আমরা উৎসে হাত দিচ্ছি না ডা বেনজির,Negative,1
বন্যায় বসতবাড়ি রাস্তাঘাট ফসলি জমি তলিয়ে দিশেহারা দুর্গতরাচ,Negative,1
বিএনপির সিরিজ মিটিংয়ের ফলাফল শূন্য তথ্যমন্ত্রী,Negative,1
উল্লাপাড়ায় ৬ হাজার ২০০ কেজি ভিজিএফের চাল উদ্ধার,Negative,1
বাংলাদেশ ব্যাংকের কাছে কী চায় বিজিএমইএ,Positive,0
৭০ আসনের মধ্যে ৬২টিই কেজরিওয়ালের দখলে,Positive,0
বাংলাদেশ ব্যাংকের কর্মকর্তারাই ব্যক্তিগত লাভের আশায়,Positive,0
এটা ভালো করে একটা তদন্ত করা প্রয়োজন এদেরকে আইনের আওতায় এনে ব্যবস্থা করা উচিত শিশুদের সাথে চলার পথে মানুষ অনেক খারাপ ব্যবহার করে মানুষের মনুষ্যত্ব হারিয়ে গেছে,Positive,0
নিজেকে ফিরে পেতে চট্টগ্রাম যাচ্ছেন মুশফিক,Positive,0
স্বাধীনতার ৫০ বছরে রাজধানী ঢাকা যেমন বড় হয়েছে তেমনি সম্প্রসারিত হয়েছে দেশের পুরোনো শহরগুলোও বড় শহরের পরিবর্তন,Positive,0
২ বছরের মধ্যে তেলের দাম সর্বোচ্চ,Negative,1
ইসলামের অপব্যবহার করছে তারা ইসলাম এমন কথা বলে না খুব বেশি বাড়াবাড়ি করছে ইসলাম নিয়ে,Negative,1
সম্পদের সুষমবন্টনের অভাব অযোগ্যারা দেশের যোগ্যতম হিসেবে অধিষ্টিত হওয়া,Positive,0
গণ্ডার ঝুলিয়ে নোবেল পুরস্কার,Positive,0
লক্ষ্মীপুরে বিধবা নারীকে ধর্ষণের ঘটনায় ৫ জনের বিরুদ্ধে মামলা গ্রেপ্তার ২ অর্থপাচার মা,Positive,0
এটা জাতিসংঘ নয় এটা স্বার্থ সংঘ,Negative,1
সংক্রমণ ঠেকাতে স্বাস্থ্যবিধি মেনে চলার তাগিদ জনস্বাস্থ্য বিশেষজ্ঞদের,Positive,0
সময়ের সঠিক সিদ্ধান্ত,Positive,0
স্বাস্থ্যবিধি মেনে পশুর হাট আতিক,Positive,0
মূল কারণ হলো দূরনিতী,Negative,1
ঝরে গেলো তাজা তিন প্রাণআহত ১২ জন,Positive,0
এবার মাদক মামলায় জেরার মুখে বাহুবলির বাল্লালদেব,Negative,1
ভারতীয় সৈন্যদের কাছেই কিন্তু ওটোমানরা পরাজিত হয়েছিল,Positive,0
ভাই পৃথিবীর প্রতিটি মুসলিম কান্ট্রির উপর চেপে বসে থাকা শাসক দায়ী,Negative,1
ফরাসী প্রেসিডেন্ট ম্যাক্রঁ নবীর কার্টুন নিয়ে মুসলিমরা কেন ক্ষুব্ধ আমি বুঝতে পারি,Positive,0
ভালো দামের আশায় চাষিরাও দ্রুত পেঁয়াজ বাজারে তোলার অপেক্ষায়,Positive,0
সকালে ট্রাকচাপায় নিহত ৩,Negative,1
মাদার অফ করাপশন,Negative,1
ই মী খিলাফত মানে জঙ্গিদের আতুর ঘর পৃথিবী থেকে জ ঙ্গি দের দমন করতে হবে,Negative,1
মাননীয় প্রধানমন্ত্রীর কাছে আমার বিশেষ অনুরোধ যারা হাতুড়ি শাবল এবং কোদাল দিয়ে স্থাপনা গুলো ভেঙ্গেছে তাদের পরিচয় সনাক্ত করে জাতির সামনে তুলে ধরার জন্য,Positive,0
টিকার জট খুলতে স্বাস্থ্য অধিদপ্তরের পক্ষ থেকে নির্দেশনা দেয়া হয়েছে নির্দেশনা প্রসঙ্গে,Positive,0
২০০ কোটি টাকা ফেরত দিতে ধামাকাকে আল্টিমেটাম,Positive,0
স্টোকস নেই ইংল্যান্ডের বিশ্বকাপ দলে,Negative,1
তাজিক হাজারা পশতুন এগুলো কোনো মানদন্ড না এরা সবাই আফগান ইসলাম তাদের ঐক্যবদ্ধ করেছে,Negative,1
ব্রিটিশ টেলিভিশনে নতুন বেশভূষায় আইসিস বধূ শামীমা বেগম সন্ত্রাসবাদ দমনে আমি প্রধানমন্ত্রী বরিস জনসনকে সাহায্য কর,Positive,0
এ তাড়তাড়ি উঠ এদদিন খাইয়া লইয়া দ শইলডারে দামড়া বানাইসস আর না,Positive,0
শিক্ষামন্ত্রী বলেন মাস্ক পরা ছাড়া কেউ শ্রেণিকক্ষে প্রবেশ করতে পারবে না শিক্ষার্থী শিক্ষকের সঙ্গে,Positive,0
লক্ষ্মীপুরভোলা যাতায়াত হবে আরো সহজ হচ্ছে নতুন লঞ্চঘাট,Positive,0
গনতান্ত্রিক দেশ হিসেবে সুস্থ রাজনৈতিক ব্যবস্থার বিকল্প কিছুই হতে পারেনা,Positive,0
এই রকম বিচার হলে উচিত হচ্ছে ঐ ছেলের মা বোন বা বউ থাকলে ওদের কে ও সেম করা করে ২৫ হাজার টাকা দিয়ে দিলে হলকেউ খারাপ ভাবে নেবেন না প্রতিনিয়ত এই গুলা দেখে দেখে আর ভালো লাগেনা,Negative,1
বড়াইগ্রামে বজ্রপাতে যুবকের মৃত্যু,Negative,1
বিধবা বয়স্ক এবং প্রতিবন্ধী ভাতার ৫০ লক্ষ টাকা লোপাটের অভিযোগ,Negative,1
সংবাদটা যখন পড়ছি তখন লোডশেডিং এ আক্রান্ত,Negative,1
মধ্যপ্রাচ্যে উত্তাপে বাড়লো তেলস্বর্ণের দাম,Positive,0
বাংলাদেশের ৪০ শতাংশ মোবাইলের ফ্যাক্টরি গ্রে মার্কেটের অন্তর্ভুক্ত তারা সরকারকে কোনো রকম ভ্যাটট্যাক্স দেয় না,Negative,1
চীনের পরামর্শ নিয়ে আগাতে হবে নিশ্চয়ই এর ভালো ফলাফল পাওয়া যাবে,Positive,0
আদালতের গেট লাগিয়ে দেওয়ায় উৎসুক জনতা গেটের গ্রিল ধরে দাঁড়িয়ে,Negative,1
বাংলাদেশে করোনাভাইরাসে আক্রান্ত হয়ে মৃত্যুর সংখ্যা টানা তৃতীয় দিনের মতো একশো পার হয়েছে,Negative,1
দ্বিতীয় ফকির আলমগীর,Negative,1
কাদের মির্জা ও তাঁর অনুসারীদের নির্যাতনের বর্ণনা দিতে গিয়ে কান্নায় ভেঙে পড়েন নোয়াখালীর কোম্পানীগঞ্জ উপজেলা জাতী,Negative,1
বাজেট নিয়ে সিএসইর প্রত্যাশা,Positive,0
৬৪ জেলায় ৫৫০ বিডিসেট স্থাপন হবে পলক,Positive,0
কোম্পানীগঞ্জে বাদলের ওপর আবদুল কাদের মির্জার অনুসারীদের হামলা,Negative,1
ভা র তীয় আগ্রাসন,Negative,1
করোনায় আরও ৩৬ জনের মৃত্যু,Negative,1
দেশে শিক্ষাটা তো একটা খুব ভালো ব্যাবসা,Negative,1
কুমিল্লা৫ আসনে প্রার্থিতা প্রত্যাহার জাপার তদন্ত কমিটি,Negative,1
আফগান তোমার দেশ নয় ওই দেশের নারীরাও জানে তাদের কী করা উচিত,Positive,0
ঢাকাসহ অন্য মহানগরীতে লকডাউনের মধ্যেই বুধবার থেকে বাস চলবে,Positive,0
পুরুষদের শালীন পোশাক পরতে নোটিশ পশ্চিমবঙ্গে,Positive,0
ডিজিটাল বাংলাদেশ,Positive,0
তাহলে সৌদি এতদিন আমেরিকার চরকায় তেল দিল কেনো আরব রাষ্ট্র গুলোকে আরো একবার সতর্ক হতে হবে নিকৃষ্ট আমেরিকা কখনো আরব বা মুসলিমদের বন্ধু হতে পারেনা,Negative,1
মোটা চালের দাম ১৬০০ থেকে ২০০০ আমি নিমু ১হাজার বস্তা আমাকে দে না দিলে ডান্ডা দিয়ে পিটিয়ে ঠান্ডা করে দিবো শুটিয়ে লাল করে দিবো,Negative,1
নাশকতার নির্দেশদাতা বিএনপি নেতারাডিবি,Negative,1
জয় দিয়ে প্রিমিয়ার লিগ শুরু বসুন্ধরা কিংসের,Positive,0
ইভিএম থেকে সরে আসবে না নির্বাচন কমিশন সিইসি,Positive,0
কোভিডের ভ্যারিয়েন্টগুলো কী এবং এগুলোর বিরুদ্ধে টিকা কতটা কাজ করে,Positive,0
রোজার ঈদের পর স্কুলকলেজ ও সব শিক্ষা প্রতিষ্ঠান খুলে দেয়া হবে প্রধানমন্ত্রী,Positive,0
পশ্চিমবঙ্গে বিজেপি তার নির্বাচনী প্রচারের গানে বাংলাদেশের ধর্ষণ ও সহিংসতার ঘটনা কেন তুলে ধরল,Negative,1
স্বর্ণ বাংলাদেশে সোনা কেনা বিনিয়োগ হিসেবে কতটা লাভজনক,Positive,0
আজকের বাংলাদেশ ভোটের মাঠ,Positive,0
যা করছে ঐ ফটোগ্রাফার,Positive,0
মুসলিম হলে এমন হয় কেউ বিশ্বাস করতে চাই না,Negative,1
নারায়ণগঞ্জের একটি রিসোর্টে হেফাজত নেতা মামুনুল হক নারীসহ আটক দাবি দ্বিতীয় স্ত্রী,Negative,1
তা নিয়ে আপনাদের মাথা ঘামাতে হবে না তালেবান বুঝে কি করে সরকার চালাইতে হবে শরিয়া শাসন কিভাবে বাস্তবায়ন করতে হবে কারো বাপের ক্ষমতা নেই সেখানে হস্তক্ষেপ করার,Negative,1
হানিমুনের সময় থেকেই তার গায়ে হাত তোলা শুরু করেছেন হানি সিং,Negative,1
দীর্ঘ ১৭ ১৮ মাস পর আজ স্কুল খুলেছে স্কুল ড্রেসের কারণে আমার ছেলের মতো অনেক ছেলে মেয়েকে স্কুলে ঢুকতে দেওয়া হলো না কারণ তার প্যান্ট ও জামা ছোট হয়ে গিয়েছে সিএমপি স্কুল এন্ড কলেজ চট্টগ্রামআপনারাই বলেন এটা কি ঠিক হয়েছে একদেড় বছরের আগের প্যান্ট বা জামা নাও হতে পারে তাই বলে স্কুলে ঢুকতে দেওয়া হবে না এটা কেমন বিচার নতুন কাপড় বানাতেও তো সময় লাগে,Negative,1
গ্রহর কোন শেষ নেই আমাদের বিজ্ঞান যত দূর যেতে পেরেছে ততো দূর গ্রহের আবিষ্কার হয়েছে,Positive,0
এই তথ্যে কিছু লোকের টেনশন কমলো,Negative,1
বিবিসি হচ্ছে আমেরিকার দালাল,Negative,1
অর্থনীতির সংগা অনুযায়ী আমিও একজন বেকার,Positive,0
যে কারণে বলিউডের প্রস্তাব ফিরিয়ে দিলেন মিম,Positive,0
শিকারের জন্য বা পর্যটকদের কাছে পোষা শাবক হিসাবে বিক্রির উদ্দেশ্যে সিংহের প্রজনন বন্ধ করবে দক্ষিণ আফ্রিকা বিস্তারিত,Negative,1
দাবি করেন ৫ লাখ আদায় করতে না পেরে ভুয়া মামলা দিয়ে কারাগারে,Positive,0
মেসি নেইমার সুয়ারেজের কোপা আমেরিকা দর্শকশূন্য,Negative,1
রাতে ঘুমানোর আগে বেশ কিছু সুন্নাহ রয়েছে তার মাঝে কিছু তুলে ধরা হলো,Positive,0
লকডাউনের খবরে ভোগান্তি উপেক্ষা করে বাড়ি ফেরার তাড়া,Negative,1
অবিবাহিত তারকাদের জামাই আর জামার অভাব হয় না পপি,Negative,1
ইরানের পরমাণু উৎপাদন কেন্দ্রে জাতিসংঘের পরিদর্শন বন্ধ করাসহ আর কী আছে নতুন আইনে,Positive,0
কোটি কোটি টাকা রাজস্ব হারিয়েছে ডিএসসিসি,Negative,1
প্রথমবারের মত প্রেস টিমের উর্দ্ধতন সকল পদে নারী নিয়োগ দিয়েছেন তিনি,Positive,0
পুলিশের পোশাকে টিকটকলাইকিতে ভিডিও শেয়ারে নিষেধাজ্ঞা,Positive,0
আমেরিকা নির্বাচন ফলাফল জো বাইডেন বললেন ডোনাল্ড ট্রাম্পের পরাজয় স্বীকার না করা বিব্রতকর,Positive,0
সব কোরাল রিফকে ফ্রেমে বন্দি করা হয়েছে,Positive,0
কারণ চাকরীদাতারা অশিক্ষিত মূর্খ যারা শিক্ষার মানে কি তা বোঝেনা,Negative,1
সৌদি আরবে বাংলাদেশী শ্রমিকের ফেরার ক্ষেত্রে জটিলতা কাটছে না কেন,Negative,1
অবৈধ সম্পদসহ দুর্নীতির নানা অভিযোগে পেট্রোবাংলার পরিচালক আইয়ুব খান চৌধুরীসহ তিতাস ও,Positive,0
বরিশাল নগরীতে ১০ প্লাটুন বিজিবি মোতায়েন করা হয়েছে এ সময় সঙ্গে মাঠে থাকবেন অতিরিক্ত ১০ নির্বাহী ম্যাজিস্ট্রেট,Positive,0
আরএমপির হটলাইনে ফোন দিলেই মিলবে ফ্রি অক্সিজেন সিলিন্ডার,Positive,0
মিউনিখে চলছে চোখ ধাঁধাঁনো গাড়ির প্রদর্শনী,Positive,0
আপনারা যারা এখনো ভ্যাকসিন নেননি সম্ভব হলে,Positive,0
দুদেশের প্রধানমন্ত্রীদের বৈঠকে কোন বিষয় নিয়ে আলোচনা হবে,Positive,0
আমেরিকা যখন নিষ্ঠুরভাবে হামলা করেছে তখন কই ছিল জাতিসংঘ,Negative,1
টিকা নিলেন পাপন সাথে জানালেন কি পরিবর্তন চান ক্রিকেট টিমে,Positive,0
কাঁঠালের আকৃতি অসুন্দর হয় যে কারণে,Positive,0
বরিশালে একদিনে শনাক্ত ২৮৪ মৃত্যু ১৬,Negative,1
গৃহবধূকে মধ্যযুগীয় কায়দায় নির্যাতন করার পর,Negative,1
তার মানে বিন এন পি জামাত ধরবে এটাই আসোল কথা,Negative,1
এই লঞ্চ কর্তৃপক্ষের বিরুদ্ধে কঠোর ব্যবস্থা নেওয়া হোক ৪ টা শিশুর জন্য ৫ লাখ টাকা করে জরিমানা আদায় করুক এটা হত্যাচেষ্টা কঠোর শাস্তি কাম্য,Positive,0
ধর্ষণের ঘটনা গোপনে পাশের বাসায় জানালো কিশোরী অতঃপর,Negative,1
কোভিড বাংলাদেশে মৃত্যু কমলেও শনাক্তের হার বেড়েছে,Negative,1
ফ্লোরে পানি দেয়ার সময় বিদ্যুৎস্পৃষ্টে স্বামীস্ত্রীর মৃত্যু,Negative,1
বিএনপির চেয়ারপারসন খালেদা জিয়াকে মুক্তি ও উন্নত চিকিৎসার জন্য বিদেশে পাঠানোর বিষয়ে সরকারের অনুমোদন চেয়ে তাঁর প,Positive,0
ঠিক আছে মালু,Negative,1
দিনে একবার হলেও পান করুন ভেষজ চা,Positive,0
ধর্ষণে কিশোরী অন্তঃসত্ত্বা মামলার প্রধান আসামি গ্রেপ্তার,Negative,1
সারফেস প্রো ৮ মডেলের ল্যাপটপ বাজারে ছাড়ার ঘোষণা দিল মাইক্রোসফট,Positive,0
আনিসুল হকের মঙ্গলরম্য,Positive,0
আল্লাহ তা আলা আমাদের কলিজার টুকরো সোনামণিদের হৃদয়ে জ্ঞানার্জনের তীব্র আকাঙ্ক্ষা জাগ্রত করে দিন তাদের মনোবল চাঙ্গা রাখুন এবং তাদের আলোকিত মানুষ হিশেবে কবুল করুন আমিন,Positive,0
দুঃখজনক আমাদের পাট মিল গুলো প্রায় বন্ধ পাট গুলো রপ্তানি হচ্ছে এই,Negative,1
হা হা হা,Negative,1
ইন্ডিয়ান নিউজের বেশিরভাগ এ মিথ্যাচার,Negative,1
ইন্দোনেশিয়ার নৌবাহিনীর প্রকাশ করা এক মর্মস্পর্শী ভিডিওতে দেখা যাচ্ছে ডুবে যাওয়া সাবমেরিনের নাবিকেরা গাইছেন দেশটি,Positive,0
বাংলাদেশের শিক্ষিত বেকার আছে কিন্তু কাজ জানা কোন ব্যাপার নাই,Positive,0
আবেদন করা যাবে ৭ সেপ্টেম্বর ২০২১ পর্যন্ত,Positive,0
সদ্য পাওয়া বিমানবন্দরে করোনার পিসিআর পরীক্ষার ব্যবস্থার নির্দেশ,Positive,0
ব্রেকিংনিউজ ১০ মামলার তদন্তের দায়িত্ব চেয়ে পুলিশ সদরদপ্তরে,Positive,0
গাযায় ইসরায়েলের বিমান হামলা মায়ানমারের সেনা আগ্রাসন ও দুঃশাসন এ সবকিছু ছেড়ে বিবিসি ব্যস্ত এখন শান্তিকামী তালেবানকে কভার করতে নিজের কদাকার চেহারাটা আর কত দেখাবে বিবিসি আর কত থুথু লাগবে তোমাদের,Negative,1
প্রথমবারের মতো আফগানিস্তান ছাড়ল আন্তর্জাতিক ফ্লাইট,Positive,0
ছবিতে দেখুন সুয়েজ খালের কন্টেইনারবাহী দানবাকৃতির জাহাজটিকে যেভাবে সরানো হলো,Positive,0
কেমনে মোটেও না এগুলি লোক দেখানো,Negative,1
বরিশালে পৃথক ঘটনায় দুই শিশুসহ তিন জনের মৃত্যু,Negative,1
করোনা ভাইরাস শ্রীলঙ্কায় ২০ দিনের মুসলিম শিশুর মরদেহ জোর করে দাহ ক্ষোভে ফুঁসছেন মুসলমানেরা,Negative,1
সরকারি চাকুরী ওভাবে কোম্পানি চাকুরী করলে মেয়ের বাবারা বিয়ে দিতে চায় না সে জন্য বেকার হয়ে যায়,Negative,1
টিকটক ব্যবহারকরীদের জন্য নতুন নির্দেশনা,Positive,0
জিন সম্পাদনা ভারতে একটি শিশুর জন্ম দিয়ে যেভাবে তার ভাইকে থ্যালাসেমিয়া থেকে মুক্ত করা হল,Positive,0
ইরান কি সত্যি আলকায়েদার নতুন ঘাঁটিতে পরিণত হয়েছে,Negative,1
নারীকে যৌন হেনস্তার ভিডিও ধারণে গ্রেপ্তার২,Negative,1
খুব ভালো বিচার হয়েছে অভিযুক্ত ব্যক্তি পুরো কাজটা সারতে পারলে কিস্তিতে একলক্ষ দিলে হত অভিযুক্ত ব্যক্তির উপর বিশেষ দৃষ্টি আকর্ষণ আপনি পরবর্তিতে পুরো কাজটা সেরেই অভিযুক্ত হবেন হায়রে দেশের শাসন ব্যবস্থা,Negative,1
ঢাকায় দাবদাহ বা হিটওয়েভের প্রবণতা বাড়ছে বলছে গবেষণা,Negative,1
দোহায় কাতার এয়ারওয়েজের নারী যাত্রীদের কাপড় খুলে তল্লাশি ক্ষুব্ধ অস্ট্রেলিয়া,Negative,1
হুম সঠিক,Positive,0
নির্বাচন পরবর্তী সহিংসতা যেমন স্বাভাবিক তেমনি তালেবানও সেই কাজ করছে,Positive,0
রাজশাহীতে ঈদের প্রধান জামাত হযরত শাহ মখদুম ঈদগাহে,Positive,0
যারা তালেবানদের সাপোর্ট করছে আমি তাদের উদ্দেশ্যে বলছি দয়া করে আপনারা দেখতে পাবেন বিশ্বের সবচেয়ে নিচের দেশ হবে একদিন এই আফগানিস্তান,Negative,1
ক্রিকেট অদ্ভুত যেসব উপায়ে আউট হতে পারেন একজন ব্যাটসম্যান,Positive,0
প্রতিটি ফ্ল্যাটে রয়েছে দুটি করে বেডরুম একটি বারান্দা একটি ড্রয়িং রুম বেসিন রান্নাঘর ও দু টি বাথরুম ফ্ল্যাটের,Positive,0
ড মোমেনকে জয়শঙ্করের চিঠি,Positive,0
জাফ্রিকবাল তার বচ্চা সাথে,Negative,1
দেশে নির্মিত ভবনের মান নিয়ে প্রশ্ন তুললেন ত্রাণ প্রতিমন্ত্রী,Negative,1
বিক্রি বেড়েছে ২৫ ভাগব্যবসা বাড়াতে ছাড় দিচ্ছেন ব্যবসায়ীরা,Positive,0
৫৩ ০৬০ টাকা বেতনে বিনা ফিতে চাকরি দিচ্ছে বাংলাদেশ ব্যাংক,Positive,0
তাদেরকে ধৈর্যশীল এবং বুদ্ধিমান হতে হবে খালি শরিয়া আইন আর রাস্তায় অস্ত্র উঁচিয়ে মানুষকে ভয় দেখালেই সব সমস্যার সমাধান হবে না শরিয়া আইন বাস্তবায়নের চেয়ে অর্থনৈতিক সমাধান আরো জটিল,Positive,0
গুজব ঠেকাতে মাঠে নামছে আলীগের এক লাখ অ্যাকটিভিস্ট,Positive,0
চট্টগ্রামে পুলিশের সঙ্গে সংঘর্ষের ঘটনায় মহানগর বিএনপির সভাপতি ডা শাহাদাত হোসেনসহ ১৮ নেতাকর্মী আটক,Negative,1
মাননীয় প্রধানমন্ত্রী আপনার মুখে এইসব কথা মানানসই মনে হচ্ছে না আপনি একটা দেশের নেতা আর আপনি এই ধরনের কথা বললে দেশের দুর্নীতিবাজরা গোটা দেশটাকে মোয়ার মত পেয়ে বসবে আপনি দূরনীতিবাজদের ও অন্যায় কারীদের আইনের আওতায় এনে দৃষ্টান্তমূলক শাস্তির ব্যবস্থা করুন,Positive,0
ঐই কুত্তার বাচ্চার আগে লিঙ্গ কেটে নেওয়া হউক,Negative,1
কিসের মধ্যে ঘি ঢাললেন আর এমন কমেন্ট কিন্তু কেন,Negative,1
মার্কিন ড্রোন হামলায় নিহত কোনো আইএস জঙ্গি ছিল না,Negative,1
এইগুলা ছোটা আনভীর কথা কইতে পারো লেকিন আনভীরের নামে না,Negative,1
রাসিকের সাবেক ভারপ্রাপ্ত মেয়র দুদু আর নেই,Negative,1
পাহাড়ের সবুজ রূপ ক্রমেই হচ্ছে ধূসর,Negative,1
এতক্ষণে খোলস থেকে বেরিয়ে আসলি হুদাই তোর মতো ভোদাই এর সাথে তর্ক করে আমার মূল্যবান সময় নষ্ট করছি,Negative,1
ফের চালু হচ্ছে চক্রাকার বাসসেবা,Positive,0
আওয়ামীলীগ সরকারের কাজ জনগনের সাথে মিথ্যাচার করা,Negative,1
দুর্নীতির জন্য নতুন বৈধতা,Negative,1
আহলে খবীশের দল দেখ আমেরিকা মুসলমানদের বন্ধু হতে পারেনা প্রমান নাও এই খবর,Negative,1
রাশিয়ায় স্পুটনিক ভি টিকাটি দেয়া হচ্ছে এই টিকার প্রথম ডোজ পেতে জার্মানিসহ পশ্চিমা দেশগুলো থেকে অনেকে কষ্ট উপে,Positive,0
আপনি দেশের প্রধান হয়ে যখন চোরদের পক্ষ নেন তখন আপনার সততা নিয়ে প্রশ্ন আসে যে আপনি চোরদের লালনপালন করছেন নাতো,Negative,1
ধীরগতিতে চলছে কাজপ্রশাসনের গাফিলতিকে দায়ী সড়ক বিভাগের,Positive,0
প্রবাসীরা জনসন টিকায় অগ্রাধিকার পাবেন পররাষ্ট্রমন্ত্রী,Positive,0
হাফেজ আব্দুল্লাহ ভাই আপনাকেও একই কথা বলছি অপরাধীকে জাস্টিফাই করছেন এই বলে যে আরো কত লোকে তো অপরাধ করে তাদের ধরেন না কেনো ভাই তারাও অপরাধ করেছে তার সাথে সাথে আপনার পক্ষের লোকও অপরাধ করেছে অন্য অপরাধীর দোষ তুলে ধরে নিজের পছন্দের ব্যাক্তির অপরাধ ঢাকা যায় না,Positive,0
সারাদেশে ১৪ দিনের শাটডাউন দেওয়ার সুপারিশ,Positive,0
দুঃখ জনক,Negative,1
ব্রেকিংনিউজ এসএসসির আগে কোনও পাবলিক পরীক্ষা হবে না শিক্ষামন্ত্রী,Positive,0
জুয়া খেলার অভিযোগে রাজশাহীতে ৯জন পুলিশ সাময়িক বরখাস্ত,Negative,1
আইপিএল খেলতে রাতেই দেশ ছাড়ছেন সাকিবমুস্তাফিজ,Positive,0
এক বোয়ালের ওজন ২২ কেজি,Positive,0
চীনের জিনজিয়াংয়ে উইঘুর আন্দোলনের পেছনে তালেবানের ইন্ধন বিস্তারিত নিউজে,Negative,1
অনলাইনে পদগুলোর জন্য আবেদন শুরু হয়েছে,Positive,0
বাংলাদেশি মার্কিন নাগরিক শরীফ ইমরানের সঙ্গে জাপান থেকে আসা তাঁর দুই শিশুসন্তান আপাতত ঢাকা মহানগর পুলিশের ভিকটিম সা,Positive,0
রাশিয়ায় বিমান বিধ্বস্ত হয়ে নিহত ৪,Negative,1
ডোনাল্ড ট্রাম্প টুইট করে জানালেন প্রতিরক্ষামন্ত্রী মার্ক এসপারকে বরখাস্ত করেছেন,Negative,1
উত্তর বারিধারাকে ৮০ গোলে হারিয়েছে আবাহনী লিমিটেড,Positive,0
ঢাবির ছাত্রী ধর্ষণ স্বরাষ্ট্রমন্ত্রীকে স্মারকলিপি দিলো ডাকসু,Positive,0
ডিজিটাল জীবনমানে বিশ্বের ১১০টি দেশের মধ্যে বাংলাদেশ ১০৩তম হয়েছে এবারের স্কোর শূন্য দশমিক ৩৪ যা গতবার ছিল শূন্য দ,Negative,1
মৃত্যুর ৪৫ মিনিট পর বেঁচে উঠলেন নারী,Positive,0
এসএসসি ও এইচএসসি পরীক্ষা কীভাবে কোন পদ্ধতিতে হবে তা নিয়ে নতুন সিদ্ধান্ত ঘোষণা,Positive,0
১০ কেজি চালের জন্য ভাইকে খুন,Negative,1
আলিয়ার পোশাকের দাম ৫ লাখ রুপি বিস্তারিত নিউজে,Positive,0
১৬ আগস্ট থেকে পর্যায়ক্রমে সব আন্তঃনগর ট্রেন চালু হবে রেলমন্ত্রী,Positive,0
শিক্ষাপ্রতিষ্ঠান খোলার চূড়ান্ত সিদ্ধান্ত নিতে সভা বিকেলে,Positive,0
বাহ পিএম বাহ দুর্নীতিবাজ ঠিকাদারকে সেইভ করা যেন আপনার দায়িত্ব,Negative,1
সেনা কর্মকর্তা ও নেতাসহ নানা পরিচয়ে জালিয়াতি করতেন সাহেদ,Negative,1
সবচেয়ে বেশি দূর্নীতি আরও প্রশ্নপাশ,Negative,1
সোশ্যাল মিডিয়ার ভিডিও তৈরিতে কাজে লাগবে যেসব গ্যাজেট সঠিক তথ্য পেতে সোশ্যাল মিডিয়ার ভূমিকা কতটা স্বপ্ন নয়,Positive,0
প্রথম আগাত কারি তারেক জিয়া,Negative,1
জব্দ করা নমুনায় কোকেন না থাকলে কী উপাদান ছিল সেটিও উল্লেখ নেই প্রতিবেদনে,Negative,1
দক্ষ জনবল আর কর্মসংস্হাননের আসন সীমিত সরকারে উচিত সরকারী চাকুরীর প্রতি লোভ কমানো লোভে পাপ পাপে বয়স শেষ হয়ে যায় মাথার চুল থাকে না মেয়ের বাবারা বেকার ছেলের কাছে মেয়ে বিয়ে দিতে চায় না এখান থেকেই কষ্ট বেশী পেয়ে ছেলেরা তিলে তিলে মরে যায় নতুন কর্মসংস্হানের সংখ্যা বৃদ্ধি সরকারী চাকুরীর প্রতি লোভ কমানো সরকারের উচিত সরকারী চাকুরীর মত বেসরকারী চাকুরীতে ৩৪ সুযোগ সুবিধা দেওয়া আর বেকার ছেলে মেয়েদের বিয়ের ব্যবস্হা করা না হয় বেকার ভাতা দিয়ে ছেলেটার পায়ের মাটি শক্ত করা,Negative,1
পানির নিচে নাচলেন সাকিবতাসকিনরা ভিডিও,Positive,0
এখন সৌদি হামলা হোক বৃটিশরা আরো কদিন যুদ্ধ করকে পারবে আর বিবিসি থাকবে যুদ্ধের মুখপাত্র,Negative,1
শিক্ষার্থীদের মুখে হাসি ফুটুক ওদের উপস্থিতিতে মুখরিত হোক শিক্ষাঙ্গন,Positive,0
দেশে চাকরি থাকলেতো পাবে বেসরকারি খাত একেবারে সংকুচিত সরকারি চাকরি কয়জনের ভাগ্যেজুটে,Negative,1
টেকনাফ বন্দরে দালাল চক্রের মূলহোতা আটক,Positive,0
দুর্নীতি ঘুষ বানিজ্যের কারনে সঠিক মেধাবিরা একদিকে যেমন চারকরী থেকে বঞ্চিত হচ্ছে অন্য দিকে শিক্ষার মান উন্নত হচ্ছেনা সবকিছুত ে রাজনীতি দিয়ে বিচার করা হচ্ছে আমার মনে হয় সবকিছুর মুল হল একটা গনতান্ত্রীক দেশে গনতান্ত্রীক উপায়ে যে কোন দল ক্ষমতায় আসলে দেশে সবকিছুতে উন্নত হবে এখন সবকিছুতে সাফল্য আসতেছেনা শুধু গনতন্ত্র ন্যায় বিচার না থাকার কারনে সরকার চেষ্টা করে ও ব্যার্থ হচ্ছে আমলা আর উগ্রহ রাজনীতির মতাদর্শের কারনে,Negative,1
কি রে এবার পড়বি তো ঠিক মতো নাকি ধোলাই দিবো,Positive,0
যে পিকগুলো ভাইরাল হলো সেগুলো তো হাতুড়ি দিয়ে ভাঙ্গার মতো মনেই হচ্ছে না নিম্নমানে উপকরণ দিয়ে তৈরি করা বস্তুকে এমন ভিত্তিহীন কথার মাধ্যমে ধামাচাপা দিয়ে রাখা যায়না বুবু,Negative,1
মেজর জিয়া জড়িত থাকার কথা চিন্তা ভাবনা করছেন মনে হয় প্রধানমন্ত্রী,Negative,1
দূরনীতিবাজদের উসকে দিয়েছে হাসিনা,Negative,1
অপরাধী এবং সালিশ কারীদের বিরুদ্ধে আইনগত ব্যবস্থা নেয়া হোক,Positive,0
আমাদের দেশে গরীব মানুষ মানুষই না ওরা গোনার বাইরে যেখানে ভিক্ষুক আর ছেড়া সেন্ডেল ছেড়া গেঞ্জি পড়া পাবলিক গণনার বাইরে রাখা হয় সেখানে সব কিছুই সম্ভব,Negative,1
ইতিহাসের এই দিনে যা ঘটেছিল,Positive,0
বিএনপি মেগাপ্রকল্প বাস্তবায়নের সক্ষমতা দেখাতে পারেনি বলে বিস্তারিত নিউজে,Negative,1
চোরের সংখ্যা বেশী তাই,Negative,1
জাত তাহলে এতই যখন খারাপ তাহলে চেঞ্জ করে নিচ্ছে না কেন পরিবর্তন করলে তো মানুষের মতো মানুষ হতে পারবে,Positive,0
রেচেপ তাইয়েপ এরদোয়ান রুটি বিক্রেতা থেকে যুদ্ধংদেহী তুর্কী প্রেসিডেন্ট,Positive,0
করোনাভাইরাসের কারণে ৩ এপ্রিল পর্যন্ত ইংলিশ প্রিমিয়ার লিগ স্থগিত অনির্দিষ্টকালের জন্য ফ্রেঞ্চ লিগ,Positive,0
ভাই এদেশের প্রায় সবগুলো জাতীয় দৈনিক পত্রিকার ফেইসবুক পেজের সাথে আমার এড আছে লক্ষ করলাম একটা পত্রিকায় ও কোন ছাত্রের ছবি দেয়া হয়নি সবগুলোতেই ছাত্রীদের ছবি এর কারণ কি হতে পারে,Negative,1
যেন আপনি কত গুরুত্বপূর্ণ ব্যক্তি,Negative,1
যোদি এই পিন সিস্টেম তুলে দেওয়া হয় তাহলে প্রতিটি বান্ডিলে ৩০ থেকে ৪০ জাল টাকার নোট পাওয়া যাবে,Positive,0
মুসলিমরা তাদের নিজ যোগ্যতায় নিজ অর্থে সে দেশে যায় কাজ করতে আমেরিকার প্রেসিডেন্ট তাদের বিনামুল্যে নেয় না,Positive,0
বিশ্বে অনেক শিশু প্রাকৃতিক নিয়মে ছেলে বা মেয়ে হয়ে জন্মায় না কেমন তাদের জীবন,Positive,0
সিলেট৩ আসনের উপনির্বাচনে আলীগ প্রার্থী হাবিব নির্বাচিত,Positive,0
কক্সবাজারে হঠাৎ পর্যটকদের উপচে পড়া ভিড় দুর্ভোগের কারণ কী,Negative,1
শিকাগোতে ১৩ বছরের এক কিশোরকে গুলি করে হত্যার ঘটনা ঘটেছে ২৯শে মার্চ ঘটে যাওয়া এই ঘটনার ভিডিও সম্প্রতি প্রকাশ করেছে,Negative,1
এক কয়েনে মিলবে ৪৩টি আইফোন ১৩,Positive,0
বাংলাদেশের সরকার নিজেই অবৈধভারত দেওয়ার পর,Negative,1
শাহজালাল বিমানবন্দরে পরীক্ষামূলকভাবে করোনা টেস্ট করে ৪৬ যাত্রীকে পাঠানো হচ্ছে সংযুক্ত আরব আমিরাতে,Positive,0
লকডাউনের দ্বিতীয় দিনে ২ লাখ ১৫ হাজার টাকা জরিমানা র্যাবের,Negative,1
উঠো পাবজি খেলার সময় হয়ছে৷ স্কুলে গিয়ে লাভ নেই৷ ওনারা পলিটিক্স করতে গিয়ে আবার স্কুল বন্ধ করে দিবে৷,Positive,0
বাংলাদেশে শিক্ষার কোনো মূল্যে নেই কারণ হলো টাকা জাদের কাছে টাকা আছে তাদের কাছে চাকরি আছে সে সরকারি চাকরি হোক কিংবা বে সরকারি হোব মুলুত ঘুষ শিক্ষিত দের হক চাকরি কেড়ে নিয়েছে এটাই বাস্তবতা,Positive,0
শেখ রেহানাকে ওবায়দুল কাদেরের শুভেচ্ছা,Positive,0
আর্জেন্টিনার প্রাথমিক দলে ডাক পেয়েছেন দিবালা,Positive,0
তুই কি চাস করছ না কি,Negative,1
পশ্চিমারা কখনো সভ্য জাতি ছিলো না,Negative,1
আফগানিস্তান সরকার গঠনে আলোচনার জন্য তালেবানের সহপ্রতিষ্ঠাতা কাবুলে পৌঁছেছেন,Negative,1
তেল খাওয়া টা বন্ধ হয়ে যাবে এই কাজ করবে না,Negative,1
মেছোবাঘের আক্রমণে শিশুবৃদ্ধসহ হাসপাতালে ১০,Negative,1
থলের বিড়াল বেড়িয়ে আসবে সৌদি কাতার এরা হলো সন্ত্রাসের পৃষ্ট পোষক,Negative,1
আফগানিস্তান কাবুল ছাড়া সব বড় শহর তালেবানদের কবজায়,Negative,1
এতে টোল আদায় হয়েছে ২ কোটি ৯২ লাখ বিস্তারিত নিউজে,Positive,0
আগুন লাগার কারণ জানা যায়নিএখনো ঘটনা তদন্তে ৪ সদস্যের কমিটি,Negative,1
অকশন সরকারি নিলামের জমি বাড়ি গাড়ি মোটরসাইকেল বা অন্যান্য পণ্য যেভাবে বাজারদরের চাইতে কম মূল্যে কেনা যায়,Positive,0
পুলিশের নিয়োগ প্রক্রিয়ায় বড় পরিবর্তন,Positive,0
ভণ্ডামি করার জায়গা পাওনা,Negative,1
তালেবান আরজিনাল ভণ্ড এখন নারি ক্রিকেট হারাম করলো কিছুদিন পর হালাল করবে ১৯৯৬ সালে ১৫০০ বিষয় হারাম করেছিলো এবার তার ভিতর অনেক গুল হালাল করেছে বাংলাদেশের সব তালেবানরা এখন বলছে নারি ক্রিকেট হারাম যখন ১০ থেকে ২০ বছর পরে তালেবান আবার বলবে নারিক্রিকেট হালাল তখন বাংলাদেশের তালেবান আবার বলবে নারি ক্রিকেট হালাল তালেবান যে ভণ্ড বাংলাদেশের তালেবান তা কোনদিন স্বিকার করবেনা এরনাম ভণ্ড প্রতারক মিথ্যাবাদী সুবিধাবাদী ক্ষমতালোভী সত্যকে কোনদিন স্বিকার করবেনা বাংলাদেশ তালেবান আল্লাহ যেটা হারাম করে দিয়েছে সেটা আর কিয়ামত পর্যন্ত হালাল হবেনা কিন্তূ তালেবান যখন হালাল বলছে তখন হালাল আর যখন হারাম বলছে তখন হারাম তালেবান তার নিজের কথাকে আল্লার কথা বলে মানুষের কাছে চালিয়ে দেচ্ছে সাধারণ মানুষ তা খিয়াল করছেনা,Positive,0
সাত কোটি টাকা পাওনা আদায়ের অংশ হিসেবে ইকমার্স প্রতিষ্ঠান ইভ্যালিকে গত সোমবার আইনি নোটিশ পাঠিয়েছে পণ্য বিলিকরণ,Positive,0
এখানে লেখাপড়া করাটাই মুখ্য ছেলে মেয়েরা আলাদা আলাদা ক্লাস করবে তাতে কি আসে যায় বরঞ্চ এতে সামাজিক অবক্ষয় কমবে,Positive,0
তুরস্ক সফর শেষে দেশে ফিরলেন সেনাপ্রধান,Positive,0
লাখ লাখ লোক মারছে নিউজ না করলে আপনি এই তথ্য গুলা কোথায় পাইছেন আপনি নিজে গিয়ে দেখে আসছেন,Negative,1
এবার বিবিসির এই তথ্যপ্রমাণ দ্বারা তালিবানের ক্ষমতা কেড়ে নেওয়া হবে হেগে মুতে দিছে তালিবান আহারে৷,Negative,1
উইগুর নির্যাতনে চীনকে সাহায্য করছে প্রায় ৩০টি দেশ,Negative,1
২৪ ঘন্টায় ১৫৩ জন ডেঙ্গু রোগী শনাক্ত,Negative,1
অবিলম্বে বিশ্ববিদ্যালয় গুলো বন্ধ রেখে সত্যিকারের বাস্তব মুখী শিক্ষা চালু করুন তা নাহলে ভবিষ্যৎ আরো খারাপ কারণ বিদ্যালয়গুলোতে যা শিখানো তাহা ৭০ বাস্তবে কাজে লাগেনা,Positive,0
গুজবে কান দিবেন নাঅনেকদিন পর বিবিসি আমাদের জন্য নিউজ তৈরি করেছে যেখানেই পশ্চিমাদের স্বার্থ আছে সেখানে বিবিসি আছে,Negative,1
ছবি ফিঙ্গার প্রিন্ট চোখের কর্ণিয়া থাকবে পাসপোর্টে,Positive,0
পশ্চিমা সংবাদমাধ্যমগুলো নিরপেক্ষ সংবাদ প্রচারের কথা বলে মিথ্যাচার করে মানুষকে ধোঁকা দেয় এরা প্রধানত দুইভাবে মানুষকে ধোঁকা দেয়৷ মানুষের মগজ ধোলাই করে ১ সরাসরি মিথ্যাচার করাএর জঘন্যতম দৃষ্টান্ত হলো ২০১৮ সালের ৯ই আগস্ট বিবিসির প্রচারিত একটি নিউজ সেখানে তারা সুস্পষ্টভাবে মিথ্যাচার করেছে প্রথমে তারা নিউজের শিরোনাম দেয় ই সরায়েলী বিমানহামলায় নারী ও শিশু নিহত নিউজটির মূল বিষয় ছিল গা জায় ই সরায়েলী বিমান হামলায় এক গর্ভবতী নারী এবং শিশুসহ তিনজন ফি লি স্তিনি নিহত হয়েছেন নিউজটি ইসরায়েলের পররাষ্ট্রমন্ত্র ীর নজরে পড়লে সে বিবিসিকে অতিদ্রুত তা সরিয়ে ফেলার আদেশ দেয় এ আদেশের কিছু সময় পরই বিবিসি এই শিরোনাম ও নিউজ সম্পূর্ণভাবে পাল্টে দেয় নতুনভাবে শিরোনাম করে যে গাজার বিমানহামলায় ইসরায়েলে নারী ও শিশু নিহত বিবিসির এই ধোঁকাবাজি নিয়ে এরপর অনলাইনে ব্যাপক সমালোচনা হয় ১এই ঘটনা এসব হলুদ মিডিয়ার বাস্তব রূপ উন্মোচন করে দিয়েছে এভাবেই হলুদ মিডিয়াগুলো প্রতিনিয়ত মু জাহিদিন এবং মুসলিমদের নিয়ে নানারকম মিথ্যাচার করে থাকে,Negative,1
অনেক সুন্দর যুক্তিসঙ্গত ও সময়োপযোগী মন্তব্য প্রকাশ করেছেন সত্যিই আমাদের দেশে বাস্তবমুখী শিক্ষা ব্যবস্থা নেই,Positive,0
শিক্ষা ব্যবস্থা ভাল না,Negative,1
আপনার ফেসবুক টাইমলাইনে কি ট্রেন্ড করছে আজ কোন হ্যাশট্যাগে টুইট সবচেয়ে বেশি কিন্তু এই সোশ্যাল মিডিয়ায় যা দেখছি,Positive,0
হনুমানকি ইবাদত করবে,Negative,1
বাংলাদেশে ধর্ষণ বিরোধী প্রতিবাদ অব্যাহত রয়েছে,Positive,0
সাগরে তাপমাত্রা বাড়ায় ঝড় জলোচ্ছাস বন্যাসহ বাড়ছে দুর্যোগ,Negative,1
মানহীন কলেজ কে ও অনার্সের মান দেওয়া,Negative,1
ইউসুফ খান যেভাবে দিলীপ কুমার,Positive,0
যে দামেই ভ্যাকসিন পাওয়া যাক সে দামেই আমাদের ভ্যাকসিন কেনা উচিত কেননা,Positive,0
রাজনীতি রাজনীতিতে এ এক হাস্যকর খেলতামাসা যতক্ষন জিবীত থাকে ততক্ষন একে অপরকে সারাদিন কাঁদা ছোড়াছোড়িতে লিপ্ত থাকে যেইনা একজন মরে গেল বাস শুরু হয়ে গেল তিনি বর্ষিয়ান নেতা ছিলেন তিনি গনতন্ত্রের রূপক ছিলেন তিনি আমাদের অনেক কিছু শিখিয়ে গেছেন আরো কতকি এটাওকি রাজনীতির একটা অংশ আসলে রাজনীতির নোংরা ব্যবহার দেখতে দেখতে এখন কোনটা সত্যিকার রাজনীতি আর কোনটা অসত্য তা বুঝা বড় কষ্টসাধ্য মাঝে মাঝে মনে হয় রাজনীতি তারাই করতে পারে যারা সবচাইতে বেশী মিথ্যা আর প্রতারনা করতে পারে,Negative,1
শুভকামনাও শুভেচ্ছা বিএনপির সকলের প্রতি,Positive,0
আলীগের দরজা খুলে দিলে বিএনপির ঘর শূন্য হয়ে যাবে,Negative,1
সিনথি ও সামিয়া দুই বান্ধবী দুজনই শিক্ষার্থী তাঁদের দুই বিড়ালের নাম গুগল ও মাউস ফ্রি ভেটেরিনারি চিকিৎসা ক্যা,Positive,0
আপনাদের মত মিডিয়ার কারণে আজ সবাই চুপ,Negative,1
সিলেটে বন্দরবাজার পুলিশ ফাঁড়িতে নির্যাতনে রায়হান হত্যা মামলার চার্জশিট জমা প্রধান আসা,Positive,0
সম্পূর্ণ মিথ্যা কথা,Negative,1
১৮ বছরের কম বয়সীদের টিকা দেওয়া হবে না,Positive,0
সব দেশে এখন উন্নয়নের মূলা ই ক্ষমতার শক্ত হাতিয়ার,Positive,0
চীনের সেনারা ভারতীয় সীমান্তে প্রবেশের চেষ্টা করলে,Positive,0
১৯৯৩ সালের পর প্রথম কোনো আন্তর্জাতিক ট্রফি বিস্তারিত নিউজে,Positive,0
৫৯টি অবৈধ আইপিটিভি বন্ধ করেছে বিটিআরসি,Positive,0
ঠিক বলেছেন,Positive,0
শিক্ষার্থীদের বরণে প্রস্তুত ঢাবি থাকছে না গণরুম,Positive,0
বাংলাদেশে কেন বাড়ছে ভিটামিনডি ঘাটতি জনিত সমস্যা প্রতিকার কী,Positive,0
ডিএসইর ব্লক মার্কেটে লেনদেন ১১ কোটি টাকা বেড়েছে,Positive,0
রাবির বিদায়ী ভিসির ৫ মে দেওয়া নিয়োগের ওপর স্থগিতাদেশ,Negative,1
রানা প্লাজার কেচিগেট আর এই হাতুড়ি শাবল এর মধ্যে পার্থক্য কিছুই নাই,Negative,1
খাদ্য সংকট মোকাবিলায় বাংলাদেশের অর্জন প্রসংশনীয়,Positive,0
জাদু জাদু জেট ফুয়েল স্টিল গলিয়ে ফেললো কিন্ত পাসপোর্ট টা অক্ষত রয়ে গেলো ৯১১ এর সময় প্রসিডেন্ট জজ বুশ যখন স্কুল পরিদর্শন করেছিলেন তখন ক্লাসে টিচার পড়াচ্ছিলেন বিমান স্টিলে আঘাত করে ঠিক তখনই প্রসিডেন্ট কে জানানো হয় যে টুইন টাওয়ারে হামলা করা হয়েছে,Negative,1
জাহাঙ্গীরনগর বিশ্ববিদ্যালয়ে শিক্ষার্থীদের মাঝে থ্যালাসেমিয়া পরীক্ষার উদ্যোগ,Positive,0
হায়রে বাংলাদেশ এতো দিন পরে বোধ উদয় হলো,Negative,1
বৃহত্তর ময়মনসিংহ অঞ্চলে পুরোনো ধারার জঙ্গিদের একাংশ সংগঠিত হচ্ছিল এই অংশের নেতা ঢাকা থেকে গ্রেপ্তার,Positive,0
সাংবাদিক নেতাদের ব্যাংক হিসাব তলব অপ্রত্যাশিত স্বরাষ্ট্রমন্ত্রী,Positive,0
শিক্ষা নিচে তোমাকে কিভাবে পিটানো যায়,Negative,1
প্রকৃত মেধার মূল্যায়ন করা হয়না কারণ তাদের মামা খালু নাই ঘুষ দুর্নীতি বন্ধ করতে হবে,Negative,1
এটা খুবই ভাল হয়েছে যে ছেলেমেয়েদেরকে আলাদাভাবে শিক্ষা দেওয়া হবে প্রত্যেকের ক্লাস আলাদা থাকবে শিক্ষাঙ্গন আলাদা হবে এতে একজন মুসলিমের জন্য অনেক বড় গুনা থেকে বাঁচার উপায় বলে আমরা মনে করি,Positive,0
সব গুলা সাধুর বাচ্চা তোরাতোরা তো মানুষ মারোস নাচুমা খাস,Negative,1
ভাত খাওয়ার পর যেসব কাজ ক্ষতি ডেকে আনে,Positive,0
বাংলাদেশে আসছে ইসলামি বন্ড সাধারণ বন্ডের সাথে কী পার্থক্য,Positive,0
১০ হাজার হেক্টর নতুন কৃষি জমি পাচ্ছে দেশ,Positive,0
যারা শালিশ করছে এদের সবাই কে পায়ূযোদ্ধা দিয়ে ধর্ষন করার পর পঁচিশ হাজার টাকা করে ক্ষতিপূরণ পাঁচ মাসে পরিশোধ করা হোক,Negative,1
ডাবল মার্ডারের ক্লু গুড়া মরিচ আর দুই বছরের শিশু,Negative,1
২১ বছর যাবত ভুয়া ১১১র দোহাই এতো নিরিহ সাধারন আফগাদের হত্যা করছে তখন জাতিসংঘের মুখে ধ গুজে দিছিলো কে ২১ বছরের বিশৃঙ্খলার দেশ ঠিক হইতে ৫৭ বছর না যাইতেই জাতিসংঘের নিন্দা জানানো হাস্যকর ছাড়া কিছুই না আফগানিস্তান নারি অধিকার নিয়ে যেটা করতে চায় ওটাই এক বারে ঠিক তাতে নারির অধিকার ও সন্মান দুইটাই থাকবে জাতিসংঘের নারি অধিকার যেইটা বুজায় সেইটা উলঙ্গ করে সন্মান করে না,Negative,1
আলহামদুলিল্লাহ সুম্মা আলহামদুলিল্লাহ আল্লাহ পাকের দরবারে অনেক অনেক শুকরিয়া আদায় করছি,Positive,0
সংবাদ সন্ধ্যা,Positive,0
জাহাঙ্গীরনগর বিশ্ববিদ্যালয়ে প্রথম নারী ট্রেজারার হিসেবে নিয়োগ পেলেন,Positive,0
আমরা তাকে জেলা দলে অন্তর্ভুক্ত করি কিন্তু সে জেলা দলের বিস্তারিত নিউজে,Positive,0
করোনায় আরো ৩৭ মৃত্যু মোট প্রাণহানি ২৯৬৫,Positive,0
ক্রিস মরিসকে ছাড়াই প্রোটিয়াদের বিশ্বকাপ দল,Positive,0
সবচেয়ে কম বয়সীদের টিকা দিচ্ছে কিউবা,Positive,0
ওয়াসা ভর্তুকি দিচ্ছে যেটি চলতে পারে না,Positive,0
জামিন পেলেন সাংবাদিক রোজিনা ইসলাম,Positive,0
সুশীলদের কমেন্ট দেখেই বুঝা যাচ্ছে কেমন হতে চলেছে আগামীর বাংলাদেশ,Positive,0
ধর্ষণ প্রচেষ্টা যখন তথাকথিত নাটকের রিহার্সাল হয়ে যায় তখন এই রিহার্সালকারীদে র কেউ যদি নির্বাচিত জনপ্রতিনিধির আসন অলংকৃত করে থাকেন তখন তাদের কাছে এধরনের বিচারের রায়ের চাইতে বেশী কিছু প্রত্যাশা করা বৃথা,Negative,1
মানোবতা আজ কোথায় গিয়ে দাড়িয়েছে,Negative,1
আলহামদুলিল্লাহ আমাদের গ্রামে লোডশেডিং নেই বললেই চলে,Positive,0
রাতে ঘুমানোর আগে যে আমল করবেন,Positive,0
ভাগ্যরেখা অনুযায়ী আপনার আজকের দিনটি কেমন কাটতে পারে,Positive,0
আমি নিশ্চিত এটা বিম্পি করেছে অতএব যারা এখনও জেলের বাইরে আছে অতিশীঘ্রই ভেতরে ঢুকাতে হবে,Negative,1
সারা দেশে এ পর্যন্ত ৯৮৪৮৯ জনের করোনা শনাক্ত,Negative,1
শুধু আমেরিকা গত সাত দশকে তিন কোটি মানুষ হত্যা করেছে সূত্রঃযুগ ান্তর এবং অন্যান্য পশ্চিমা দেশ কি পরিমাণ মানুষ হত্যা করেছে বিগত বছরে যদি তা হিসাব করা হয় তাহলে কয়েক কোটি ছেড়ে যাবে আপনি যদি ধর্ষণের শীর্ষ কয়েকটি দেশের দিকে তাকান তাহলে তার অধিকাংশ পশ্চিমা দেশ পাবেন দুটি বিশ্বযুদ্ধ কিন্তু এই পশ্চিমারাই সংঘটিত করেছে আজকে যে শরনার্থীর ঢল দেখতে পাচ্ছেন তাও পশ্চিমাদের বিভিন্ন দেশে আগ্রাসনের ফলে এই শরনার্থী সমস্যা সৃষ্টি হয়েছে এরপরও তারা নিজেদেরকে সভ্য দেশ দাবি করে পশ্চিমাদের এইসব অপকর্মের বড় অংশীদার জাতিসংঘ এবং মিডিয়া,Negative,1
প্রতিযোগিতায় নতুন নতুন মুখরোচক সব খাবার রান্না করে বিচারকদের বিস্তারিত নিউজে,Positive,0
ঢাকা টেস্ট প্রথম দিনশেষে ওয়েস্ট ইন্ডিজের সংগ্রহ ২২৩৫ এনক্রমা বনার ৭৪ আবু জায়েদ ২৪,Positive,0
বিশেষ সাক্ষাৎকার সেলিম রায়হান,Positive,0
হকির অচলাবস্থা দুর করতে প্রধানমন্ত্রীর দ্বারস্থ হয়েছিলো ফেডারেশন,Positive,0
আপনাকে ভুল তথ্য দেয়া হয়েছে ঘরের শত্রু কিন্তু বড় শত্রু মাননীয় প্রধানমন্ত্রী সুতরাং ওদের দমন করুন তানাহলে দলের ভবিষ্যৎ সুখকর হবেনা চতুর্দিক থেকে চোর ছ্যাচড়ারা ঘিরে ফেলবে আপনাকে সাবধান,Negative,1
করোনায় মারা গেছেন চট্টগ্রামের ইউএসটিসি হাসপাতালের সহযোগী অধ্যাপক ডা এহসান,Negative,1
ব্রাহ্মণবাড়িয়া ট্রলার উদ্ধারে কাজ চলছে,Positive,0
ইমতিয়াজ হাসান বলেন তাঁর বাবার বিভিন্ন শারীরিক পরীক্ষা করানো হয়েছে এসব পরীক্ষার প্রতিবেদন বেশ ভালো এসেছে,Positive,0
২২ হাজারের বেশি পর্নোজুয়ার সাইট বন্ধ করা হয়েছে বিটিআরসি,Positive,0
আমাদের দেশের টা আমাদের বুঝে নিতে দে তোরা এতো নির্লজ্জ যে চলে আসিস কমেন্ট করতে তোদের দেশের যা অবস্থা তালিবানী মৌলবাদী দের রমরমা নিজেদের বাড়ির মেয়েদের সামলা,Negative,1
আলহামদুলিল্লাহ বাংলাদেশে এই নিয়ম টা হলে খারাপ হবেনা,Positive,0
২৩ জুলাই পর্যন্ত কিছুটা শিথিল হচ্ছে চলমান বিস্তারিত নিউজে,Positive,0
১৬ লাখ ভারতীয় বাংলাদেশে চাকরির সুযোগ না দিয়ে বাংলাদেশি শিক্ষিত জনসাধারণকে সরকারি ভাবে দক্ষজনবল করে গড়ে তুলতে পারে সরকার এতে করে বেকার লাগব হবে অনেকটা,Positive,0
সদ্য পাওয়া সংক্ষিপ্ত সিলেবাসে হবে প্রাথমিক শিক্ষা সমাপনী পরীক্ষা প্রাথমিক ও গণশিক্ষা প্রতিমন্ত্রী,Positive,0
ব্যাচেলর পয়েন্ট নিয়ে নতুন ভাবনা অমির,Positive,0
জাতিসংঘের ওরা নাইন ইলেভেনে আফগানদেরকে গাদাফুল দিয়ে ভরন করেছিল মনে হয়,Negative,1
তালেবানকে ইমরান খানের হুঁশিয়ারি,Positive,0
ফেসবুক পোস্টে ধর্ষণে উস্কানি দেয়ার অভিযোগে যুবক গ্রেপ্তার,Positive,0
পাইলট ক্যাপ্টেন নওশাদ লাইফ সাপোর্টে,Negative,1
খুলনা৪ আসনের সাবেক সংসদ সদস্য সাহিদুর রহমান আর নেই,Negative,1
কোভিড মহামারি বিশ্ববিদ্যালয়গুলোকে পুরোনোজরাজীর্ণ অসুস্থ প্রক্রিয়া ঝেড়ে ফেলে নতুন করে অনেক কিছু শুরু করার একটা,Positive,0
ধর্ষণের মানহানির দাম ২৫ বাহ,Negative,1
সরকার কি চোখ বন্ধ নাকি শুধু বিএন পি দোষ খুজা বেড়ায় এগুল কি হচ্ছে,Negative,1
হিন্দু আইন পরিবর্তন রোধে প্রধানমন্ত্রীর হস্তক্ষেপ কামনা,Positive,0
শিক্ষাটা জরুরী সহশিক্ষা নয়,Positive,0
অনেক ভুল করছে স্কুল কলেজ মেডিকেল এ পড়ে তার উচিত ছিল রাস্তায় যাত্রাপালায় নৃত্যদলে কাজ করা,Negative,1
ঢাকা থেকে ফরিদপুরে মাত্র ৪০ মিনিটে,Positive,0
ওজোনস্তরে বিরাট ফাটল ভয়ংকর বিপদে মানবসভ্যতা,Negative,1
নরেন্দ্র মোদী শ্যামনগরে কালীমন্দিরে পূজা দিয়ে গেলেন টুঙ্গিপাড়ায়,Positive,0
গোমূত্র র সাইড ইফেক্ট,Negative,1
বাংলাদেশ বিনিয়োগের নিরাপদ স্থান উল্লেখ করে বিদেশিদের এগিয়ে আসার আহ্বান জানিয়েছেন প্রধানমন্ত্রী শেখ হাসিনা,Positive,0
ফেসবুক পোস্টে মায়ের খোঁজ পেলেন দুই ছেলে,Positive,0
জাতিগত উস্কানিমূলক নীতি দেখিয়ে দাংগা বাধানো তোমাদের বহু পুরনো পলিসি এখনে এসব খাটবে না মোট ৩৫ জন মন্ত্রীদের মধ্যে জাতিভিত্তিক মন্ত্রীপর্যায়ের প্রতিনিধি হিসেবে ১২ জন পাশতুন মন্ত্রী তারা মোট আফগানের ৪২ জনসংখ্যা ৯ জন তাজিক তারা আফগানের ২৫ জনসংখ্যা ৭ জন উজবেক আফগানের ৮ জনসংখ্যা ৭ জন হাজারা আফগানের ৮ জনসংখ্যা,Negative,1
চাইতে কে বেশী গুরুত্ব দেয়ায় এমন অবস্থা হয়েছে সরকার তার রাজনৈতিক সাফল্য দেখানোর জন্য শিক্ষার হার বাড়িয়ে দিয়ে এবং যথাযথ মুল্যায়ন না করে শুধু পাশ করিয়ে দেয়াতে এমন অবস্থা হয়েছে,Negative,1
বিরোধী দমনে আরেকটি নীল নকশা আঁকা হলো আরেকটি জুলুম নির্যাতনের পথ পরিস্কার করছেন এসব বলে যে দেশে রডের বদলে বাঁশ ব্যবহার করে সরকারি কাজে সে দেশে আবার হাতুড়ি শাবল লাগে নাকি এগুলো ভাংচুর করতে আরেকটা নীল নকশা তৈরী হচ্ছে,Negative,1
আলীগের ২০ নেতাকর্মীকে ক্ষমা করে দিলেন প্রধানমন্ত্রী,Positive,0
বর্তমান মার্কিন প্রেসিডেন্টের প্রতি অনাস্থা ৮৩ শতাংশ মানুষের,Negative,1
এনআইডি শিশু কিশোরদের জাতীয় পরিচয়পত্রের তথ্য সংগ্রহ নিয়ে সিদ্ধান্তহীনতায় নির্বাচন কমিশন,Negative,1
১৩ হাজার একর জমি বরাদ্দঅর্থনৈতিক মুক্তির স্বপ্ন দেখছেন এলাকাবাসী,Positive,0
ক্রিকেট থেকে সরে দাঁড়াচ্ছেন পাপন,Negative,1
১২ বস্তা সিমেন্টের কাজ ৭ বস্তা দিয়ে করলে হাতুরি শাবল লাগে না এমনিতেই ভেঙ্গে যাবে,Positive,0
টিউশন ফি সেমিস্টার ফি কমানোর দাবিতে আন্দোলনে নর্থ সাউথ শিক্ষার্থীরা কী বলছেন ভিসি,Positive,0
৭ জুলাই মধ্যরাত থেকে ১৪ জুলাই মধ্যরাত পর্যন্ত বাড়ানো চলমান বিধিনিষেধগুলো হলো বিস্তারিত নিউজে,Positive,0
কুর্মিটোলা হাসপাতালে টিকাদান উদ্বোধন করবেন প্রধানমন্ত্রী,Positive,0
যেকোনো সমাজ বা রাষ্ট্রকে টিকে থাকতে হলে সবার আগে একটা গুরুত্বপূর্ণ সমস্যাকে সমাধান করতে হয় এবং সেটা হচ্ছে সন্ত্রা,Positive,0
মুসলিম মডেলরা যাতে কথা বলতে পারে সে জন্য আমি আমার কেরিয়ার উৎসর্গ করেছি হালিমা আদেন,Positive,0
হাজার মানুষের জীবনের বিনিময়ে লক্ষ মানুষের জীবন কেড়ে নেয়া এরাই আবার বিশ্ব শান্তির নেতৃত্ব দেয়,Positive,0
ইসি গঠন কেউ কথা রাখে না,Negative,1
পঞ্চাশে বাংলাদেশ হক ভাসানী সোহরাওয়ার্দী আর মুজিব যে চার নেতা বদলে দিলেন ভারতভাগ পরবর্তী পূর্ব বাংলার রাজনীতি,Positive,0
ব্লগার অভিজিৎ রায় হত্যা মামলা সাক্ষ্য দিতে ডাকার কথা মিথ্যে বলছেন স্ত্রী রাফিদা আহমেদ বন্যা,Negative,1
যেকোনো মুসলিম দেশের একই অবস্থা জঙ্গি হামলা বোমাবাজি ঠেকাতে সবাই সুস্থ জীবন শান্তিতে থাকতে চায় তাই মুসলিম দের অশান্তি করতে দেবেনা বলে,Negative,1
বিদ্যুৎ উৎপাদনের পরিমাণ বাড়লেও আমাদের এলাকার লোডশেডিং বন্ধ নেই,Positive,0
খাদ্য সংকটের মধ্যে পার্টি দিলেন কিম জং উন,Negative,1
সোলার পার্ক থেকে নিজের নাম বাদ দিতে বললেন প্রধানমন্ত্রী,Positive,0
এই শহরের সবাই প্লেনের মালিক,Positive,0
মুল কথা কেউই বলেনা কারন যারা কমেন্ট করে তারাও তো ঐ একি শিক্ষিত এটা বাংলাদেশের শিক্ষা ব্যাবস্হার দোষ দেশে যত বেকার বাড়বে মোনাফাখোর রা সস্তায় ততবেশী কর্মী পাবে এটা একটা চক্রান্তের খেলা,Negative,1
বাণিজ্যে বিভ্রান্তিকর প্রতারণামূলক বিজ্ঞাপন ও অন্যায্য প্রতিযোগিতায় যুক্ত দুর্বৃত্তদের বিরুদ্ধে আইনি ব্যবস্থা নি,Positive,0
ঘটনাটি ঘটেছে মুন্সীগঞ্জ লঞ্চঘাটের কাছে,Positive,0
এই মাসে বিবিসি যেই পরিমান নিউজ তালেবানদের জন্য করেছে তা দেখে বোঝা যায় অনেক বড় শুভাকাঙ্ক্ষী তালেবানদের জন্য বিবিসি,Negative,1
চৌহালীতে আশ্রয়ণ প্রকল্পের ঘরে আগুন দেয়ার চেষ্টা মামলায়,Negative,1
প্রতিদিন এইসব না বলে রাজনৈতিক মাঠ গরম হয় না হায়রে বাংলাদেশ,Negative,1
দুর্ভোগ কমাতে ঢাকাগাজীপুর রুটে ৩ জোড়া বিশেষ ট্রেন,Positive,0
যারা ঘুষ দিয়ে পুলিশের চাকরি নেয় তারা তো ঘুষ খোর হবে,Negative,1
মিশর কায়রোতে হাজার বছরের প্রাচীন রাজা রানির মমির শোভাযাত্রা,Positive,0
ভারতে বছর ২০হলো টাকার বান্ডিলে পিন মারা বন্ধ করা সম্ভব হয়েছে,Positive,0
মেড ইন পাবনা,Negative,1
কাজ বন্ধ বেশিরভাগ মুদ্রণ প্রতিষ্ঠানেরবছরের প্রথম দিন সম্ভব হচ্ছেনা বই দ,Negative,1
মাদ্রাসা পড়ুয়া কোনো আবালের কমেন্ট,Negative,1
অপহরণের দুই দিন পর শিশুর মরদেহ উদ্ধার,Negative,1
আগের বাড়িতে এমন কী সমস্যা ছিল যে এক সপ্তাহেই সবকিছু গুটিয়ে আরেক জায়গায় চলে গেলেন,Negative,1
দেহ ব্যবসায় লিপ্ত করানোর অভিযোগে ফুফুফুফা ও চাচার বিরুদ্ধে মামলা দায়ের করেছে এক তরুণী,Negative,1
পেলে ম্যারাডোনার মৃত্যুর খবর পাবার পর যে টুইটটি করেছিলেন তা সামাজিক মাধ্যমে ভাইরাল হয়ে যায় কিংবদন্তি ফুটবলার দি,Positive,0
শান্তি বিরাজ করছে তাই,Positive,0
খুলনাচট্টগ্রামবরিশালের অধিকাংশ স্থানে বৃষ্টির আভাস,Positive,0
রাজধানীর মিরপুরের রূপনগর বস্তির আগুন নিয়ন্ত্রণে,Negative,1
মার্কিন প্রেসিডেন্ট ডনাল্ড ট্রাম্প স্ত্রী মেলানিয়া করোনা আক্রান্ত দম্পতির কো,Positive,0
ভিড় বেড়েছে নগরীতে,Negative,1
এডিস মশা নিধনে ডিএনসিসির ভিন্নধর্মী উদ্যোগ,Positive,0
আইফোন ১৩ সম্পর্কে এখন পর্যন্ত যা যা জানা গেছে,Positive,0
জামাত শিবিরের কিছু লোক পিলার নিয়ে নাড়াচাড়া করার কারণে রানাপ্লাজা ধসে পড়ছে মখা আলমগির,Negative,1
এই দেশের চাকরি দেয়ার ব্যবস্থা খুব ই বাজে এই দেশে মেধার কোন মূল্য নেই আছে টাকা আর ক্ষমতার মূল্যায়ন অনেক ক্ষমতাবানদের আত্মীয় স্বজন রা বলতে গেলে তারা তাদের নাম লিখতে কলম ভাঙ্গে কিন্তু পরীক্ষাতে নাম মাত্র উপস্থিত থেকে সার্টিফিকেট নিয়ে বড় বড় জায়গায় নিজেরা চাকরি নিয়ে নেয় অথচ মেধাবী রা ঘরে বসে থাকে লজ্জা হয়,Negative,1
বন্য পশু বাংলাদেশে চিড়িয়াখানার প্রাণী বিক্রি করা হচ্ছে যেসব শর্ত মানতে হবে,Negative,1
আজ স্কুলে যেতে পারি না বলে ফুল আর চকলেট পেলাম না,Negative,1
চট্টগ্রামের রাঙ্গুনিয়ায় লোকালয় থেকে উদ্ধার হওয়া অজগর সাপটি গভীর বনে ছেড়ে দেওয়া হয়েছে,Positive,0
ইচ্ছা করে কেউ গরীবের ঘর ভেঙে দেবে তা বিশ্বাস করা যায় না,Negative,1
এই ঘঠনার উপর ভিত্তি করে আরো হাজার খানেক জামাত শিবির বিরোধী দলীয় লোকজনকে জেলে ভরা যাবে,Negative,1
সুনালী আশ,Positive,0
ওরাতো চোর,Negative,1
রিয়ালে সাত মৌসুমে তিনবার লিগ জিতেছেন হিগুয়েইন মাদ্রিদের ক্লাবটিতে কাটানো সে সময় নিয়ে ইএসপিএন ফুটবল ৩৬০কে নানা,Positive,0
বিবিসি নিউজ সম্পুর্ণ ভিত্তি হীন বানোয়াট এরা চায় না যে কোন দেশে ইসলামি আইন প্রষ্ঠিত হউক ইসলাম নিয়ে বিবিসির সাংঘাতিকদের চুলকানি আজীবনের জন্য,Negative,1
সুখবর দিলেন পেলে,Positive,0
করোনায় আরও ১৪ জনের মৃত্যু মোট প্রাণহানি ৭ ৮৩৩ নমুনা পরীক্ষা ১৫ ৭২৭ নতুন রোগী ৮৯০ গ,Negative,1
বাংলাদেশে ভারতীয়দের সরকারি চাকরিতে অনুপ্রবেশ মূল কারণ,Negative,1
হাতুড়ির তালিকা না করে চোরের তালিকা করেন,Negative,1
বিদ্যালয়ে আইসোলেশন রুম,Positive,0
ভারতে রহস্যজনক এক অসুখে আক্রান্ত ১৪০ জন হাসপাতালে,Negative,1
ভালো উদ্যোগ নারী শিক্ষা কে প্রধান্য দেয়ায় তালেবান কে ধন্যবাদ,Positive,0
শপিংমলগণপরিবহন বন্ধ রেখে লকডাউনে গোটা দেশ,Positive,0
ঐতিহাসিক স্কুলকলেজ প্রত্যাবর্তন দিবস আজআজকে গিয়ে যারা দীর্ঘ ১৫ বছরের জমে থাকা ইঁদুরের বিষ্টা পরিষ্কার করবে তাদের জন্যশুভকামনা,Negative,1
কারিগরি শিক্ষা এবং কাজ করার মানসিকতার অভাব,Negative,1
কোন একটা ইন্টারভিউ বোর্ডে বসলে বোঝা যায় কেন দেশে এত শিক্ষিত বেকার,Negative,1
আসন্ন টিটোয়েন্টি বিশ্বকাপে শ্রীলঙ্কার বাজি কে এই রহস্য স্পিনার,Positive,0
স্থানীয় সূত্রে জানা গেছে গতকাল মধ্যরাতে মুষলধারে বৃষ্টি হচ্ছিল এ সময়,Positive,0
এই চাটুকারিতা নিউজ বাদ দেন আপনাদের আর খেয়ে কাজ নেই মিয়ানমারে কি ভাবে রহিঙ্গাদের নির্যাতন করা হল কি করেছেন আপনারা জাতিসংঘ কি করতে পেরেছে চিনে যেভাবে মুসলমানদের উপর অত্যাচার করছে কি করছেন আপনারা কাশ্মির মুসলমানদের উপর অত্যাচারের কি প্রতিবাদ করেছেন আর বিশ বছর অনৈতিক ভাবে একটা দেশের উপর নির্যাতন করল আমেরিকা ব্রিটেন তাদের বিরুদ্ধে কি নিউজ করেছেন তাই এই দালালি নিউজ বাদ দিন নতুবা এ দেশ থেকে বিদায় নেন,Negative,1
আপনি ও মজা মারলেন নাকি সাংবাদিক ভাই,Negative,1
ভাতকাপড় জোগাড় করাই আমাদের জন্য বড় চ্যালেঞ্জ তার ওপর এখন ভাইয়ের মামলার পেছনে টাকা খরচ করতে হয় কত দিন এভাবে,Negative,1
লকডাউনে সকাল সাড়ে ৯টা থেকে দুপুর দেড়টা পর্যন্ত ব্যাংক খোলা বাংলাদেশ ব্যাংক,Positive,0
প্রজ্ঞাপন অনুযায়ী পাঁচ ধরনের সঞ্চয়পত্র বিক্রির ওপর কমিশনের হার কমানো হয়েছে,Positive,0
ব্যবসার জন্য বাসা ভাড়া নিয়ে মদের গোডাউন,Negative,1
এখনই কারেন্ট নাই,Negative,1
কি একটা ধর্ম একটা ধর্মের মধ্যে কত ভাগ তোরা মানুষ তোরা কেন হনুমান মন্দির বানিয়ে হনুমান সাজবি ভাইতোরা সৃষ্টি কর্তার উপাসনা করার জন্য মন্দির বানাবি ভালো কথা তোরা কেন কালি হনুমান দূর্গা ইত্যাদি নাম দেছ তোদের সৃষ্টিকর্তা কয় জন,Negative,1
২৪ ঘন্টায় ১৪২৪৫ নমুনা পরীক্ষায় করোনা শনাক্ত ৩২০১,Negative,1
উন্নত চিকিৎসার জন্য হেলিকপ্টারে ঢাকায় আনা হলো মো আক্তারুজ্জামান বাবুকে,Positive,0
দেশের বিভিন্ন থানায় আমার কোম্পানির ওষুধ ভেজালের ঘটনায় ৮০টি সাধারণ ডায়েরি করেছি জড়িত অনেককে ইতিমধ্যে,Negative,1
সৌদি দুবাই কাতার আজ এগিয়ে ইনশাআল্লাহ আফগানিস্তান ও এগিয়ে যাবে দুর্নীতি করতে সাহস পাবেনা,Positive,0
কাউন্সিলর প্রার্থীকে বের করে দিলো কারা,Negative,1
দুর্গাপূজা উপলক্ষে প্রধানমন্ত্রীর ৩ কোটি টাকার অনুদান,Positive,0
তাদের জম্য গোমুত্র পানের জায়গা বরাদ্দ দেওয়া দরকার,Negative,1
খুলনা বিভাগে করোনাভাইরাসে মৃত্যুর সংখ্যা কমেছে তবে শনাক্ত বেড়েছে,Positive,0
বাংলাদেশের এখন ফেসবুক চলছে কেন আর তালেবান রা ফেসবুক চালায় না এই বাংলাদেশীরা কি আল্লার বিশ্বাস বা তালেবান দের আদর্শ মানে না,Negative,1
নীতিমালা করে দূর্নীতির নতুন পদ্ধতি অবলম্বন করা হবে আর কিছু না,Negative,1
কোটি টাকা দিয়া কী এমন বাড়ি বানাইছেন যে হাতুড়ি দিয়াই ভাইঙ্গা ফেলা যায়,Negative,1
সমবেদনা জানানোর ভাষা নেই ভাইটিকে আল্লাহ জান্নাতুল ফেরদৌস নসিব করুন আমিন,Positive,0
কোন দিন আর ফিরবে না,Negative,1
২৪ ঘণ্টায় ময়মনসিংহ বরিশালসহ ১৪ জেলায় আরও ১৪৩ জনের মৃত্যু এর মধ্যে করোনায় ৬৪ জন ও উপসর্গে ৭৯ জন মারা গেছেন,Negative,1
ওমা বিবিসি সালারা এত দিন পর জানতে পারলেকত ছেলেমেয়ে এই অভিশাপে আত্যহত্যা করলো তারই হিসাব নাই,Negative,1
ধামাকা নামের এক ইকমার্স প্রতিষ্ঠানের মালিকদের বিরুদ্ধে মানি লন্ডারিংয়ের অভিযোগে মামলা হয়েছে,Negative,1
তোদের মতো অধপন্থীরা পৃথিবীতে অশান্তি সৃষ্টি করেসিস আমেরিকা ইসরাইল ভারত তোরা হইলি দুনিয়ার জমিনে নিকৃষ্ট কিট,Negative,1
এক মাস ধরে যখন আপনি রোজা রাখলে প্রতিদিন দীর্ঘ সময় না খেয়ে থাকলে এর কী প্রভাব পড়ছে আপনার শরীরে রোজা রাখা কি,Positive,0
জেলেদের অভিযোগ সাবেক ইউপি চেয়ারম্যানের নেতৃত্বে,Negative,1
ক্লাস না চলায় শিক্ষার্থীরা বেতন দিচ্ছে না কয়েক মাস ধরে মোটা অংকের বিস্তারিত নিউজে,Negative,1
খুলনা বিভাগে একদিনে করোনায় ৩৬ জনের মৃত্যু,Negative,1
বিশ্ব বাণিজ্য কেন্দ্র এ হামলা করার আগে ভাবা উচিত ছিল,Positive,0
আপনি পশ্চিমবঙ্গের বাসিন্দা বাংলা নিয়ে আপনার কথার ধরন দেখে জানতে ইচ্ছে হলো,Negative,1
প্রধানমন্ত্রীর কাছ থেকে এমন হাস্যকর অপ্রাসঙ্গিক কথা মানায় না বাঁধ ভাংগা দূর্নীতিআনিয়ম আর একেবারে চরম নিন্মমানের নির্মাণকাজের কারনেই ওই অবস্থা হইছে,Negative,1
আইফোন হুয়াওয়ে গুগল পিক্সেল ক্যামেরায় কোনটি ভালো ২০২১ যে উদ্ভাবনের দিকে তাকিয়ে আছে প্রযুক্তি বিশ্ব এ,Positive,0
খবই হাস্যকর যুক্তি হতদরিদ্রদের জন্য প্রধানমন্ত্রীর এই বিশেষ উপহারের আবাসনে যে ভয়াবহ অনিয়ম হইতেছে তা অতীতে অনেক মিডিয়ায় কাভারেজ হয়েছে দেশবাসী তা দেখেছে তাহলে প্রধানমন্ত্রী এভাবে কেন বলছেন প্রশ্ন তো এসে যায় আমার কাছে যা মনে হয় প্রকল্পের সাথে যুক্ত রা এতোই বড়ো শক্তিধর মাফিয়া তারা প্রধানমন্ত্রীকে এই বান্তবতা বুঝা থেকে আড়ালে রেখে দিতে সক্ষম হয়েছে,Negative,1
ভারত একটা ৭৪ বছর ধরে কাশ্মীরের স্বাধীনতা চেপে বসে আছে,Negative,1
দুঃসাহসী ক্যাপ্টেনের নিথর দেহ কাঁধে নিয়ে আবেগ আপ্লুত হয়ে পড়েছেন,Negative,1
দূরো বাটপার,Negative,1
দেশের সব কিছুতে উচ্চ মুল্য বৃদ্ধি রান্নার তেল ৯৫ থেকে আজকে ১৪৩ টাকা খুচরা বাজারে বিক্রি হচ্ছে চাল ডাল পিয়াজ লবন সব কিছুর মুল্য বছরে বছরে বেড়ে চলেছে জনগন সেইটা বাধ্য হয়ে তার সাথে চলমান তাহলে সরকারের সহজল্ভ্যতায় ভুমিকা কি এমন বিদ্যুৎ থাকলেই কি আর লোডশেডিং হলেই বা কি সবাই তো দিচ্ছে গলার কাটা আটকে জাচ্ছে বলে,Negative,1
প্রধানমন্ত্রী এই নতুন বিমানের নাম দিলেন ধ্রুবতারা,Positive,0
কেউ মধু বিক্রয় করে মদ ক্রয় করে উত্তর কোরিয়ার অবস্থা সে রকম দেশে খাদ্য সংকট তারা অস্ত্রের ফুটানি দেখায়,Negative,1
মাশাআল্লাহ এটাই তো সুন্দর ব্যবস্থা,Positive,0
খালি পেটে ভুলেও যে সব কাজ করবেন না,Positive,0
রোজায় কয়েকটি গুরুত্বপূর্ণ পণ্যের চাহিদা যোগান ও আমদানির খরচ হিসেব করে কোন পণ্যের দাম কত হওয়া উচিত তা প্রকাশ ক,Positive,0
শিক্ষা মন্ত্রী কাছে আকুল আবেদন জানায় শিক্ষায় যে ক্ষতি হয়েছে সেটা পূরণ করার জন্য টিকটক পাবজি গুলো বন্ধ করে দেওয়ার জন্য অনুরোধ জানাচ্ছি,Negative,1
কোভিড১৯ পজিটিভ হয়েছেন নিউজিল্যান্ড ব্যাটসম্যান ফিন অ্যালেন পাঁচ ম্যাচ টিটোয়েন্টি সিরিজের জন্য আজ বাংলাদেশে এসে,Negative,1
বর্তমানে লন্ডনে দুটি ও বাথে একটি দোকান আছে প্যাক্সটন অ্যান্ড হোয়াইটফিল্ডের তিনটি দোকানই করোনার সময়ে,Positive,0
বিবিসি র চুলকায়,Negative,1
বোনাস প্রভিডেন্ট ফান্ড উৎসব ভাতা জীবনবিমাসহ অন্যান্য সুবিধাও মিলবে,Positive,0
আজ বেইজিংয়ে চীনা পররাষ্ট্র মন্ত্রণালয়ের মুখপাত্র ওয়াং ওয়েনবিনের নিয়মিত সংবাদ সম্মেলনে আফগানিস্তানে সদ্য ঘোষিত,Positive,0
ইংল্যান্ডের বিশ্বকাপ দলে চমক,Positive,0
বাসুদেবপুর বাজারের শুরুতেই এনামুল হকের একতলা বাড়ি বাড়ির সঙ্গেই তিনি প্রায় এক একর জমিতে,Positive,0
করোনার উৎপত্তি নিয়ে মার্কিন গোয়েন্দা রিপোর্ট প্রকাশ,Positive,0
ডেঙ্গু জ্বর সম্পর্কে এই ১০টি তথ্য জেনে নিতে ভুলবেন না,Positive,0
বাকস্বাধীনতা ফেসবুকে ও নাই ফেসবুকের বিভিন্ন নিয়ম নিশেধের কারণে গালাগালি দিতে পারি না গালি দিলে ফেসবুক ব্লক মারে কাশ্মিরে সরাসরি গুলি মারে এগুলো তাদের চোখে পরে না ত এই মাদরবোড গুলো মানবতা গনতন্ত্র বাকস্বাধীনতার বুলি আউরে ফিলিস্তিন সিরিয়া লিবিয়া ইরাক আফগান ধংস করেও বলে মানবাধিকার গনতন্ত্র নিয়ে কথা বলে,Negative,1
একদম ঠিক সিদ্ধান্ত দেশে শুধু দালাল মিডিয়া থাকবে যারা ভোট চোরদের দালালী করবেনা তাদেরকে দরকার নাই কি বলেন আপনারা,Negative,1
কোরআনের আইন কে বরবর বলার মত মূর্খ আর দেখি নাই,Negative,1
উনি যদি এই পোষ্টের কমেন্ট গুলো পড়তেন,Negative,1
১১ ১৭৬ নমুনা পরীক্ষায় নতুন শনাক্ত ১ ৩৯৬ রোগী হার ১২৪৯ শতাংশ করোনায় দেশে আরও,Negative,1
এবার সৌদির পালা মনে হচ্ছে আমেরিকার প্রেসিডেন্ট যেই ব্যক্তিই হোক তার নজর কিন্তু উপরেই থাকবে,Negative,1
শুভ সকাল এবছরের ম্যানগ্রোভ ফটোগ্রাফি অ্যাওয়ার্ড প্রতিযোগিতায় সার্বিকভাবে বিজয়ী হয়েছেন বাংলাদেশের মুশফিকুর র,Positive,0
সমস্ত জীবনটাই ভূল ভূলে ভূলে ভরা জীবন৷,Negative,1
যে পরিবারের সদস্যরা একদিন সবার কাজে হাত লাগিয়েছে আজ তাদের বহন করতেই অন্যের দিকে বিস্তারিত নিউজে,Negative,1
রমিজ রাজাইমরান খানের কারণেই বাদ মিসবাহওয়াকার,Negative,1
জয়শ্রীর আম ১৯৯৭ সালেই শান্তিচুক্তি করে বাংলাদেশ সেনাবাহিনীর কাছে অস্ত্রসস্ত্র জমা দিয়ে আত্মসমর্পণ করে ফেলা পার্বত্য চট্টগ্রামের চাকমাদের পক্ষ থেকে শুভেচ্ছা ও ভালোবাসা বাংলা,Positive,0
হাতুড়ি শাবল তো ধর্ষণলীগের পুলাপাইনদের কাছে থাকে সো এদের মা হিসেব আপনার খোজ খবর থাকার কথা আরেক কথা হলো আপনি এমনি একজন মা যে মায়ের আদেশ হলো সন্তানদের প্রতি তুরা হাতুড়ি রাম দা বন্দুক ধর্ষণ করবি আমি তা যে কোন উপায়ে দরকার হলে ১০০ টা কথার মধ্যে ১০০ টা কথা মিথ্যা বলে হলেও তুদের দোষ বিরুদ্ধী দলের ছেলেদের উপর চাপিয়ে দিবো তুরা নির্ভয়ে গুন্ডামী মাস্তানি করে যা,Negative,1
মাদারীপুরের শিবচরে বাল্কহেডস্পিডবোট সংঘর্ষ নিহত ২৬ বাল্কহেডস্পিডবোট সংঘর্ষের ঘটনায়,Negative,1
প্রথম দুই ম্যাচে হারের পর শুধু তৃতীয় ম্যাচ জয়েই সন্তুষ্ট নয় নিউজিল্যান্ড তাদের কাছে ব্যাপারটা ধারাবাহিক প্রক্রি,Positive,0
রাত পোহালে সিলেট৩ আসনে ভোট,Positive,0
দালাল সংঘ৷,Negative,1
এয়ার বাবল চুক্তি ভারতগামী যাত্রীদের বেশির ভাগই চিকিৎসাপ্রত্যাশী,Positive,0
সিসি ক্যামেরা ফুটেজ কই নাকি বেড়ায় খেত খেয়ে ফেলছে,Negative,1
লকডাউন এবার দোকানপাট ও শপিং মল খোলার অনুমতি দিলো সরকার,Positive,0
সর্বশেষ ২৪ ঘণ্টায় দেশে করোনাভাইরাস সংক্রমণে ৩৫ জনের মৃত্যু হয়েছে,Negative,1
আশুলিয়ার নবীনগরচন্দ্রা মহাসড়কের বাইপাইল থেকে কবিরপুর পর্যন্ত ৭ কিলোমিটার যানজট,Negative,1
কুমিল্লায় হিন্দুদের ওপর হামলার ঘটনায় খোঁজ নিচ্ছে ভারত,Negative,1
প্রধানমন্ত্রী এমন মন্তব্য হাস্যকর,Negative,1
বিএনপির সভায় আ লীগ কাউন্সিলরের বক্তব্য,Positive,0
পদ্মা সেতুর ২ ও ৩ নম্বর পিলারের মাঝখানের স্প্যানে ফেরি বীরশ্রেষ্ঠ জাহাঙ্গীরের ধাক্কা,Negative,1
পাতি সংঘ,Negative,1
ফাস্টক্লাস চিটিংবাজ,Negative,1
চাকরি কে বেশি প্রাধান্য দেয়ার কারণে বেকার এর সংখ্যা বেড়ে চলছে আজকে আমাদের সমাজ চাকরির জন্য লক্ষ লক্ষ টাকা খরচ করবে কিন্তু আত্মকর্মংস্থানে র জন্য এক টাকাও ব্যয় করবে না এইটা আমার একান্ত মতামত,Positive,0
সৌদি আরব হাজার কোটি টাকা ব্যয়ে ভবিষ্যতের শহর বানাচ্ছে বাংলাদেশের জন্য কী সুযোগ আনবে,Positive,0
পদ্মার পাড়ে হবে শেখ হাসিনা আন্তর্জাতিক ক্রিকেট স্টেডিয়াম,Positive,0
উৎসবে মেতেছে সিরাজগঞ্জ ও আশপাশের জেলার হাজারো নারী পুরুষ,Positive,0
আলহামদুলিল্লাহ ভাল কাজ আমাদের দেশে হলে বেশি ভালো হতো,Positive,0
কলকাতার জনপ্রিয় অভিনেত্রী শ্রাবন্তী চট্টোপাধ্যায়ের সঙ্গে স্বামী রোশন সিংয়ের সম্পর্কে অনেক আগেই চিড় ধরেছে কারও,Negative,1
কিছু মফিজ পোলাপান আছে হা হা রিয়েক্ট দেয়,Negative,1
মুক্তিযুদ্ধমন্ত্রী আ ক ম মোজাম্মেল হক করোনামুক্ত হাসপাতাল ছেড়ে বাসায় ফিরেছেন,Positive,0
কিস্তির ২০ শতাংশ পরিশোধ করলে ঋণ খেলাপি হবে না,Positive,0
করোনা ভাইরাস গত ২৪ ঘণ্টায় শনাক্ত আরও ৭ ৪৬২ জন আর মারা গেছেন ৬৩ জন,Negative,1
হারানো মোবাইল খুঁজে বের করাই এই এএসআই র কাজ,Positive,0
বাংলাদেশে যে সব প্রতিষ্টানে সহ শিক্ষা নেই সেই গুলো এগিয়ে থাকে যেমন জেলা ইস্কুল,Positive,0
রাজশাহী খুলনাসহ ১০ জেলায় ৭০ জনের মৃত্যু করোনা আক্রান্ত ও উপসর্গ নিয়ে এ,Negative,1
এসব ফাইজলামি শুধু বাংলাদেশে চলে উন্নত দেশে এমনটা নাই,Negative,1
মদ পান কর মানুষ হও,Negative,1
প্রিয় বাংলাদেশ অশিক্ষিত নেত্রীর অশিক্ষিত কর্মী আবার আইডির নাম দিছে প্রিয় বাংলাদেশ রাজাকার বাচ্চাদের মুখে এসব কথা মানায় না,Negative,1
সিরাজগঞ্জে বন্যা পরিস্থিতির আরও অবনতি,Negative,1
জংলী শাসন,Negative,1
তালিকায় জিয়াউর রহমান এর নাম না থাকলে সেই তালিকা বাতিল,Negative,1
রাতের প্রধামন্রীর ভাষা এরকমই হবে উনি দুর্নীতিবাজ আমলাদের বিরুদ্ধে ব্যবস্হা না নিয়ে শাক দিয়ে মাছ ঢাকতে চাইছে,Negative,1
বিশ্বের সবচেয়ে বড় সন্ত্রাসী ইসরাঈল আর সহযোগি হলো আমেরিকা,Negative,1
প্রতিবেদন টি ও পড়লেন না প্রসঙ্গও বুঝার চেষ্টা করলেন না কিন্তু অনাহুত কমেন্ট না করে থাকতে পারলেন না চিন্তার ব্যাপার,Negative,1
দেশে ডেঙ্গু আক্রান্ত সাড়ে ১৫ হাজার মৃত্যু ৫৯,Negative,1
ফের সুখবর দিলেন শ্রেয়া ঘোষাল,Positive,0
করোনা ভাইরাস শিক্ষা প্রতিষ্ঠানে ১৯ শে ডিসেম্বর পর্যন্ত ছুটি,Positive,0
মাফিয়া মাতা মাফিয়া দূর্নীতিবাজদের দূর্নীতি গোপন করার বার্তা দিচ্ছে,Negative,1
আপনি এমন ভাবে কথা বইলেন না জনগণ লজ্জা পাবে,Negative,1
ব্রেকিংনিউজ করোনায় মৃত্যু ও শনাক্ত বেড়েছে,Negative,1
দীর্ঘদিন বন্ধ থাকার পর আবারও খুলছে স্কুল স্কুল খোলার ঘোষণার পর শিশুদের নতুন ইউনিফর্ম বানাতে ব্যস্ত দরজি মোহাম্মদ,Positive,0
সোনার বাংলা ইন্স্যুরেন্সের রেটিং সম্পন্ন,Positive,0
কাজকে ছোট করে দেখা একটা কারণ হতে পারে,Positive,0
বালিকা আজেবাজে চার্জারে চার্জ দিও না ব্যাটারি ফুলে যাবেরিপেন্দ্রনাথ ২০,Negative,1
গ্রামে গ্রামে হাইস্কুলের মতো অনার্স কলেজ গড়ে উঠেছে রাজনৈতিক বিবেচনায় অযোগ্য শিক্ষক নিয়োগ চাকরির সাথে কর্মক্ষেত্রের মিল নেই এইচএসসি পর থেকে কর্মমুখী ও কারিগরি শিক্ষা বাধ্যতামূলক করা,Negative,1
বিশ্বে করোনায় মোট মৃত্যু ছাড়ালো ৩২ লাখ ৪০ হাজার এ পর্যন্ত আক্রান্ত ১৫ কোটি ৪৯ লা,Negative,1
হুমকি দিয়ে চিঠিসর্বোচ্চ সতর্কতার নির্দেশনা,Negative,1
আমাদের দেশের শিক্ষা ব্যবস্থা বেকার তৈরির কারখানা কারিগরি শিক্ষার বিকল্প নেই,Negative,1
বাংলাদেশিদের ভ্রমণে নিষেধাজ্ঞা তুলে নিল ফিলিপাইন,Positive,0
এমপি হলেও চিকিৎসা পেশা ছাড়বেন না প্রাণ গোপাল দত্ত,Positive,0
সেটাই কেউ গরুর চোনা খাবে কেউ খাবে না কেউ পোষাক পরবে কেউ পরবে না কেউ নারীদেকে পণ্য বানাবে কেউ বানাবে না যার যার চয়েস তার তার কাছে এটা নিয়ে মাতামাতির কিছু নাই তবে সহজভাবে ভালো বিষয়টা মেনে নেওয়ার চেষ্টা করা ভালো প্রত্যেক দেশ ও জাতির নিজস্ব স্বকীয়তা আছে সেটাকে সম্মান জানাতে শিখতে হবে,Positive,0
নতুন নিয়মে এসআইসার্জেন্ট পদে নিয়োগ,Positive,0
ঠিক কথা না,Negative,1
ছি ছি বিশ্ব নিলজ্জ,Negative,1
প্লে স্টোরের যেসব অ্যাপ ফাঁস করতে পারে আপনার তথ্য,Positive,0
তালেবান আরজিনাল ভণ্ড এখ নারি ক্রিকেট হারাম করলো কিছুদিন পর হালাল করবে ১৯৯৬ সালে আনেক বিষয় হারাম করেছিলো এবার তা হালাল করেছে বাংলাদেশের সব তালেবানরা এখন বলছে নারি ক্রিকেট হারাম যখন ১০ ২০ বছর পরে তালেবান আবার বলবে নারিক্রিকেট হালাল,Positive,0
টেকসই ভবিষ্যতের জন্য জোরালো পদক্ষেপের আহ্বান প্রধানমন্ত্রীর,Positive,0
স্কুলসহ শিক্ষাপ্রতিষ্ঠান খোলার জন্য যা যা করা হবে,Positive,0
এক বছর পর বৃহস্পতিবার আওয়ামী লীগের কার্যনির্বাহী বৈঠক,Positive,0
সামাজিক যোগাযোগমাধ্যমে নিজেদের শান্তিকামী ভাবমূর্তি বজায় রেখেছে তালেবান বারবার বলতে চেয়েছে তারা বদলে গেছে তা,Negative,1
সহকর্মীকে সোনার পায়েল উপহার দিলেন পরীমনি,Positive,0
নির্লজ্জ মহিলা একটা,Negative,1
এটা সুন্দর ও সুশীল,Positive,0
আন্দোলন ঠেকাতে শিক্ষা প্রতিষ্ঠান বন্ধ রেখেছে মির্জা ফখরুল,Negative,1
সন্ত্রাস তো অই পশ্চিমারা তো সাংবাদিক হইচত ঠিকই কিন্তু সত্যই তোদের জানাই শুধু পা চাটাই তোদের কাজ,Negative,1
ভারতচীন কি বাংলাদেশকে সাহায্য করবে রোহিঙ্গা প্রত্যাবাসনে,Negative,1
তারা এটিকে চমক হিসেবে উল্লেখ করে শিরোনাম করেছে বাংলাদেশের,Positive,0
কুমিল্লায় ট্রেন লাইনচ্যুত রেল যোগাযোগ বন্ধ,Negative,1
মিয়ানমার সেনা অভ্যুত্থান সামরিক বাহিনীর বিরুদ্ধে বিক্ষোভে দুই জন নিহত,Negative,1
করোনার মধ্যেও তৃতীয় টার্মিনালের নির্মাণকাজ এক দিনের জন্যও বন্ধ হয়নি আশা করি নির্দিষ্ট সময়ের আগেই টার্মিনালটি,Positive,0
সারপ্রাইজ দেবেন মাহি,Positive,0
কেউ গালি দিবেন না উনার মত সৎ যোগ্য মানুষ বাংলাদেশে বিরল,Negative,1
ক্ষমতা গ্রহণের ১০০ দিন পর যুক্তরাষ্ট্রের কোন প্রেসিডেন্টের জনপ্রিয়তার হার কেমন ছিল তা এক নজরে দেখে নিতে পারেন,Positive,0
বললে কি আপনারা বেকার কমাতে পারবেন সরকার শোনে আপনাদের কথা,Negative,1
বাংলাদেশী হয়ে কেন বিদেশি ভাষার গোলামি করতে হবে পৃথিবীর আর কোন দেশ এটা করে নিজের প্রাণের বাংলা ভাষা কি খুবই নিম্ন মানের যে এটা,Negative,1
উগ্রবাদী লুটেরা দখলদার সাম্রাজ্যবাদী আগ্রাসি দের আফগানিস্তান থেকে শিক্ষা নিবে এটাই আশা করি পৃথিবীতে শান্তি প্রতিষ্ঠা হতে পারে এই পরাজয়ে,Negative,1
ব্যাক্তিগত আক্রামন মূখ্যতা,Negative,1
বাস অর্ধেক চলাচলের বিষয়ে সরকারের নির্দেশনা অনুযায়ী,Positive,0
তুই তো দেখছি মূত্রখোর মাদা,Negative,1
কারফিউ জারির পরামর্শের পর মাওয়াশিমুলিয়ায় মানুষের ঢল বিস্তারিত নিউজে,Positive,0
নোংরা রাজনৈতিক স্বার্থ ছাড়া সুস্থ মস্তিষ্কে কোন দেশ ই তালেবানকে সমর্থন দিবে না এদের সমর্থন দিলে সন্ত্রাসবাদকে প্রমোট করা হবে,Negative,1
ব্যতিক্রমী এ ঘটনা ঘটেছে ভোলার মনপুরা উপজেলায়,Positive,0
এটাই প্রকৃত ঘটনা অথচ ৯৯ লোকই না জেনে উল্টাপাল্টা কমেন্ট করতেছে,Negative,1
বাংলাদেশি মিথিলার প্রশংসায় বলিউড নির্মাতা হায়দার খান,Positive,0
উদ্যোক্তার অভাব,Negative,1
শুধু হেরেছে বললে একটু কমিয়ে বলা হয় রীতিমতো উড়ে গেছে দলটি পেপ গার্দিওলার দলের সামনে,Negative,1
৫ থেকে ১১ বছরের শিশুদের জন্য করোনা ভ্যাকসিন নিরাপদ ফাইজার,Positive,0
তাঁর মাথায় পচন ধরেছে,Negative,1
উনি যাহা বলেন বাস্তব কিন্তু ভিন্ন,Negative,1
আবু ত্বহা মুহাম্মদ আদনান আলোচিত ইসলাম বিষয়ক বক্তাকে নিখোঁজের সাত দিন পর পাওয়া গেল,Positive,0
সিলেট৩ উপনির্বাচন স্থগিতে ডিসিকে ইসির নির্দেশ,Negative,1
আগামী ৯ সেপ্টেম্বর পিএসসি বরাবর এ আবেদন করতে হবে সোমবার পিএসসি এক বিজ্ঞপ্তিতে,Positive,0
খুব ভাল উদ্যোগ টাকা নস্টের মুল হোতা ব্যাংকগুলো পাবলিক টাকা মনে করে আর ব্যাংক এগুলাকে প্রডাক্ট মনে করে,Positive,0
গণটিকার দ্বিতীয় ডোজ মঙ্গলবার শুরু,Positive,0
ভাগ পেয়েছে,Negative,1
পিএসজিতে চুক্তি বদ্ধ হলেন আর্জেন্টাইন মহাতারকা মেসি বিস্তারিত নিউজে,Positive,0
ঐক্যের ডাক দিলেন জো বাইডেন সমর্থকদের বিজয় সমাবেশ,Negative,1
জাতিসংঘে ভাষণ দিতে চায় তালেবান,Positive,0
চুয়েটে ২০ পদে চাকরির সুযোগ,Positive,0
ওবায়দুল কাদের জানিয়েছেন ১১ আগস্ট থেকে সড়কে অর্ধেক গণপরিবহন নামানোর সিদ্ধান্ত,Positive,0
ধর্ম প্রতিমন্ত্রী হিসেবে শপথ নিলেন জামালপুর২ আসনের সংসদ সদস্য মো ফরিদুল হক খান,Positive,0
কেউ খুঁজছেন বাবাকে কেউ খুঁজছেন ভাই আবার কেউ খুঁজছেন প্রিয়তমা স্ত্রীকে,Negative,1
শব্দের জাদুকর হুমায়ূন আহমেদের ৯ম মৃত্যুবার্ষিকী আজ,Positive,0
গ্যাস ব্যবহারকারী গ্রাহকদের দ্রুত প্রিপেইড মিটারের আওতায় আনার সুপারিশ,Positive,0
অভিনন্দন,Positive,0
কেন তিনি বিজ্ঞান পেশায় এলেন তাঁর সম্পর্কে আরো জানতে পারেন এখানে,Positive,0
চোখ বন্ধ করার সাথে সাথেই মানুষ আফসোস করবে কেনো সে দাড়িওয়ালা আর বস্তাবন্দিনী হলো না আজকে আমার কোনো রিপ্লাই দিয়েন না ঘোষ দা ওইদিন দিয়েন,Negative,1
পাগলা মসজিদের টাকা গুণছে কয়েকশ মাদ্রাসা ছাত্র,Positive,0
এইটা যদি তালেবানরা করতো কি রিয়েক্ট হত বুদ্ধিচুদিদের,Negative,1
নির্বাচন কমিশন নিয়ে ৪২ নাগরিকের অভিযোগ অসত্য ভিত্তিহীন প্রধান নির্বাচন কমিশনার,Positive,0
সিরিজ জয়ের কাছে টাইগাররা,Positive,0
চাকুরী পাওয়ার শিক্ষা গ্রহণ করে চাকুরী পাবেন চাকর হবেন মালিক হতে পারবেন না,Negative,1
আজ পুলিশ জনগণের সেবায় নিয়োজিত থাকায় বঙ্গবন্ধুর স্বপ্ন পূরণ হয়েছে বিস্তারিত নিউজে,Negative,1
বাবার কাছ থেকে তিনমণ পাট ২৮শ মণে কিনে ব্যবসা শুরু করছি দেখি কতটা লাভবান হতে পারি দোয়া প্রার্থী,Positive,0
একটা মানুষ কি পরিমাণ মিথ্যা কথা বললে তাকে মিথ্যে বাদী বলা যায়,Negative,1
ঢাকাসহ বাংলাদেশের কয়েকটি জায়গায় গড়ে উঠেছে পরিবেশবান্ধব ভবন কারখানা কীভাবে হচ্ছে কাজটি,Positive,0
ভাইজান ইংলিশ কোথায় গেল ইংলিশে লিখেন তাহলে তোর মত কামলাকে উত্তর দিব দুইটা লাইন ইংলিশ লিখে ইংলিশ দেখান,Negative,1
বাংলাদেশে অনেক প্রবাসী করোনা কালিন দেশে আটকা পড়ে পাসপোর্ট জটিলতায় পড়েছে বিশেষ করে যাদের সমস্যা আপনারা এই বিষয়ে রিপোর্ট করলে অনেক প্রবাসী তাদের কমস্হলে ফিরতে পারবে দয়া করে প্রবাসী দের সাহায্য করুন,Positive,0
৩০ টি এজেন্সির মাধ্যমে ভিসা নবায়ন করতে হবে প্রবাসীদের,Negative,1
কোচের নিয়োগ পদ্ধতি নিয়ে প্রশ্ন তুলেছেন সাবেক অধিনায়ক,Negative,1
আবু শিফা আবদুল কুদ্দুস ব্যবসার জন্য তাদের নিজের বউ বেচতে তারা রাজি আছে,Negative,1
নিয়ম মেনেই দুই রংয়ের অটোরিকশা চালাতে হবে রাজশাহীতে,Positive,0
বিকেলের শিফটে ডিউটি করার জন্য কনস্টেবল কাইয়ুম অস্ত্র নিয়ে বিস্তারিত নিউজে,Positive,0
মনে হয় ৬৬ বেকার তথ্যটি সম্পুর্ন সঠিক নয় কারন আমাদের দেশে এখনো মেয়েদের বেকার ধরা হয় না তারা অবৈতনিক গৃহকর্মী পরিমানটা আরো বেশি হবে,Negative,1
সব জায়গায় সব উন্নত মানের শিখিত চোর বসে আছে ্,Negative,1
ঘটনার পর থেকে অভিযুক্ত মিজানুর রহমান পলাতক,Negative,1
২৪ ঘণ্টায় ৫৭৩৮ নমুনা পরীক্ষায় ৮৮৭ করোনা রোগী শনাক্ত,Negative,1
ভারতের মহারাষ্ট্রে আবার বাড়তে শুরু করেছে করোনার সংক্রমণ রাজ্যটিতে গত ১৫ দিনে নতুনভাবে করোনায় আক্রান্তের সংখ্যা,Negative,1
মাননীয় প্রধানমন্ত্রী শেষ পর্যন্ত আপনিও তাদের পক্ষ নিলেন দুর্নীতি বাজদের আবার দুর্নীতি করার সুযোগ তৈরি করে দিচ্ছেন,Negative,1
করোনা ভাইরাস মানুষের আয় কমে গেলে চক্রাকারে যা ঘটে,Negative,1
শিক্ষামন্ত্রী দীপু মনি বলেছেন করোনাভাইরাস পরিস্থিতি নিয়ন্ত্রণে এলে চলতি বছরের নভেম্বরের দ্বিতীয় সপ্তাহে এসএসসি এ,Positive,0
কারণ উনি মুসলিম নামধারী হিন্দু,Negative,1
মিচা কতা,Negative,1
অবশ্যই,Positive,0
সাংবাদিক খাশোগিকে হত্যায় নির্দেশ ছিল সৌদি যুবরাজের,Negative,1
শিক্ষার্থী ও সংশ্লিষ্ট সূত্রে জানা যায় ডোপ টেস্টের মাধ্যমে স্নাতক সম্মান শ্রেণিতে ভর্তির সিদ্ধান্ত নিয়েছে বগুড়া,Positive,0
৮ মাসে ৪৭ দুর্ঘটনা প্রাণ গেছে ২৮ জনের,Negative,1
দেশে মানসিক হাসপাতালের সংখ্যা বাড়াতে হবে,Negative,1
রাজধানীর ঢাকা মেডিকেল কলেজ হাসপাতাল এলাকায় অভিযান চালিয়ে দালাল চক্রের ৩০ সদস্যকে আটক করা হয়েছে,Positive,0
পাঁইজ লামি বাদ দাও এটা কি সন্ত্রাসের বিরুদ্ধে যুদ্ধ ছিল নাকি একটি সুন্দর দেশকে ধ্বংস ও তার নিরপরাধ মানুষ দেরকে হত্যার খেলায় মেতেছিল পশ্চিমা সন্ত্রাসীরা,Negative,1
মার্কিন বিমানে সন্তান প্রসব আফগান পালানো নারীর,Positive,0
ফয়সল আরেফিন দীপন আলোচিত প্রকাশক দীপন হত্যার ছয় বছর পর আট জনের মৃত্যুদণ্ড,Negative,1
পরীমণির পক্ষে বিনা পয়সায়,Positive,0
অবশেষে এল মানিকে মাগে হিথের বাংলা ভার্সন ভিডিও,Positive,0
টাকায় বাড়ে সুদ ভালবাসায় বাড়ে দুধ,Negative,1
বাংলাদেশের সুবর্ণজয়ন্তীর বছরে যত চ্যালেঞ্জ,Positive,0
তালপবানের উচিত বিক্ষোভকারী নারীদের চুমা দেয়া এরা সাংবাদিক না চাটুকার,Negative,1
নাসিমুজ্জামান নাসিম চোরের মায়ের বড়ো গলা বিএনপি বাংলাদেশের একমাত্র দল যাদের ভোট চুরি কিনবা ড়াকাতি করে ক্ষমতাই আসতে হয় না সাধারন মানুষের ভালোবাসা নিয়ে আজও আছে সবচেয়ে জনপ্রিয় দল হিসেবে ক্ষমতাই তো রাতে ভোট চুরি করেও যাওয়া যাই কিন্তু জনপ্রিয়তা চুরি করে হয় না,Negative,1
নাইট রাইডার্সকে ৮ উইকেটে হারিয়ে দিলো পাঞ্জাব,Positive,0
ইতিহাসের সাক্ষী সাদ্দাম হোসেন যেভাবে বাগদাদকে টাইগ্রিস তীরের বলিউডে পরিণত করতে চেয়েছিলেন,Positive,0
মিথ্যা বলছেন কেন ৯ টাকা ইউনিট কি আপনার বাসার বিলে আসে আপনি কি উগান্ডায় থাকেন অন্ধকার যুগ থেকে বেরিয়ে আসতে কি অবস্থার মধ্যে দিয়ে আসতে হয়েছে সেটা কি জানেন যারা পাঁচ বৎসরে চৌদ্দ হাজার কোটি টাকা খরচ করেও এক ইউনিট বিদ্যুৎ উৎপাদন করতে পারেনি তারাই ভালো ছিল তাই না আসলে আপনাদেরকে কলিজা বোনা করে খাওয়ালে ও বলবেন লবন কম হয়েছে,Positive,0
দেশে করোনাভাইরাসের চারটি ধরন পাওয়ার গেছে তবে সবচেয়ে বেশি বিস্তারিত নিউজে,Negative,1
আবহওয়া শীত কমবে কবে এই মৌসুমে কি আর শৈত্যপ্রবাহ আসবে,Positive,0
শুধু দিল্লি কেন ভারতে অন্তত ৪টি রাজধানী চান মমতা ব্যানার্জি,Positive,0
করোনার টিকা ক্রয়ে দুর্নীতি হচ্ছে কিনা তা খতিয়ে দেখা জরুরি,Positive,0
এর মূল কারণগুলো হলো মাত্রাতিরিক্ত জনসংখ্যা কর্মমুখী শিক্ষা অভাব সরকারি চাকরি জন্য সামাজিক বৈষম্য পেশাকে সামাজিক ভাবে ছোট করে দেখা এবং বেসরকারি চাকরি ক্ষেত্রে নিশ্চয়তা ও নিরাপত্তা না থাকা,Negative,1
সিরিজ সেরার রেকর্ডে তামিমকে পেছনে ফেলার অপেক্ষায় সাকিব,Positive,0
ব্রেকিংনিউজ ইভ্যালির চেয়ারম্যানএমডি তিন দিনের রিমান্ডে,Positive,0
জিয়ার মরদেহ নিয়ে প্রতারণা করছে বিএনপি হাছান মাহমুদ,Negative,1
বাড়তি টাকা দিয়ে পানি কিনতে হচ্ছে ওয়াসারই বুথ থেকে,Negative,1
বিসিবি আর বিবিসির মান একই রকম,Negative,1
শিক্ষাপ্রতিষ্ঠান খোলার বিষয়ে সভা চলছে,Positive,0
আসেন একটা দেশাত্মবোধক গান গাই হাজার হাজার চোরে ভরা বাংলাদেশ নামক বসুন্ধরা তাহার মাঝে আছে চোর এক সকল চোরের সেরা সে যে দিন দুপুরে চুরি করেও কখনো খায় না ধরা এমন চোর কোথাও খুজে পাবে নাকো তুমি সকল চোরের রাণী সে যে হাসিনা চুরনি সে যে হাসিনা চুরনি সে যে হাসিনা চুরনি,Negative,1
অধিদপ্তরসহ দেশের ৬৮ কারাগারে মাসব্যাপী শোক দিবসের আয়োজন,Positive,0
বন ও পরিবেশমন্ত্রী মো শাহাব উদ্দিন করোনায় আক্রান্ত ঢাকা সিএমএইচে ভর্তি,Negative,1
করোনায় আরো ২৬৪ জনের মৃত্যু মোট প্রাণহানি ২৩ ১৬১ নমুনা পরীক্ষা ৪৭ ৪২৪ নতুন রোগী ১১ ১,Negative,1
বাংলাদেশে কর্মমুখী শিক্ষা চালু করতে হবে পাশাপাশি কর্মসংস্হান তৈরি করতে হবে,Positive,0
টাকা পুরস্কার দেওয়ার ঘোষণা দিয়েছে রেলওয়ে পুলিশ,Positive,0
কি বার্তা দিচ্ছে সাংবাদিক সাহেব জানেন না দূর্নীতিবাজদের উৎসাহ দিচ্ছে আর পুকুর চুরির তথ্য গোপন হচ্ছে সেটা লেখার মতো সৎ সাহস সাংবাদিকের না থাকলে সাংব াদিকতা কেন,Positive,0
আমাদের সিস্টেমটা হ য ব র ল দিয়ে পরিপূর্ণ বাস্তবধর্মী কোন পদ্ধতি নেই আমাদের দেশের শিক্ষায় স্থান কাল পাত্র কোনটাই সঠিক নেই,Negative,1
সন্ত্রাশকে খতম করতে হলে আগে ইসলামকে খতম করা দরকার,Negative,1
টানা আট কার্যদিবস সূচকের উত্থান বেড়েছে লেনদেন,Positive,0
সেই ডালিমকুমার আর কঙ্কাবতীর কথা মনে আছে তো তোমাদের ওই যে আজবগড়ের মিনিক্ষস রোবক্ষসদের হারিয়েছিল যে দুই ভাইবোন এ,Positive,0
সুইস ব্যাংকের প্রতি বিত্তশালীদের যে কারণে এত আগ্রহ,Positive,0
স্ট্যাপলার পিন লাগায়তো ব্যাংকগুলো কতৃপক্ষের উচিত সকল আর্থিক প্রতিষ্ঠান থেকে স্ট্যাপলার মেশিনগুলো তুলে নেওয়া আর জনগণকে সচেতন করে তোলা,Positive,0
