text,class,label
সবাই মিলে মিশে থাকলে তো হয়। অন্যকে খোচা দিয়ে কেনো কথা বলব?? কেনো তাদের ধর্ম অবমাননা করব,non-violence,0
"এটাই ধর্ম নিরপেক্ষতার নোংরা গণতন্ত্রযা মধ্যপ্রাচ্যে কল্পনা করা মুশকিল,কত মায়ের বুক খালি হয়ে গেছে,,",non-violence,0
"ধন্যবাদ জানাই,,,ঢাকা কলেজ",non-violence,0
"এই অত্যাচারী জালিমের হাত থেকে দেশকে রক্ষা করো,,,",non-violence,0
সঠিক তদন্ত হোক অযোধ্যার দাবি জানাতে না হলে আরো বড় কিছু হতে পারে,non-violence,0
আমি ও একমত,non-violence,0
"এই গেরুয়া হিন্দুদের জন্য একজন সাধারণ হিন্দু হিসেবে লজ্জায় ডুবে আছি...ধন্যবাদ বোন, তুমার এই সাহসিকতার পরিচয় তুমি নিজেই...",non-violence,0
"কিসের হেপাজত??উগ্রবাদ কখন হেপাজতে হতে পারে না, তাঁতে সে রামাবলী হোক আর টুপি পরা হোক্ উগ্রবাদ কখনই মানুষের কাছে কাম্ব না, আজকের শিক্ষিত সমাজ এই সকল কিছু আশা করে না বর্তমান সমাজের কাছ থেকে ।",non-violence,0
কন্ডম লীগ।ঝারু লীগ।প্রত্যেকটা ছাত্রলীগ এর জন্ম কন্ডম দূর্ঘটনায়,passive violence,1
দোকান বন্ধ রাখবে কেন?,non-violence,0
এখানে পুলিশ লীগ ও কুত্তালীগের সহযোগিতায় ছাত্রদলের উপর হামলা করা হয়েছে।আমরা প্রবাসী এর তীব্র নিন্দা জানাই।,passive violence,1
জজ মিয়া সিনেমা দেখার জন্য আমাদের সাত দিন অপেক্ষা করতে হলো। ধন্যবাদ আওয়ামী লীগ ।,non-violence,0
"আঃ দালাল মিডিয়া কত ঢং তোমরা দেখাইলা, তোমরা আওয়ামী লীগকে নিয়া একটা অনুসন্ধান চালাও। তাহলে বুঝতে পারবে মূল নাটের গুরু কে।",passive violence,1
আপনার মত প্রতিবাদী মানুষের অভাবতাই মানুষ ভোট দিতে পারে নাসবাই কে একত্রে প্রতিবাদ করতে হবে,non-violence,0
আল্লাহ কাফেরদের ধ্বংস করুন।,direct violence,2
ওদের কে কেন হত্যা করা হয়েছিল ?কেউ জানলে জানাবেন প্লিজ.,non-violence,0
এখন দেখি কয়জন মুসলমান গিয়ে ইকবাল হোসেনের শাস্তির দাবিতে রাস্তায় নামে‌?? কিন্তু এইকাজ যে যদি কোন হিন্দু করতো তাহলে এখনো আরো অনেক হিন্দুর বাড়ি ঘরে আগুন হামলা সব শুরু হয়ে যেতো।এখন শুধু দেখার বাকি আসলে কয়জন ধর্ম প্রান মানুষ আছে বাংলাদেশে।,non-violence,0
এই বাল লীগ বন্ধ হউক ।,direct violence,2
শিক্ষা গ্রহণ করতে যদি কাপড় খুলে শিক্ষা গ্রহণ করতে হয় তাহলে ওই শিক্ষা আমার বোনের জন্য দরকার নাই,non-violence,0
ভালো একটা কথা বলেছেন ভাই,non-violence,0
আল্লাহ বাকশালের হাত থেকে দেশকে উদ্ধার কর আল্লাহ না হয় তাদেরকে ধ্বংস করে দাও,direct violence,2
কতো আলেম মারতেছে তার বিচার হয় না এয় বাংলায়,non-violence,0
নোংরা সাংবাদিকতা,passive violence,1
"যার যত খুশি গেরুয়া পরুক সমস্যা কি ? যার খুশি হিজাব করুক সেখানেও সমস্যা কি ? করোনায় মুখে মাস্ক পরলে যদি সমস্যা না হয় হিজাবে সমস্যা কি? পোষাক যার যার ব্যক্তিগত ব্যাপার, প্রকাম্যে নগ্নতা ব্যক্তিগত ব্যাপার নয় ।",non-violence,0
বাংলাদেশের হলুদ সাংবাদিক রা কি বলে এইটা নাকি গুজব,passive violence,1
রেন্ডিয়ার মালুদের থেকে এর থেকে আর ভালো কি আশা করা যায়!!,passive violence,1
এটার জন্য সবার আগে হাসিনার বিচার করা দরকার। কারণ মুজিবের নিয়ে কিছু লিখলে জেলে যেতে হয়।,non-violence,0
যে দেশের শিক্ষক এমন দুর্নীতিবাজ সেদেশের ছাত্রদের কি অবস্থা। এগুলো শিখে তারা জীবনে কাজে লাগাবে। কিভাবে দুর্নীতি করতে হয়। আর দেশ দুর্নীতির শিখরে আরোহন করবে। কোপাও শামসুরা কোপাও। এরা জন্মই হয়েছে দুর্নীতির বীজ দিয়ে। তাই ভাল মানুষরা আজ অসহায়। ছাত্ররা পাঠশালায় যায় পড়তে আর শিক্ষকরা যায় পড়াতে। আর এই দেশে সবাই যায় দুর্নীতি করতে এখানে ট্রেনিং দেয়া হচ্ছে। দুর্নীতি করার জন্য আন্দোলন।😂😂,passive violence,1
আর যারা ছাত্র হয়েও দু চার টাকার বিনিময়ে অন্যের ভারাটে সন্ত্রাসী হিসেবে হামলা চালায় তাদের কি হবে,non-violence,0
আরে সাংবাদিক ভাইয়েরা আপনারা কেন মিথ্যা কথা বলতেছেন কিছুক্ষণ পরে আমাদের নির্বাচন কমিশনার আসে বলবে সুষ্ঠু নির্বাচন হয়েছে কোন মানুষ মৃত্যুবরণ করে নি দু-একটা সহিংসতা হয়েছে এটা সব নির্বাচনে হয় উনার এমন বক্তব্য শুনতে পারবেন মানুষ মরলে ওনার কোন সমস্যা নাই উনিত এসি রুমে বসে খুব ভালো হয়েছে দিন শেষে বেলা শেষে বলবে নির্বাচন সুষ্ঠু হয়েছে আম্লীগ জিতেছেন,non-violence,0
যারা মত প্রকাশের নামে ইসলাম কে আঘাত করবে তাদের এ জমিনে থাকার কোনো অধিকার নেই।,direct violence,2
আপনাদের মা বাবা কি সত্য কথা বলবার শিক্ষা দেয় নি,passive violence,1
যারা মারছে তাদের বিচার হোক ফোটেজ দেখে হোক,non-violence,0
আল্লাহ ধ্বংস কর আওয়ামীলীগকে,direct violence,2
গাবরদের ব্যবহার এর চেয়ে ভালো আশাকরা যায় না আর বোন আপনাকে সম্পকে কি বলবো তার ভাসা খুঁজে পাচ্ছি না সাথে ধন্যবাদ জানাই যমুনা টেলিভিশনকে ভালো কিছু প্রচার করার জন্য...!,passive violence,1
"আল্লাহ তুমি বলছো তুমার কাছে হমা আছে গজব আছে,, এই মোনাফেক দের তুমি গজব দিয়ে দংশ করে দাও, মাবুদ আমি তুমার কাছে জিবনে আর কিছু চায়না মাবুদ আমার কলিজাতে কোরআন আমার এই কোরআন কে জারা অবমাননা করছে আর জারা তাদের পক্ষে বক্তব্য দিতাছে তুমি এদের গজব দেও মাবুদ আমি তুমার কাছে এটাই ছারা আর কিছু চায়না হে আল্লাহ আমারা আর পারছিনা গু আল্লাহ",direct violence,2
"যে আদালত বাবরি মসজিদ ভেঙ্গে রাম মন্দির বানানোর অনুমতি দেয়, সেই আদালত কোন বালের সিদ্ধান্ত দিবে তা সবাই বুঝে।আর যে জাগতিক পড়াশুনা চালিয়ে যেতে হলে ঐশ্বরিক পর্দাকে খুলে ফেলতে হবে, সেই পড়াশুনাকে চুলার ভিতর নিক্ষেপ করে ঘরে বসে এমন সন্তান জন্ম দেওয়া উচিত যাদের হুংকারে ঐসব মালাউনদের প্যান্ট খারাপ হয়ে যাবে।",passive violence,1
সাগর-রুমি হত্যার বিচার তদন্ত ৭০ বারের উপরে পিছিয়ে গেছে,non-violence,0
তাহলে এখনো ধরতে পারনি।? নাকি তামাশা চলছে। প্রশাসন এতো দুর্বল ? তার মাবলেছে সে নাকি পাগল ।আর কতদিন এই প্রহসন চলবে ? তার সাথে যে চক্র জড়িত তাদেরটেনে বের করে আনা দরকার সবার সামনে। না টকের পর্ব গলি পর্দার আড়ালে লুকিয়ে রিহার্সাল হচ্ছে বুঝি?,non-violence,0
নিরাপত্তা সবার,non-violence,0
ওরা শুধু আল্লাহকে ভয় পায় কোন দলকে নয়। তাই ওরা যানে এটা ওদের ফাসি নয় ইসলামের বিজয় আর ইসলামের বিজয় যখন হবে তখন চোখে অশ্রু নয় মুখে হাসিটাই সোভা পায়।,non-violence,0
আওয়ামী লীগের জারজদের মুখে মিথ্যা কথা ছাড়া নাই। জারজের বাচ্চারাই আওয়ামী লীগ করে,passive violence,1
আচ্ছা ভাই আমি বুঝলাম না এত কিছু বাদ দিয়ে কোরআনই কেনো রাখতে হবে আর ঠিক মূর্তির পায়ের উপরেই কেনো রাখতে হবে? আর এইটা কিভাবে সম্ভব? আর মুসলমান ভাইদের বলবো একটু শান্ত হন। বাংলাদেশের পূজার ইতিহাসে এরকম ঘটনা কখনো ঘটে নি। আর ঘটার কথাও না। এটা বোঝাই যাচ্ছে কোন একটা মহল অরাজকতা সৃষ্টির চেষ্টা চালাচ্ছে। কুমিল্লায় ওই যায়গায় হিন্দু মুসলিম সবাই খুব শান্তিপূর্ণ ভাবে বাস করে। সেখানে এই ধরনের ঘটনা অসম্ভব। সরকারের উচিত হবে দ্রুত অপরাধী খুজে বের করা না হলে না হলে পরিস্থিতি আরও খারাপের দিকে যেতে পারে।,non-violence,0
"তাই নাকি? তাহলে সত্যি সত্যি কয়েক দিন পর পর তোদের পিটানো দরকার, তুই যেমন টা বললি তাই না? তোর ছবি আর আইডি পুলিশকে দিবো মিথ্যা গুজব ছড়ানোর জন্য",direct violence,2
"ক্ষমতাসীনদের জেনে রাখার উচিত,,,, এই পৃথিবীর মালিক আল্লাহ,,,,, আশা করছি তাদের জন্য আল্লাহ কর্তৃক কঠিন থেকে কঠিনতর শাস্তি প্রদান করবে",non-violence,0
রাসূল (স:) কে অসম্মান করা কোন ধরণের বাক স্বাধীনতা?,non-violence,0
কুত্তার লীগের দালাল,passive violence,1
আমাদের ভারতে যেন মহামানবদের সহ্য করে ভগবান শ্রীরামচন্দ্রের জন্য সারা জীবন আমরা আন্দোলন করতে পারি ভালো কাজের,non-violence,0
বাজে সাংঘাতিক এ্যা এ্যা.....,passive violence,1
আওয়ামীলীগ নেতারা যা বলছে তার সম্পুর্ন উল্টা টা হইছে ওখানে...... জনগণের তা বুঝার বাকি নাইরে ভাই,non-violence,0
"কি এসব শিক্ষার নামে মাস্তানি, এসব শিক্ষার্থী লেখা পরা কইরা কি করব ।যাদের শিক্ষা শুধু কিছু সনদপত্রে সীমাবদ্ধ। মানুস হবার শিক্ষা এরা পায়নি।",non-violence,0
ওরা কি শিক্ষা নেওয়ার জন্য কলেজে যায় নাকি অন্য কিছু ?,non-violence,0
ভারতের রাজনীতি অসভ্য রাজনীতি। ভারতের রাজনীতি নোংরা রাজনীতি । ভারতের রাজনীতি নেংটা রাজনীতি । ভারতের রাজনীতি মূর্খ রাজনীতি।,passive violence,1
কাপুরুষের দল আসলে সত্য কে ভয় পাই।কারন তারা জানে ইসলাম ধর্ম সত্য।,passive violence,1
টাকলু র দায় সব কিছু,passive violence,1
হিজাব পড়লে যদি তালেবান উপাধি দেয়া হয়।তাহলে তালেবানদের উচিত হবে ভারতে হামলা করা।,direct violence,2
হাতে শাখা কপালে শিদুর পড়া আর একজন মহিলার হিজাব করে পর্দা করাটা এক বিষয় নয়। আল্লাহ যেনো ঐ মুসলিম বোনদের পর্দা করা রক্ষা করেন। আমিন!,non-violence,0
গজব পড়ুক তোদের উপর,direct violence,2
এরা কি শিক্ষার্থী নাকি চোর?,non-violence,0
এত ভাল পরিচালক থাকতে কেন ভালো সিনেমা আমরা পাচ্ছি না,non-violence,0
এই মালুর বাচ্চা পূজা মণ্ডপে কোরআন অবমাননা কারীর ছবি প্রকাশ বা সংবাদ প্রকাশ হয় না।মন্দিরে ঘটনার রিপোর্ট হয় মালুর ঘরে মালু।,passive violence,1
ভাই এরা যদি আসল মুসলিম হয় তাহলে আমি লজ্জিত যে আমি মুসলমান।,non-violence,0
ভোট কেন্দ্র দখল নারীদের বের করে দিয়েছেন ভালো কথা কিন্তু গোলাগুলি হওয়া এটা সম্পুর্ন সন্ত্রাসী হামলা।,non-violence,0
"ছাত্রদের আন্দোলন সঠিক,ব্যবসায়ীদেরকে কঠিন শাস্তি দেওয়া হোক,মারো আরো জোরে মারো ব্যবসায়ী মাগির পোলারা ডাকাত,মার আরো জোরে মার",direct violence,2
"দেশের শিক্ষা ব্যবস্থা ধংসের শেষ প্রান্তে, শিক্ষা মন্ত্রণালয়ের উচ্চপদগুলোতে কারা আছে??",non-violence,0
তার গর্দান নিতে হবে,direct violence,2
স্বাধীনভাবে লেখালেখি করার অধিকার দেওয়া হলো আজ৷ আজ থেকে আমিও লিখবো আওয়ামী লীগের বিরুদ্ধে। এটা আমার স্বাধীনতা।,non-violence,0
মুহাম্মদ( সা) এর কটাক্ষকারীরা কিভাবে বিজ্ঞানমনস্ক হয় সেটা জানতে চাই। এসব ফাপা প্রশংসা করে আমাদের কি বুঝানো হচ্ছে। নাস্তিকরা যখন মুহাম্মদ ( সা) এর নামে কটাক্ষ করে তখন ই তারা বিজ্ঞান মনস্ক হয় আর নয়তবা মুক্ত চিন্তার ধারক হয়। যেটা সত্যিই হাস্যকর। তাওয়াক্কুল তু আলাল্লাহ.,non-violence,0
নাহিদের ও মুসতাহিনের কথা কেউ বললো না।।। নাহিদ কে হত্যা করে বাড়িতে গিয়ে ঈদের আনন্দ করতে পারবেন..??।।। ১ কোটি টাকা দেওয়া হোক পরিবার কে এবং চাকরি দিন।।।।,non-violence,0
বাংলাদেশের চোর বলে জিনিস থাকলে সেটা হচ্ছে পুলিশ,passive violence,1
তোর সব মিথ্যা কথা,non-violence,0
"সিসিটিভির বিষয়টি যদি সত্যিই প্রমাণিত হয় তবে সকল ছাত্রদের উচিৎ সন্ত্রাসী কার্যক্রমে অংশ গ্রহণকারীদের পক্ষে আন্দোলন না করা।হুদাই পক্ষ না নিয়ে নিরপেক্ষভাবে বোঝার দরকার ছিল। আবার ইডেনের মেয়েগুলো বেশরম, না বুঝে পক্ষ নিল।ব্রাহ্মণবাড়িয়ার মানুষই যে ছোট বিষয় নিয়ে সংঘর্ষ করে তা নয়, এত বড়মাপের কলেজ পড়ুয়া ছাত্ররাও তার ব্যতিক্রম করল না। এতে বোঝা গেল ইগোতে লাগলে কেউ কাউকে ছাড় দেয় না🤔🤔🤔",non-violence,0
যারা মারা যাবে তারা একই দলের লোক সরকার কি করবে।,passive violence,1
আমাদের দেশের মেয়েদের দেখলে লজ্জা লাগে তাদের ইমান দেখে।উনার থেকে শিক্ষা নেওয়া উচিত,direct violence,2
এই বার ইন্ডিয়ার বিরুদ্দে কথা বলা দরকার কেন জানেন তারা কি জন্য সেনা পাটাবে দেশে সেটা ক কিচু বলচেন না আপনারা কি জন্য বয় করেন আমরা ত দেকতেচি শুনতেচি তারা কি বাজে মনত্তব করতেচে,non-violence,0
ভাই এই মালাউনরাই সরকারের সবচেয়ে বেশি খতি করবে।,passive violence,1
আসে পড়ালেখা করতে সুনাগরিক হতে দাদাগিরি করতে নয়। স্কুল কলেজ প্রতিষ্ঠিত হয় মানুষকে শব্দ ভদ্র নম্র বিনয়ী মানুষ হওয়ার জন্য।,non-violence,0
"বাংলাদেশে কিছু স্কুলে হিজাব না করার জন্য কিছু জালিম টিচার ও বলে, শুধু এটা চোখে দেখা মাত্র একশন নিতে হবে",passive violence,1
শুধু পতাকা না বাংলাদেশের প্রধানমন্ত্রীকে ও পুতুল বানিয়ে পোড়ানো হয়েছে ভারতে। এর পরেও বাংলাদেশের দালালরা ভারতেই সাপোর্ট করে যাচ্ছে,passive violence,1
আশা করি বাকি খবরও দিবেন,non-violence,0
কমেন্ট করতে ভয় করে,non-violence,0
আল্লার গুজব পড়বে মুদির ওপরে 😢😢😢,direct violence,2
পাগল এইটা কিবাবে বজলো,non-violence,0
"যে কোন দেশের সংবিধানের উপর নির্ভর করে অনেক কিছু। ভারতের সংবিধানে ধর্মীয় স্বাধীনতা ভোগ করার মৌলিক অধিকার দিয়েছে। তবে স্কুলে ছাত্র-ছাত্রীদের নির্দিষ্ট স্কুল ড্রেস রয়েছে। তাকে ঐ ড্রেস পড়ে স্কুলে আসতে হবে অন্য কোন ড্রেস পড়ে আসলে স্কুল কর্তৃপক্ষ তাকে স্কুলে ঢুকার অনুমতি নাও দিতে পারে। যেমন দরুন ছাত্রীট হিজাব পড়ে এসেছে বিধায় তাকে স্কুলে ঢুকতে দেয়া হয়নি। বাংলাদেশে কোন ছাত্র যদি গলায় তুলসী মালা, রামাবলি, ধূতি ও পায়জামা পড়ে য়দি স্কুলে আসতে চায় স্কুল কর্তৃপক্ষ কি তাকে স্কুলে ঢুকার অনুমতি দিবেন।",passive violence,1
এখন একটাই স্লোগান ইসলাম ও কোরআনের জন্য জালিমদের জিবন কেড়ে নিতে জিহাদ ফি ছাবিলিল্লাহ🗡️,direct violence,2
হাসিনা - কাদেরের বাপ ইসকন। কোরআন অবমাননাকারীর বিচার না হলে মন্ডপে হামলাকারীর বিচার হবে না।,passive violence,1
তুই দেখি একটা চোর,passive violence,1
"এখানে যদি মাদ্রাসার ছাত্র হতো, তাহলে এতক্ষণে জন্গি জন্গি করত 😡🤬.,,,, পৃথিবীর মধ্যে সব চেয়ে উত্তম শিক্ষা দেয়া হয় মাদ্রাসায়❤️❤️",non-violence,0
"শুধু শিক্ষা প্রতিষ্ঠান নয়,অফিস,আদালত সহ সব প্রতিষ্ঠান",non-violence,0
অসংখ্য ধন্যবাদ জানাই ঢাকা কলেজ শিক্ষার্থীদের,non-violence,0
সাংবাদিকরা অনেক খারাপ। এই সাংবাদিক+এলাকার কুত্তা লীগের সাথে মিলে আমাদের এলাকার ইমামকে মিথ্যা মামলা দিয়ে ১ বছর ধরে জেলে ভরে রাখছে।,passive violence,1
মুজাহিদ ভাইদের জন্য ভালবাসা ও দোয়া রইল।আল্লাহ ও আল্লাহর রাসুলের দুষমনেরা এখান থেকে শিক্ষা গ্রহণ কর।,non-violence,0
সামান্য কিছু ঘটলেই সেটা সরকার বিরোধী আন্দোলনে রুপ নেয়,non-violence,0
"উস্কানিদাতারা ঘটনার কিছু আগে উস্কানি দিয়েই সটকে পড়ছে ঘটনাস্থল থেকে। এরা সোস্যাল মিডিয়া ব্যবহার করে নাই,নাহলে ধরা পড়বে। মোবাইলে কিছু ছবি,ভিডিও দেখিয়ে সাধারণ মানুষকে উস্কে দিচে। ছাত্রদল,শিবিরের কিছু পোলাপানরে পেদানি দিলেই সব ভড় ভড় করে বেরিয়ে আসবে কাহিনি",direct violence,2
"যে স্কুলে হিজাব খুলতে বাধ্য করে সেই স্কুলে না যাওয়াটাই হচ্ছে ঈমান,সেই স্কুল গুড়িয়ে দেয়াটা হচ্ছে জিহাদ,আর সেই জিহাদে মারা যাওয়াটা হচ্ছে শহীদ",direct violence,2
"আমাদের দেশে সঠিক বিচার নাই সে জন্য আল্লাহর কাছে বিচার চাইদলমত নির্বিশেসে,,,আল্লাহ ভালো জানেন",non-violence,0
রাজনীতি নারে ভাই আওয়ামীলীগের খেলা,non-violence,0
এসবের দায় কে নিবে সুনার বাংলায় কি কুন হবেই,non-violence,0
নিউ মার্কেটের টোকাই ব্যবসায়ীদের বিরুদ্ধে আইনি ব্যবস্থা নেয়া হোক নয়তো এর পরিণাম অনেক খারাপ হবে,non-violence,0
হে আল্লাহ তুমি ন্যায় বিচারক বিচার চাই তোমার কাছে 😭😭🙏🙏😭😭,non-violence,0
প্রশাসনকে অনেক অনেক ধন্যবাদ 🥰🥰🥰,non-violence,0
বয়কট নিউমার্কেট,direct violence,2
সাত জন মারা গেলেও সমস্যা নেই নির্বাচন কমিশন কমিশন বলবে শান্তিপূর্ণ ছিল,passive violence,1
কুত্তা বাহিনীর দাবি ছিল মেয়েরা হিজাব পড়তে পারবে না আদালত ওও সেই দাবি বহাল রাখলো তাহলে কুত্তা বাহিনী আর আদালতের মাঝে পার্থক্য রইলো কি...? হিজাব বিতর্কের প্রায় ৬/৭ দিন পর মুসলিম জোট ওআইসি মুখ খুললো আর তারা মুখ খোলার সাথে সাথে মোদির বাহিনী তার বিরোধিতা করলো এর ধারা অস্পষ্ট বুঝা যাচ্ছে যে আমাদের নেতাদের হা মুখ খুলতে খুলতে সব কাহিনী শেষ হয়ে যায় আর তারা কাফেররা একদিন ওও দেরি করলো না সাথে সাথে তারা কথা বললো মানে কি বুঝলেন তারা মুসলিম নিধনে নেমেছে ভাই সব আগে থেকে পরিকল্পনা করে রাখছে।,passive violence,1
ভারতের আইন বিষয় অনেক অনেক অনেক খারাপ লাগার মত। ভারতে কোন স্বাধীনতা নেই।,non-violence,0
"দৃশ্যটা সামনে পড়লে অন্তরের মধ্যে আগুন জলে ওঠে,তোমরা তোমাদের ধর্ম স্বাধীনভাবে পালন করবা মুসলমানরাত তোমাদের ধর্মীয় অনুষ্ঠানে কোনদিন বাধা প্রধান করে না এবং তোমাদের কোন জিনিস নিয়ে উপহাস করে না, তাহলে তোমরা কেন এটা করলে মুসলমানদের কলিজায় কেন হাত দিলে, মুসলমানরাত কোরআনকে অন্তর দিয়ে, জান দিয়ে, প্রানদিয়ে ভালবাসে, তারাত কোরআনের অপমান সহ্য করবে না, এটা বুঝ না,যে বা যারা এ ধরনের ঘৃণার কাজ করেছে তাদের শক্ত বিচার করা হউক।",non-violence,0
"কথিত ছাত্ররা কিন্তু কোন এক ব্যাবসায়ীর,দিনমজুর,চাকরীজিবীর সন্তান।এইসময় এইগুলা করে ঠিক হয়নাই।ঈদের পরেও এর বিচার করা যাইতো।",non-violence,0
সারা পৃথিবীতে মেয়েদের হেজাবের জন্য আন্দোলনে নামা উচিত আর ভারতের মেয়েদের হেজাব অধিকার আদায়ে সমর্থন জানানো উচিত। আমরা সব মুসলিম এক হলে হিন্দু মালাউনরা কাবু হয়ে যাবে ইংশা আল্লাহ,passive violence,1
আমরা চাই তার যেই হাত দিয়ে রাখছে সেই হাতটা কেটে দেয়া হোক,direct violence,2
কারন ওই যায় গায় তো আওয়ামিলীগ এর লোক ও আছে তাই বিচার হয় নাই,passive violence,1
ধন্যবাদ বোন তুমাকে,non-violence,0
"শুয়েরের বাচচা তোরা কি দেশের শাসন ব্যবস্থা মানিস না,কাউকে হত্যা করা আল্লাহ তো হুকুম দেন না,তোদের হাতের সাধিনতা? তোদের পরিনতি সারা পৃথিবীতে কতটা ভয়াবহ, সেটা একবার ভাব,এতই যদি ইসলাম চোদাস যা না মায়ানমারে গিয়ে ইসলাম প্রতিসঠা কর।রোহিঙাদের ফেরত পাঠা,মুসলমানদের সাহায্য কর।দেশের গুনিজনদের হত্যা করে ইমানদারি।",passive violence,1
সুন্দর সিদ্ধান্ত 🇧🇩,non-violence,0
গুজব???,non-violence,0
"নির্লজ্জ মিডিয়া। ,কাপুরুষদের দল।সত্য বলতে যেহেতু ভয় লাগে তাহলে সাংবাদিকতা ছেড়ে দে।",passive violence,1
"ধন্যবাদ এবং অনেক অনেক ভালোবাসা রইলো,,, আইডিয়াল কলেজ এর প্রিয় ভাইয়েরা,,,, ❤️❤️❤️❤️❤️",non-violence,0
মাশাআল্লাহ জাজাকাল্লাহ কিন্তু মৃত নাহিদের বিচার কি আদৌ হবে কোনোদিন ??,non-violence,0
"দেখা যাক কোন কিছুর দাম কমে কিনা,কেও ঐ ছেলেটার কথা বলছেনা কেন? যে মারা গেছে",non-violence,0
হেল্মেট পরা বাহিনী মনে হচ্ছে আপনারই পরিচিত কেউ!! এমন খুশি খুশি মন নিয়ে খবর পড়ছেন। 🤔,passive violence,1
"মুক্তমনা মানে লাগামহীন কথা নয়, যারা মুক্তমনা নামকরে সমাজে বিশৃঙ্খলা সৃষ্টি করে সরকারের উচিত এদের বিরুদ্ধে কঠিন ব্যবস্থা গ্রহন করা, তানাহলে অন্য কেউ যদি আবেগপ্রবণ হয়ে কোন দুর্ঘটনা গঠায় তাহলে সরকার কে এর দায়বার বহন করতে হবে।",direct violence,2
এই সব অমানুষদের জন্য কতগুলো নিরহ মানুষ অত্যাচারিত হলো। এখন তাদের হাত কেটে পেলা হোক।,direct violence,2
খুব সুন্দর কথা বলছেন,non-violence,0
হিন্দু জানে এই কাজ করলে তার এলাকা শশান হয়ে যাবে। তাই এই কাজ পাগল না হলে কোন হিন্দু করবে না।,non-violence,0
সবচেয়ে বাজে হিন্দু ধর্ম,passive violence,1
ছাএলীগ তাহলে তাকে খুন করতে গেল কেন নাম কেন আসলো তারা কেন চাদা তোলে।আর কত চামচামি করবেন।দোষ করার পর বলে এরা ছাএলীগ না। দুইদিন পর বলবে এরা বিএনপি জামাত এর লোক ১০০%,passive violence,1
হিন্দুকে শেষ করে দেওয়া হবে মুসলমানদের কিছু করলে নাগ গলালে কুত্তার বাচ্চারা শরীরে একপুটা রক্ত থাকতে জালিমের সামনে মাথা নত করবো না,direct violence,2
ক্যান রে জারজ??তোর বাপদের বিচার হলে কষ্ট হবে তোর??,passive violence,1
আরেক খানকির পুলা জারজ সাংবাদিক নটির পুলায় কয় হেফাজত নাকী তান্ডব চালাইছে নটির পুলা আর কয়দিন তর বাতারির গুয়া চাটবি,passive violence,1
"তারা আইনের উর্ধে, তারা কেন হুমকি ধামকি দিচ্ছে",non-violence,0
ভাই সিসিটিভি তারিখ একবার 13 তারিখ একবার 10 তারিখ মানে কি?,non-violence,0
গুজব বলে শাক দিয়ে মাছ ডাকতে চাইতেছেন মনে হচ্ছে,passive violence,1
অনেক সুন্দর একটা কথা বলল। যখন ভয় পায় আল্লাহর নাম নেয় তখন তার মনে সাহস আসে। মাশা-আল্লাহ। মনটা ভরে গেল।💝💝💝💝,non-violence,0
আমাদের প্রিয় বোন,non-violence,0
গজব বাংগালির উপর ও পড়ব।।আর তারাও একদিন ধংস হবে এই অপকর্মের জন্য।।ইনশাআল্লাহ,direct violence,2
নিউমার্কেট স্থায়ীভাবে বন্ধ করে দেয়ায় এখন সময়ের দাবি।এমন বালের মার্কেট দরকার নাই,direct violence,2
কোন মন্তব্য করলাম না। অনেক কিছু বলতে ইচ্ছা করে। কি কারনে বললাম না আপনারা বুঝে নিয়েন। আল্লাহর কাছে বিচার দিলাম। আল্লাহ জেনো এই সব নাস্তিকদের বিচার করে আমিন।,non-violence,0
"রাস্তা ঘাটে এই পোশাক পরা ঠিক আছে, কিন্তু কলেজ, স্কুলের একটা নির্ধারণ করা পোশাক থাকে তুমি যে ধর্মেরই হয়ে থাক সেটাই অনুসরণ করবে আর আমরা সেটাই দেখেছি। সবকিছুতে তোমাদেরই এক মার্কা মারা পোষাক ধর্ম পৃথিবীতে কত দিন ঠিকবে সেটিই দেখার।ইতিমধ্যেই ঊগ্র জাতি হিসেবে পৃথীবির কাছে পরিচিতি পেয়ে গেছে এই ধর্মটা।",direct violence,2
মিথ্যা প্রচার করছ কে.....?,non-violence,0
"ব্যাবসায়ীরা খারাপ আচরণ করলে এত বছর ওখানে ব্যাবসা করলো কিভাবেছাত্ররা খমোতার অপব্যবহার করছে,,,,ওরা মনে করে ওরা ছাত্র বলে সাত খুন মাপ",passive violence,1
এটা আওয়ামী রাজাকার দের কাজ,passive violence,1
হে আল্লাহ তুমি ভারতের নারীদের হিজাব কে রক্ষা করো আমিন,non-violence,0
অনেক স্টুডেন্টদের দোষারোপ করছিকেন????আপনারা জানেন??নিউমার্কেট এর দোকান্দের ব্যবহার কেমন বাজে??কেমন বাজে আচরণ করে মেয়ে ক্রেতাদের সাথে??কত বাজে কমেন্ট করে করে দাম করে কোনো পন্য না কিনলে????,non-violence,0
"ঈশ্বর যারা আমাদের খুন ধর্ষন ,ঘর বাড়ি ভাঙ্গচুর করছে তাদের ভালো রেখো যাতে তাদের মাথায় যেনো একটু বুদ্ধি হয়",non-violence,0
"উচিত কাজ করেছে ঢাকা কলেজের শিক্ষার্থীরা ,আমি তিন‌ দিন আগে গেছিলাম আমার সাথেও ওরা বাজে ব্যবহার করেছে 😡🤬",passive violence,1
"সটিক কথা,কলেজ বন্ধ থাকলে মার্কেটও বন্ধ থাকবে",direct violence,2
"নিউমার্কেট এবং কাওরান বাজার ও গুলিস্তানের ব্যবসায়ীরা সব কয়টি একটা বড় ধরনের সিন্ডিকেট, এরা মানুষকে ব্যাবসার নামে একধরণের ডাকাতি করে। একটা ১০টাকার জিনিস ৫০০টাকা দাম চেয়ে বসে। পরে কত দিবেন দাম বলে যান, এখন আপনি কি করবেন, যদি দাম &#39;না বলেন খারাপ আচরণ করে, কম দাম বললেই তাদের মাতা গরম হয়ে যায়, কি যে বাজে আচরণ করে।",non-violence,0
সামান্য দুইটা টাকার জন্যে এই বড় বড় ডায়লগ ছাড়তেছে এদেরকে জঙ্গি বলতেছো কথা বলার সুযোগ ফেরাউন ও পেয়েছে নমরুদ পেয়েছে যত খুশি বলে নাও সময় ফুরিয়ে গেলে আর বলার কিছু থাকবে না,passive violence,1
পাগল চাগল নেতা ওনুসটান।সবার।হাহাহা,passive violence,1
ভাই এই ছোট্ট ভাইটির পাশে থাকুন কূরআন ও গজল নিয়ে ভিডিও বানাই 🌷🌺🥀🌹,non-violence,0
এদের দিয়ে কিছু আশা করা যায়না দিক্কার জানাই,non-violence,0
কাফের অভিজিৎ,passive violence,1
ইসলাম আমাদের গর্ব ❤️,non-violence,0
পরিচয় হিন বাবা সন্তান কেবল এই সত্য কে গুজব বলতে পারে,passive violence,1
ভোট দেবার অধিকার শুধু আওমিলিগের লোক জন দের। আর কারো নেই।,passive violence,1
যে দেশে সরকার হলো নাস্তিক সে দেশে বিচার নেই,non-violence,0
আওয়ামী লীগ দলটাই আগা গোরা জারজ এটাতে জে জুক দিবে তার বাবা পরিচয় নাই বাবা ছারা জন্ম নেয়া মানুষ এরা,passive violence,1
যখন স্কুল কলেজ ও সাধারণ মানুষ এসব গুন্ডামী করে যার যার সার্থের জন্য তখন এটা হয় দ্বিমুখী সংঘর্ষ আর যখন আলেম ও মাদরাসার ছাত্ররা আল্লাহ ও রাসূলের ইজ্জত রক্ষার্থে আন্দোলন করে তখন এই সাংবাদিকরাই বলে হেফাজতি তান্ডব।কি বলবো এসব সাংঘাতিকদের কথা।,passive violence,1
ঐ তোরা নিজেরা নিজেরা মারা মারি করোস আর না পেরে প্রদান মন্ত্রী তোদের যালায় তার মাথাটাও ঠিক থাকবে না,non-violence,0
"সেটা বলেন না ভাই, নইলে আপনাকেও কেচ খাওয়াতে পারে",non-violence,0
"😲কি চলছে দেশে, কি শিক্ষা দেওয়া হচ্ছে তাদের, কলেজে শিক্ষার নামে চলছে কি সন্ত্রাস বাদ শিক্ষা 😥😥",non-violence,0
প্রতিবন্দি কাদের। কোরআন অবমাননার করচে সেটার কি বিচার করবেন,passive violence,1
"আল্লাহু আকবার শব্দের আতঙ্কে বহু রাজারা সিংহাসন ছেড়ে পালিয়ে ছিল এদেশ থেকে। আজও সেই আল্লাহু আকবার শব্দ ই আছেঅতএব বোন জয় তোমার হবেই কারণ তোমার শরীরে বইছে হযরত ওমর, খালিদ বিন ওয়ালিদ এর রক্ত, মরলে শহীদ , বাঁচলে গাজী। আল্লাহু আকবার আল্লাহু আকবার।",non-violence,0
"বি এন পি এর এমপিরা আপনারা একটা বিল উৎথাপন করুন,,, যাতে ইন্টারনেট এর মাধ্যমে ভোট দেওয়ার নতুন পদ্বতি চালু করা হয়,৷ তা হলে চুরি করা বন্ধ হবে,,,এতে কোটি কোটি টাকা ব্যয় হবে না,,,ভোট আয়জনে যে টাকা ব্যয় হয়,,,ভেবে দেখবেন,,,",passive violence,1
ব্যবসায়ীদের একতা দেখে ভাল লাগছে,non-violence,0
কয়দিন আর বাচবি দুনিয়াতে শালারা আল্লাহর বিচার হবে একদিন,passive violence,1
ধন্যবাদ পুলিশ কর্মকর্তার ভাইদের,non-violence,0
এই আওয়ামী লীগের সন্ত্রাসী গুলো কে চরম শিক্ষা দিতে হবে।,direct violence,2
যে ব্যক্তি এই ঘটনা ঘটিয়েছে তাকে গুলি করে হত্যা নিশ্চিত করুন। এই প্রকাশ্য শত্রুকে আমরা বেচে থাকতে দেখতে চাই না।,direct violence,2
নিউমার্কেটের ব্যাবসায়িকরা সব চোর বাটপার ডাকাত,passive violence,1
ভাই এই ছোট্ট বোন টার পাশে একটু ধারান কোরআন গজল এবং আরও অনেক ভিডিও বানাই 💚💟,non-violence,0
বর্তমান ছাত্ররা এসব শিক্ষায় অনেক ভাল উচ্চ শিক্ষিত হয়ে উঠতেছে।।।,non-violence,0
"মুহাম্মদের গনিমতের মাল ভাইয়া তোমাদের কলম আছে কালি নাই।চোখ আছে কিন্তু তোমাদের দৃষ্টি নাই। মুহাম্মদ নাম দিয়ে চ্যানেল খুলেছো কিন্তু কাজ করছো উস্কানির। তুমি তো মালু। তোমার ধর্মীয় কাজই হচ্ছে সমাজে অন্যায়, ভেদাভেদ তৈরি করা। তোমাদের কাজই হচ্ছে ভুলভাল তথ্য উপস্থাপন করা। তোমাদের নিজেদের ধর্মীয় জ্ঞান টুকু নেই কিন্তু অন্য ধর্মের প্রতি তোমাদের বিদ্বেষই বুজিয়ে দেয় তোমরা কতটা বর্বর। তোমাদের ভারত,আমেরিকা, চীন,ফ্রান্স নামক জঙ্গি রাষ্ট্রগুলো জঙ্গিদের মদদ দিয়ে থাকে।",passive violence,1
আল্লাহ বিচার করবেন,non-violence,0
এত সুন্দর একটা দেশ যেখানে ছিলোনা হিন্দু মুসলিমের কোন দাঙ্গা হাঙ্গামা আর এখন এই সব কিভাবে হচ্ছে।,non-violence,0
হিজাব পরিধান করা নারীর নাগরিক অধিকার পৃথিবীর কোনো দেশ। নারীর এই অধিকারে আঘাত করতে পারে না।,non-violence,0
"আমার কথা সোজা,,বিএনপির সমাবেশে ছাত্রলীগ কেনো আসবে ভাই মারামারির তো দুরের কথা",non-violence,0
ভাই ঢাকা কলেজের এক সময়ের সভাপতি বাবু চাদাবাজ ছিল সে গাউচিয়ার সভাপতি প্যনেল এর এক আমদানি কারকের মাল আসার পর টাকা দাবি করে ১০ হাজার সে বলে টাকা না দিলে মাল নামাতে দিবে না আমি আমার নিজ চখে দেখা কাহিনি😌,passive violence,1
"করোনায় এত লোক মারা যায়, কিন্তু এই বেগম মমতা মরে না কেন,,,",passive violence,1
ধর্মে আঘাত হানলে তখন বিচার কোথায় যায়।,non-violence,0
সময় টিভিকে বয়কট করা হোক,direct violence,2
বি এন পি চারা আর কার দুশ দেবে হালা বাটপার,passive violence,1
"সত্যি বলতে আমার গার লোম ধারিয়ে জায়,ধন্যবাদ আপু",non-violence,0
ডিজিটাল বাংলাদেশ এখন সিসিক্যামেরা মানুষের পিছনে হাটে। যে সকল মানুষ মারা গেল তাদেরকে নিয়ে কোন নিউজ করার সৎ সাহস পাইনি সাংবাদিক মহল। নাটকীয় ওয়েব সিরিজ নিয়ে খুব ব্যস্ত থাকে এখন সাংবাদিক এবং মিডিয়াগুলো।,non-violence,0
হামলাকারীদের গ্রেফতার করা হোক,non-violence,0
"এইগুলি বেব্শায়ী না। এরা ডাকাত। এদের বিচার হওয়া উচিত। এরা বছরের পর বছর বেবশার নামে নিরীহ ক্রেতাদের মান ,ইজ্জত, নিরাপত্তা আর অর্থ নিয়ে খেলা করে যাচ্ছে। কিন্তু এদের কোনো বিচার হয় না। এদেরকে আইনের শাসন ভোগ করতে হবে। এদের বিরুধে সংগ্রাম চালিয়ে যেতে হবে।",non-violence,0
আল্লাহু আকবার আল্লাহু আকবার ভারতে মুসলমান ভাই ও বোনদের রক্ষা কর আল্লাহ তুমি,non-violence,0
আল্লাহ মুসলিমদের জালিমদের থেকে রক্ষা করো,non-violence,0
"আওয়ামী লীগের শনরাসীরা শুধু বিজিবি নয়,সেনাবাহিনী ও মেরে ছাপ করে দিবে।",passive violence,1
ছাত্র নামের এসব সন্ত্রাসীকে জেলে এনে রিমান্ডে ডিম থেরাপি দেওয়া হোক এবং নাহিদকে যারা পিটিয়ে মেরেছে তাদেরকে ক্রসফায়ারে হত্যা করা হোক।,direct violence,2
হাতে লাঠি নিয়ে নামতে হবে পুরো দেশে র মানুষ আর বসার সময় নেই। আওয়ামী লীগের মন্ত্রী দের গনপিটুনি দিয়ে দেশটাকে রক্ষা করতে হবে।,direct violence,2
ভারতীয় শিক্ষা প্রতিষ্ঠান হচ্ছে মূর্খদের,passive violence,1
ইসলামের স্বার্থে। আমার ভিডিও গুলো শেয়ার করুন। আমরা চাই মুসলিমদের উপর অত্যাচারের খবর পৃথিবীর সকল মুসলমানদের জানিয়ে দিতে যাতে তাদের চেতনা জাগ্রত হয়। এবং আপনিও সাবস্ক্রাইব করে পাশে থাকুন।।।,non-violence,0
নাহিদের বাবা ঠিকই জানেন এদেশে বিচার হবে না তদন্ত ওই সেই বালছাল স্বরাষ্ট্রমন্ত্রী তারপর সব শেষ😡😡😡😡😡,non-violence,0
"রাসূলের অবমাননাকারীর রক্তের কোনো মূল্য নেই, তাদেরকে হত্যা করা সম্পূর্ণ বৈধ। তাদেরকে তাদের প্রাপ্য বুঝিয়ে দেয়া প্রতিটি মুসলিমদের দায়িত্ব।",direct violence,2
সব প্রমাণ দেখার পরও যারা বলে এটা বানানো. হয় ওদের মাথা নষ্ট. না হয় ওরা পাগল,non-violence,0
"নারীর অধিকার হরণ করা হচ্ছে,ধিক্কার জানায়,অনতিবিলম্বে নারীর অধিকার বাস্তবায়ন করতে হবে, হিন্দুদের গলার রোমালটা কিসের চিন্হ বহন করছে???",non-violence,0
বি এন পির আন্দোলন কিংবা জনতার আন্দোলন হলে এতক্ষন লাগতো না,non-violence,0
তুমি মিয়া দালাল জুতা পিটা উচিত তোমাদের মত মানুষ নামে জানোয়ার গুলোদের?,direct violence,2
মিডিয়া মিথ্যা প্রচার করে,non-violence,0
নিউ মার্কেট এলাকার ব্যবসায়ীদের ব্যাবহার মোটেও ভালো না আমি ও একজন ভুক্তভোগী ব্যাসায়ীদের বিচার করা হোক এবং আইনের আওতায় আনা হেক,non-violence,0
"আপনার কথার সাথে একমত হতে পারলামনা, করন ধর্ম যার যার উৎসব ও তার",non-violence,0
ইন্ডিয়া থেকে বলছি এরকম উস্কানি দেওয়ার জন্য উনাকে ফাঁসি দেওয়া উচিত,non-violence,0
আহ পবিত্র রমজানের মধ্যে হায়রে দুনিয়া,non-violence,0
ভারতের নারী মুসলমানদের ঈমানী চেতনা আলহামদুলিল্লাহ আমাদের বাংলাদেশের চেয়ে অনেক বেশি।,non-violence,0
নউ মার্কেট কোন মালিকের ছেলে মেয়ে ঢাবি/ঢাকা কলেজ এ পড়েনা।।। আমি এটা চিন্তা করতেছি,non-violence,0
গজব পড়বে তোদের উপর,direct violence,2
".......প্রিয় সাংবাদিক ভাই-★কাজ না থাকলে বাল ছিড়েন তাতে নিজের আগাছা পরিস্কার হবে।।★নিউজ না পেলে গাঞ্জা গাছ লাগান, বৃক্ষরোপনের সাথে পিনিকও হবে।।★কিছু করার না থাকলে পু *কির ভিতর আঙ্গুল দিয়া বসে থাকেন,তাতে বাথরুম ক্লিয়ার হবে।।★একদম কোন কিছু করার মত না পেলে পাবলিক বাসে ফেরি করে কনডম বিক্রি করুন,তাতে দেশে আপনার মত ফাউলমার্কা সাংবাদি কের জম্মরোধ হবে!!তারপরও এই সব নিউজ করবেন না প্লিজ",passive violence,1
আজ যদি জনগনের ভোট দেওয়ার অধিকার থাকতো তাহলে কাদের সাহেব একথা বলার সাহস দেখাতো না।,non-violence,0
হিজাব মেয়েদের শালিনতা আর খোলামেলা মেলা ভাবে চলা অশিলতা হিজাব পরা সব দিক দিয়ে ভাল আমি মনেকরি,non-violence,0
পেট্রোল বোমা মেরে দোকান পুড়িয়ে দেয়া হোক।এরা ব্যবসায়ী না কসাই মা*চু*,direct violence,2
যারা নাকি অশিক্ষিত মূর্খ তাদের কাজ বাংলাদেশের একটা বীর সৈনিক তাদেরকে হত্যা করতেছে,passive violence,1
ঢাবি আর ইডেন ও বন্ধ করে ছাত্রাবাস খালি করার উপদেশ দিয়ে দিবে ।,non-violence,0
"ভন্ড মামুনুল হক একজন হেফাজত নামধারী দালাল। ওর কথা বার্তা, আচোরন ইসলাম বিরোধী। ওর কথার মাঝে ইসলামের কোন বালাই নেই। মনে হয় ওই-ই দেশ চালাচ্ছে।",passive violence,1
শিক্ষার্থীরা কখনও এমন ভুল করবে বলে মনে হয় না। ভাল করে দেখেন সেই ব্যাবসায়ী কোন সীমানা লঙ্ঘন করেছে কি না।,passive violence,1
বাংলাদেশ পুলিশ গুলো হল ইন্ডিয়ান দালাল এবং হারামি বাংলাদেশ পুলিশ গুলো হল নাস্তিক,passive violence,1
তদের ও ছার দেওয়া হবে না৷ আমার আল্লাহ বা আমাদের কোরান মজিদ কে অবমাননা করবে তাদের একটা কে ও ছার দিব না৷,direct violence,2
"সম্মানিত ভাই ও বোনেরা এটা আমার একটা ইসলামিক চেনেল এখানে ওয়াজ,গজল, কোরআন শরিফ ও অন্য অন্য ইসলামিক বিষয় তুলে ধরা হয়।তাই চেনেলটিকে সামনের দিকে এগিয়ে নিতে আপনাদের সকলের দোয়া চাই।",non-violence,0
তারাই একমাত্র জারা দালালী করেনা। বাকী সব নিউজ এ দালাল,passive violence,1
"কারো যদি ইচ্ছামতো প্রায়-উলঙ্গ পোশাক পরারও স্বাধীনতা থাকে, তাহলে কারো ইচ্ছামতো শালীন পোশাক পরার স্বাধীনতা থাকবে না কেন?",non-violence,0
"পুলিশের গুলিতে নিহত কিনা তা নিয়ে সন্দেহ। তাহলে সেখানে পুলিশ ছাড়া গুলি করল কে, সেটাও নিশ্চয়ই পুলিশ দেখেনি, কি সুন্দর প্রতিবেদন বাহ ভালো লাগলো,বি বি সি",non-violence,0
"এই বিষয়টাকে রাজনীতিক কেন্দ্রিক কেন করে তোলা হয়েছে বিষয়টা বুঝলাম না,এটা তো একটা ধর্মকে অবমাননা করা হয়েচে তাহলে এটাকে রাজনৈতিক বাবে সরকার কেন নিচ্চে।",non-violence,0
"হে আল্লাহ তুমি এই বোনটিকে তুমি দুনিয়ায় সম্মান বাড়িয়ে দাও, এবং মৃত্যুর পর জান্নাত দান কর, তাঁর মা বাবাকে ধন্যবাদ এমন গুনী সন্তান জন্ম দেওয়ার জন্য।",non-violence,0
"কি অবস্তারে,,আল্লাহ কে ভয় কর তরা ভাই।।",non-violence,0
আন্দোলন চলছে চলবে।জলকামান পুলিশের হুটকিতে দাও,passive violence,1
বাংলাদেশে সমস্ত পূজাঁ বন্ধ করে দেওয়া উচিত। মন্দির ভেঙ্গে ফেলা উচিত। ভারত যদি হিন্দু আইন অনুসারে চলে তবে আমাদের দেশও মুসলিম আইন অনুসারে চলা উচিত।,direct violence,2
বাংলাদেশের ভোটের এমন পরিস্থিতি কেন জাতির কাছে আমরা বিচার চাই জনগণ হিসাবে,non-violence,0
কারোরই ধৈয্য নাই। এখন মূল যেই ঘটনা (কোরঅান অবমাননা) সেটা থেকে মন্দির ভাঙচুর এ সরে গেছে। এমন কিছু করা উচিত ছিলো না যাতে মূল ঘটনা অন্য দিকে প্রবাহিত হয়।,non-violence,0
এ মাদারচোদ গুলা সরকারে হুমকি দেয় হেফাজতের ব্যানারে এই মানুষগুলো ধর্ম ব্যবসা করতেছে এদেরকে কঠোর হাতে দমন করা হোক,direct violence,2
পাহাড়ী এটা বাংলায় কথা বলতেছে আবার বলতেছে বাঙালীরা হামলা চালায়!,passive violence,1
ঢাকা নিউমার্কেট ব্যবসায়িকদের আচরণ খুব উগ্র আমিও একজন ভুক্তভোগী। আমি সঠিক বিচার চাই।ব্যবসায়িক এরকম উগ্র মেজাজ যেন পরবর্তীতে না করে।,non-violence,0
😀😀😀 ছাত্রলীগের কেউ নেই তাই হামলা ঠেকাতে পারেনি 😀😀😂 সেই জোক ছিল 😀😀 2022 সালের সেরা জোকস,non-violence,0
অভিযোগ আবার কেমন শব্দ নষ্টা?হুতাশে এই পেশায় চলে এসেছিস নাকি? গুলি করেছে বলবি!!,non-violence,0
আপনি কারো উপর ভরসা না করে মহান আল্লাহ তায়ালার উপর রাখুন দেখবেন সব ঠিক হয়ে যাবে ইনশাল্লাহ.আলহামদুলিল্লাহ মাএ 7 দিনে 120+ সাবস্ক্রাইবারে একটি ছোট পরিবার। সবার সহযোগিতা কামনা করছি। ধন্যবাদ,non-violence,0
সাংবাদিক গুলো যেন সরকার এর দালাল চাটুকারি হিসেবে পরিণত হয়েছে,passive violence,1
"হাত-পা গুটিয়ে বসে থাকার সময় নেই, দিনবদলের শপথ নিয়ে মাঠে নামতে হবে। বিজয় ইসলামেরই হবে ইনশাআল্লাহ। যারা একমত লাইক দিন। 👍🌻🌺🌹আমার চ্যানেলটি সাবস্ক্রাইব করার অনুরোধ রইল।",non-violence,0
"অসাধু ব্যাবসায়ীদের উচিত শিক্ষা দিতে হবে, আমাদের সবার উচিত এগিয়ে আসা ✊✊✊",direct violence,2
"গজব আসবে ভারতে,,মুসলমানদের জয় হবে",direct violence,2
থেমে গেলেন তো হেরে গেলেন। ধন্যবাদ,non-violence,0
কুমিল্লায় ব্যাপারে দায় ভারতি ইসকান,passive violence,1
পবিত্র কোরআন মাজিদকে যারা অপমান করেছে তার শাস্তি চাই।আমাদের মুসলমানদের কলিজায় আঘাত দিয়েছে।,non-violence,0
লিখক মিথ্যা বলতে বলতে সঠিক কথা বলিতে পারে না ।,passive violence,1
পুলিস ব্যবসায়ীদের পক্ষ নিল ! ছাত্রদের বেধরক পিটাল। কারন কি ? ! চান্দ:া বাবাকে পুলিশও চিনে ! চান্দ:া আসে বাবার পকেট থেকে ছাত্রদের পকে ট থেকে নয় ! ন্যায় বিচার ও আইনকে কেন্দ্র করে বাংলাদেশ ঘুরছে না । ঘুরছে মাল পানিকে কেন্দ্র করে,passive violence,1
আইডিয়াল কলেজের ছাত্রদের অসংখ্য ধন্যবাদ একাত্বতা প্রকাশ করার জন্য।,non-violence,0
হলুদ সংবাদিক মার খাইছে এখন সব মিথ্যা প্রচার হবে এইটায় সত্য,passive violence,1
"এটা যদি গুজব হয়,তাহলে তোমার মত সাংবাদিক এর বাপ একটা এটাও গুজব!",passive violence,1
ভাই ব্যাপার টা কোন গোষ্ঠীর হয়ে দেখবেন না৷ ভিডিও টা নিরপেক্ষ মন নিয়ে দেখেন।।যদি তা অ না পারেন তাহলে বুজবেন বিজ্ঞ লোক আর মূর্খতার পার্থক্য।,non-violence,0
আরে ভাই বুঝেনা কে ভারতে মনে হয় সবাই লেংটা থাকতে ভালোবাসে এজন্য হিজাব নিষিদ্ধ 😂😂😂,passive violence,1
পাগল ধইরা আইনা নাটক সাজিয়েছেন,passive violence,1
আমাদের সরকারের দরকার ছিলো এটা নিয়ে হুমকি দেয়ার,direct violence,2
ধন্যবাদ দাদা 💖💖💖,non-violence,0
যারা কোরআন শরীফ মন্ডপে রাখছে তাদেরকে গ্রেপ্তার করতে পারতেছে না,non-violence,0
"আলহামদুলিল্লাহ ,ইসলামিক ভিডিও আপলোড করে আপনাদের অনেক ভালোবাসায় 150+সদস্যের পরিবার হয়েছে ❤আপনাদের সবাইকে অসংখ্য ধন্যবাদ ❤💖",non-violence,0
এইসব অসাধু ব্যবসায়ীরা যেনো আগামী ১ সপ্তাহ দোকান খুলতে ভয় পায় সেভাবে ওদের পাছায় বাশ ঢুকানো দরকার হারামজাদারা নিজেদেরকে জমিদার মনে করে,direct violence,2
"চুদানির দালাল সাংবাদিক টিভি চ্যানেল,,,, তুরা পুলিশ আর আওয়ামী লীগ এর অপরাধ দেখিস না?",passive violence,1
"এগটনায় যারা মারা গেছেন, বি বি সির উচিত ছিল তাদের পরিচয় তুলেদরা।",non-violence,0
"আল্লাহ কবে এসব নেতাদের উপরে গজব নাজিল করবে সেই টা দেখার জন্যে অপেক্ষায় আছি,,,,,।",direct violence,2
"নাস্তিক দের হত্যা করা,,, মসলিমদের জন্য ফরজ,,",direct violence,2
কিছু বিচার আল্লাহ তুমি তোমার আদালতে করার জন্যই তুলে রেখেছ। কারণ কোন মানব তার যথাযথ বিচার করার যোগ্যতা রাখে না। তাই আবরার হত্যার বিচার ও হয় না।তাই আমরা তোমার বিচার দিবসের মুখাপেক্ষী আমার রব।,non-violence,0
যাই হওক এই উন্নতিশীল দেশে এত খারাপ কাজ করছে যারা মাদ্রাসা শিক্ষায় জড়িত তারাই মূলত এই কাজ করছে।।মাদ্রাসা শিক্ষা হলো মুখস্ত বিদ্যার শিক্ষা।।আর এই শিক্ষায় কখনো জ্ঞান বাড়ায় না।।ধর্মান্ধতায় বুদ হয় তারা।।তাই আগে রাষ্ট্রধর্ম পরিবর্তন তারপর মাদ্রাসা শিক্ষা বন্ধের মাধ্যমে এই দেশ শস্য শ্যামলা অসাম্প্রদায়িক সোনার বাংলা গড়তে পারব।।,direct violence,2
এইসব দৃশ্য দেখার জন্যই কি দেশ স্বাধীন করেছিলাম ? হাই...রে বাংলাদেশ তোর জন্য অনেক কষ্ট লাগে।,non-violence,0
"ইসলাম বিরোধী লেখক কে হত্যা করেছে, ভালো কাজ করেছে,",passive violence,1
"পুলিশ কি বাংলাদেশের নাগরিক না? এরা কি দেশের বাহিরের? এই আন্দোলনের অধিকার আপনার, আমার সবার।",non-violence,0
যে জাতি ধর্ম নিয়ে বাড়াবাড়ি করছে তারা সকলে ধ্বংস হয়ে গেছে।আমরা ধ্বংস হতে চাই না। আসুন আমরা সকল ধর্মের প্রতি শ্রদ্ধা ও ভালোবাসা যাপন করি। এবং সকলের সুখে-শান্তিতে তাদের ধর্মীয় উৎসব পালন করার সুযোগ করে দি।,non-violence,0
"ধন্যবাদ ঢাকা কলেজ, কিছু, কিছু ব্যবসাসায়ীদের আচরণ খুবই জগন্য খারাপ। তাদের দ্রুত শাস্তি দেওয়া উচিত।ধন্যবাদ ছাত্রদের প্রতিবাদ করার জন্য 👍",non-violence,0
দেশে বসে আফগান তালেবান এর বিপক্ষে নিউজ প্রকাশে খুব পারদর্শী কিন্তু কুমিল্লার ঘটনা প্রকাশে অনীহা বাহ চু ভাই বাহ,non-violence,0
"কখনোই তাদের দোষ স্বীকার করবে না,,,,উনার কথা হল মার্কেটের লোকজন সব দোষ করেছে,,,,তাদের ছাত্ররা দোষ করেনি,,,হোটেলের কর্মচারীদের ঝামেলায় কলেজের ছাত্ররা কেনো যাবে হাতে ছুরি নিয়ে?,,, সন্ত্রাসীদের মত।।,,,,আর আমি ঘটনার সময় নিউ মার্কেটে ছিলাম আমি দেখেছি ছাত্ররাই বেশি পাওয়ার দেখিয়েছে,,,তাদের কথা আর আচরণ ছিল সন্ত্রাসীদের মত",passive violence,1
হিজাব পরা আমাদের ভারতের মুসলিম মেয়েদের ধর্মীয় স্বাধীনতা।,non-violence,0
"চাঁদা না পেয়ে পাগল হয়ে গেছে ওরা,",passive violence,1
তাহলে কার গুলিতে মারা গেছে জবাব দেন,non-violence,0
সবাই শুধু নির্বাচনকে ব্যহত করার কথাই বলছে।কেউ একবার ও জোর গলায় বলল না যে এই নোংরা কাজটা করেছে তাকে শাস্তি দেওয়া হবে।ইনশাল্লাহ সময় আসবে ইসলাম এর।,non-violence,0
ঘটনা ঘটার ত্রিশ মিনিটের মধ্যে কল রেকর্ড ফাঁস হয়..আর এই রকম গুরুত্বপূর্ণ একটা বিষয়ে আপনারা আজকে সিসিটিভি ফুটেজ পেলেন..না জানি আবার কি নাটক সৃষ্টি করা হবে.,passive violence,1
৭১ এর হাতিয়ার গর্জে উঠেছে ৭৫ এর হাতিয়ারের উপর। মাইরটা আরো ভাল হতে পারত।,direct violence,2
"ধর্ম যার যার উৎসব ও তার তার । কাদের সাহেব,গলা বাজি না করে সুষ্ঠ তদন্ত করান। তারপর দোষী দের সঠিক বিচার এর ব্যবস্থা করান।",non-violence,0
বাংলাদেশের সব সাংবাদিকদের আত্নার মাগফেরাত কামনা করি 😡😡😡😡😡তারা এখন টাকা খেয়ে মিথ্যা সংবাদ প্রচার করছেন ছি ছি ছি😡😡,passive violence,1
এরা সব দুনিয়ার মহে গাফেল হয়ে গেছে.. আল্লাহ তুমি এইসব ব্রতভ্রষ্ট অমানুষ গুলোকে হেদায়েত দান করো .. না হয় গজব দিয়ে দংশ করে দাও।,passive violence,1
জন্মদিনের শপথ হোক একটা প্রকৃত গনতন্ত্রীক বাংলাদেশ হবে সবার ভোটের অধিকার সবাই ফিরে পাবে।না হলে একদিন আসবে অবৈধ সরকারের আর ছাত্রলীগের প্রয়োজন ফূড়িয়ে যাবে প্রশাসন অবৈধ ক্ষমতার প্রধান ভূমিকা পালন করবে।,non-violence,0
"সাবাস বোন সাবাস, মুসলিম একমাত্র আল্লাহ ছাড়া আর কারো কাছে মাথা নত করে না,যার বাস্তব প্রমাণ তুমি দিয়েছো,, আল্লাহর গজব পড়বে এইসব জালেমদের উপর,",non-violence,0
সালামুআলাইকুম সবাই কেমন আছেন আশা করি ভাল আছেন দেখেন ভাইয়েরা দেশ আজকে কোথায় চলে গেছে এই ভোটাভুটি নিয়ে বাংলাদেশ টা দিনদিন অত পথে যাচ্ছে মেয়েদেরকে রাস্তাঘাটে অপমানিত হতে হচ্ছে চায়না নাকি ভাইরাস ঢুকেছে ভাইরাস কি এদের কে চোখে দেখেনা কি বলবো ভাই নিজের দেশকে নিয়ে আর গর্ব করতে পারতেছিনা,non-violence,0
বর্তমানে দেশের জনগণের পক্ষে কথা বলা।আর পাগলের বিনোদন দেখা একই রকম।কারন এই জাতি বাঁশ পেতে পছন্দ করে। এই জাতিকে যে যত বেশি বাঁশ দিতে পারবে সে ততো বড় বুদ্ধিমান।,passive violence,1
সংবিধানে নারী অধিকার কত টা দিয়েছে সেটা জানেন???,non-violence,0
দালাল মিডিয়া কাল থেকে কোথায় ছিলে?,passive violence,1
"এটা এতো ঘোলাটে হওয়ার পেছনে আমি মনে করি নির্বোধ পুলিশ (প্রশাসন) দায়ী ঘটনার এতো সময় পার হয়ে যাওয়ার পর ও প্রশাসন কোনও ব্যবস্থা ই নিতে পারে নি. যে কারণে এত হানাহানি. সকাল গড়িয়ে দুপুর বিকেল সন্ধ্যা, অথচ তাঁরা কোনো সিদ্ধান্ত নিতে পারেনি. তদন্ত করে সুষ্ঠু বিচার করবে এটা কোন তাদের তাৎক্ষণিক সমাধান হতে পারে না.যেহেতু এটি একটি নির্দিষ্ট জায়গায় নির্দিষ্ট সময়ে হয়েছে, তাই প্রশাসন এর তাৎক্ষণিক ভালো একটা সিদ্ধান্ত নেয়া উচিৎ ছিল...সবকিছুর পিছনে আমি মনে করি নির্বোধ পুলিশ প্রশাসন দায়ী...",passive violence,1
মিডিয়া তোমরা তো সরকার কে ভয় পাও কিন্তু আমরা পাই না,non-violence,0
ব্যবসায়িরা অনেক বাজে লোক।,passive violence,1
বাংলাদেশের কোন বড় নিউজ প্রতিষ্ঠানগুলো কোন নিউজ চ্যানেল এই সম্পর্কিত কোন নিউজ করল না যে যে মন্দিরে মূর্তির পায়ের নিচে কোরআন শরীফ রাখা হয়েছে কিন্তু এর পরবর্তীতে যখন বিষয়টা ভাইরাল হয়ে গেল তখন যখন মুসলিমরাও হামলা চালালো মন্দিরে তখন ঠিকই আবার এইসব হলুদ সাংবাদিকরা আবার উঠে পড়ে লাগলো যে মুসলিমরা আক্রমণ করছে।,passive violence,1
আল্লাহ গজব পড়ুক তোদের উপর,direct violence,2
খুবই ভাল লাগছে নিউজ টা শুনে♥,non-violence,0
আমরা বাঙ্গালীরা ঝগড়া খুব ভাল পারি!😂😂😂,non-violence,0
দালাল সাংবাদিকদের এটা প্রাপ্য।।,passive violence,1
এই দেশে বিচার হবে না,non-violence,0
"এখানে জঙ্গিদের বিরুদ্ধে কথা বলছে, জঙ্গিবাদ সাপোর্ট করলে আপনিও জঙ্গি",non-violence,0
আপনারা গিয়ে মারামারি করেন।আপনারা সরকার কে সুঝগ দিলেন কই নিজেরাই বিচার করতেছেন।দেশের মানুষ কে দেখলে মনে হয় তাদের মত ধর্ম পালন করা মানুষ আর নাই।পাঁচ ওয়ক্ত নামাজ কালাম পড়িনা আবার আমরা ধর্ম নিয়ে বাড়াবাড়ি করি।,non-violence,0
"ভোট চোর, ভোট ডাকাতির হাতে দেশ ও দেশের জনগন নিরাপদ নয় 👈👈👈",non-violence,0
"ঠিক আছে,এইটাই মুসলমানদের ঈমানের পরিচয়। ভারতকে বয়কট করা উচিত সকল মুসলিম দেশগুলোর।",direct violence,2
এই কুলাঙ্গারের বাচ্চা গুলোকে আল্লাহ হেদায়েত দান করুন। আর তাদের জন্য হেদায়েত না থাকলে আল্লাহ তাদেরকে ধ্বংস করে দিন।,direct violence,2
পৃথিবীটা আল্লাহ সৃষ্টি করেছেন।তাই আল্লাহর হুকুমেই সব কিছু হবে কারর বাপের কথায় চলবে না।,non-violence,0
"এটা গুজব না,,, জানোয়াররা গুজব বইলা চালাইতে চেষ্টা করছে ,,, ওসি সাহেব নিজে কোরআন শরীফ মন্ডপ থেকে পাইছে,, আল্লাহ তোদের হেদায়েত দান করুক,,",passive violence,1
"সব জায়গায় রাজনীতি কে টানবেন না আল্লাহ আপনি এদেরকে হেদায়েত দেন না হয়তো এদেরকে ধ্বংস করে দেন,,",direct violence,2
এই সরকারের কাছে আর কি আশা করা যায়,non-violence,0
"সুবাহানআল্লাহ , যখন ভয় পাই আল্লাহ্ কে শরণ করো, হেপাজতে রাখার মালিক আল্লাহ্, আল্লাহু আকবার,",non-violence,0
লেখক একটা মিথ্যা বাদি,passive violence,1
এদের গজব আসবে খুব শীঘ্রই ইনশাআল্লাহ,non-violence,0
আললাহ রক্ষা করুন সমবাইকে,non-violence,0
বাংলাদেশের দালাল মিডিয়াগুলোর নিউজ দেখলে তাদের মুখে থুথু মারতে ইচ্ছা করে।,passive violence,1
পুলিশ লীগের নির্যাতনের সাধারণ জনগণ খুবই অসহায়,passive violence,1
ধন্যবাদ বাঘিনী আপু,non-violence,0
"আমার মনে হয়, কলেজের ছাত্রলীগের ছেলেরা ব্যবসায়ীদের নিকট চাঁদাবাজি করতে যাওয়ায় এই পরিস্থিতি সৃষ্টি হয়েছে।",passive violence,1
"পুলিশ ছাত্রদের উপর হামলা করায়,এটা কিসের বহিঃপ্রকাশ সাধারণ জনগণ খুব ভালভাবেই জানে।",passive violence,1
কি করে ধন্যবাদ দিবো বলতে পারছিনা আপু আমি খুব খুশি,non-violence,0
একটা সাধারণ মারামারি পুলিশ নিয়ন্ত্রন করতে পারছেনা এটা কেমন ব্যাপার।অন্য সময়ে বিশাল বিশাল মিছিল সেকেন্ডে নিয়ন্ত্রণ করে ফেলে আর এখানে নিরব বিষয়টি ঘোলাটে।,non-violence,0
এই অবিচারের বিচার একদিন হবেই হবে ইনশাআল্লাহ।,non-violence,0
ঠিক ভাই বাংলাদেশ হলো নুনু কাটা কাটুয়া দেশ,passive violence,1
উদ্ধার করলেন আমাদেরকে সংবাদ প্রকাশ করে । যেই দিন সংবাদ প্রকাশ করার স্বাধীনতা পাবেন সেই দিনই প্রকাশ করবেন। এখন তো আমাদের স্বাধীন বাংলাদেশ এর সংবাদ মিডিয়াগুলোও সংবাদ প্রকাশ করার রাইট হারিয়েছে।,non-violence,0
"কথিত অভিযোগ নয়, কথিত সাংঘাতিক দাদা",passive violence,1
আল্লাহ আকবর😍👆আল্লাহ পাক তুমি ইন্ডিয়ার মুসলিম ভাই বোন দের রক্ষা করো।আমিন😢👆,non-violence,0
কারফিউ দিয়ে সব বন্ধ করে দিলেই তো হয়,direct violence,2
চিটারি বাদ দেও দালাল মিডিয়া এত দিন ফুটেজ কই গেছিলো?,passive violence,1
অভিজীতকে হত্যা করে জাহান্নমে পাঠিয়েছে আমার ভাইয়েরা । আমাদের নবিকে অপমান করলে আমরা এটাই করবো الله أكبر ✊,direct violence,2
খারপ মানুষের জন‍্য সাধার মানুষের ও দেশের ক্ষতি। আল্লাহ্ অন‍্যায় কারীকে অবশ্যই দেখেন। তাদের বিচার তিনিই করিবেন।,non-violence,0
আওয়ামীলীগ রা চোর,passive violence,1
মুমিন মৃত্যুকে কখনো ভয় পায়না,non-violence,0
ভারতের এই মালায়নরা আসলেই জানোয়ার!😑আল্লাহু নিশ্চয়ই এর বিচার করবেন!,passive violence,1
"এভাবেই চলছে, চলবে,জনগনের ভোটের অধিকার টাও হরন করে নিলো এই মেয়াদোত্তীর্ণ সরকার",non-violence,0
তারা এই অবস্থান থেকে সরে যাবে কেন??? নাগরিকের অধিকার আদায়ে তারা আন্দোলন করছে পুলিশ আন্দোলনে বাধা দিচ্ছে কেন???,non-violence,0
দোকান জ্বালিয়ে দেওয়া হক। পুলিশকে গাড়িতে আগুন দিয়ে পুলিশ সহ পোড়ানো হক।,direct violence,2
ময়মনসিংহ জেলার ফুলবাড়িয়া উপজেলা নির্বাচনে কত মানুষ মারা যাবে আল্লাহই জানে আমাদের ১ নং নাওগাও ইউনিয়ন খুব বেশি ঝুঁকিপূর্ণ,non-violence,0
বউ যার যার উপভোগ সবার!মেডাম আমাদের ধর্ম এটা শিক্ষা দেয়না।এজন্যই ইসলাম সবার উপরে।,non-violence,0
লাল মিডিয়া সাংবাদিক তুমি একটা দালাল এর বাচ্চা দালাল পুলিশ মারছে সেটা বলতে পারছনা বিক্ষোভকারীরা মারলে সেটা বলো তোমরা যে অবৈধ সরকারের দালালি করছো সেটা সাধারণ জনগণ ভালো করেই জানে!,passive violence,1
বি এন পি নিবাচন এ জায় না কেন এই বার মনে হয় জানি বুঝতে পারছে।বি এন পি নাই তাই নিজেরা নিজেরা কি অবস্থা করতাছে দেখেন।যদি বি এন পি থাকতো তাইলে এরা সবাই মিল্লা বি এন পি কে পিটাইতো। এই বার জনগণ দেখোক সন্ত্রাস আসলে কারা।কারা ভোট চোর,passive violence,1
কিছুদিনের ভিতরেই জানা যাবে এই ব্যাক্তি হয় বিনপি কিংবা জামাতের কোন লোক। এই হচ্ছে আমার সোনার বাংলা আহা কি বিচার?,non-violence,0
পৃথিবীতে যদি কোন অশিক্ষিত ছোটলোক নোংরা গরিব কুসংস্কার জাতি থাকে তাহলে আমরা বাঙালিরা প্রথম...,non-violence,0
সব পবিত্র কোরান হাদিস গীতা বাইবেল পুন্দাই না,passive violence,1
বাংলাদেশের কিছু পুলিশ নামের জানোয়ারের বাচ্চা আছে তারা মুসলিম না তারা হিন্দুর প্রোডাকশনের তারা ভারতের এজেন্ট তারা ডান্ডির প্রটেকশনের তাদেরকে মনে হয় কোন হিন্দু জন্ম দিয়েছে এইজন্য আলেমদেরকে ধরে ধরে মারে তারা পুলিশ নামের কত বড় নিকৃষ্ট জানোয়ার হইলে যারা আল্লাহর কোরআন কে ভালোবাসে তাদেরকে ধরে ধরে মারতে পারে জানোয়ারের বাচ্চারা,passive violence,1
"সূরা ২. আল-বাকারাআয়াত নং ২৫৬অনুবাদঃ দীন গ্রহণের ব্যাপারে কোন জবরদস্তি নেই। নিশ্চয় হিদায়াত স্পষ্ট হয়েছে ভ্রষ্টতা থেকে। অতএব, যে ব্যক্তি তাগূতকে(মিথ্যা মাবুদ) অস্বীকার করে এবং আল্লাহর প্রতি ঈমান আনে, অবশ্যই সে মজবুত রশি আঁকড়ে ধরে, যা ছিন্ন হবার নয়। আর আল্লাহ সর্বশ্রোতা, সর্বজ্ঞ।",non-violence,0
ছাত্রলিগ মানেই কুত্তার বাচ্চা এগুলিরে কুত্তা জন্ম দিছে,passive violence,1
নিউ মার্কেটের দোকানদার রা প্রত্যেকে বজ্জাত এদের উচিৎ শিক্ষা হওয়া উচিৎ,direct violence,2
এদের বিরুদ্ধে কঠোর আইনগত ব্যবস্থা নেওয়া উচিত বাংলাদেশের ছাত্র রাজনীতি বন্ধ করে দেওয়া দরকার,direct violence,2
"এখানে কোন পর্দা হলো না,,গেইটের বাইরে ও ভিতরে ক্যামেরা ম্যান, সাংবাদিক,পুলিশ ও অন্য পুরুষরা আছে!নাগরিক অধিকার ক্ষুন্ন হচ্ছে!",non-violence,0
অধিকার আদায়ে এগিয়ে যাক আমার বোনেরা। আল্লাহ সহায় হবেন।,non-violence,0
এটা যদি ছাত্রলীগ হতো সোজা মাফ হয়ে যেতো বিশ্বজিৎ হত্যার বিচার কি হয়েছে জাতি জানতে চায়?,non-violence,0
বন্ধ করা হউক খারাপ ছাত্রদের কলেজ ঢাকা কলেজ😡আর কোনো কলেজের সাথে তো এত ঝগড়া লাগে না🤬,direct violence,2
"আরএসএস শয়তানদের সুনীল চৌধুরীদের মতো দেশদ্রোহী আতংবাদি উগ্রপন্থী বেশ্বে ডাকাত ঘুষখোর মিডিয়াদের জন্য দেশটার আজ এই দুর্দশা,এরা মহাকালের ফলের মতো,শুধু পোশাক পরিবর্তন হয়েছে মনের ভিতরে নোংরা লোড করা,এরা সৃষ্টিজগতের মালিক আল্লাহ পাকের দুশমন ও মানবজাতির দুশমন।",passive violence,1
যে সব ছেলেদের হাতে রাম দা দেখা যাচ্চে তাদের রাজনৈতিক পরিচয় যাই হো এদের সন্ত্রাসী চিহ্নিত করে বিচার করা হোক।,non-violence,0
যদিও আমি ব্যবসায়ীর পক্ষে বা বিপক্ষে না কিন্তু যে মারা গেসে সে ঢাকা কলেজের সামনে মারা গেসে। ছাদের থেকে ইট মারা হচ্ছিলো।,non-violence,0
"আওয়ামিলীগ এবং হিন্দুরা ভাই ভাই, এদের কে পরিহার করুন যদি মুসলমান হয়ে থাকেন,",direct violence,2
আজ যারা হামলার শিকার হয়েছে তাদের প্রতি ফোটা রক্তের বিচার এই বাংলার মাটিতে হবে,non-violence,0
"এটা ভারতবর্ষ বলে তার এই প্রতিবাদ এর প্রচার হলো,যদি এটা বাংলাদেশ বা পাকিস্তানে হতো, যদি অপর পক্ষের আল্লাহ হু আকবর এর বিপরীতে কোনো হিন্দু একা থেকে জয় শ্রী রাম স্লোগান দিতো, তাহলে ততক্ষণে সেই হিন্দুকে মেরে ফেলা হতো। আজ এই মেয়ে যেটা করলো, সেটা ইসলামের ক্ষমতা নয়, আমাদের সহিষ্ণুতা, যে আমরা তাকে এখনো মেরে ফেলিনি বা তার ধর্ষণ করিনি।।। এটাই তফাৎ আমাদের আর ওদের নীতির মধ্যে।বাংলাদেশ এখন পুজার দিন ক্ষণ জানার জন্য পঞ্জিকা দেখতে হয় না, ভাংচুর শুরু হলেই বুঝতে পারি পুজা আসছে",passive violence,1
নিরপেক্ষ নিউজ না করায় আন সাক্রাইব করে দিলাম আপনারা ও দেন,non-violence,0
এখানে জা সব আওয়ামিলীগের দালাল আপু ভোট দিতে না জাইতেন,passive violence,1
উনাদের সমাবেশে পুলিশের ধাওয়া-পাল্টাধাওয়া দেখা যায়নি কি বলবেন সাংবাদিক ভাই।?,non-violence,0
এই সাংবাদিক এটা কি গুজব ?,non-violence,0
যারা এসব কর্মকান্ড করছে তাদের উপর গজব খুব শীঘ্রই আসবে ইনশাল্লাহ।,direct violence,2
"এই আন্দোলনে প্রাণ গেল নাহিদের, ক্ষতি হলো স্টুডেন্ট এবং ব্যবসায়ীদের । লাভ হল কার? আর কতদিন এভাবে না বুঝে আমরা চিলের পিছে কানের জন্য দৌড়াবো?",non-violence,0
মালায়নের বাচচাকে জুতা মারা দরকার,direct violence,2
"পুরো খবর জুড়ে মারামারির খবর বলে, শেষে বলে শান্তিপূর্ণ ভোট হয়েছে, তাই জনগণ খুশি,, এমন বিনোদন শুধু বাঙালি মিডিয়াতে পাওয়া যায়",non-violence,0
মিথ্যা নাটক।,passive violence,1
"ওরা সবাই বীর মুজাহিদ।ওরা মৃত্যুকে ভয় পায় না, ওদের কামনা একটাই শহীদি মৃত্যু তাই ওরা হাসছে।❤️❤️",non-violence,0
"এই ইস্যু নিয়ে বাংলাদেশের গণমাধ্যম যেভাবে হাইলাইট করে সংবাদ প্রচার করছে তাতে বাংলাদেশের সাধারণ হিন্দু ধর্মপ্রাণ মানুষের উপর দুর্গাপূজায় মন্ডপে হামলা করছিলো বাংলাদেশের গণমাধ্যম নিরবভূমিকা দেখেছি।।লজ্জা হয়,হলুদ সাংবাদিকতা।।যারা ধর্মপ্রাণ তাড়া কোন ধর্ম বা গোষ্ঠীর কোন ক্ষতি চাইনা সেটাই।।পৃথিবী হোক মানুষের বাসযোগ্য ফিরে আসুক শান্তি।।পরিশেষজগৎ জুড়িয়া আছে এক জাতি সেই জাতির নাম মানুষ জাতি।।আমরা মানুষ পশু নয় তাই পাশবিক আচরণ কোন সভ্য জাতি,গোষ্ঠী বরদাস্ত করেনা।।",non-violence,0
ভালো মানুষ হওবিনয় হওআমার রামচন্দ্র কে ভালোবাসোরাম চন্দ্রের জীবনী অনুসরণ করো।শ্রীকৃষ্ণের মতো প্রেম দান করোমহাপ্রভুর ভক্তি এবং প্রেম দান করোআমার নারায়ণের মতো বক্তাদের রক্ষা করোজয় গীতা জয় গীতা জয় গীতা জয় গীতা জয় গীতা জয় গীতা জয় জয় জয় জয় জয় জয় গীতা জয় গীতা জয় জয় জয় জয় গীতা জয় গীতা জয়,non-violence,0
পুলিশের উপর হামলা করলে সব ঠিক হবে।,direct violence,2
দেশে কিছুর বিচার হোক না হোক এগুলা হবেই,non-violence,0
"শরিরের ঠান্ডা রক্ত অনেক দিন পর গরম হল,",non-violence,0
আওমীলিগ আওয়ামীগ যুদ্ধ চুর সবাই,passive violence,1
ধন্যবাদ বিস্তারিত জানানোর জন্যে...,non-violence,0
অতি সিগরিই তোদের উপর গজব নেমে আসবেই,direct violence,2
যত সব সমস্যা সব মুসলমানদের😂 মুসলিমরা সমস্যা সৃষ্টি করে আবার পরে বলবে আমাদেরকে কেউ দেখতে পারে না 🤮,passive violence,1
অখানে মেয়েদের স্বাধীনতার অভাবে হিজাব বোরখা পড়তে পারছেনা । আর এখানে স্বাধীনতা থাকার পরেও তারা বেপর্দাই থেকে যায় এখন হলেও কোনো লজ্জাবোধ হচ্ছেনা এখানকার মেয়েদের।,direct violence,2
ওদের ধ্বংস সময়ের ব্যবহার মাত্র। আল্লাহ নিশ্চয়ই জবাব দিবে,non-violence,0
হে আল্লাহ্ জালিমদের তুমি হেদায়েত দান কর।। এ সব অবমাননা কর ঘটনা আর সজ‍্য হয় না।আমিন,non-violence,0
ছাত্র ভাই দের ধন্যবাদ প্রতিবাদ করার জন্য আমি নিজেও প্রমাণ নিউ মার্কেট ও গুলিস্তানে ১০০ টাকার টি শার্ট চাওয়া হয় ১০০০ টাকা ৩০০ টাকা দাম করলেই গালা গালি করে আর পাশের দোকান ওলারা বলে ভাই ২০০ টাকা কম দেন নিয়ে জান আর না নিলে বের হয়তে দেয় না,non-violence,0
"হ্যা 🤣 এত যোগ্যতা যে ভয়তে লুঙ্গি আটকাতে আটকাতে মুজিবর ভারতে পালিয়ে মাননীয়া ইন্দিরা গান্ধীর কাছে ভিক্ষা চাই , আমাদের রক্ষা করুন হে দিদি, না হলে আমাদের জঙ্গি কাঁটাবাড়া জাত ভাই আমাদের আম্মা আপ্পু বৌকে চুদে প্যাড বাদিয়ে চলে গেলো , বাঁচান আমাদের বাঁচান .... তথ্য সূত্র : আল্লাহ নিপাত যাক ....",passive violence,1
কোন সমাধান না করে প্রতিষ্ঠান বন্ধ করে দেয়া ছাত্রদের প্রতি অবিচার করা হয়েছে।,non-violence,0
"এইরকম শিক্ষা প্রতিষ্ঠান চাই না,,",non-violence,0
কঠিন হিন্দুত্ববাধী মাফিয়া ও মুসলিম কিলার মোদির বিরুদ্ধে আমাদের সকল মুসলমানদের জিহাদের প্রস্তুতি নিতে হবে।,direct violence,2
চোর কোনদিন চুরি করে শিকার করে যে সে চোর,non-violence,0
"বউ যার যার, ভোগ করার অধিকার সবার। হা হা হা",passive violence,1
হারে ভাই এইটা খুজে বের করার আগে আমার আমাদের মুসলিম জীবন থেকে ও দামি হিরা থেকেও দামি নিজের জীবন থেকেও দামি কোরআন ওই খানে কে রেখে ছিলো আগে এটা বের কর 😡😡,non-violence,0
সব দোষ পুলিশের হইয়া গেছে এখন তাই না ভাই,non-violence,0
"একজন এর আল্লাহু আকবর ধ্বনিতে তাই এই অবস্থা স্কুল, কলেজ বন্ধ ঘোষণা করতে হচ্ছে। ১৪৪ ধারা জারি করতে হচ্ছে । কিন্তু পুরো বিশ্বের মুসলিম জাতি যদি একবার করে আল্লাহু আকবর ধ্বনি দিয়ে রাস্তায় নামে তখন কি হবে। তখন কতো ধারা জারি করবে??",non-violence,0
ফুটপাতে কোন দোকান থাকবে না এটার জন্য এখনই উপযুক্ত সময় আন্দোলন করার। প্রতিদিন অনেক পথচারী কে এই ফুটপাতের দোকানদারের হাতে নাজেহাল হতে হয়।,non-violence,0
"এমন ছাত্রদের কি শাস্তি হওয়া উচিত, একজন মানুষ মারা গেছে যে নিরাপরাধ। স্রষ্টা এদের ভয়ংকর শাস্তি দেক।",non-violence,0
এর বিচার চাই।,non-violence,0
ওরা জঙ্গি না ওরা বাংলাদেশর গর্ব,passive violence,1
হে আল্লাহ্‌ মামুনুল হক সাহেব হুজুর কে তুমি সমস্ত বিপদ থেকে রক্ষা করো আমিন..।।। ❤️❤️❤️,non-violence,0
ভারতের মুসলিমরা অনেক নির্যাতন সহ্য করে।,non-violence,0
হে আল্লাহ তোমার কাছে বিচার চাই,non-violence,0
নাহিদ হত্যার জন্যে পুলিশ দায়ী। পুলিশের বিচার কে করবে,passive violence,1
সব কইটা চামচা,passive violence,1
শালা ভট্টা তোরা খুন কোরলে চিনহিতো করা য়সাধ্য হয়ে জাই তাইনা,passive violence,1
গো-মূত্র পানকারী এসব উগ্র হিন্দুরা কী বুঝবে পবিত্র হিজাবের মূল্য।,passive violence,1
"যারা বলেন ধর্ম জার জার উৎসব সবার, তাহলে আজ থেকে এটাও বলুন, বউ জার জার ভোগ করবে সবাই,তাহলে সমাজের সব মানুষর জন্য ভাল হবে,",passive violence,1
দায় কেন নেবে না। সারা দেশের হিন্দুরা যদি দায় নিতে পারে তবে তার পরিবার কেন নেবে না। তার ঘর বাড়ি পুড়িয়ে দেওয়া হোক।,direct violence,2
এতো দল থাকলে এমনি হয় বিদেশে তো এতো পদের দল নাই তাদের দেশে তো এতো মারামারি মিছিল কিছুই হয় না কতো সানতির দেশ বাংলাদেশে দলের ওভাব নাই,non-violence,0
"এটা মত সাদিনতা,,, এটাই যদি তোমাদের মত সাদিনতা,,,, তাহলে মনে রাখ,,,, আল্লাহর কসম তোমাদের হত্যা করাও আমাদের দিনের অংশ",direct violence,2
ভারতের মোদি প্রশাসনের উপর আল্লাহর গজব নেমে আসুক,direct violence,2
"দালালি আর কতো করবি, সাধারণ প্রতিবাদ করলেই সেটা তান্ডব হয়ে ওঠে।",passive violence,1
এহন করোনা নাই দেশে জুতা মারি তোদের উপর আল্লাহর গজব নাজিল করুক,passive violence,1
আওয়ামী লীগ চোর,passive violence,1
বোনটিকে ধন্যবাদ,non-violence,0
এ ধর্ম মন্ত্রী হিন্দুদের দালাল চুপ কর। তোর টুপি পরার যোগ্যতা নাই। টুপি খোল শালা।,direct violence,2
আর বাংলাদেশের মুসলিম মেয়েরা ইনডিয়ান উগ্রবাদীদের বিয়ে করে ইসলাম ত্যাক করতে চায়।যেমন শাকিলা জাফর মিথিলা জয়া হাসান।সাবিনা ইয়াসমিন আরো অনেকেই।কিন্তু এই বোনটি একটা মুশরিক দেশে থেকে ও নিজের ধর্ম কে অসম্মান করে না।,passive violence,1
আমি একজন মুসলিম হয়ে এই ঘটনার তীব্র নিন্দা জানাই। ইসলাম কখনোই এগুলো সমর্থন করে না।,non-violence,0
বাংলাদেশে ধর্মীয় ইস্যুতে কোন হিন্দুর বিচার কী সম্ভব??,non-violence,0
"গটনা জাই হুক, এর উছিলায় দুকানদারদের বিরুদে আইনি বেবস্তা নেওয়া হুক। এরা জাতে আর কুনদিন সাদারন ক্রেতাদের সাথে খারাপ বেবহার না করতে পারে।।।।",non-violence,0
সিক্ষার্থি যারা দেশের আইন কে জেনে পড়েও সম্মান করতে পারেনা দেশের বিচার ব্যবস্থা উপেক্ষা করে হিংশ্র আন্দোলন করে।সাধারন জনগন দেশের আইন কি বাল মানবে!,passive violence,1
মাননীয় স্বরাষ্টমন্ত্রী সত্যি কখা বলার জন্য আপনাকে ধন্যবাদ জানাই।,non-violence,0
জয় বাংলা স্লোগান এর দেশ স্বাধীন হয়েছিল আর এখন জয় বাংলা&#39; স্লোগানে সন্ত্রাসী কার্যক্রম চলে।,non-violence,0
আশা করি সরকার এটি দেখবে,non-violence,0
ছাত্রলীগ নামের অমানুষদের বিচার চাই।,passive violence,1
আওয়ামী জারজ বাইঞ্চুদের বাচ্চাদের কে কুকুরের মত মেরে ফেলো বিএনপির ভায়েরা,direct violence,2
"পর্দা যদি এতো কঠোর ভাবে পছন্দ হয়,তাহলে ইসলাম তো পছন্দ করে নারীরা বাড়িরও কুঠুরিরও ভিতরে নামাজ পরুক।সেখানে ইসলামের পছন্দের তোয়াক্কা না করে, বাহিরে কেন যায় এরকম মেয়েরা? কেন স্কুলে, কলেজে যায়? বাবা,ভাই এর কাছ থেকেই তো ইসলামি জ্ঞান অর্জন করতে পারে। একদিকে ইসলামের অপছন্দের কাজ করছে আরেক দিকে ইসলামের দোহাই দিচ্ছে, এই টু ফেইসড ব্যাপার টা অদ্ভুত।",direct violence,2
শিক্ষা ক্ষেত্রে হিজাব নিষিদ্ধ করা হোক।হিজাবের তলে সকল আকাম হয়।,direct violence,2
"এসব মার্কেটের ব্যবসায়ীরা তো সব টোকাই, আর টোকাই মানেই জারোজ, আর এই জারোজ গুলো যেকোন জিনিসের দাম দশ টাকার জিনিস এক হাজার টাকা চায়। এই খানকির পোলাদের মেরে মাটিতে পুঁতে ফেলতে হবে ‌",direct violence,2
"আজ যদি উনারা ধর্ষন করতো তাহলে উনারা বাচতে পারতেন,,, 🥺🥺🥺🥺🥺",passive violence,1
এই ছাত্ররা ভবিষ্যতের গর্ব।,non-violence,0
তিব্র তিব্র নিন্দা যানাই।আপনি দুধো ধোয়া তুলসি পাতা।মানুষ তো এতোই নির্বোধ কোন টা সত্য কোন টা মিথ্যা বুঝতে পারে না।কি সব মানুষ সংসদে বসতে পারে।কেন সম্প্রদায়িক সহিংস্রতা হবে না বাংলাদেশে এ রকম সাংসদ থাকলে।,non-violence,0
ওদের উদ্দেশ্য শুধু বোরকা পরে না আসতে দেয়া। গেরুয়া কিংবা পাগরি পরা না। ইসলামকে কিভাবে হ্যায় করা যায় সিই চিন্তা। আর কিছুই নয়।,passive violence,1
পরিবেশ টা সুন্দর এছাড়া কিছু বলার নেই।,non-violence,0
এটা গুজব ছিল মনে হয়।,non-violence,0
দারুন ব‍্যাপার। কী সুন্দর আইনশৃংখলার পরিস্হিতি। সাধারণভাবে শান্তিপূর্ণ নির্বাচন হচ্ছে।,non-violence,0
এটা তদন্ত করলে দেখা যাবে কোনো মুসলিম ব্যক্তি এই কাজ করেছে।কারণ বাংলাদেশ এর সংখ্যা লঘু হিন্দুরা জানে যে তারা একটি মুসলিম প্রধান দেশ এ বাস করে তাই তারা নিজেদের অনুষ্ঠান কে নষ্ট করার জন্য এই কাজ কোনোদিন ও তারা করবে না।,passive violence,1
হিজাব পরতে না দিলে এসব প্রতিষ্ঠান জ্বালিয়ে দেয়া হোক,direct violence,2
হায় বিবিসি তোরা কেনো দালাল?মন্ডপে কোরআন পাওয়া গেছে???কোথায় কিভাবে পাওয়া গেল সেটা তোর বাপ উল্লেখ করবে????😡😡😡😡,passive violence,1
ক্ষুব্ধ শিক্ষার্থীদের হল বন্ধ করার দিদ্ধান্তটি আরোবেশি খারাপ করবে!,non-violence,0
তবে সঠিক ব্যপারটা আপনি এঅটু বলবেন‌ ভাই?,non-violence,0
আরে মিডিয়া সেখানে পুলিশ আইন আদালত নাই ছি ছি ছি ছি আর চোরের বাচ্চা চোর হাসিনা থাকলে আরো কত কিছু দেখা পাবো,passive violence,1
খুবই বাজে হচ্ছে ব্যাপারটা,non-violence,0
আল্লাহ তাদের উপর গজব না্যিল করুক৷ এইসব পড়াশোনা না করাই ভালো যেখানে আখিরাতে শাস্তি ভোগ করতে হবে,direct violence,2
নিউমার্কেট দোকান মালিক দের ই সমস্যা বেশি ।এরা একটু হলেই সাধারণ মানুষের সাথে খুবই বাজে আচরণ করে থাকে ।যা মোটেই গ্রহণযোগ্য নয়।,non-violence,0
উত্তর কুরিয়া ; ইরাক ;সিরিয়ার পথে চলে যাবে দেশ গনতন্ত্র ধংশের কুফল হিসেবে । গনতন্ত্রের দরকার আছে পরোক্ষভাবে সভার নিরাপত্তার জন্য,non-violence,0
ব্যবসায়ীদের হোগা মেরে দাও,direct violence,2
বিশ্বজিৎ হত্যার বিচার নাই,non-violence,0
জেই ধর্মে সাধুরা উলঙ্গ হয়ে ঘোরে সেই ধর্মের মানুষেরা হিজাবের মর্মতা কি করে বুঝবে একটা উলঙ্গ ও নিক্রিস্টো ধর্ম হচ্ছে হিন্দু ধর্ম রামের শিক্ষা আর কতো ভালো হবে ছি ছি,passive violence,1
"হালার পোলা রা,গ্রাম হইতে পড়া লেখা করে ও বেবসা করে দিন পর দিন ধরে লাগাতার, আবার আমাদের বাংলাদেশের পুরান ঢাকার অধিবাসী দের শান্তি ও ঢাকা দক্ষিণ সিটি কে ধংশ করে দিয়ে জায়, কুত্তা ও ছাগলের জাত রা,ভাইগা জা, তগো গ্রামে, আর,আমাদের পুরান ঢাকার অধিবাসী আমরা সবাই শান্তিতে বসবাস করতে চাই।",direct violence,2
কিছু হলেই সমাধান একটা।শিক্ষা প্রতিষ্ঠান বন্ধ।,non-violence,0
ধন্যবাদ যমুনা গ্রুপের চেয়ারম্যান কে,non-violence,0
তারা পুলিশের গুলিতে মারা গেছে,non-violence,0
তুমি সনাতন তোমার উলঙ্গ হয়ে ঘুরার স্বাধীনতা আছে. আমি মুসলিম আমার হিজাব পরার অধিকার আছে।,passive violence,1
"নাঊযুবিল্লাহ মিনযালিক, আল্লাহ আমাদের জিহাদ করার হিম্মত দান করুন এবং তৌফিক দান করুন, আমিন",non-violence,0
এখন যমুনা টিভিই একমাত্র টিভি যা কিছু সংবাদ প্রচার করে। ধন্যবাদ যমুনা টিভি।,non-violence,0
"ভারত থেকে শিক্ষা নিয়ে,, বাংলাদেশের গড়ফাদারদের রিহার্সাল চলতেছে।",non-violence,0
"১৯৭১ সালের মীরজাফর কন্যা,খুনি হাসিনা কে এই মুহুর্তে গ্রেপ্তার করা হউক।",passive violence,1
এরা পড়তে গিয়েছে নাকি সন্রাসী করতে গিয়েছে এদের বিচার হওয়া উচিত,non-violence,0
সন্ত্রালীগের হাতে আরকত মানুষকে খুন হতে হবে।,passive violence,1
ভারতকে বয়কট করা হোক।,direct violence,2
"নিউ মার্কেটের ব্যাবসায়ী রা বেয়াদব তাদের উচিত শিক্ষা দওয়া দরকার পুলিশ ও টাকা খাইয়া ব্যাবসায়ীদের পক্ষ নিছে, পুলিশ রা কেন ছাএদের উপর টিয়ার শেল মারলো ছাএ রা কি একা দোষী ব্যাবসায়ীরা কি দুধে দোয়া তুলসি পাতা পুলিশ রা ও ব্যাবসায়ীদের সাথে জড়িত",passive violence,1
ধন্যবাদ আইডিয়াল কলেজ,non-violence,0
ছাত্র রাজনীতি চিরতরে বন্ধ করে দেয়া হোক,direct violence,2
"~ফজরের নামাজ - সৌন্দর্য বৃদ্ধি করে,,,,!!!! ❤️~জোহরের নামাজ - রিজিক বৃদ্ধি করে,,,,!!!! ❤️~আসরের নামাজ - সুস্থতা দান করে,,,,!!!! ❤️~মাগরিবের নামাজ - চিন্তামুক্ত করে,,,,!!!! ❤️~এশার নামাজ - শান্তির ঘুম আনে,,,,!!!! ❤️~আল্লাহ আমাদের সবাইকে পাঁচ ওয়াক্ত নামাজ পড়ার ~তৌফিক দান করুন,,,,!!!!❤️ ❤️~~~(আমিন)~~~❤",non-violence,0
ওর কাধে হল লাঠি। আর ওই লোকটা হল পাগল।,non-violence,0
মালুর বাচ্চারা স্কুল কলেজে গন্ডগোল করিস না সাবধান হয়ে চল আল্লাহর গজব পড়বে তোদের উপর,passive violence,1
"স্বাধীন মত প্রকাশ তাই বলে ইসলাম, আল্লাহ ও রসূলকে নিয়ে উল্টো পাল্টা কথা???!!!",non-violence,0
কোন ভাল মানুষ রেলে আগুন দিতে পারে,non-violence,0
"বাংলাদেশের সরকার এগুলা দেখে না, না কি দেখেও না দেখার ভান করে। সময় হলে নিজের বিচার একদিন নিজেই পাবে",non-violence,0
ভারতের দালাল সালা,passive violence,1
কোথায় সহমত ভাই,non-violence,0
"মুমিনের দলের খুব আশা ছিল ধরা পড়বে হরিদাস পাল, কিন্তু ধরা পড়লো ইকবাল-- এটাইতো হওয়ার কথা। কোন হিন্দু কি নিজের উৎসব নষ্ট করার জন্য এই কাজ করে নিজের পায়ে কুড়াল মারবে? এসব মুমিন মুতলমানের কাজ ছাড়া কিভাবে সম্ভব। সারা দুনিয়া জুড়ে এই নরপিশাচ মুমিনের দল এভাবেই দেশে দেশ আগুন লাগিয়ে নাকি শান্তির ধর্ম কায়েম করছে।",passive violence,1
কোরানশরিফ কে রাখলো তাদের বিচার কে করবে বুঝলাম না??,passive violence,1
ধর্ম অবমাননা মানে?,non-violence,0
আল্লাহ ছাড় দেয় ছেড়ে দেন না। মনে রেখো ভারত এর জালেমরা আল্লাহর গজব খুব জ্বলদি আসবে। চিনকে দিলো দেখো নাই কি তোমরা,passive violence,1
আল্লাহর গজব মিডিয়ার উপরেও আসবে অপেক্ষায় থাকো,direct violence,2
"শিক্ষা জাতির মেরুদন্ড, শুধু কথায় আছে, কাজে তাহা উলটো। শিক্ষাথীদের নানাভাবে আপমান করা হয় এটি মেনে নেওয়া যায়না। তাই সকল শিক্ষাথী এক হয়ে, এই দুশাসনের পতি রোধ করা উচিত।",non-violence,0
"ওবায়দুল কাদের মনে হয় হিন্দু তার ধর্ম মনে হয় হিন্দু, তাই কেউ কোরআন অবমাননা করলেও তার কোন কষ্ট নেই।",passive violence,1
এর পাল্টা জবাব চাই ভাই,non-violence,0
ভারতে ধর্মীয় স্বাধীনতা নাই। তাই ভারতের মুসলমানদের ভারত ছেড়ে বাংলাদেশ ও পাকিস্তান চলে যাওয়া উচিত,direct violence,2
ভারতের বিরুদ্ধে কথা বল্লে যারা পতিবাদ করে নিশ্বসন্দহে তারা ভারতের মালাউনদের কনডম ফেটে জন্ম নেওয়া জারজ গুলা,passive violence,1
ওলে লে লে লে সুন্দর এর ভিতরে এই অবস্থা কেন,non-violence,0
মুসলমানের পবিত্র কোরআন শরীফ হিন্দুগো উৎসবের মধ্যে রাইখা আসলো আমি লীগের নেতাকর্মীরা কেনো সামনে নির্বাচন আসছে তারা যেন হিন্দু গভট পায়,passive violence,1
এক বছরের জন্য নিউমার্কেট বন্ধ করে দেওয়া হউক।,direct violence,2
"মহান আল্লাহ তায়ালা, এদের বিচার করবেন, ইন-শা আল্লাহ",non-violence,0
যমুনা টেলিভিশন সরকারের দালাল,passive violence,1
ইসলামের শত্রুদের সাবধান করছি।জীবন চলে যাবে তাও তদের অন্যায়ের বিরুদ্ধে লড়ব।,non-violence,0
"তর বাপের ঠিক নাই।।। তর মা একজন গুজব কারি কারণ,, তর বাপ হিসেবে ঝাঁকে তর কাছে পিরিছয় করিয়েছে সে তর আসল বাপ না।।। তাহলে এটাও একটা গুজব।।। আর তর বাপের ঠিক থাকলে কুমিল্লার বিশয় কে তুই গুজব বলতে পারতি না।।।।। আপনারা কি বলে ভিউয়ার্স।।।।।",passive violence,1
সুস্থ নির্বাচন হচ্ছে ( আওয়ামিলিগ ),non-violence,0
আমরা ধামরাই কলেজ ও ঢাকা কলেজ ছাত্রদের সাথে আছি।যেখানেই কোন ছাত্র-ছাত্রী নির্যাতনের শিকার হবে সেখানেই আমরা রুখে দাড়াব।,non-violence,0
এতো মানুষ বি এন পির কিন্তু মিথ্যা প্রচারে হেরে যায় বলেন বি এন পি,passive violence,1
ওরাই তো খুন করছে এই দাবি করলে তো ওদের ফাঁসি হবে,passive violence,1
"ধন্যবাদ ঢাকা কলেজ স্টুডেন্টদের, অন্যায় এর প্রতিবাদ করার জন্য ।",non-violence,0
ধ্বংস হোক তারা যারা মুমিনদের অন্তরে কষ্ট দিয়েছে।,direct violence,2
আলেম ওলামা রাস্তায় নামলে এক ঘন্টায় মেরে জেলে নেয়া হয়। একদিন হলো এইসকল ছাত্ররা অন্যায় ভাবে রাস্তায় মাস্তানি করে এদেরকে পুলিশ লাটি চায করে জেলে নিতে পারেনাই কেন এইটা সাধারন মানুষের প্রস্ন?,passive violence,1
"কতটা নিরক্ষর হলে, শুধুমাত্র বোরকা পরার জন্য একজন মানুষকে কলেজে ঢুকতে না দোয়া, পড়তে না দেওয়া, উত্যক্ত করা???আমরা চলি অনেক হিন্দুদের সাথে ভাই ব্রাদারের মত।তাহলে কি আমাদের উচিত হবে তাদের সাথে এমন ব্যবহার করা?????",non-violence,0
এই হিন্দু যানোয়ারদের বিচার হবে একদিন,passive violence,1
মনে হচ্ছে এই মহিলার মধ্যে মুক্তিযুদ্ধের চেতনা নেই,non-violence,0
বালের প্যচাল...... দাদাদের হুমকি দেও যে আওয়ামী লীগ ছাড়া বাচাইতে পারবে না। গিনিপিগ বানাইছে বাংলাদেশের মানুষকে। ওপারের দাদা আর এপারের কালা কোটের বিজ্ঞানরা।,passive violence,1
শাবাস আমার প্রাণ প্রিয় ছাত্র ভাইয়েরা। আপনাদের হাতেই আমাদের আগামী দিনের ভবিষ্যৎ।,non-violence,0
"এমন শিক্ষা প্রতিষ্ঠান থেকে কিভাবে শিক্ষা গ্রহণ করা যায়,,,,,যেখানে হিজাব পড়া নিষেধ,,,সেখানে যাওয়ার কোনো প্রয়োজন নাই,,,",non-violence,0
যেইসব ছাত্র সমাজের সুন্দর বুঝেনা বদ্রতা বুঝেনা মাস্তানি করে এদেরকে কলেজ বিশ্যাবিদ্যালয়ে পরিয়ে লাভনেই এদেরকে দিয়ে মুচির কাজ করালেই এরা ভালোহবে গারজিয়েনদেরকেও ব্যাবস্থা নিতেহবে।,passive violence,1
পুলিশ বিজিবি কুত্তার বাচ্চাদের মেরে ফেলা উচিত।,direct violence,2
এক আল্লাহ ছাড়া কাউকে ভয় পায়না,non-violence,0
"অন্যর ধর্মীয় অনুভূতিতে আঘাত দেয়া,,এ কেমন স্বাধীনতা?এদের বিচার সরকার সুষ্ঠুভাবে করে না কেন?",non-violence,0
যে শিক্ষা ধর্মকে ছোট করে সে শিক্ষা গ্রহণ না করলে কোন সমস্যা নেই। আর যারা অন্যের ধর্ম নিয়ে বাড়াবাড়ি করে তারা নিজের ধর্মে কতটা বিশ্বাস করে !!!,non-violence,0
সকল শিক্ষার্থী ভাই-বোনদেরকে বলব আর ঘরে বসে না থেকে এবার আমাদের উচিত সবাই একত্রিত হয়ে এসব বাজে দুর্নীতিবাজদের বিরুদ্ধে কথা বলা।ওদের বিরুদ্ধে কঠোর শাস্তি দেওয়া উচিত আমাদের আর এসব সহ্য করা উচিত নয় অনেক সহ্য করা হয়েছে।,non-violence,0
যে ছেলে মারা গেল তার কি হবে,non-violence,0
"আমার আল্লাহ্ বলেছেন রাসল (সঃ)-কে নিয়ে যারা কটুক্তি করেছে, করবে তারা জারজ। সুতরাং অভিজিৎ ও পিতৃ পরিচয় হীন জারজ সন্তান। যতদিন মুক্তমনা হিসেবে অামার আল্লাহ্ আর অামার রাসুলকে নিয়ে কটুক্তি বন্ধ করা না হবে, এমন ঘটনা ঘটবেই।",passive violence,1
বেজন্মা তোর কাছ থিকা ভালো কিছু আশা করা যায়না।,passive violence,1
"হাস্যকর এক দেশে পরিণত হচ্ছি আমরা কেনা কাটার মতো সামান্য বিষয়ে প্রায় যুদ্ধ লাগাইয়া দিছে রাস্তায়।আমাদের দেশে ফকির থেকে শুরু করে প্রধানমন্ত্রী প্রত্যেকেরই প্রচুর ক্ষমতা।একজন মুচির কথা শুনুন বা চাকরিজীবীর কথা শুনুন মনে হয় সেই দুনিয়ার সব বোঝে ,সেই দুনিয়ার সবচেয়ে ক্ষমতশালী ব্যাক্তি।",non-violence,0
কাদের তুমি ভাল হয়ে যাও,non-violence,0
এই হারামজাদা পুলিশ ও সাংবাদিক আওয়ামী লীগের দালাল।,passive violence,1
"অসাধু ব্যবসায়ীরা সিন্ডিকেট করে পন্যের দাম বাড়িয়ে সাধারন মানুষদের কষ্ট দেয়, সারা দেশের অসাদু ব্যবসায়ীদের বিরুদ্ধে গণআন্দোলন করে তাদের উচিৎ শিক্ষা দেওয়া উচিৎ।",non-violence,0
বুঝলাম না এত দিন ভাবছি হিন্দুরা এমন কাজ করছে এখন দেখি মুসলিম রাই এমন যগন্ন কাজ করছে হায় রে ইসলাম ধর্ম শান্তির ধর্ম আর একে এই ভাবে অপমান আল্লাহ্ তুমি এর বিচার করো,non-violence,0
"জঙ্গলের লোকদের কোন নির্দিষ্ট পোশাক আছে, তারা হিজাবের সৌন্দর্য কেমনে বুঝবে।",direct violence,2
"আলহামদুলিল্লাহ,, সত্যের বিজয় সুনিশ্চিত!! অনেক ধন্যবাদ ছাত্র ভাইরা❤️❤️🥰🥰",non-violence,0
এরা সোনার লীগের ছেলে।আমার দলের সুযোগ্য ছেলে পুলে।এদের কোন দোষ নাই।। শিক্ষা প্রতিষ্ঠানে কেন রাজনীতি করতে হবে?? সরকারের ডাল এরা।,non-violence,0
থু যমুনা টিভি থু রাসূল সাল্লাল্লাহু আলাইহি ওয়াসাল্লামের প্রেমিকদেরকে ওরা বলছে জঙ্গি সাথে তোরাও বলছিস রাসুলপ্রেমিক দেরকে জঙ্গি বলে প্রকাশ করছিস যখন ওই বেয়াদব রাসূলের প্রতি অসম্মানজনক কথাবার্তা বলেছিল যখন ওই বেয়াদপ রা রাসূল সাল্লাল্লাহু আলাই সাল্লাম এর শানে কটুক্তি করেছিল তখন তোরা কোথায় ছিলিস প্রচার করতে পারেনি বাংলাদেশের বিচার বিভাগকে থু থু,passive violence,1
"আমাদের জনগণের খাসলোত খারাপ,,এই বাবে প্রতিবাদী হয়,,দেখবা কমিশন ঠেলার সময় পাবেনা,,",passive violence,1
"এরা কিসের ছাএ,,,এরা কি বিচার পতি নাকি যে সমাদান করতে যাবে,,,আইন থাকতে এরা এমন করবে কেন এরা,,, ঢাকা কলেজে পাওয়া দেখাতে গেছে,,, একজন ছাএ হয়ে মারামারি করতে জাই কি করা,,,এদের তীব্র নিন্দা জানাই",non-violence,0
বালের সব হাগল পাগল,non-violence,0
"ভারতে আছে বিজেপি সরকার এবং বাংলাদেশে আছে কিছু হেফাজত !! 🙂দুজনের চাওয়া পাওয়া সমান সমান!! 🙂বিজেপি চায় হিন্দু ধর্ম প্রতিষ্ঠা করতে আর হেফাজত চায় মুসলিম প্রতিষ্ঠা করতে!! 🔳 আসলে যারা নিজ নিজ ধর্ম ঠিকঠাক পালন করে তাদেরকে কখনোই দেখবেন না অন্য ধর্ম কে আঘাত করতে!! কারন কোনো ধর্মেই বলা নেই মানুষ অন্য মানুষের বা জাতির বা ধর্ম কে আঘাত করো!!! তাই আমার অনুরোধ নিজ নিজ ধর্ম সঠিকভাবে পালন করো, দেখবে পৃথিবীটা সুন্দর, শান্তিতে ভরে উঠবে! 😊",non-violence,0
আন্দোলন আর সংঘর্ষ এর মানে জানেনা এ-ও আবার পাতিনেতা,passive violence,1
আজকে এ সাংবাদিক ভাই কে কাউয়া কাদের সাহেবের পক্ষ থেকে জানাই আন্তরিক অভিনন্দন।,passive violence,1
"খুবই দুঃখ জনক,,যে ভাবে মুসলিম বোনেরা হিজাব খুলে বোরকা খুলে ঢুকতে হচ্ছে,, ভয় লাগে কখন জানি এমন পরিস্থিতি বাংলাদেশের হয়",non-violence,0
আল্লাহ্ এদের বিচার করবেন। আল্লাহ্ ছাড় দেন কিন্তুু ছেড়ে দেন না।,non-violence,0
মজিব কে কে জন্ম দিয়েছে?????,non-violence,0
বোন তুমি ভারতবর্ষের মুসলমানদের অধিকার প্রতিষ্ঠিত করতে আরো সামনে এগিয়ে যাও।,non-violence,0
"প্রত্যেক ব্যবসায়ীদের এক এক করে ঢাকা কলেজে নিয়ে বেঁধে রাখা দরকার,,,,,ব্যবসায়ীরা দিন দিন জানোয়ার পরিনত হয়,,,,,,",direct violence,2
বগুড়ায় সুষ্ঠু- সুন্দর নির্বাচন হইছে।🇧🇩🇧🇩,non-violence,0
তোদের কুফরী সংবিধানকে তুতু মারি তাগুতের দালাল কোথাকার,passive violence,1
"ধন্যবাদ শিক্ষাতি বন্ধুরা , ব্যাবসায়ীরা খুব বেড়ে গেছে",passive violence,1
"এই দেশে এর থেকে ভালো কিছু আশা করাটাই তো বোকার স্বর্গে বাস করা। কারণ মানুষ যখন মানুষ না থাকে তখন এমন হবার কথা। দেশে না আছে গণতন্ত্র না আছে জনগণ। সব গুলা গাধা। আর গাধার পিঠে ঝুলা। চলছে, চলতে থাকবে।",non-violence,0
ব্রামনবারিয়ার সব পাগল,passive violence,1
ধর্ম মন্ত্রী গালে 👞👞👞 মারো তালে তালে কাক ত সুদু কা কা করে একটি কথা মনে রাখিস। তদের মতন কত মুনাফিক আসল আর গেল । কিছু হলেয় রাজনীতির ভিতরে ঢুকিয়ে দেয়।আরে ভাই পুরো বাংলাদেশ হিন্দুদের ওসপ পালন করছে। মুসলিম কেও বাধা দিচ্ছে না। কিন্তু আমাদের কুরআন কে অপমান করেছে। কিছু হিন্দু লোক ।আরে তাদের সাপোর্ট করছে আমাদের দেশের ধর্ম মন্ত্রী কাক আমিতো অবাক। এই মুনাফিক দের কথা সোনে। আল্লাহ আমাদের সবাইকে হেদায়েত দান করুন আমীন। আল্লাহ নাফরমান নেতাদের হয়তো হেদায়েত দাও না হয় ধংস করে দেও।,direct violence,2
বিবিসির দিচারিতা দেখে অভাক হচ্ছিনা।পূজামণ্ডপে মূর্তির পায়ে কুরআন রাখার ভিডিও বা ছবি প্রকাশ করলনা।অথচ কিছু মূর্তি কার ভেংগে তার প্রমান ছাড়াই মুসলিমদের দোষ দিচ্ছে,passive violence,1
ওরা নাস্তিকের দলরা চায় মেয়েরা উলঙ্গ হয়ে রাস্তায় চলা ফেরা করুক এটা তার প্রথম ধাপ নাস্কিকের দেশ থেকে এর চাইতে ভাল কিছু আশা করা যায় না,passive violence,1
আল্লাহ তুমি এদের উপর গজব নাজিল করো।,passive violence,1
"এতো গজবের পরও শিক্ষা হচ্ছে না মানুষের,,,,,",non-violence,0
আজ মন থেকে অভিশাপ করছি আল্লাহ তুমি এরকম সাংবাদিক এবং নাফরমান নেতাদের হয় হেদায়েত দাও নয়ত ধ্বংস করে দাও,direct violence,2
এরা সবাই হিন্দু ধর্মের দালাল,passive violence,1
এক পুলিশ আরেক পুলিশকে কি সুন্দর ভাবে চর মারছে 🤣🤣🤣 লজ্জা থাকা উচিৎ,non-violence,0
আওয়া মেলিগ চোর খুনি মিথ্যা বাদি তার সব করতে পারে তাদের মা জানে তাদের কোথাই থেকে পেটে দারন করেচে সে জানে বালো,passive violence,1
হায়রে সময় টিভি।।সত্য কে গুজব আর গুজব কে সত্য বলে।।এরা কি আসলেই মুসলিম ঘরের সন্তান।।সন্দেহ আছে।।,passive violence,1
"তারা হিজাব পরার জন্য আন্দোলন করছে, আর আমাদের দেশের মা,বোনরা হিজাব খোলার জন্য আন্য আন্দোলন করছে।",passive violence,1
যে মত প্রকাশ করতে গিয়ে আমার কলিজার টুকরো রাসুল কে অবমাননা হয় সেই কণ্ঠ চেপে ধরা আমার ঈমানী দায়িত্ব,direct violence,2
ধিক্কার জানাই ওইসব গুণ্ডা ভারতীয় সন্ত্রাসীদের এবং সন্ত্রাসী শাসক মোদীকে ।,passive violence,1
মত প্রকাশের স্বাধীনতা মানে ধর্মকে গালি দেয়া..? সমগ্র দুনিয়ার বিচারক অবশ্যই বিচার দিবসে এর ন্যায়বিচার করবেন।,non-violence,0
অবিলম্বে অস্ত্রধারী সন্ত্রাসীদের কে গ্রেপ্তারকরা হোক,non-violence,0
আওয়ামীলীগের বিরুদ্ধে সত্য বলা বা গঠনমূলক আলোচনা লিখলে মুক্ত চিন্তা হবে না। ইসলাম ধর্মের বিরুদ্ধে লিখলেই কি মুক্তচিন্তা?? আজব আওয়ামীগ সরকার!!,non-violence,0
আসল বিচার হাসরে,non-violence,0
আশা রাখি ছাত্র ভাই ও বোনেরা ভালো কোন সিধান্তে আসবে।কারন জাতি তোমাদের ভুল কিছু আশা করেনা.আনিন.।,non-violence,0
আমরা ভালোই আছি । তোমরা একটু বিকৃতি ঘটানো বন্ধ করো ।,non-violence,0
প্রাশাসনের ভাইদের বলছি দয়া করে এই লোক কে ধরেন তাহলে জাতি আপনারদের ধন্যবাদ জানাবে। কারণ তাকে ধরলে আসল রহস্য পাওয়া যাবে।,non-violence,0
সাবেক সন্ত্রাসী রা (ছাত্রদল) এখনকার সন্ত্রাসীদের (ছাত্রলীগ) হাতে মার খাচ্ছে। ওরা ওরা পোন্দাপুন্দি করুক এখানে জনগনের কিছু আসে যায় না।,passive violence,1
ভাই ওরা ডাকাতের থেকেও ভয়াবহ,passive violence,1
সবসময় ছাএলীগ/ছাএদল এদের উপর হামলা হয় কেন। যুবলীগ/যুবদল কি করে। বাসায় বসে রাজনীতি করে। ছাএদের ধংসের পিছনে আপনাদের মত রাজনীতি বিদরাই দায়ী।।।😡😡😡😡😡,passive violence,1
সময় টিভি সব সময়। সময় মত খবর দেই আজ অসময় হবার কারণ হচ্ছে। ঘটনার দায় গুলো মুসলিম এর উপর দিবে।কি বলবো বুঝতে পারছি না। এরা কি মানুষ নাকি অন্য কিছু। আল্লাহ সব দেখছে,passive violence,1
এইসব নেতাদের ওপর গজব নাযিল হইবো না। তর চৌদ্দগুষ্টির উপরে গজব নাযিল হইব,direct violence,2
খাটি নিরোপেক্ষ বিচার,non-violence,0
আল্লাহ তুমি সকল মুসলিম ভাই বোনদের হেফাযত করো।আমিন,non-violence,0
সারা বিশ্বের মুসলমান ভাইদের বোজা উচিৎ আমরা কাপুরুষের পরিচয় দিলাম আপনাদের শিক্ষা নেওয়া উচিৎ যে প্রতিবাদ আমরা করবো সেই প্রতিবাদ মেয়েরা করছে।,non-violence,0
"এই বিচারের মারে বাপ,,,,",passive violence,1
পুলিশ কে গিরে হামলা করা উচিত।,direct violence,2
ছাত্রলীগ আর পুলিশ বাহিনি একসাথে ছাত্রদলের উপর হামলা চালাইলো!! এজন্যই কি অ্যামেরিকা বাংলাদেশ পুলিশের উপর সেকশন জারি করছে!??🤔,non-violence,0
"বিচার করে দেখা , বিচার না করলে তো মুসলিমের মাথা নষ্ট হবেই🤬",non-violence,0
বাহ বাহ কি সুন্দর ঘটনা। মন্দিরের ভিতরে আগের যেই হনুমানের ছবিটি। যে ব্যক্তি তুলেছেন সেকি শুধুই হনুমানের ছবিটি তুলেছেন। এতবড় প্রতিমার ছবি না তুলে। আর সবচেয়ে গুরুত্বপূর্ণ কথা হল যে তাদের ওখানে কোন গার্ড নেই।সিসিটিভি ও নেই। তালা মারাও নেই। বাহ কি সুন্দর,passive violence,1
ব্যাটা টাইপ মেয়ে। হাটার স্টাইলেই বুঝা যায় বোরকার নিছে একটা শয়তান। কোনো ভদ্র মেয়ে এই কাজ জীবনেও করতে পারবে না। আরেক মালালা।,passive violence,1
"আমি ঢাকা কলেজের একজন সাধারণ শিক্ষার্থী হিসেবে আমার দাবি হলো ,এই ঘটনার সঠিক তদন্ত করে অপরাধীদের আইনের আওতায় আনা হোক । তাদের জন্য ঢাকা কলেজের দুর্নাম হচ্ছে এগুলো মেনে নেয়া যায় না । তাদের চিহ্নিত করে কলেজ থেকে স্থায়ী বহিষ্কার করা হোক ।",non-violence,0
হেতে নিজেও খুন করছে তা সময় হলে টের পাবে,passive violence,1
"তাহলে তোদের যে ২ কোটি হিন্দু বাংলাদেশে আছে ওদের নিয়ে যা আর নিয়ে গেলেও ওদের বল বাংলাদেশে প্রতি বছর স্কুল, কলেজ আর ইউনিভার্সিটিতে ওরা যে সরস্বতী পুজা করে সেটা যাতে না করে কারন তরে মতে তো শিক্ষা প্রতিষ্ঠানে ধর্মীয় পোশাক নিষিদ্ধ সেখানে ওরাতো পুরা ধর্ম পালন করছে",direct violence,2
কিছু বেয়াদব হকার আছে এদের কে উত্তম মাধ্যম না দিলে শিক্ষা হবেনা এদের বেয়াদবী বন্দ করতে ছাত্রদের দরকার,direct violence,2
বেয়াদব ছাত্র দের কে গণধোলাই দিয়ে শিক্ষা দেওয়া হোক,direct violence,2
হে আল্লাহ তুমি পৃথিবীর সকল মুসলিম ভাই বোনদের হেফাজতে রেখ,non-violence,0
"এটা দরবেশের চ্যানেল, এখান থেকে ভালো কিছু আশা করা যায় না, দরবেশ হচ্ছে ঢাকা ১ আসনের সাংসদ ,",passive violence,1
লিল্লাহি তাকবীর - আল্লাহু আকবার মুমিনদের ঈমান জাগ্রত করার জন্য এ ধ্বনি টাই যথেষ্ট ইনশাআল্লাহ,non-violence,0
"উভয় পক্ষই উগ্র, উচ্ছৃঙ্খল, বেপরোয়া। তাই পুলিশের উচিৎ নিরপেক্ষ অবস্থানে থেকে পরিস্থিতি দ্রুত শান্ত করা।",non-violence,0
নিউমার্কেট সারা জীবনের জন্য বন্ধ করে দেওয়া হোক যাতে করে ঈদের মুখে মানুষ আর প্রতারিত না হয় ওদের কাছে,direct violence,2
ছাত্রলীগ মানেই সন্ত্রাসী আমার চোকের সামনে ছাত্রলীগ হামলা করছে,passive violence,1
নেংটির বাচ্চা অর্ধ উলংগ হয়ে ভগবান দের সামনে অশ্লীল নোংরা বেহায়াপনা মদ গাজা ভাং গানবাজনা নাচানাচি আমোদ ফুর্তি মজা পরকীয়া যৌন বিনোদন করিস লজ্জা নাই তেদের,passive violence,1
এডিসি হারুনের বিচার চাই।✊,non-violence,0
ভালো বর্তমানে খেলাধুলা জমে উঠেছেফাইনালে মুখোমুখি সংঘর্ষে দেখার অপেক্ষায় আছি ধন্যবাদ 💜🇧🇩🖤,non-violence,0
এই সমস্থ সাংবাদিকের ভবিষ্যতে কঠোর বিচার করবে আল্লাহ শালার সাংবাদিকরা খালি মিত্থা কথা বলে,passive violence,1
কি যে বলেন ভাই তাদেরকে আইনের আওতায় আনবে কেন আইনের আওতায় তো আনবে আলেমদের কোন রকম একটু দোষ ত্রুটি পেলে একদম টাটকা প্রমান সহ।,passive violence,1
"নিরাপদ সড়ক আন্দোলনের বিরুদ্ধে ছিল ছাত্রলীগ, কেম্পাসে আন্দোলন কারী ছাত্রদের টর্চার করতো ছাত্রলীগ নেতারা",passive violence,1
ঔ দুই ভাই কই?,non-violence,0
ঢাকা কলেজের হল বন্ধ করলে....নিউমার্কেট ও বন্ধ করতে হবে...,direct violence,2
মুসলমানদের কে সাহসী হতে হবে। আল্লাহর নাম নিয়ে অন্যায়ের প্রতিবাদ করতে হবে। জালিমদের বিরুদ্দে রুখে দাড়াতে হবে। ইনশাআল্লাহ আল্লাহু আকবার আল্লাহু আকবার।,non-violence,0
একে দরে কিহবে তাকে করচ ফায়ার করে মারা হোক গেপতার,direct violence,2
আল্লাহ তাদের আন্দোলন কে কবুল করুন।।,non-violence,0
যদি ছেলেটি করে থাকে এবং মুসলিম হয়ে থাকে তাহলে নামে মুসলিম কিন্ত সত্যিকারের মুসলিম হতে পারে না। ওর জন্য মুসলিম হিন্দুদের মধ্যে বিরোধ সৃষ্টি হয়েছে। আমি চাই কোরআনের আইন অনুযায়ী শাস্তি দেওয়া হোক।,non-violence,0
স্বাধীন মতপ্রকাশ করবে ঠিক আছে কিন্ত আমার আল্লাহ আর তার রাসূলকে নিয়ে উল্টো পাল্টা লেখা কখনো মতপ্রকাশের স্বাধীনতা হতে পারে না।তাই এই ভাইগুলো যা করছে ঠিক করছে আমাদের ব্যর্থতা আমরা কিছু করতে পারিনি,passive violence,1
ইয়াবা খাইয়া কি খবর পোচার করস নাকি তোগো মতো সাংবাদিক এর ওপর আল্লাহ র গজব পরবে।,passive violence,1
এরা দালাল,passive violence,1
"ঝাড়রা যে নি‌যেরাই এটা কর‌ছে, এটা এবার স্পষ্ট ওরা ধর্মকে কেমন ভালো বা‌সে। এগু‌লো পাক চুদাতা তাই এর সব গু‌লো‌কে গু‌লি ক‌রে মারা হোক।",direct violence,2
"কেয়ামত আসার আগে মুসলমানরা অনেক বিপদ,ও অনেক লাঞ্চিত হবে অনেক নির্যাতন হবে । তা এখন প্রায়সই দেখা যাছেছ 🥺 কিন্তু চিন্তার কোন করন নেই অচিরেই ইমাম মাহদি এসে আমাদের সবাইকে এই দুনিয়ার জালিমদের হাত থেকে মুক্ত করবে। ইন্সাআল্লাহ ✊✊✊",non-violence,0
আমি ভূমিকম্প দেখেছি কিন্তু এই বোনের কন্ঠে&#39;আল্লাহু আকবার&#39; ধ্বনিতে পৃথিবীতে যে কম্পন সৃষ্টি হয়েছে তা আগে দেখিনি ! আল্লাহ কবুল করুক #আল্লাহুআকবার ❤,non-violence,0
রাজ পথের আন্দোলনের মাধ্যমে দেশনেত্রী বেগম খালেদা জিয়ার মুক্তি সম্ভব,non-violence,0
এইসকল ব্যাবসায়িদের বিচারের আওতায় আনা হোক।।।,non-violence,0
বিজেপি মানেই ধর্মীয় উস্কানি এবং দাঙ্গা।,passive violence,1
আহা কি সুন্দর কথা। হিন্দু মেয়েরা বলছে মুসলিম রা হিজাব পরলে। ওরা গেরুয়া পরবে। তো পরনা। তোদের বাধা দিছে কে। তোদের ধর্মে তো মুসলিম রা হাগু করতেও যায় না। বাধা তো অনেক দুর। তোরাই তো মুসলিমদের পেছনে পাদের গন্ধ শুকতে যাস,passive violence,1
দলমত নির্বিশেষে সকল জনগণ এই হরতাল কে সমর্থন করা উচিত এবং অংশ গ্রহণ করা উচিত।,non-violence,0
"বিচার ঠিকে হবে,,তবে সঠিক বিচার মহান আল্লাহ্ করবে",non-violence,0
নিউমার্কেটে সংঘর্ষে আহত নাহিদ মারা গেলেন😥😥,non-violence,0
ভালের স্বাধীন মত প্রকাশ😡,non-violence,0
"আমিও একমত। কেননা, কোন জীবন নাশের মতো কুচক্রের মাধ্যমে প্রাণহানি ঘটানোও নিজ হাতে হত্যার সমান।",non-violence,0
একটি ছাত্রলীগ তুমি জাগ্রত কুলাঙ্গার সারা বিশ্বের বিস্ময় তুমি হাসিনার অহংকার,passive violence,1
ভারতের হিন্দুরা মুসলিমদের বিনাঅপরাধে অত্যাচার করে তার কোনো বিচারের কথাতো দুরে থাক মামলা হয়েছে সেটাউতো শুনিনা আমরা। আর ওদের গিতাইতো পুজার কথা অধমের অধমের অধম বলা হয়েছে,passive violence,1
ছাএ রাজনীতি বন্ধ করা হোক,direct violence,2
ঠিক হইছে। এমনটাই হওয়া উচিত। একই দেশে বসবাসরত সকল ধর্মের লোকের সমান অধিকার থাকা দরকার। আন্দোলন চালিয়ে যাও বোন রা।,non-violence,0
আদমি লিগ এখন পাগল হয়েগেছে,passive violence,1
পৃথিবীর অন্য কোন দেশের মানুষ যদি অমানুষ দেখতে চায় তাহলে বাংলাদেশ আসলেই দেখতে পারবে.. চুতিয়ার বাচ্চা শিক্ষার্থীরা দুইদিন আন্দোলন করে ঘোলাটে করে পরে গর্তের ভিতর লুকিয়ে পড়ে,passive violence,1
ইসলাম নিয়ে কটুক্তি করলে কোন বিচার হয় না। আর কেউ বিচার করতে গেলে হয় ফাঁসি। মনে হয় ‌কোন অমুসলিম দেশে বসবাস করছি।,non-violence,0
"আহ,,,,কি গনতন্ত্র। আমার গান গাইতে মন চাইতাছে😅😅",non-violence,0
"সম্প্রতি দেখাতে গিয়ে যেন নিজেকে যেন মুনাফেক দলে নাম তুলেন না। সম্প্রতি হলো সেটাই যেটা করতে কোনো জাতি(মুসলিম, হিন্দু, খ্রিস্টান ও অন্যান্য ধর্ম) কোনো ধর্মীয় উৎসব করতে কোনোরকম বাধা না দেওয়া।হোক সে সংখ্যালঘু কিংবা সংখ্যাগরিষ্ঠ।মনে রাখবেন দুনিয়ের কোনো মানুষ চিরকালের জন্য থাকবে না ।সময় সব জবাব দিবে সুতরাং একটু চিন্তা ভাবনা করে সকলে পদক্ষেপ গ্রহণ করবো।",non-violence,0
বিচার করো আল্লাহ,non-violence,0
"আল্লাহুআকবার বল্লে সাহস বেরে জায় এই ভিডিওর ভিতরে বলেছে মুসকান=১০০./. সত্ব্যি কথা আল্লাহ আকবার জোর গলায় মুসকানের মত বল্লে ১০০০ লোকের সাহস ও শক্তি তাহার ভিতরে চলে আসে=গত কালকের মুসকানের ভিডিও ভাল করে গেটে দেখেছি যে ২-৩০০ পুরুসলোকের সামনে আল্লাহআকবার বলে বিরের মত হেটে গেছে একটি বারও পিছনে তাকায়নি যে আমার উপরে কেউ আক্রমন করছে কিনা,একই বলে ইসলাম অন্তরে,বিশ্বের সকল ভাষায় গতকালকের পৃথিবীর সকল দেশের হেড লাইনে ছিল এই আল্লাহুআকবার ধব্বনিটির মুসকানের ভিডিওটি=ওর জিবনের নিরাপত্ত্যা আল্লাহ দিবে আমিন",non-violence,0
"শালারপুরা সব চোর।মাইয়া তো ঠিক ই কইছে।আর পুলিশগো এইনাম দিসে কে,ওগো নাম তো পুতুল।চুদির ভাই।এহন কোনো বিচার নাই?",passive violence,1
জি ভাই,non-violence,0
"তোরা কি মুসলিম আমার সন্দহ হই, বিচার একদিন হবে সবার",non-violence,0
"ঈমানদার আর অমুসলমানের পার্থক্য হলো ঈমানওয়ালা কখনই সংখ্যা ক্ষমতা দেখে লড়াই করে না,মুসলমান তার ঈমানি পাওয়ারে অন্যায়ের বিরুদ্ধে লড়াই করে।",non-violence,0
"মুরতাদ বলে কি...?? ধর্ম যার যার উৎসব সবার😡। তাহলে আমি বলবো।,,বউ যার যার অধিকার সবার✊।বিয়ে যার যার বাসর রাত সবার ✊। পুকুর যার যার মাছ সবার✊।দোকান যার যার মাল সবার ✊। গাছ যার যার ফল সবার✊। ধর্ম যার উৎসব ও তার ✊✊✊।",passive violence,1
আপনাদের বিচার তো মণ্ডপ ভাঙাআর কি পারেন?,non-violence,0
বাবা রে একটা মহিলা এত চিল্লাতে পারে। এইসব ঝগড়াটে মহিলার জন্য সমাজ টা ধ্বংস হয়ে গেছে,passive violence,1
যার যে ধর্ম সে ঐ ধর্মই পালন করুক। কিন্তু যখন কুরআনের অবমাননা হয় তখন বলতে পারিস যারা সাম্প্রদায়িক তাদেরকে ছাড় দেওয়া হবে না।,direct violence,2
ঢাকা বিশ্ববিদ্যালয়ের আর পড়ালেখার পরিবেশ নেই এটা হয়ে গেছে রাজনৈতিক আশ্রয় কেন্দ্র।।।,non-violence,0
নোংরা রাজনীতি।,non-violence,0
বাংলাদেশ কতো হত্যা দিনের বেলায় হয়ে যাচ্ছে সেগুলোর কোন খবর নাই,passive violence,1
আল্লাহ আমাদের জিহাদের প্রস্তুতি নেওয়ার তৌফিক দিন আমীন,direct violence,2
হায়রে দালাল মিডিয়া।,passive violence,1
নাস্তিকের বাচ্চারা গুজব,passive violence,1
ঠিক ভাই।,non-violence,0
ধন্যবাদ দিই আপুকে,non-violence,0
শিক্ষা জুতার মেরুদন্ড,non-violence,0
"সংবাদিকের এত ভয় কিসের ছাএলীগের দেখি একদিন তোদের মা বোন, বউকে ধষন করে তখন তোদের মত সবাই চুপ করে থাকবে।",passive violence,1
"আমাদেরকে সান্ত্বনা দেওয়ার জন্য নেতারা হাজির হইসেন আর এট বুঝাচ্ছেন যে, ভাই কিছু হয় নাই, এগুলা সম্প্রীতি নষ্ট করার জন্য করসে,। আরে খানকির পোলারা এই কাজ কেন করসে তা দিয়ে আমাদের কোন দরকার নাই সেটা তোর মায়ের জন্য রাখ, এটা কে করসে সেটা যদি বের করতে না পারিস তাইলে তোরা মুসলমানের ঘরের না।",passive violence,1
দুনিয়ার মাটিতে তোদের বিচার না হলে।তোদের বিচার হবে মরনের হবে তখন তোদের কে বাচঁাবে।,passive violence,1
এই কুত্তার বাচ্চা সাংবাদিক তোর কি মরার ভয় নাই,direct violence,2
তাহলে স্বাধীনভাবে কথা বললে সরকার আলেমদের গ্রেফতার করে কেন,non-violence,0
বিবিসিতে যারা কাজ করে তাদের জন্ম ভারতের পতিতালয়,passive violence,1
"আলহামদুলিল্লাহ আল্লাহ কবুল করুক এই বোনটিকে ইসলামিক জন্য, আমরাও যেনো আল্লাহর গুনগান গেয়ে অমুসলিম দের রিদয়ে ভূমিকম্প তৈরি করতে পারি, ওরা যেনো আল্লাহু আকবর ধ্বনিতে তাদের বুকে কম্পন সৃষ্টি হয় তাই কামনা করি,হে মহান রাব্বুল আলামিন আপনি আমাদের আপনার দীন ইসলাম আপনার প্রবিতর কালাম এবং আপনাকে হাবিবের সম্মান রক্ষা করতে যেনো একচুল পিছপা না হয়,আপনি আমাদের সকল মুসলিম দের তাওফিক দান করুন আমিন, আর এই বোনটাকে ইসলামের জন্য কবুল করুন আমিন",non-violence,0
"দেশটা আওয়ামী লীগ সন্ত্রাসীদের দখলে পড়েগেছে,,",passive violence,1
তার থেকে বড় কাজ করেছে আজিজ তার ভাই হারিছ,non-violence,0
"আমার একটা কথা। দয়া করে লেখাটি সবাই পড়বেন। ইকবাল যদি পাগল হয়ে থাকে এবংকি ও যদি লোকালয়ে থাকে। তাহলে সমাজের জন্য এই ব্যক্তি বিপদজনক। ভবিষ্যতে এই ধরণের ঘটনা আরো ঘটতে পারে আমরা মনে করি।তাই আমরা চাই এই ইকবালকে এবং যারা পাগল বলে প্রমাণিত হয়েছে তাদের কে পাগলাগারদ এ সারাজীবন এর জন্য রাখা উচিৎ । কারণ এ ধরণে কাজ যাতে আর করতে না পারে। আমাদের এই দাবিটা রাখা উচিৎ। আর যারা ঘর,মন্দির ভাংচুর এবংকি এই ঘটনার মুলে যারা আছে তারা তো আর পাগল না। তাদের যোগ্য শাস্তি চাই। প্রধানমন্ত্রী কাছে আকুল আবেদন। হরে কৃষ্ণ।।",non-violence,0
১০ দফা দাবির সাথে আমরা ছাএসমাজ একমত,non-violence,0
এখন সেই দিল দরদি মার্কা নারী বাদী সঃগঠনের আপসহীন নেত্রী জনৈকা তসলিমা নাসরিনকে তো আর খুঁজেই পেলাম না । এখন উনার বিশেষ ধরনের বিবৃতি গুলো কোথায় গেল । এখন জদি ভারতের ঐ ব্যাপার টা হিজাব বোরকার ব্যাপার টা মুসলমানদের না হয়ে উগ্রপন্থী আর এস এস হিন্দু সম্প্রদায়ের মধ্যে হইতো তখন তো আর রক্ষা নাই ধরধর মারমার কাটকাট তখন শুধু একটাই উচ্চারণ করতেন হিন্দু সম্প্রদায়ের লোকজন গুলো আর মানবতার ফুলঝুরি তসলিমা নাসরিনকে মঞ্চের মধ্যে খানেই পাওয়া যেতো,passive violence,1
ধিক্কার এসব বিচারকের উপর 😡😡ভারতীয় সরকার তোরা খুব তাড়াতাড়ি ধ্বংস হয়ে যাবি ইনশাআল্লাহ!,direct violence,2
যার যার ধর্ম পালন করতে দিয়া উচিৎ। কোন ধর্ম এই শিক্ষা দেয় না। ইসলামে ইসলাম ধর্ম শান্তি পূর্ণ ভাবে প্রচার করতে বলা হয়েছে ।,non-violence,0
"এই হলো নাম্বার ওয়ান শয়তান,এই হাসিনাকে আর সময় টিভিকে সবাই বয়কট করুন",direct violence,2
কুত্তার বাচ্চা আল্লাহ্ তদের বিচার করবে,passive violence,1
"আওয়ামী লীগের পাও চাটা দালাল মিডিয়া, তোমরা আওয়ামী লীগের লোকজন দেখাচ্ছো কিন্তু যারা মাঠে নেমে হরতাল করতেছে তাদের তো তোমরা দেখাচ্ছো না",passive violence,1
পঞ্চগড়ের বোদা উপজেলার ৩নং বেংহাড়ি বনগ্রাম ইউনিয়ন নির্বাচনেও নৌকা মার্কার প্রার্থীর হামলা ও হুমকির মুখে- চশমা মার্কার সতন্ত্র প্রার্থী ও তার কর্মী সমর্থকেরা। নির্বাচনি কার্যক্রমে বের হলেই মারামারি শুরু করে দেয় নৌকার প্রার্থী আবুল কালাম আজাদ আবু নিজে ও তার নেশাখোর ছেলে সহ অনুপ্রবেশকারী সন্ত্রাসীরা।। ২৬-১২-২১ ইং ভোট কেন্দ্রগূলোতেও বড় ধরনের সংঘাত করার প্ল্যান করা হইছে।,passive violence,1
সংখ্যালঘুদের উপর অত্যাচারের কোন বিচার কি হয়েছে? এই প্রশ্নটা কোন সাংবাদিকরা করছে না কেন? সাংবাদিকেরাও কি মুসলিম তাই এই প্রশ্নটা এড়িয়ে যাচ্ছেন?,non-violence,0
"এরা এদের ধ্বংস করবে বলেছিলাম মনে আছে ।এইতো সবে শুরু ভবিষ্যতে আরো আরো কি কি ‌হয় দেখ,সময় থাকতে ঠিক হয়ে যাও,সময় ও আর বেশি নাই",passive violence,1
এমন শিক্ষা প্রতিষ্ঠান বর্জন করা উচিত।,direct violence,2
বাংলা দেশে ভোটের অধিকার সবার আছে,non-violence,0
ব্যবসায়ীদের আচরণ খুবই খারাপ। ওদের একটা শিক্ষা দেওয়া উচিত।,direct violence,2
মিথ্যা বলে এই ছেলে,passive violence,1
"সবাই শিক্ষা নাও,, ছাত্রলীগ দাবি করে লাফাও,, যা ইচ্চা হয় করার চেষ্টা করতেছ, দেখ রাখ ভুলভাল কিছু করলে ছাত্রলীগ ও বলবে তুমি তাদের লোক না, কর্মী না।",non-violence,0
তাইলে ছাত্রলীগের সন্ত্রাসীদের এখন দিয়ে দেন ঢাকা কলেজ এর দায়িত্ব,passive violence,1
ভারতে মুসলমান নারীরা হিজাব পড়ার জন্য আন্দোলন করতেছে । আর আমাদের দেশের নারীরা হিজাব খোলার জন্য মুখিয়ে আছে এটাই ঈমানী পার্থক্য,non-violence,0
বাংলাদেশে এমন আজাব নেমে আসবে কেউ কূলকিনারা ফিরে পাবে না কেয়ামতের দিন সবার বিচার হবে তখন সবাই টের পাবে ইসলাম বিরোধিতা করার শাস্তি,non-violence,0
"এই লোক গ্রেপ্তার হবে কি ? প্রকৃত দোষী হলে গ্রেফতারের সম্ভবনা, আমার মনে হয় 0%, কারন ব্যাপারটা সাধারন না, শিকড় অনেক গভীরে । এ খবর প্রকাশ করার আগে ন্থল বন্দর বিমান বন্দর, সীমান্তে রেড এলাড&#39; জারি করার প্রয়োজন ছিল, যদিও আমরা জানিনা রেড এলাড&#39; জারি করেছে কি না ! হয়তোবা করছে, হয়তোবা না ।",non-violence,0
বলদের বলদ এইটা নাকী মত প্রকাশের স্বাধীনতা।,passive violence,1
"বাংলার পুলিশ হলো বেজন্মা! টাকার লোভে, চাকরির লোভে অন্ধ হয়ে গেছে। মরলে বুঝবি রে মাজলুমের চিৎকার আল্লাহ কখনো ফিরায় না বিচার নিশ্চয় হবে ইনশাআল্লাহ।",passive violence,1
সারা বাংলাদেশে ১৪৪ ধারা জারি করে সমস্ত মণ্ডপগুলো বন্ধ করে দেওয়া হোক।,direct violence,2
তারমানে ঢাকা কলেজের যে কজন পরে সবকয়টা চোর,passive violence,1
প্রিয় মৌ।,non-violence,0
"আমার বিশ্বাস কোনো মুস্লিমই করেছে এই কাজ। হিন্দুরা কখনোই করতে যাবে না কারণ, কোরান ওখানে রাখলে বা ছুলে ওদের পুজাই নষ্ট হবে, বা ভেংগে যাবে। আর কোরান মুস্লিমদের বাড়িতে বা মসজিদে পাওয়া যায়, হিন্দুদের ঠেকা পরে নাই যে পুজা বাদ দিয়ে কোরান ওখানে রাখতে যাবে। যে একাজ টা করেছে সে বিশৃঙ্খলা তৈরি এবং হিন্দুদের পুজা নষ্ট করার জন্য করেছে আমি শিওর।",passive violence,1
বিজ্ঞানমনস্ক লেখনীর জন্য হত্যা করা হয়নি হত্যা করা হয়েছে ইসলামের বিরুদ্ধে লেখার জন্য।আর যারা আসামি হিসেবে সাজা পেয়েছেন আল্লাহ জানেন তারা সরকারের বিরধিতা করার ফল ভোগ করছেন।,passive violence,1
"একটি কথা জোর দিয়ে কেন বলতে পারবোনারে ভাই ক্ষমতার জন্য এমন দৃশ্যপট বুঝায়, আদর্শ তাদের নাই । গৌরব গাঁথা অতীত তাদের, সেই কথা বলে কি লাভ বর্তমানই বুঝিয়ে দিচ্ছে কেমন হবে তাদের ভবিষ্যৎ স্বভাব ।",non-violence,0
"আল্লাহ যেনো বিধর্মীদের সঠিক বোঝ দান করেন, নয়তো গজব নাজিল করেন,আমিন",direct violence,2
ব্যবসায়ী হারামজাদা গুলার পক্ষে কোনো মানুষই বলে না। ব্যবসায়ী শালারা পাবলিকদের চরম ভোগান্তিতে ফালায় কাপড়চোপড় কিনতে গেলে। এই ব্যবসায়ী শুয়োর গুলোকে উচিত শিক্ষা দেওয়া দরকার।,direct violence,2
ইনশাআল্লাহ তারা শহীদের মর্যাদা পাবে।।,non-violence,0
হে আল্লাহ্ আমার ভাইদের ফাঁশির দিয়ে হত্যা করা হচ্ছে। তুমি তাঁদের শাহাদত কবুল করো। আমীন,non-violence,0
সকল ছাত্রদের এক হয়া উচিত এবং নিউমার্কেট কে বয়কট করা উচিত।,direct violence,2
"ভালো লাগলো ভাই,",non-violence,0
"এই সব ছাএদের আজীবন বহিষ্কার করা হোক, এবং যারা এদের কে ব্যবহার করেসে তাদের বিচার করা উচিৎ।",non-violence,0
এমন একটা বিশ্ববিদদালয় নাই যে খানে উপাচার্য কে নিয়ে বিতর্ক সৃষ্টি হয় নি চি লজ্জা হয় যখন এই সমস্ত নিউজ দেখি লোভ লালসার কাছে সব বিক্রি করে দিয়েছে।,non-violence,0
"বাংলাদেশীদের পাকিস্থান কে ধন্যবাদ দেওয়া উচিত তারা বাংলাদেশ কে ভারত থেকে আলাদা করেছে,,,নইলে আমাদের মত বাংলাদেশীদের ও একই অবস্থা হতো",passive violence,1
যারা গণতন্ত্র বলে চিল্লায় নারীর স্বাধীনতা নাই বলে টক শোয়ের আয়োজন করে । আজ তাদের দেশেই গণতন্ত্রের মৃত্যু হয়েছে ওরা দেখে না ।,non-violence,0
"আ,লীগ কি সেখানে বাল পালাইতে গেছে,,, মিছিল হচ্ছে বি এন পি এর,,",passive violence,1
এই সব সহিংসতার দায় নিতে হবে প্রশাসন কে।,non-violence,0
জনগণের টাকায় সরকারী কলেজে খেয়ে পড়ে চাঁদা বাজী আর লুটপাট করছে। এই হলো আমাদের শিক্ষা। কি হনে এগুলো দিয়ে সমাজ তথা রাষ্ট্রের?,passive violence,1
"যে ছাত্ররা পাদ পদবির জন্যে মিছিল ও মারামারি করতে যাও, তারা ধরা খাওয়ার পরে ঐ নেতারাই বলে ওরা আমাদের দলের পদবি দ্বারি কেউ না। সাবধান সাধারন ছাত্ররা ওদের পিছনে এবং সামনে কোথাও থাকবার প্রয়োজন নাই।",non-violence,0
"মুসলমান সব মেনে নিতে পারে, কোরআনের অবমাননা মেনে নিতে পারে না। যে এই কাজ করেছে তার সর্বোচ্চ শাস্তি চাই",non-violence,0
শিক্ষার্থীরা নিশ্চয়ই কোন অন্যায় দেখেছে। ওরা এত বিয়াদব না যে ব্যবসায়ীদের সাথে অযথা কলহ করবে।ওরা প্রতিবাদ না করলে কারা করবে? তদন্ত করলে আসল ঘটনা বের হবে,non-violence,0
অশিক্ষিত হলো দোকান মালিক শ্রমিক এর থেকে ভালো কিছু আশা করা জায় না,passive violence,1
আল্লাহু আকবার শ্রদ্ধা রইল সাহসী প্রিয় মুসকান,non-violence,0
আল্লাহ তুমি তাদের ইজ্জত রক্ষা করো,non-violence,0
"ভাল হইছে,, 👻",non-violence,0
হাইরে নির্বাচন নির্বাচন করে জীবন যুদ্ধ মেতে উঠেছে তোমরা কি জানোনা যে তোমাদের সংসার আছে।,non-violence,0
ইটা হলো আসল সত্য ধন্যবাদ ভাই,non-violence,0
"আমি একজন হিন্দুধর্মাবলম্বী। তাও বলছি হিজাব পড়বে কি না পড়বে,তা নিয়ে বিধিনিষেধ কেন। হিজাব পড়তে যে স্বাচ্ছন্দ্যবোধ করে,সে পড়বে। এখানে বাধ্যবাধকতার কিছু নেই। ভারতে উগ্রবাদীরা খামোখা অজুহাতে উগ্রতা দেখায়। ধিক্কার জানাই এই উগ্রবাদীদের প্রতি।",non-violence,0
পবিত্র রমজান মাসেও এই ছাত্র নামক পশু গুলোর পশুত্ব ও বর্বরতা শেষ হয় না।,non-violence,0
এতোদিন এই ফুটেজ আটকে রেখে কেন হিন্দুদের উপর এতো নির্যাতন করলেন,non-violence,0
"আবূ মুসা আশা’আরী (রাঃ) থেকে বর্ণিতঃরাসূলুল্লাহ (সাল্লাল্লাহু ‘আলাইহি ওয়া সাল্লাম) বলেছেন, “তিনবার অনুমতি চাইবে। অনুমতি দিলে প্রবেশ করবে, অন্যথায় ফিরে যাবে।” (বুখারী ৬২৪৫, মুসলিম ২১৫৩)",non-violence,0
বাংলাদেশের শিক্ষা বতমানে নস্ট হয়ে যাচ্ছে,non-violence,0
দেশটার ১২টা বাজিয়ে দিল হাসিনার দালাল রা,passive violence,1
ওদের উপর আল্লাহর গুজব পরবে,non-violence,0
"সবার প্রতি সম্পূর্ণ সম্মান রেখেই বলছি, সারা বিশ্বের বর্তমানে বর্তমান ধর্ম গুলোর মধ্যে ইসলাম অন্যতম ধর্ম। কিছু হলেই ওই কাফেরকে/ কাফেরদের জবাই করে দেও এই যে জবাই করে দেও কাউকে মেরে ফেলা এটা কি ইসলাম অনুমোদন দেয়? আপনার চোখে কেউ খারাপ, তাকে মেরে ফেলো এটা কি ইসলাম বলে? কোন বিজ্ঞ ব্যাক্তি জানলে জানাবেন।",non-violence,0
নোয়াখালী ভাল না খেলার কারণেই কোন উইকেট পরেনি,non-violence,0
আল্লাহ তুমি বোনদের রক্ষা করো,non-violence,0
আশা করি বাংলাদেশের মেয়েরাও এমন হবে,non-violence,0
এই সব পুলিশের উপর আল্লাহর গজব একদিন আসবে ইনশাআল্লাহ।,direct violence,2
কঠিন বিচার হক,non-violence,0
"ভারতে মুসলিমদের নির্যাতনে যারা এই দেশে থেকে খুশি থাকিস,তোদের খুশি বের হবে ধীরে ধীরে।ভারতের দালালি বাদ দে,মন্দির আমি নিজে পাহারা দিবো।ভারতের ধোন যতদিন চাটবি,ততদিন মরতে থাকবি।দেশের মানুষের সাথে থাক।তোদের ভারত বাঁপ বাঁচাতে বা মারতে পারবে না।",passive violence,1
সেকুলার কান্ট্রি বলে কথা।শয়তান শয়তানের কাজ করতেছে তাই লোহা গরম করে তরবারি বানিয়ে হাতে নেয়ার সময় আসতেছে।যারা শান্তি চাইনা তাদের অশান্তি করে দেওয়া জরুরি হয়ে যাচ্ছে। এরকম শয়তান যুগে যুগে আসছে আর ধ্বংস হয়েছিল এদেরও সেই পরিণতি হবে।শুধু একটু সময়ের অপেক্ষা। সেই সময় ও শয়তানরা শীঘ্রই করে দিবে।,direct violence,2
ছাত্ররা পিটিয়ে ব্যবসায়ীদের মেরেছে। এটাই কি ছাত্রদের কাজ ।ভিডিও ফুটেজ দেখে তাদের চিহ্নিত করে বিচারের আওতায় আনা হউক ।,non-violence,0
ভারত ছিলো বলেই বাংলাদেশ স্বাধীন হয়েছে নাহলে এখনো তোরা জিন্নাহ এর বারি খেতিস,passive violence,1
"তার বাড়িতে আগুন লাগিয়ে কি হবে,সে যদি না থাকে।তাকে যেখানে দেখবেন সেখানে হত্যা করা হোক।তার বাবা মায়েরা কি অপরাধ করছে???",direct violence,2
যদি কোন মেয়ে স্বেচ্ছায় হিজাব পরতে চায় তাহলে রাষ্ট্র বাধা দেয়ার অধিকার রাখে না।আমাদের দেশের হিন্দু মেয়েরাও তো তাদের ইচ্ছে মত পোশাক পরে,non-violence,0
সময় এসেছে নিউ মার্কেটের ব্যবসায়ীদের উচিত শিক্ষা দেওয়া!!!,direct violence,2
বর্তমানে বাংলাদেশের পুলিশ এবং ব্যবসায়ীদের কাছে বাংলাদেশের সাধারণ জনগণ জিম্মি প্রায় অনেক অনেক ধন্যবাদ ছাত্র ভাইদেরকে তাদের উচিত শিক্ষা দেওয়া দরকার 👌👌,direct violence,2
"তাহলে, বিকিনি পরে কলেজে এলেই , দৃষ্টি সুখী হব, বিকিনি ও তো অধিকার।",non-violence,0
"তুমি মনে রেখ যুবক জুলুম চিরকাল থাকবে না, এর বিচার আল্লাহ একদিন করবেন। ইনশাআল্লাহ",non-violence,0
খুব সুন্দর সিদ্ধান্ত 🥰,non-violence,0
খুব ভাল খবর যে নৌকা মার্কা পাইছে সে খুব বিপদে আছে মনে হয়।,non-violence,0
এ সব কি আমরা মুসলমান তো আমরা তো হিজাব পরবোই এটা আমাদের অধিকার 😬😬😬😬😬😬😬😬,non-violence,0
আমাদের স্বাধীন দেশ,non-violence,0
এই অপমানের বিচার দুনিয়ার মধ্যে না হলে ও আল্লাহ করবে একদিন ইনশাআল্লাহ,non-violence,0
"যে ছেলেটা মারা গেলো তার পরিবারের কি হবে??, ওই পরিবারের দ্বায়িত্ব নিতে হবে কে বা কারা নিবে তা সরকারেই ভালো জানে🙄🙄",non-violence,0
আল্লাহ আমাদের সবাইকে শয়তানের শয়তানি থেকে রক্ষা করুন এবং ঈমানের পথে চলার তৌফিক দান করুন,non-violence,0
এই বিচার না হলে সরকারের বিচার করা হবে ইনশাআল্লাহ,direct violence,2
ব্যাবসায়ীরা মিথ্যা কথা বলতাছে,passive violence,1
এতিম অসহায় সহায়সম্বলহীন এসব নিরীহ মাদ্রাসা ছাত্রদের পথে নেমে তান্ডব চালানোর হুকুমদাতা হিসেবে পায়ু কমান্ডার মাম্নুলের কঠোর শাস্তি দাবি করছি‼️,passive violence,1
আপনাদের ধর্মীয় গ্রন্থ নিয়ে অন্য ধর্মের মূর্তির নিচে রাখলে কি করবেন? আনন্দে নাচানাচি করবেন? যেসব মুসলিম হালমা করেছে তাদের বিচার করা উচিত কিন্তু যারা কুরআন রেখেছে তাদের ব্যাপারে কি করা উচিৎ?অবশ্য আপনার মত সাম্প্রদায়িক বাটপারদের কাছে এসব প্রশ্ন করে লাভ নাই। কারণ এইসব দাঙ্গার উৎস তো আপনারাই।,passive violence,1
ভাষণ দেয় কোন জাগয়া থেকে গাঁজা খোর।ওর মা মূর্ত সামনে দাড়িয়ে। আল্লাহ্ আপনি এর দুনিয়া থেকে বিচার করেন। দেশের জনগণের সাথে বাটপারে করতে করতে আল্লাহর সাথেও বাটপারি করছে। আল্লাহ্ ছাড় দেন কিন্তুু ছেড়ে দেননা। উওম বিচার দাতা একমাএ ঐ আল্লাহ...,passive violence,1
আপনি যদি মুসলমান + মানুষ হয়ে থাকেন এখনো সময় আছে সয়তান মাগী ভোট চোর মিথ্যা বাদি ধান্দা বাজ খুনি শেখ হাসিনা ও আমলিগের জাতের কুত্তামী সমাজের সামনে তুলে ধরুন দেশ বাঁচান দেশ বাঁচান,passive violence,1
ছাএ দল কে বন্ধ করা হোক সন্তাসি ছাএ লীগ কে,direct violence,2
বাহক হলে কোরানের অবমাননা করা যাই।,passive violence,1
ভাই বুঝে শুনে কথা বলেন।,non-violence,0
নাটকটা সেই ছিলো সিসি ক্যামরা এতদিন কই ছিলো এত মানুষ মারা গেল জানি না কোন হিন্দু রাখছে কিনা তবে এটা সিউর যে কুত্তা লীগ এটা নিয়ে রাজনীতি করছে,passive violence,1
কাওয়া মরলে খুশি হতাম,direct violence,2
হে আল্লাহ আপনি সকল মুসলমানদের রক্ষা করুন,non-violence,0
সবাই সুবাধাবাদী রে ভাই। নিরপরাধ এক ভাইয়ের মৃত্যু হলো।,non-violence,0
পাগল সব,non-violence,0
বাটপারির আর জায়গা পায়না গঠনা গটছে এক সপ্তাহে হয়েছে আর সিসি তৈরি করছে এক সপ্তাহের পর। ও এতো নিরিহ মুসলমান খুন করে আর দিশা নাই ওদের।,passive violence,1
এমন নেতা অচিরেই ধ্বংস হোক 😡😡😡,direct violence,2
মুসলিমদের শিক্ষা থেকে বঞ্চিত করার জন্যই এই উপায় বের করেছে।,non-violence,0
হিজাব আমাদের অধিকার,non-violence,0
ছাত্রজীবনে যদি এমন ছেসরামি করে তাহলে ভবিষ্যতে চাকরিজীবনে কি পরিমানের চোরের চোর হবে এরা,passive violence,1
"ছাত্রলীগ কর্মিদের ধন্যবাদ,",non-violence,0
ধন্যবাদ জানাই এমন তথ্য মিডিয়ায় দেওয়ার জন্য,non-violence,0
আমার মনে হয় এই সাংবাদিক ও ভারতের দালাল,passive violence,1
"গোবর খাওয়া জাত, মুসলমান মেয়েদের ইজ্জত দেখতে চাই,,, কিরকম বাপের বেটা হয়েছিস বাংলাদেশ এরকম মিছিল বের করে দেখ",passive violence,1
"ছাত্রলীগ,,, মানে,,,,, মুরগি চোর,,,,,",passive violence,1
"এটা বিএনপির টেস্ট কেস। মনে হয় এখান থেকেই সরকার পতনের আন্দোলনে যাবে বিএনপি। সফল হলে অভ্যুত্থান। ব্যার্থ্য হলে সাম্প্রদায়িক দাঙ্গা। মনে হয় জামাতের মাথা থেকে বিএনপি নেতাদের মগজে একটা যুতসই আস্ত পরিকল্পনা এলো। সাবাস, বিএনপি, সাবাস।।",passive violence,1
"বোকাচোদারা মাথা খাটা, এভাবেই মোহাম্মাদ তার অনুসারীদেরকে দিয়ে তার বিরুদ্ধের লোককে খুন করাতো সেই ১৪০০ বছর আগেও। যদি হত্যার বিধান না থাকতো তোদের চুদমারানি ইসলামরে কেউ চুদতো না আজ। শালা নির্বোধচোদারা, বুঝবে কবে যে ধর্ম মানুষের হাতে তৈরী",passive violence,1
মিথ্যা কথা আর কত বলবে।,non-violence,0
নোংরা রাজনৈতির কারনে আজ। ছাত্র রা আজ নোংরামিতে জরাচ্ছে।,non-violence,0
"তগো কপাল ভাল ঢা,বি,এর বাবুরচীর রাগ নেই ,,,😠😠😠",direct violence,2
"ওবায়দুল স্যার আপনাকে অসংখ্য ধন্যবাদ.. এখানে হিন্দু, মুসলিম, খ্রিষ্টান, বৌদ্ধ আমরা সবাই একই সাথে বসবাস করি.. আমরা শান্তি চাই.. যারা অশান্তি বিরাজ করতে চাই..তাদের সবার সামনে শাস্তি কার্যকর করা আইন অনুযায়ী...!!",non-violence,0
এতো দিনে মানুষ কিছুটা বোজেচে কাকে আগে পিটান দিতে হবে সংবাদিনক দেখা মাত্রই মাথা পাটান এরা মিথ্যা নিওজ দিয়ে দেশটাকে বোরবাত করে পেলেছে দালাল মিডিয়া ভারতের জারজ সন্তান মিডিয়া,direct violence,2
ভারতের যত মুসলিম আসো সবাই বাংলাদেশে চলে আসো কাফিরের দেশে থাকা উচিত না ওদের দেশে আল্লাহর গজব দেবে,passive violence,1
ইসলামের বিরুদ্ধে লিখলে ই বিজ্ঞান মনস্ক হয়ে যাবে নাকি?কেন অভিজিৎ কে মারা হলো তা একবারও বলল না।,passive violence,1
ডন হাছিনা র লালিত সন্তানের শিক্ষা এ-র কম তে হবেই,passive violence,1
হাসিনা অাপা ভোট চোর,passive violence,1
সারা বাংলাদেশের শিক্ষার্থীদের আন্দোলনে নামা দরকার এই রকম কুত্তার বাচ্চার ব্যাবসায়ীদের সাথে তুমুর লড়োয়ে,passive violence,1
ওবাইদুল কাদের কখনো ভাল হবেনা।,non-violence,0
"বুজলাম না, যারা পবিত্র কোরআনকে অপমান করছে তাদের বিরুদ্ধে শাস্তি ঘোষণা না দিয়ে যারা যারা কোরআন অবমাননার প্রতিবাদ করছে তাদের বিরুদ্ধে বেবস্থা নিবে??? .. আল্লাহ আমাদের হেফাজত করুক। আল্লাহর আযাব বেশি দেরি নাই কেয়ামত পর্যন্ত অপেক্ষা কর।",non-violence,0
কি দিলি ভাই,non-violence,0
আপনি একজন সুন্দর মনের মানুষ।,non-violence,0
"আমার প্রথম থেকে এই সংঘরর্ষটা নিয়ে সন্দেহ ছিলো..!কারণ কোনো সাধারণ মানুষ ছাত্রদের সাথে ঝগড়ায় যাবে না,কারণ ছাত্র শক্তি যেকোনো কিছুই করতে পারে,,তাদের সাথে ঝগড়া বিবাদে জড়ালে যে নিজেদের ক্ষতি ব্যবসায়ীরা ভালো মতোই জানে!!এখানে ছাত্ররাই ওদের ক্ষতি করেছে,আর অন্য সকল ছাত্রছাত্রীদের উস্কিয়ে দিয়েছে মিথ্যা তথ্য দিয়ে,,তাই ওদের কঠিন আইনের আওতায় আনা উচিত, ব্যবসায়ীদের কোটি টাকার ব্যবসা ক্ষতি করছে তাই কলেজ কৃর্তিপক্ষ হই ছাত্রদের বহিস্কার করা উচিত!!",passive violence,1
এখন একটা কথা মার্কেট অনির্দিষ্ট সময়ের জন্য বন্ধ করা হোক।,direct violence,2
শালা কাওয়া হিন্দুর দালাল,passive violence,1
এই কথা মুখে আসে না যে মন্দিরে কোরআন মুসলিমদের সর্ব কালের শ্রেষ্ঠ ধর্ম গ্রন্থ আল কুরআন কে অবমাননা করা হয়েছে ধর্মকে অবমাননা করা হয়েছে বেয়াদব কোথাকার বেয়াদব সাংবাদিক এবং তার পরিচালকরা,passive violence,1
ব্যাসায়ীদের বিচার চাই,non-violence,0
সেলিম এমপি কে দেখলাম। তার এতো ডব দুর্নীতিগুলো কি ধামাচাপা দিয়ে দেওয়ায় হয়েছে। হাহাহা,non-violence,0
যে দুটি আয়েশার ফুটো খুঁজে পায় ও দুই ছেলে-মেয়ের বাপ হয়সেট পাগল হয় কি করে? সে আবার আত্মগোপন করে থাকে কি করে? ।,non-violence,0
"হাতে 4 কোনা বইয়ের মত বা অন্যকিছু আছে বলে মনে হচ্ছে,যারা এই হিন্দু মুসলিম নিয়ে খেলা করছে তারা আসলেই ভাল লোক নয়, দুই জাতির মধ্যে যগড়া লাগানোই তাদের আনন্দ |",non-violence,0
"ভারতের কট্টরপন্থী হিন্দুত্ববাদীরা বিজেপি সরকার । যখন রাজ্য সরকার ছিল, তখনো তারা মুসলিম বিদ্বেষী ছিলো। কেন্দ্রীয় ভাবে যখন তারা ক্ষমতায় আসে। তখন থেকে তা আরো দাবানলের মতো পড়িয়ে পড়ে 🙏 এগুলো বন্ধ করুন",passive violence,1
পুলিশ আর দালাল মিডিয়া কে পিটাও সবাই,direct violence,2
মাংএর বিচার এই সব.....,passive violence,1
কে সেই কাপুরুষ কোরআন কে অবমাননা করল আগে তাকে বের করা হউক.,passive violence,1
এই ঘটনা হিজাব পরিধানে আগ্রহী করবে অনেক নারী কে । ধন্যবাদ মুসকান ---,non-violence,0
"যে নবীর সৈনিকরা মৃত্যুর সংবাদ শুনে হাসে,সেই নবীর সৈনিকদের দমিয়ে রাখার মত দাম্ভিকতা দুনিয়ার কোনো কাফের মুসরিকের নেই।",non-violence,0
বিএনপির আমলে আগে কত সুন্দর হাজার হাজার মানুষ লাইন দরে ভোট দিত দেখতাম কত সুন্দর ছিল সেই দিন গুলো,non-violence,0
সাম্প্রদায়িক দেশ থেকে আর কি বা আশা করা যায়,passive violence,1
মাদ্রাসা হলে নিউজ হত আলেমরা সাধারণ মানুষের উপর চড়াও হয়েছিল।এসব বানচোদ স্টুডেন্ট নামের ছাত্রলীগ গুলোকে ক্রসে ফেলে দেশে শান্তি ফেরাতে হবে।ঈদ সামনে করে কত মানুষের রুজি নষ্ট করলো ওরা?এর খেসারত শেখ জালিমকে দেওয়া লাগবে।ক্ষমতায় থাকার লোভে ছাত্রদের জীবন নষ্ট করে ফেলছে।আবার সংসদে এসে আমরা কুমাড় দিয়ে বেগুনি খাই ওভাবেই খায় ওভাবেই আমরা চলি।আল্লাহ তুমি এর বিচার কর।ওই মুনাফিককে গজবের সাথে অসম্মানের সাথে ক্ষমতাচ্যুত কর,direct violence,2
তোদের উপর গজব পড়ুক,direct violence,2
কিরে ভাই কমিল্লা এত বড় একটা ঘটনা ঘটে গেল এখনো কোনো নিউজ নাই কেন আপনারা কি মুসলমান নাকি হিন্দু করার নিয়ত বড় একটি অপমান নিউজ দেন তাড়াতাড়ি দেশবাসী দেখুক,non-violence,0
আপনাদের জন্য এটা উচ্চ শিক্ষা,non-violence,0
কোরআন অবমাননার অপমানের বিচার হোক,non-violence,0
"ধর্ম যার যারউৎসব সবার,,,,তাহলে , বিয়ে করবে করেছে আসাদুজ্জামান খান কামাল বউ সবার , পুকুর কামালের ,মাছ সবার , কামালের টাক মাথা ঢোল বাজাবে সবাই, গাড়ি কামালের চড়বে সবাই , মেয়ে কামালের সেই মেয়ের সাথে সেক্স করার অধিকার সবার , ইত্যাদি ইত্যাদি ইত্যাদি ইত্যাদি",passive violence,1
"ইকবালের জীবন এখন বিপন্ন, তার নিরাপত্তা প্রয়োজন",non-violence,0
কিন্তু জে ছেলেটা মারা গেল তার পরিবারের কি হবে। এই বিষয় টার দিকে ভালো ভাবে নজর দেয়া উচিৎ।,non-violence,0
খুশি হতে পারলাম না।,non-violence,0
"দ্যা রিপোর্টার, আপনার রিপোর্টের প্রথমেই আপনি কি বল্লেন গুজব!!আপনি কিভাবে এটাকে গুজব বলে রিপোর্ট করলেন? আপনার এবং সময় টিভিকে এই নিয়ে ক্ষমা চাওয়া উচিত!! কাজটি হয়েছে তা পরিষ্কার করেছেন স্থানীয় প্রশাশন, আপনি এবং আপনার চ্যানেল কিভাবে এটাকে গুজব বলে প্রচার করছে?যে বা যারাই কাজটি করেছে, তার দৃষ্টান্তমূলক শাস্তি হোক এটাই প্রত্যাশা!!",non-violence,0
"এই ছেলেটা হতে পারে হিন্দু পূজার কাজে নিয়জিত ছিল ভলোনটিয়ার হিসাবে কারণ তার হাতে লাঠি আছে, আর কানাচোদা সাংবাদিক বলছে কিছু একটা লাঠি বলতে ভয় করে, পূজা কমিটির লোকেরা কি অন্ধ ছিল নাকি, যখন কোরআন শরীফ টা সেখানে দেখেছে তখন পুলিশকে ইনফর্ম করে নাই কেন, আমার মনে হয় পূজা কমিটির লোকেরা এই ঘটনা ঘটিয়েছে",passive violence,1
আপু আওয়ামী লীগ তো খুনি এদের খুন করা অভ্যাস,passive violence,1
আমরা আন্দোলন করেই যাবো আমাদের নেত্রী খালেদা জিয়া কে বিদেশে না দেওয়া পরযন্ত।,non-violence,0
কিছু পাগল আছে ধর্ম যারযার উৎসব সবার বলে।,passive violence,1
মত প্রকাশের স্বাধীনতা অর্থ কী ? অন্যন একজন বিশ্বাসে আঘাত করে কথা বলা ।,non-violence,0
প্রতারণা এবং প্রতারক এর বিরুদ্ধে যুদ্ধ।,non-violence,0
একটা সনামধন্য কলেজের সামনে এ ধরনের ফুটপাত মার্কা দোকান হটিয়ে দিন।কয়দিন পর পর এ ধরনের ক্যাচাল ভাল লাগে না।শালার ফুটপাত থেকে মার্কেট সরিয়ে দিন।,direct violence,2
হায় এটা কি স্বাধীন দেশ ???😭😭😭,non-violence,0
আল্লাহ তাআলা বিচার করবে 😢,non-violence,0
"এরা কেউ জঙ্গি নয়৷ মিডিয়া তাদের নামে অপপ্রচার করে তাদের জঙ্গি হিসেবে উপস্থাপন করছে। এই তিনজনকে ফাঁসি দিয়ে কি হবে? মুসলিমরা না ভয় পায় ফাঁসির কাষ্ঠ, না ভয় পায় বন্দুকের গুলি৷ অভিজিতের মতো যত লোক আছে তাদের অবশ্যই মরতে হবে। বিনিময়ে যে শাস্তি দেয়া হোক না কেন, কিছু যায় আসে না।",passive violence,1
জাতিকে বলতে চায় আমরা করোনার চেয়ে শক্তিশালী এটা কি গুজব নয়????,non-violence,0
"জাতির জনকের হত্যা নিয়ে ফাযলামি, পেটানো কেন খালি, ওই মাদারচোদ ছাত্রদলের নেতারে জ্যন্ত আগুন লাগায় দেয়া উচিত। মানলাম ছাত্রলীগ খারাপ, কিন্তু ওই ছাত্রদল নেতা দেখি আসল রাজাকারের বাচ্চা।",direct violence,2
হিন্দু ভাইরা তোমাদের মা-বোনদের যে উলঙ্গ করেছ এটা কি ভাল কাজ?,passive violence,1
"ধন্যবাদ, যমুনা টেলিভিশনকে সবসময় সত্যের সাথে থাকার জন্য",non-violence,0
ভারতীয় পন্য বন্ধ করা হোক,direct violence,2
সব হামলা আগে বিক্ষোভকারীরাই করে থাকে! দালালী,passive violence,1
"বর্তমান এই পরিস্থিতির জন্য দায়, হাসিনার পা চাঁদা মিডিয়া গুলো,হাসিনার পক্ষে দালালালি করতে করতে, হাসিনাকে আকাশে উঠিয়ে পেলেছে, এখন যাই হবার তাই হচ্ছে।",passive violence,1
নিউমার্কেটের সিন্ডিকেট বন্ধ করতে হবে।,non-violence,0
জমুনাটিবি মনে করেছিলাম সঠিক বিষয় তুলে ধরে কিন্তু এরাও দালাল,passive violence,1
এগুলো কারা করে সঠিক তদন্ত করে তাদেরকে বিচারের আওতায় এনে শাস্তি নিশ্চিত না করতে পারলে এরকম ঘটনার পুনরাবৃত্তি রোধ সম্ভব নয়।,non-violence,0
ছাত্র রাজনীতি বন্ধ করা হোক,direct violence,2
এই সমাজে উলঙ্গ হওয়ার স্বাধীনতা আছে তবে কাপড় পড়ার স্বাধীনতা নেই 🙂,passive violence,1
"একমাত্র বাংলাদেশই সব ধর্মের মুল্যায়ন হয় , আর ভারত একটা হিংসা পৃয় দেশ যা এশিয়া জুড়ে অশান্তি সৃষ্টি করে ।",passive violence,1
পর্দাশীল নারীদের মাদ্রাসায় ভর্তি হলেই তো হয় স্কুলে যাওয়ার কি দরকার। সব মুসলিমদের নোংরা রাজনীতি ধর্ম নিয়ে।,direct violence,2
"হায়রে ধর্ম,, হায়রে মানুষ,,,হায়রে বাড়া বাড়ি???? মানবতার কথা বলে ধর্ম কিন্তু মানুষ ধর্মকে ব্যবহার করে করছে হত্যা,খুন,ধর্ষন,ধর্মশালা ভাঙ্গা, লুঠপাট, ঘরে আগুণ।মানুষ তো তুমি!!!,,, হতে পারলে না মানুষ? হয়ে গেলে দানব,পশু????",non-violence,0
নিউ মারকেটের ব‍্যবসায়িরা খুব বাজে,non-violence,0
এটা গুজব না সত্য,non-violence,0
হেলমেট বাহিনী নিরাপদ সড়ক চাই আন্দোলনে ও পুলিশের সাথে মিলে ছাত্রদের সাথে সংঘর্ষে জড়িয়েছিলো,passive violence,1
এমন মেয়ে বাংলার প্রতিটা ঘরে জন্ম নেয়ার দরকার,non-violence,0
সবাই দূরে না যায় পুলিশের উপর হামলা,direct violence,2
আমরা মিডিয়ার কাছে সব সময় আশা করি সত্য টা জানার জন্য,non-violence,0
"দোষ টা তো পুরাটাই ছাএদের কারণ মাল নিয়েছে টাকা দিবেনা, এটা কেমন কথা।তাই বলছি ছাএদেরকে ভালো কিছু শিক্ষা দেওয়ার দরকার, অন্যের হক যাতে না মারে।",passive violence,1
আরো ভালো হয়ছে হত্যা করছে আমিও মত প্রকাশ করলাম,passive violence,1
শালা তুই একটা বাটপার,passive violence,1
"অপরাধী যেই হোক, যে ধর্মেরি হোক, যত প্রভাবশালিই হোক আর যে রাজনৈতিক দলের সঙ্গে যুক্ত থাকুক না কেনো সঠিক ভাবে তদন্ত করে আসল অপরাধীকে সনাক্ত সহ এর সাথে জড়িত সকল অপরাধীকে জন সম্মুখে বেধে ও নিউজ চ্যানেল সহ সোস্যাল মিডিয়াতে লাইভে রেখে পিটানো হোক। এবং সবশেষে তার ফাঁসি কার্যকর করা হোক অতি দ্রুত।ভবিষ্যতে এই ধরনের অপরাধ আর কেউ করার আগে যেনো এক কোটিবার ভাবে। বুকের পাটা কেপে উঠে।",direct violence,2
বাংলাদেশে যদি কোন সরকার থেকে থাকে তাহলে এর কঠিন বিচার করবে সরকার।।,non-violence,0
"তারা কী দেখেনি ছাত্রদের ক্ষমতার রূপ কেমন, সরকার পর্যন্ত দাবি মানতে বাধ্য হয়েছিল আর বস্তির মানুষের ক্ষমাতা দেখাইতে আসছে, আরে ছাত্ররা আবার জাগলে এমন হাজার বস্তি গায়েব হয়ে যাবে তখন তারা অসহায় হয়ে আঙ্গুল তুলবে শিক্ষার দিকে,ছাত্ররা রাস্তা ছারছে নিজেদের অধিকার আদায় করা ভুলে নি 😡😡নিউ মার্কেট এ যে গেছে সেই যানে তাদের ব্যবহার,ছাত্রদের সাথে লাগিয়েন না তারা আল্লাহ পর দেশের ভবিষ্যত নির্ধারণ কারী",passive violence,1
"খোদার কসম করে বলছি আমি নিজেও আওয়ামিলীগ করি, কিন্তু কুমিল্লার ঘটনার পর সরকারের পক্ষ থেকে যখন কোন প্রতিবাদ আসছেনা সেজন্য খুব দুশ্চিন্তায় আছি, আমাদের দেশটা ধীরে ধীরে হিন্দু রাষ্ট্রে পরিণত হচ্ছে কিনা? সরকারকে অনুরোধ করবো দয়াকরে পবিত্র কুরআন নিয়ে বাড়াবাড়ি করবেন না, তাহলে আমাদের আওয়ামীলীগ এর পরাজয় কেউ ঠেকাতে পারবেনা 🤔🤔🤔🤔🤔🤔🤔",passive violence,1
ইসলাম কে নিয়ে কেউ বাজে কথা বললে বাংলার কোনো মুসলমান চুপ থাকবে না। কই সবাই চলো একজোট হই,non-violence,0
ছাত্রদের বক্তব্য শুনা উচিত!একপক্ষের কথা সুনে বিচার করা উচিত নয়!!,non-violence,0
"সময় টিভি চ্যানেলটি দিন দিন এগিয়ে যাচ্ছে, ইনশাল্লাহ ! আরো এগিয়ে যাবে, দোয়া করি।তবে আপনাদের কাছে আমার একটি অনুরোধ, সর্বোপরি সত্য নিয়ে কাজ করার চেষ্টা করবেন,বিশেষ দ্রষ্টব্যঃ এখানে বাঁকা চোখে কেউ দেখবেন না, ধন্যবাদ সবাইকে, ভালো থাকবেন , আল্লাহ হাফেজ ॥",non-violence,0
বাংলাদেশের মিডিয়ায় চোর,passive violence,1
"এমন সুন্দর কোমল, মোলায়েম সাক্ষাৎকার কখনো দেখেছেন জনাবা মিথিলার? 😂😂😂",passive violence,1
"নিউ মার্কেটের ব্যবসায়ীরা চরম বেয়াদব, ধন্যবাদ ঢাকা কলেজের ছাত্রদের।",passive violence,1
আচ্ছা ওই ছেলে এই কাজ করছে ভাল পুজা কমিটির পাহারাদার সেখানে কি করলে জাতি জানতে চায়,passive violence,1
প্রশাসন একটা ধন্যবাদ পেতেই পারে,non-violence,0
সাদ্দাম হোসেন আড়াই কোটি শিয়া মুসলিম হত্যা করেছে তার নামটাও বল কনভার্টেড মুল্লা,passive violence,1
বিশ্বজিৎ হত্যার বিচারের কি হলো????,non-violence,0
আমার বর্তমান বয়স 26। এত দিনের নির্বাচন সম্পর্কে অভিজ্ঞতায় বলছি। সব চাইতে নিকৃষ্ট নির্বাচন হলো এইবারের স্থানীয় পর্যায়ে নির্বাচনটা। প্রতিটি ধাপেই পাঁচটা থেকে দশটা নিরীহ মানুষের প্রাণ দিতে হয়েছে সহিংসতায় 🥴😢😢 এগুলো সহিংসতার জন্য একমাত্র দায়ী স্থানীয় নির্বাচনে (নৌকা) প্রতীক দেওয়া। প্রতীক স্থানীয় নির্বাচনের না দিলে এরকম সহিংসতা কখনোই হতো না। আশা করব নির্বাচন কমিশন আগামী নির্বাচন থেকে স্থানীয় নির্বাচনে প্রতীক তুলে দিবে।,non-violence,0
নাটক সবই সুন্দর বাংলাদেশের🙂,non-violence,0
আইন তার কোন বিচার করবেনা কিন্তু আল্লাহ তার বিচার করবে,non-violence,0
কি গুজব??,non-violence,0
"ঘটনার সঠিক তদন্ত না করেই ধর্ম মন্ত্রণালয় কি ধরনের মন্তব্য করলেন,, তারা সব কিছুতেই ষড়যন্ত্রের গন্ধ পায়,,,,, তাদের নাক এত তো উঁচু কেন,,,,",passive violence,1
ধর্ম যার উৎসবও তার। তবে নাগরিক হিসেবে উৎসব পালন করা আর নিরাপত্তা পাবার অধিকার সবার।,non-violence,0
বিক্ষোভ থেকে সংঘর্ষে শিক্ষার্থীরা জড়ালো? আর অপর পক্ষ? হলুদ গণমাধ্যম। ধিক্কার।,passive violence,1
"এগুলো কি আবার তদন্ত করতে হয় নাকি,এটা একটা বাউতা বাজি, ক্ষমতাসীনরা ক্ষমতা হারানোর ভয়ে এসব করছে",passive violence,1
কথায় ছিলো মিডিয়া যখন 96 ভাগ মুসলমানদের দেশে পবিত্র কুরআন কে অপমান করা হয়েছিলো যাখন আমার মুসলিম ভায়েরা পতিবাদ জানালো তখন আবার তাদের উপর পুলিশ এর আঘাত 😭😭😭😭😭,non-violence,0
কেনো ভাই,non-violence,0
গুজব???¿¿???????¿¿,passive violence,1
আমি একজন আওয়ামী লীগ প্রেমি হয়ে আপনার সাথে ১০০% একমত আমাদের সোনার বাংলাদেশের অবস্থা,non-violence,0
নাস্তিকদেরকে হত্যা করে ফাঁসি মঞ্চে হেসে যাওয়াটা সবার কপালে যুটে না।,passive violence,1
এই চ্যানেলটা কাফেরদের এজেন্ট হিসেবে কাজ করে।# কে কে একমত,passive violence,1
উনি নাকি পাগল এতো চালাক পুলিশ ও ধরতে পারছে না,non-violence,0
বঝতে হবে.... বর্তমানে দেশ টা ব্যবসায়ীদের যা খুশি তাই করছে।।। সরকার নিশ্চুপ কারন চরকারো চালায় তারাই,passive violence,1
প্রথমে বলেছিল রাতের 3 টা বাজে কুরআন নিয়ে রাস্তায় বের হইসেএখন দেখা যায় এশার সময় মসজিদ থেকে কুরআন নিয়ে বের হচ্ছে। বুজাই যাচ্ছ মিথ্যাচারআর ভিডিও তে কে যায় সেটা ত কিছুই দেখা যাচ্চেনা।1 সপ্তাহ ধরে শুটিং চলেছে ভালোই বুঝা যাচ্ছে,passive violence,1
তোরা নিজের দেশের বৌদ্ধ দের মন্দির ভাংগার বিচার করতে পার না আবার বাবরি মসজিদ এর বিচার চাও,passive violence,1
এখন রাস্তাকে আন্দোলন করতেছে এটা কি প্রশাসনের সমস্যা হচ্ছে না,non-violence,0
"ইসলামের জয় হবেই হবে, ইনশাআল্লাহ।❤। আমি গর্ব করি আমি একজন মুসলমান।❤।",non-violence,0
নিউজ চ্যানেল টা কি তোর বাপের ?????? মাদ্রাসা ছাপ। হিন্দু সম্প্রদায়ের উপর অত্যাচার নির্যাতন করে আবার ডায়লগ চোদাও,passive violence,1
মূর্খের বাচ্চা পবিত্র কোরআন বলেনউপস্থাপক একটা মুসলিমের বাচ্চা পবিত্র কোরআন বলেন কি হয়।,passive violence,1
কি লেখবো ভেবে পাচ্ছি না আসলে এই আওয়ামী কুলাঙ্গারদের প্রতি এতটাই ঘৃণা জন্মেছে যে এই মুশরিকের বাচ্চাদের গালি দিতেও ঘৃণা করে 🤮🤮🤧🤧👠👠👠🇮🇳👠🇮🇳👠🇮🇳👠🇮🇳👠🇮🇳👠🇮🇳👠🇮🇳👠🇮🇳👠🇮🇳👠,passive violence,1
পোশাকটা বড়োকথানয় বড়ো কথা হলো আদোরশো শিক্ষা এতো দিন তাহলে হিজব ছারাই পড়াশোন কি করে হছিলো আপনার বেবাহার আপনার পরিচয়,non-violence,0
এই জানোয়ারের বাচ্চাদের কি মুর্তির পায়ে যে কুরআন শরীফ রাখা হয়েছিল সেটা কি দেখেনি সেটা নিয়ে কিছু বলছেনা আর হলুদ মিডিয়া ও কুরআন অবমাননা নিয়ে কিছু বলছেনা,passive violence,1
সোনার ছেলেরা মারা মারী করতে ভালো পায়,non-violence,0
ফারজানা রুপা মরলে বলবেন অর বডি দান করার জন্য জীবনে অনেক মিথ্যা সংবাদ পড়ছে তো ওর লাশ কবরে দিলে কবর নি জ্বলে পুড়ে ছাই হয়ে যায় এটাই দেখার অপেক্ষায় রইলাম,non-violence,0
"বিদেশি এক জানোয়ারের জন্য দেশের মানুষের উপর এ নির্মম নির্যাতন কোনো অবস্থাতে গ্রহনযোগ্য না,,,",passive violence,1
বিচার ঝেন কঠিন হয়ে😠,non-violence,0
সকল শিক্ষা প্রতিষ্ঠানে হিজাব পড়ার জন্য আহবান করছি,non-violence,0
"ঠিক আছে বোনেরা। অধিকার কেড়ে নিতে হয়।তোমরা লড়াই চালিয়ে যাও,সময়ের যুগোপযোগী সিদ্ধান্ত নিয়েছ তোমরা।",non-violence,0
"হেলমেট বাহিনী, রামদা বাহিনী এগুলা কারা তা জনগন জানে।কতটা নিচু হইলে এদেরকে জামায়াত শিবির বলে চালিয়ে দেয় এক কুত্তার টিভির কুত্তার বাচ্চাগুলা। আর বড়ো কথা হলো ঢাকা কলেজের বেশিরভাগ সিনিয়র ভাইদেরই মোটরসাইকেল আছে।সুতরাং কুত্তার বাচ্চার মতো ঘেউ ঘেউ না করে সত্যটা বল।",passive violence,1
"শেখ মুজিবের আদর্শ তোদের ভিতর নেই। তাই তোদের নেতা হবার যোগ্য নেই। রাজপথ ছাড়। নইলে কুত্তার মত এবার মরা পড়বি। যারা সত্যিই দেশকে ভাল বাসবি, যারা সত্যিই সরকার কে সাহায্য করবি তারাই কেবল নেতা হবার যোগ্য।",direct violence,2
দাবি বাস্তবায়ন না হওয়া পর্যন্ত জনগণকে নিউ মার্কেট এলাকার সকল ব্যবসা প্রতিষ্ঠানসমূহ বয়কট করার অনুরোধ করা উচিৎ ছিল। এই মার্কেট ব্যবসায়ীদের সোজা করার সহজ উপায় হচ্ছে নিউ মার্কেট বর্জন করা।,direct violence,2
আজ সরকার আইন করে মত প্রকাশের স্বাধীনতা কেড়ে নিলো! তার কি বিচার হবে?,non-violence,0
"ধন্যবাদ তোমাকে, ধন্যবাদ।",non-violence,0
বাটপার,passive violence,1
"লজ্জা কর ভাই লজ্জা কর ভাই একজন নারীর কাপড় খুলতে চাও নারী মা নারী তোমার বোন নারী তোমার স্ত্রী নারী তোমার কন্যা, ভাই তোমরা যেমন তোমার মাকে স্ত্রীকে, বোনকে ,কন্যাকে সম্মান কর ভালোবাস তেমনি অন্য মাকে স্ত্রীকে বোনকে কন্যাকে সম্মান কর,,,",non-violence,0
এটা কুত্তা লীগের লোকেরা ভিতরে ঢুকে গাড়িতে হামলা করেছে কি জন্য করেছে কাদের নির্দেশে হয়েছে এটা দেশের জনগণ ভালো করে জানে,passive violence,1
মাগী খালেদার বিচার চাই,passive violence,1
"নারী যদি অর্ধ নগ্ন থাকার স্বাধীনতা পায় তবে কেন ঢেকে রাখার স্বাধীনতা পাবেনা, যে ধর্ম নারী জাতিকে ঢেকে রাখার তাগিদ দিবেনা সেটা কখনই ধর্ম হতে পারেনা!!কারন আগামী প্রজন্ম মানে নারী",passive violence,1
এখনো কি তাকে পাগল বলবেন? না জামায়াত বিএনপি বা আওয়ামী বলে পুরো ঘটনা এড়িয়ে যাবেন না নতুন রাজনীতির পলিটিস খুঁজেবেন?,non-violence,0
আল্লাহ তায়ালা উপরে আছেন তিনিই বিচার করবেন। তাই হিন্দু দের প্রতি শ্রদ্ধাশীল ও ভালবাসতে হবে আমার বিশ্বেনবী বলে গেছেন। তাই মসলিম হিসেবে এটা করনিয়।,non-violence,0
"সহস্র আন্দোলন শুরু করলে এসব লীগ কিছু থাকবে না, আর হলুদ মিডিয়া ভালো করে তৈল মাখ",passive violence,1
একদম সত্য কথা তুলে ধরেছেন ভাই,non-violence,0
"কি শুরু হইলো রে ভাই,বাংলাদেশে",non-violence,0
মিডিয়া ওলারামিথ্যা বাদিঅবৈধভোটচোরহাসিনার দালাল,passive violence,1
ওর ভাই বললনা যে আপনি ওরে নাস্তা খাওয়াইয়ায় যেকোনো কাজ করে নিতে পারবেন।।তাছাড়া ও নাকি মানসিক রোগী তো ও কেনো মন্দিরে কুরআন রাখবে।।নিচ্শয় ওকে ব্যবহার করছে আঃ লীগ,passive violence,1
"কিভাবে দেশের সেরা বিদ্যাপীঠ এর মেধাবীরা একজন ছাত্র হয়ে অন্য ছাত্রকে এইভাবে নির্মমভাবে মারে শুধুমাত্র বিরোধীদল হওয়ায়, ছি ছি, এরা নাকি ছাত্র। সব গুলি গুন্ডা। তারপর এই ক্ষোভে আবার ছাত্রদল ক্ষমতায় আসলে তারা আবার তাদের এইভাবে মারবে প্রতিশোধ নিতে। দুইপক্ষের সহাবস্থান থাকলে কত ভাল হত",non-violence,0
এই সংঘর্ষের কারণ কি?,non-violence,0
ফাতিমা আপু এই শাড়ি পরে তোমাকে অনেক অনেক সুন্দর লাগে,non-violence,0
হাসিনার জন্ম হিন্দু পরিবারে তাইতো আপনজন মনে করে.,passive violence,1
এই ঢাকা কলেজের ছাত্রদের সুনাম ঢাকায় আসার পর থেকেই শুনে যাচ্ছি শিক্ষা জীবন শেষ করেছি ঢাকায় কিন্তু দিন দিন এ কি অবস্থা হচ্ছে মানুষের জীবনও চলে যাচ্ছে এটাই কি শিক্ষা?,non-violence,0
ভারতের দালাল মিডিয়া।,passive violence,1
এই বান্দির বাচ্চা আওয়ামীলীগের কিছু নেতা এরা এমন মিথ্যা কথা বলে যা বলার বাইরে,passive violence,1
"কোন ভাবেই এই ধরনের নির্যাতন মেনে নেওয়া যায় না, ভারতের হিন্দুত্ববাদী সরকার কি ভাবে মুসলমানদের তারা কি জানে না, মুসলমানদের জন্য আল্লাহই যথেষ্ট । তাদের কি বুঝে আসেনা ভারত ১ টা মুসলমান ৫০+ তারা আর বেশি দিন চুপ থাকবে না।",passive violence,1
আচ্ছা ভাই আমার এজটা প্রশ্ন মানুষ কি এই ওবাইদুল কাদের কেই কাউয়া কাদের বলে? সে তো মানুষ,non-violence,0
"নির্বাচন সালাগো হুগা দিয়ে ঠুকাই দরকার ভোট চর,,,, এই মূহুর্তে শেখ হাসিনাকে বয়কট করার দরকার,,,,,,,",direct violence,2
আমি ও আপনার সাথে একমত,non-violence,0
তুই শালা পাগল,passive violence,1
আল্লাহর গজব পড়ুক ওয়াবায়দুল কাদেরের উপর,passive violence,1
শাঁখা-সিঁদুর পাগরি ক্রস এগুলো অমুসলিম ব্যবহার না করলে সমস্যা নেই। কিন্তু মুসলিমদের তো পর্দা করতেই হবে কারণ এটা ফরজ বিধান আসলে এই সবগুলোই একটি চক্রান্ত চলতেছে ইসলামকে ভারত থেকে নিভিয়ে দেয়ার জন্য আল্লাহর দ্বীন আল্লাহই রক্ষা করবেন ইন শা আল্লাহ।,non-violence,0
"এটা নাকি পবিত্র মাস,,, রহমতের মাস,,,,তাহলে এরা কেনো এই মাসে এরকম করতেছে,,,শুধু ওয়াজ শুনে নামে মুসলমান হওয়া থেকে বেরিয়ে আসুন,,,",non-violence,0
সাংবাদিক নামের কুলাংঙ্গার ।এখনো তোদের বোদ্ধোদয় হয়নাই।যেভাবে তোদের চাকরি থেকে কাট করছে ।তোরা বুঝলিনা যে এই সরকার প্রজনে তোদের ব্যাবহার করবে।তার পর ছুড়ে ফেলে দিবে অতীত থেকে শিক্ষা নে।,passive violence,1
ভারত সরকার এর গজব নাযিল হবে ইনশাআল্লাহ।,direct violence,2
"হিন্দুরা কখনো মুসলমানদের ভাই হতে পারেনা,ধর্ম যার যার উৎসবও তার। সবার তা হতে পারেনা,",direct violence,2
"জালেমদের কথা হচ্ছে এই ঘটনা মুসলিমরা করেছে। ইতিমধ্যেই অনেক মুসলিম ভাইকে তারা শহিদ করেছে। কারো কাছে বিচার চাইনা,তুমি শ্রেষ্ঠ বিচারক।",passive violence,1
সত্যি এটা মুসলিম করেছে জেনে হিন্দু সম্প্রদায়ের ভাই বোন দের কাছে দূঃখ ও সহমর্মিতা অনুভব করছি!!,non-violence,0
স্বাধীন মত মানে ইসলামবিরোধী যারাই করবে তাদের স্বাধীন মত হতে পারেখ্রিস্টান ধর্ম নিয়ে কথা বললে সেটা জংলি হয়হায়রে মানুষরূপী গোমূত্র সেবন কারী গরুর বাচ্চা জানোয়ার গং,passive violence,1
"এখানে বেশিরভাগ কমেন্ট কারিই বলছেন, যে, তারা ব্যাবসায়ীদের খারাাপ ব্যাবহারের শিকার হয়েছেন, আপনাদের কে ত বেশ সচেতন মনে হচ্ছে আপনারা কি কখনো বাংলাদেশ ভোক্তা অধিককারের কাছে বা কোন থানাায় অভিযোগ করেছেন এমন কোন প্রমান দেখালে ভালো হতো।",non-violence,0
ভারতের আজকের এই পরিস্থিতির জন্য? নরেন্দ্র মোদির উগ্রপন্থী হিন্দুত্ববাদী জংগী 👹 রা ই দায়ী । শত বছরের ধর্ম ❤ নিরপক্ষেতা আজ হুমকি পরেছে ।,passive violence,1
কোরআন অবমাননা এটা রাষ্ট্রীয় ষড়যন্ত্র হাসিনা ঘোলা পানিতে মাছ শিকার করতে চায়,passive violence,1
সালা মিথ্যা বাদি হাজার হাজার লোক দের বলে কয় একশ লোক।,passive violence,1
"খারাপ ব‍্যবহার করলেই ছাত্ররা বা শিক্ষার্থীদেরও কতিপয় অশিক্ষিত ব‍্যবসায়ীদের সাথে তাদেরই মত উগ্র আচরণ করতে হবে?! এই রমজানে এমন ফিতনা ফ‍্যাসাদ করা কতটুকু ঠিক হয়েছে?! সবাইকে একটু চিন্তা করার আহ্বান জানাচ্ছি। আমাদের দেশে কি সমস‍্যার অভাব আছে? এইধরনের সংঘর্ষ সহজেই এড়ানো যেতো সহনশীলতা, দেশ সাধারণ মানুষের কথা চিন্তা করে। আর শিক্ষিত এবং ভবিষ্যতের নেতৃত্বের প্রতিনিধি হিসেবে আমি মনে করি শিক্ষার্থীদের দায়িত্ব এখানে অনেক বেশী।",non-violence,0
"এরা সকলে শহিদের মর্যাদা পাবে,ইনশাআল্লাহ",non-violence,0
"স্বাধীন মত প্রকাশ বলতে যদি, যা ইচ্ছে তাই করা যায়,যা ইচ্ছে তাই বলা যায় তাহলে সরকারের দূর্নীতির কথা বললে রাষ্ট্র দ্রোহী হয়ে যায় কেনো?",non-violence,0
প্রতিনিয়ত কাশ্মীরে আমাদের মুসলিম ভাইদের নির্যাতন করছে আর তোমরা তাদের উৎসব পালন করছো,non-violence,0
"বাল দেইখা ভোট দিতে গেসে ? বুঝে না ? দেশ কি এই দেশের মানুষ নিয়ন্ত্রণ করে ? নটীর মত চিল্লাইয়া বাল হবে ? বাপ, ভাই, জামাই কি করে ? তাদের আঁচলের নিচে আটকিয়ে রাখে ?",passive violence,1
ভারতের বিচার আল্লাহ তায়ালা করবে,non-violence,0
"জাতি জানতে চায় নারাইগঞ্জ সাতজন কে মারছিলো,,নূর হোসেন আওয়ামী লীগ বড় বড় নেতারা জরিত এটা বিচার কি পাবে জনগণ",non-violence,0
ইকবালের মতো সেয়ানা পাগল বাংলাদেশের অলিতে গলিতে রয়েছে।কয়জন ইকবালকে আপনারা ধরবেন।?,non-violence,0
"আমার বাংলাদেশের কোন হিন্দু বা অন্য ধর্মের ছাএ দের কে এমন পরিস্থিতি তে পড়তে হয় কি? আল্লাহ এদেরকে সঠিক বুঝ দান করুন নতুবা কিছু শিক্ষা দিন,,,,,আমিন।",non-violence,0
আল্লাহ তুমি মুসলিম ভাই বোনদের হেফাজত করো 🥰,non-violence,0
উগ্র হিন্দুত্ববাদী দের বিরুদ্ধে যুদ্ধে নেমেছি আশা করি সাপোর্ট পাবো,direct violence,2
আবারো প্রমানিত হলো ভারতেমুসলিমরা স্বাধীন ভাবে বসবাস করতে পারছে না কিন্তু কেন...?,non-violence,0
"ধর্ম যার যার হতে পারে, কিন্তু ধর্মীয় উৎসব সবার না। কারণ মুসলিম অন্য ধর্মের উৎসব পালন করা মানে শিরিক। অযথা এইসব বক্তব্য দিয়ে বিভ্রান্ত সৃষ্টি করবেন না। ** তাপস সাহেব** আর একটা কথা কোনো দিন ত বলেন নাই যে অন্য ধর্মের মানুষদেরকে আসেন আপনা কোরবানী দিছি গোশত খেয়ে যান অথবা একদিন রোযা রাখেন।",non-violence,0
জন্ম থেকেই উগ্রবাদীতা শেখালে এমন ই হয়,passive violence,1
যে স্কুল প্রতিষ্ঠান ধর্মীয় নিয়ম কানুন কে সম্মান করতে পারে না তারা কীভাবে শিক্ষার্থীদের সঠিক শিক্ষা দিবে ।,non-violence,0
এটা কি পুলিশরা দেখি ব্যবসায়ীদের দলে থেকে শিক্ষার্থীদের ঢিল মারছে..!!! ওনারা তো নিরপেক্ষ থাকার কথা..। ২ পক্ষকে থামানোর চেষ্টা করা উচিত..।,non-violence,0
সাধারণ জনগণ ও সাধারণ নেতাগণ এর কাছে বোমা গুলি কিভাবে থাকে। আমার জানা মতে যারা সন্ত্রাসী তাদের কাছে এগুলো থাকে আমি জানতে চাচ্ছি আওয়ামী লীগের কাছে কেন আছে। তাহলে তারা কি......?,non-violence,0
ভাই ছাত্র কিন্তু আপনি সারাজীবন থাকবেন না,non-violence,0
ছেলেটি ঐকাজ করে সি সি কেমেরার সামনে বার বার ঘোর পাক দিচ্ছে যেন তাকে চেনা যা। নাটকটা খুব সুন্দর করে সাজানো হয়েছে মনে হচ্ছে। ছেলেটির মুখে কিছু বিএনপির নেতার নাম বলানো হোক।,passive violence,1
দালাল মিডিয়া মানুষ হাজার না লাখ লাখ বলে কইশ সালার পুলিশ মারর দরকার তারা ভারতের দালাল,direct violence,2
"আগেই বোঝেছিল এবার দেশে পুজার নামে উগ্র হিন্দুরা মুসলমানদের নানা ভাবে অপমান করবে,কারন আওয়ামী নামে বর্তমান হিন্দু সরকারও তাদের সাথে আছে।সরকারের দ্বারা এদেশে হিন্দুদের চেয়ে মুসলিমরা বেশি নির্যাতিত।তীব্র প্রতিবাদ জানাই,কাদেরের এই বক্তব্যকে এবং কুরআন শরীফ অবমাননা করার গঠনাকেও।",passive violence,1
একজন ইসলামের দুশমনের হত্যাকারীর জন্য আমেরিকা পুরস্কার ঘোষণা করে। আর নিজেরা তালেবান কাবুল নিয়ন্ত্রণের পর আই এস উচিলা দিয়ে আফগানিস্তানে বোমা মেরে শিশুসহ ১০জন সাধারণ মানুষ হত্যা করে ক্ষতিপুরন দেয় না।এটাই ইসলাম বিদ্বেষী সভ্য দাবিদারদের মানবতার নমুনা।,non-violence,0
"এই শালারে জন সম্মুখে আগুনে পুড়িয়ে মারা হউক, যাতে করে আর কোন অমানুষ এ রকম কাজ করতে সাহস না পায় ।",direct violence,2
এখন দেশের পুলিশ অন্ধ হয়ে হাত গুটিয়ে আসে আছে কেনো?এখন কেনো পুলিশ সংঘর্ষকারীদের ভূতুরে মামলা দিচ্ছে না❓যেখানে দেশের পুলিশ সামান্য সত্যের পক্ষে প্রতিবাদ করায় প্রকাশ্যে গুলি করে মানুস হত্যা করে সেখানে ক্ষমতা দখলকে কেন্দ্র করে মগের মুল্লকের মতো খুনোখুনিতে পুলিশ হাতগুটিয়ে বসে কেনো❓,passive violence,1
"আল্লাহ পাক ভারতকে হেদায়েত করো, নতুবা ধ্বংস করে ‌দাও।",direct violence,2
আপনারা মনে আপনাদের বাবা মায়ের জন্ম না,non-violence,0
হলুদ মিডিয়া।। হাহা আর কতদিন ? মৃত্যু অনিবার্য জেনেও মিথ্যা সংবাদ প্রচার করো,passive violence,1
কে বলল আওয়ামীলীগ মানে মুসলমান? তারা তো কাফের!,passive violence,1
এখানে আমি মত প্রকাশ করলে তো আমাকেই গ্রেপ্তার করা হবে।,non-violence,0
আলহামদুলিল্লাহ্ অনেক অনেক খুশি হয়েছি😁😁😂😂😂,non-violence,0
বাংলাদেশ কে তিস্তা নদীর পানি চেড়ে ডুবাই দিলে আর তুমি বাংলাদেশের ভালো চাও। তোমার থেকে ভালো কিছু আশা করা যাবেনা।,non-violence,0
ধন্যবাদ শিক্ষার্থী ভাইদের।অসাধু দুর্নীতি বাজ ব্যবসায়ীদের উত্তম মাধ্যম দেয়ার জন্য।😊,passive violence,1
"হুম বুইজ‌তে ফাইচ্ছি এম‌পি সা‌হেব একটা মহা‌মিথ্যুক।অাহা‌রে মিথ্যা,খা‌লি মিথ্যা অার মিথ্যা কথা।রাজনী‌তি কি বি এন‌ পি`র সা‌থে ক‌রেন না‌কি সাধারন জনগ‌নের সা‌থে ক‌রেন?কোনটা?",passive violence,1
সব হুজুরদের দোশ আর সবাই ভালো! আল্লাহ কিন্তু দেখে এর সঠিক বিচার হবে ইনশাআল্লাহ!,non-violence,0
"আপত্তিকর পোশাক পরা উচিত নয় কিন্তু ড্রেস কোড মেনে চলা উচিত। ধর্মকে এখানে জড়ানো উচিত নয় । যখন কলেজে ভর্তি হয় তখন নিয়ম কানুন জেনেই তো আসে । ভরতি হল কেন ? তাহলে এখন হিজাব, বোরখা, গেরুয়া পোশাক এর কথা উঠবে কেন । অনেক মনে করেন এরা শিক্ষা কলুষিত করছে । যে ধর্মের হোক কলেজ কর্তৃপক্ষ নিয়ম মেনে ব্যবস্থা নিক এটা অনেকে মনে করেন । ধর্ম বিচরন করুক মন্দির মসজিদে ও গির্জায় বিদ্যাঅঙ্গনে নয় । আফগানিস্থানের মত ভারত যেন নষ্ট না হয়ে যায় সেটা সকলে দেখবেন ।",direct violence,2
"সোনার ছেলেদের থেকে এর চাইতে আর কি ভালো কিছু আশা করা সম্ভব। সোনার ছেলেরা করলে সংঘর্ষ ,আর কেউ করলে সেটা সন্ত্রাসী।",passive violence,1
আগে আমাদের ছাএ দের সাথে সমস্যা সমাধান না করা পর্যন্ত দোকান পাট বন্ধ রাখতে হবে,non-violence,0
মন্দিরে হামলা করার আগে এই বাল পাকনা যুক্তিবাদীরা কই ছিলো??? তখন একবারো কি মনে হয় নাই এটা ষড়যন্ত্র করে রাখা হইছে???,non-violence,0
"সব দায় সিইসিকে নিতে হবে। তার কারনে দেশে ভোট চুরি হয়, আগের রাতে ভোট হয়। আর এ কারনেই সহিংসতা",non-violence,0
"ঢাকা কলেজের শিক্ষার্থীর জঙ্গিদের মতো আচরন করছে, দুদিন পর পর বাড়াবাড়ি হট্টগোলে লিপ্ত হচ্ছে",non-violence,0
রাজনিতিতে কি আছে যে মানুষ কুত্তার মত পাগল হইয়া যায়...?,non-violence,0
তুরা আরেক দালাল,passive violence,1
যে পদচারি ভাই নিহত নাহিদ তার পরিবারের পাশে দাড়ানোর কথা বলা দরকার &#39;এবং মালিক সমিতি ঐ পরিবারকে ক্ষতিপুরন দিবে,non-violence,0
ঢাকা কলেজের নাম শুনলে মানুষ এগুলোই বলে। ঢাকা কলেজ মানেই দৌড়াদুরী। ইট মারা।,passive violence,1
এই দেশের ছাত্রলীগ রইল বড় রাজাকার ছাত্রলীগে দেশটারে লুটপাট করে হতাশ,passive violence,1
এর দালালি সেরে ভালো হয়ে যান আপনারা সাংবাদিকতা করেন আপনাদের ঘরে যদি কেউ আগুন দেয় সেটাও কি আপনারা বলবেন যে গুজব এই গুজবের দোহাই দিয়ে আর কতদিন চলবেন,passive violence,1
সাংবাদিক গুলাও দালাল হয়ে গেছে,passive violence,1
তুর মার জামাই তোদেরও কি মনে নাই জিহাদ করতে গিয়ে আমেরিকা তোদের ২০ বছর জাহান্নাম করে রেখেছিলো সুখে থাকতে ভূতে কিলায় 😂,passive violence,1
কারণ ঐ এলাকায় ছাত্রলীগ নেতাকর্মীরা উপস্থিত ছিলেন এই জন্য হামলা করতে পারে নাই,non-violence,0
হায়রে রাজনীতি। গজব পড়বে তোদের উপর,passive violence,1
দেশে বি এন পি আছে না কি গুজব,non-violence,0
"এই পুতুল নির্বাচন কমিশন লিগ আবারও প্রমাণ করলো তারা কতটা অক্ষম,, তাই দেশে শান্তি শৃঙ্খলা ও গনতন্ত্র ফিরিয়ে আনতে সবার আগে এই ইসি ধংস করতে হবে।",passive violence,1
ছাত্রদের গুলি করার অধিকার তারা কিভাবে পায়?,non-violence,0
"স্বাধীন মত প্রকাশের নামে কারো ধর্মীয় অনুভূতি কে আঘাত করা কি নামে বাখ্যা করবেন,,,,",non-violence,0
এই মেয়েটা মিথ্যা কথা বলছে।,passive violence,1
কোন এক নিষিদ্ধ পল্লিতে জন্ম নেওয়া জারজ সন্তান গুলাই পুলিশের পোশাক পরে মুসলমানদের উপর অত্যাচার করতেছে।,passive violence,1
পৃথিবীর মধ্যে ভারতই একটি মাত্র দেশ যারা সংখ্যালঘুদের কঠোর নিরাপত্তা দান করে।😆😆😆,non-violence,0
একটার পর একটা গজব পড়তেই আছে তারপরও ওরা বোঝে না ইসলামের ওপর আঘাত হানলে আরো গজব পড়তে পারে,non-violence,0
মনগড়া কথা বলে জনগনকে বুঝাতে পারবে না যতটা বোকা বুঝে জনগনকে এতো টা বোকা না জনগণ বর কথা হলো সরকার থেকে শুরু করে বাংলাদেশের অক্সিজেন ও যেনো আওয়ামী লীগ হতে হবে শেষ কথা বলতে বাংলাদেশকে গনতন্ত্র না বলে আওয়ামীলীগতন্ত্র বলতে হবে,non-violence,0
স্থানীয় নির্বাচন দলীয়ভাবে করায় সবদিক দিয়ে ক্ষতি রাজনৈতিকদলগুলোর ও বদনাম এলাকাভিত্তিক ও অশান্তি সৃষ্টি করছে এ দলীয়ভাবে হওয়াতে,non-violence,0
"ভাই পুলিশ রাতা তো ব্যবসায়ীদের পক্ষে থাকবে কারণ ব্যবসায়ীদের কাছ থেকে টাকা নেয়, আর পুলিশকে তো ছাত্ররা তো আর টাকা দিতে পারে না, এই কারণে ছাত্রদের পক্ষে নাই পুলিশ, পুলিশ হলো এমন একটা শব্দ যেখানে ঘুশ আছে সেখানেই পুলিশ আছে",passive violence,1
মিথ্যা প্রোপাগান্ডা ছড়াইয়েন না।,non-violence,0
"বেয়াদবি মাফ করবেন 🙏আমার মুসলমান ভাই যারা বলতেছ না ধর্ম যার যার উৎসব সবার তাদের কাছে আমার ছোট একটা প্রশ্ন,,?? তুই যে বলতাছস ধর্ম যার যার উৎসব সবার তোর সাথে আমাদের ঈদের নামাজ পড়তে কয়জন হিন্দু গিয়েছে,,,,? যারা কস না ধর্ম যার যার উৎসব সবার তোদের জন্মের ঠিক নাই, তাই তোদেরকে বলতেছি ভালো হয়ে যা,না হয় আল্লার গজবের জন্য প্রস্তুত থাক ,,!✅",passive violence,1
"ধন্যবাদ কাকা কলেজের শিক্ষার্থীদের, কারণ অন্যায়ের প্রতিবাদ করছে তারা।",non-violence,0
জয় বাংলা জয় কুত্তালীগ জয়শ্রী হাসিনা চোর স্বৈরাচার কিমিনাল মাফিয়া,passive violence,1
"রাজনীতি হল মিথ্যাচার করা,তুমি মিথ্যা বলতে পারলেই রাজনীতি করতে পারবা",non-violence,0
এগুলো পাগল করে না। পাগলের পেছনে কিছু শোয়ারের বাচ্চা কল কাঠি নাড়ে,passive violence,1
‌সত্য ও নির‌পেক্ষ সংবাদ প্রচার করুন। মিথ্যা সংবাদ প্রচার ক‌রে কেন প্রকৃত সত্য আড়াল কর‌ছেন। ত‌বে কি এরকম ঘটনা ঘটা‌নোর জন্য নাটক আগেই সা‌জি‌য়ে রেখ‌ে ছি‌লেন ?,passive violence,1
পবিত্র মাসে এগুলো কি শুরু করছে আল্লাহর হেদায়েত দান করুক আমিন,non-violence,0
যেখানেই পুলিশ এর দল থাকবে সেখানে বম মারা উচিত,direct violence,2
যখনই ভয় পাই তখনি আল্লাহর নাম নিই। সত্যিকারের ইমানদারের আওয়াজ।,non-violence,0
ভারতের দালাল আওয়ামিলীগ,passive violence,1
পৃথিবীতে এর চাইতে ভাল নির্বাচন আর কোথাও হয় না একমাত্র বাংলাদেশ ছাড়া,non-violence,0
বাংলাদেশে কোন ন্যায় বিচার নেই ইসলাম নিয়ে কথা বলা যায় না ইসলামের বিপক্ষে যারা কথা বলে তাদের কিছুই বলা যায় না বলতে গেলে জঙ্গী বলা হয় তাকেএটা বাংলাদেশ আওয়ামিলিগের দেশ,non-violence,0
বাপের জন্মে এত ক্লিয়ার সি সি টি ভি ফুটেজ দেখি নাই আমি। ভাই আমাকে কি এই সি সি টি ভি ক্যামেরার নামটা যোগার করে দেয়া যাবে? চুথিয়া যত্তসব।,passive violence,1
দুইজন মানুস নিয়ে হরতাল বন্ধ করবে🤣🤣😂😂,non-violence,0
"ওখানে কি ছাত্ররা হামলা করেনি,,?",non-violence,0
অভিজিৎ রায় হওয়াতে ৪৪কোটি পুরস্কার ঘোষণা! কতো ঘুম খুন হচ্ছে কই তখনতো কোনো শব্দ করেননা?,passive violence,1
সারা পৃথিবীর মতপ্রকাশের স্বাধীনতা শুধু ইসলামের বিরোধিতা করে। হে আল্লাহর আপনি আমাদের হেফাযত করুনযালেমদের কে হেদায়েত করুন।,non-violence,0
বিবিসি বাংলা হচ্ছে সরকারি আর ভারতের দালাল।,passive violence,1
আল হামদুলিল্লাহ্...প্রিয় ভিউয়ার্স আপনাদের ভালবাসায় ইসলামিক চ্যানেলটি এগিয়ে যাচ্ছে।আপনাদের একান্ত সাপোর্ট ও আল্লাহর রহমত নিয়ে অনেক দূর এগিয়ে যাবো ইনশা আল্লাহ্🦋🦋🌺🌺🦋🌹🌹🌻,non-violence,0
স্কুল মানেই ইউনিফর্ম। একটি শেখার জায়গা। কোনো ধর্ম পালন করার জায়গা নয়। এখানে যে কোনো ধর্মের শিক্ষারথী আসতে পারে। সবার প্রতি সমান অধিকার সব শিক্ষাথীর।,non-violence,0
আচ্ছা হঠাৎ করে হামলা করলে অস্ত্র পেল কোথায় আওমলিগ ?,non-violence,0
"হল বন্ধ করার আগে নিউমার্কেট বন্ধ করা উচিৎ,,।",direct violence,2
"কাস্টমার এর সাথে খারাপ ব্যবহার করার ফল এটা,,,উচিৎ শিক্ষা হচ্ছে ওদের",non-violence,0
সবাই সুস্থ না হয়া প্রযন্ত নিউজ চাই।,non-violence,0
"নিউমার্কেটের দোকান দারা রা খুবই বাজে ব্যবহার করে,,,মাজে মাজে",non-violence,0
ভাই এই ছোট্ট বোন টার পাশে একটু ধারান কোরআন গজল এবং আরও অনেক ভিডিও বানাই 💜💛,non-violence,0
আওয়ামীলীগ মানেই সন্ত্রাসী চোর চাঁদাবাজ খুনিএদের দারা কন ভালো কাজ সম্ভব নয়এখন দরকার বি এনপির সরকারবি এনপির ভাইয়েরা সাবস্কাইব করেন,passive violence,1
কিভেবে মা ও বোনদের লানচিত করছে আল্লাহর গজব পড়বে।হয় তাদের হেদায়েত দান করো আল্লাহ নয়তো গজবদিয়ে এই সব মানুষ রুপি হায়েনাদের তুমি তুলে নেও।মুসলিম দেশ গুলো এগুলো দেখে কিভেবে সহ্য করে বুঝিনা।,direct violence,2
"মাশাআল্লাহ খুব সুন্দর হয়েছে।প্রিয় ভাই এগিয়ে যান , আমরা আছি আপনার সাথে। দোয়া এবং শুভকামনা রইল 🤲🤲",non-violence,0
ওরা খুনি । এখন বি এন পি জামাত নেই তাই নিজেরা নিজেদের খুন করছে।,passive violence,1
ভারত সরকার পাগল মাতাল রুপের নেশায়,passive violence,1
"চালিয়ে যাও ছাত্র ভাইরা তোমাদের আন্দোলন,,, জিএম শরীফ এর পুরো সাপোর্ট আছে তোমাদের পহ্মে।",non-violence,0
যেখানে ভোটারদের কোনো নিরাপত্তা নেই সেখানে ভোটাররা ভোট দিতে যাবে কেন এটাই আমার প্রশ্ন????🙇🏻‍♂️,non-violence,0
সুন্দর সিদ্ধান্ত নেওয়া হয়েছে,non-violence,0
"এরা যে রকম বলছে কোনু ব্যবসায়ী এরকম আচরন কারো সাথে করেনা,,,মার্কেট বন্ধ কখনো রাখবেনা সরকার কারন এতে রাষ্টিয় ভাবে কোটি কোটি টাকা লোকসানে পড়বে,,,",passive violence,1
এরা নিরপরাধ মানুষকে হত্যা করেছে। এরা যেন জান্নাতের সুঘ্রাণও না পায় (আমিন)।,non-violence,0
"বিচার হবেই সেদিন আপচোস কোরবে কিন্তু লাভ হবে না,,,,",non-violence,0
কলেজে না গেলাম মহিলা মাদরাসায় ভর্তি হোক ‌।আগে ইসলাম বাকি সব অচল মাল। ভাই ইচ্ছা থাকলে উপায়ে হয় মাধরাসায়ে পরেও অনেক কিছু করা জায় । নিয়াতের নাম বরকত,non-violence,0
"গটনা জাই হুক, এর উছিলায় দুকানদারদের বিরুদে আইনি বেবস্তা নেওয়া হুক। এরা জাতে আর কুনদিন সাদারন ক্রেতাদের সাথে খারাপ বেবহার না করতে পারে।",non-violence,0
ভাই আপনাদেৱ কি লজ্যা কৱেনা এগুলো দেখাতে,non-violence,0
পুলিশ কেন ঘুষ খায় পুলিশ কেন দুষ্টু পুলিশ কেন নরপশু পুলিশ কেন জানুয়ার কেন গরদ্দব পুলিশ কেন হারাম জাদা পুলিশের কেন লজ্জা শরম নাই পুলিশ কেন বেহায়া বেশরম নির্লজ্জ বেইমান বিশ্বাস ঘাতক আর কোনো ভাষা নাই পুলিশের বিশ্বাস ঘাতক মির্জা পর এই বেটা পুলিশের চাম চামি করিছ না,passive violence,1
আপনি জানেন নবীকে নিয়ে কিছু বলা হচ্ছে মুসলমানদের আবেগ অনুভূতি নিয়ে বলা।সারাবিশ্বের অহরহ অমুসলিম আছে যারা নবীকে শ্রদ্ধা করেই কথা বলে।আপনি কোন রিলিজিয়ন এর শিক্ষায় শিক্ষিত সেটা বলছিনা।কেননা কোন রিলিজিয়নয়েই এরকম শিক্ষা দেয় না।এটা আপনার বিকৃত মানসিকতার পরিচয়।,non-violence,0
ঢাকা কলেজর ছাত্রদের উপর পুলিশ ও ব্যবসায়িদের নির্যাতনের তীব্র নিন্দা জানাই।,non-violence,0
"বায়তুল মোকাররম মসজিদ সহ সব জায়গায় তান্ডব চালালো পুলিশ ছাত্রলীগ যুবলীগ, আর সাংবাদিক নাম বললেন হেফাজতের কথা!!",passive violence,1
বাংলাদেশে এই ভোট বন্ধ করা হোক,direct violence,2
"আরে ভাই পিছনে যে ছেলে গুলো ছিলো অদের জন্য কথা বলতে সমস্যা করছি লো।।কে জানি কার পক্ষে কথা বলতে গিয়ে মার খেতে হবে তাকে,কি দরকার মার খাওয়ার।। যে খানে প্রশাসনের লোক ই মার খেয়ে মরে গেলে।।বিজি বির উচিত ছিলো একসাতে হয়ে ক্রশ ফায়ার করা জারা এর সাতে জরিত।।। সবায় মনে হচ্ছে হাতে চুরি পরে নিয়েছে।।।",direct violence,2
"শেখ হাসিনার মত জারজ সন্তান জন্ম দিয়েছেন যে কুত্তার বাচ্ছা আল্লাহ যেন তার জাহান্নাম নসিব করে এমন কুত্তার বাচ্ছার কারন জনগণের এই অশান্তি, খানকই মাঘি",passive violence,1
বি এন পির মিছিল হলে এতো দেরি লাগতো না।,non-violence,0
আমার মনে হয় এই বোন থেকে সকল মুসলমানদের শিক্ষা নেওয়া উচিৎ।,non-violence,0
হিন্দুদের গোলামী আর কত করবি তোরা সীমার বাইরে গোলামী করতেছিস লজ্জা হওয়া উচিত তোরা নাকি মুসলমান নিরাপত্তা না দিয়ে তোরা হিন্দুদের পূজার নিরাপত্তা,passive violence,1
বুজে আসেনা .এরেপোটার কি ভাবে বিবিসিতে চানস দিলো . এক প্রোসনো বার বার করে . ৷ বিবিসি কে অনুরধ জানাই .তাদের নাম খারাভ না করে ৷ আশা করি একটু দেখবে . ৷ ধননোবাদ বিবিসি বাংলা কে ৷,non-violence,0
নিজেদের দোষ অন্যের ঘাড়ে চাপানো যাদের কাজ তারা এসব বলবেই 😂সারা বিশ্ব জানে একমাত্র মুসলিমরাই ঠিক এবং ভদ্র।,passive violence,1
বিজেপি সন্ত্রাসী দল। বিজেপির উস্কানি ও মুসলিম দমনের কারনে শেষ পর্যন্ত গাজওয়াতুল হিন্দ হতে পারে,passive violence,1
সাবাস।দোকান সব ভেংগে দিতে হবে বা পুড়িয়ে দিতে হবে,direct violence,2
"আমাদের দেশের বেশির ভাগ মেয়েরাই তো মর্ডান হিজাব পড়ে না তারা হলে আন্দোলন করত না আমি ৯৫% নিশ্চিত, তারা আরও বলে ছেলে মেয়ের সমান অধিকার দিতে হবে, কিন্তু তারা বুঝে না যে শারীরিক দিক থেকে ছেলে মেয়েরা যেমন না, সমান তাই তাদের অধিকারও সমান না।",direct violence,2
ভারতের আদালতকে বুঝতে হবে হিজাব পরিধান মুসলিম নারীদের জন্য অগুরুত্বপূর্ণ এবং ধর্মের সাংস্কৃতির সাথে জড়িয়ে আছে ইতিহাসও অত্যাজ্য ধর্মনিয়ে বাড়াবাড়ি ইসলাম ধর্মাবলম্বীদের মনে চরম আঘাত যেকোনো দেশে যেকোনো মানুষের স্বাধীন ধর্মপালনের অধিকার আছেন আপনাদেরকে এটি মনে রাখতে হবে,non-violence,0
কাফের আদালতের কুফুরী রায় হাসছে মুজাহিদরা।,non-violence,0
"এখানে পুলিশ আওমিলিগ পা চাটে কিছু করে না খুন হলে কথা হবে না,",passive violence,1
এমন হরতাল করতে হবে পুরা দেশে পুলিশ বাধা দিলে তাকে মেরে ফেলতে হবে। পুরা দেশে কমপক্ষে দশ হাজার পুলিশ মেরে ফেলতে হবে। তারপর দেশে যুদ্ধ চালু করতে হবে ঘরে বসে থাকার আর সময় নাই। যার যা আছে তা নিয়ে নেমে আসো দেশ বাচাও জনগন বাচাও।,direct violence,2
"একদম ঠিক হয়েছে,,, ওদের ব্যবহার খুব খারাপ,,, একদিন এক ভদ্র মহিলাকে দাম নিয়ে যা নয় তাই বলে অপমান করলো আমি পাশের দোকানে ছিলাম,,এতো সাহস পায় কোথা থেকে,,, মিনিমাম সম্মানটাও করতে যানে না বেয়াদবগুলে,,,,ঢাকা কলেজকে ধন্যবাদ।",passive violence,1
তাহলে আসুন আপনার পাছায় দুটো বোমা ফাটাই আল্লাহু আকবর বলে ।,direct violence,2
কলেজ কতৃপহ্মের কোনো সমস্যা নেই যারা হিজাব পরছে তাদের ও সমস্যা নেই। তো ঐসব লোকের সমস্যা কি😡😡😡😡😡😡😡আর গেরুয়া পরুক আর যা খুশি পরুক কলেজ কতৃপহ্ম যদি অনুমতি দেয় পরবে। ইনশাআল্লাহ যারা এই অন‍্যায় করছে তাদের শাস্তি আল্লাহ খুব শিঘ্রই দেবেন,non-violence,0
আলহামদুলিল্লাহ। এই বোন আমাদের গর্ব,non-violence,0
আমার বালের নিউজ করছে দালাল রা,passive violence,1
"তাহলে বকরাইদে, হিন্দু, ভাই রা, আসবেন তো",non-violence,0
"তদের বিজিপির মারে বাপ,,,,,আগে বিচার হবে তার পরে ,,,, পূজা হবে,",direct violence,2
তোদের মত নেতাকর্মীদের কারণে আজ বাংলাদেশে ইসলামের অথবড় অবমাননা হলো এরপরে তোরা কিভাবে ইসলামের বিরোধিতা করি,passive violence,1
পুলিশ ইউক্রেনে ছিলো ওইখানের যুদ্ধ সামাল দিতে😊,non-violence,0
বিচার মাত্র শুরু হয়েছে,non-violence,0
"দুঃখজনক, তবে ব্রামনরাও পৈতা খুলে স্কুলে ঢুকছে কিনা সেটাও পরীক্ষা করা উচিত",passive violence,1
"কুত্তার বাচ্চা রা বেশি বারা বারি করে তাই তাদের জোগ্য জবাব দিতে হয়,ভাই",direct violence,2
স্কুল কলেজ এ আবার কিসের ধর্ম কিসের হিজাব। ধর্ম হবে তোদের বাড়িতে। স্কুলটাকে শিক্ষা প্রতিষ্ঠান না ভেবে ধর্মস্থান ভাবলে মাদ্রাসায় গিয়ে পরাই ভালো,passive violence,1
মিথ্যা এর জন্য দায়ী আওয়ামিলীগ,passive violence,1
যে উকিল এবং বিচারক যারা এই রায় সাথে জড়িত এবং যারা এই রায় কে সমর্থন দিবে তারা সবাই ঈমান হারা হয়ে গেছে।,non-violence,0
"যে সমস্যাটা কুমিল্লায় হয়েছে, সেটা আসলে ঢাকার জন্য একজনকে গ্রেফতার দেখাবে । আমরা বাঙালীরা এই রকম নাটক দেখতে দেখতে অনেকটা অভ্যস্ত হয়ে গিয়েছি।",non-violence,0
"দালাল,",passive violence,1
দেখা যাক সরকার কি বিচার করেন।।।,non-violence,0
"এগুলো হেলমেট গুলো কি ভারতীয় হিন্দুদের এজেন্ট,যে ঈদে ব্যবসায়ীদের অর্থনৈতিক ক্ষতি করার পরিকল্পনা।সরকার সব জানে,সে জন্য পুলিশ আসতে দেরি করছে।আগে হিন্দুদের পিছনে লাগছে, এখন মুসলিমদের।ঢাকা কলেজ বাহানা মাত্র।সঠিক তদন্ত হলে হেলমেটের আসল রহস্য বের হবে।মাম্মু তোমার কোন ক্ষমা নেই।",passive violence,1
যুদ্ধ করতে হলে ইউক্রেনে চলে যান।,direct violence,2
তান্ডবের কি? দেখেছ তান্ডব শুরু মাত্র,direct violence,2
ভাই জঙ্গি বইলেন না,non-violence,0
যদি সাধারন চেয়ারম্যান মেম্বারের ভোটে বাংলাদেশের একটা সৈনিককে প্রাণ দিতে হয় তাহলে কিন্তু মন্ত্রীর ভোটে আরো কত নিচে পড়ে যাবে তাহলে এই দেশে সরকার কতটুকু ভাল রাখছে আমাদের,non-violence,0
এই কুত্তার বাচ্চারা ধর্মকে আঘাত করা এইটা কোন ধরনের মত প্রকাশের স্বাধীনতা।,passive violence,1
"ধর্ম যার যার - উৎসব তার তার.. কিন্তু, নিরাপত্তা পাবার অধিকার সবার..",non-violence,0
"হে আল্লাহ্‌ আপনি আমাদের হেফাজত করুন , আমাদের কল্যাণ দান করুন",non-violence,0
সাংবাদিক তো সরকারের দালাল,passive violence,1
"দুর্নীতিবাজ সরকারের দুর্নীতিবাজ পুলিশ, টাকা পেয়ে থানায় বসে আছি, এদিকে রণক্ষেত্রে পরিণত হচ্ছে, দেশের শান্তি-শৃঙ্খলা রক্ষা করার দায়িত্ব কে নেবে.. ‌..???",passive violence,1
সঠিক ব‍্যাকখা দিয়েছেন ভাই,non-violence,0
"ইসলামের সবচেয়ে বড় শত্রু হলো মিডিয়া, আর কিছু দালাল সাংবাদিক",passive violence,1
​বৈষম্য!উগ্র হিন্দুত্ববাদীরাই বলবে।আমি বাংলাদেশের মুসলিমদের সাথে ভাল আছি।,passive violence,1
"স্কুলের ইউনিফর্ম যেটা সেটাই পড়তে হবে সেখানে। পাঠশালায় হিন্দু, বৌদ্ধ, মুসলিম, খ্রিস্টান,আরও কত জাতি পড়তে আসে।স্কুল নিজ ধর্ম পালন করার জায়গা নয়। নিজ ধর্ম পালন করার জন্য নিজেদের ধর্মীয় প্রতিষ্ঠানে শিক্ষা গ্রহণ করতে হবে।",direct violence,2
ইসলামের বিরুদ্ধে কিছু বললে জিহ্বা কেটে ফেলা হবে।,direct violence,2
হিন্দু কোন বিচারকের কাছে মুসলিমরা ন্যায় বিচার পাবেনা।ভারতের রাজনীতির ধারাও এমন।মুসলিমদের খোঁচা না দিলে ওদের ঘুম হয়না।শয়তানের সব চর্চাই ভারতে হয়।ধিক্কার জানাই তোদের মত শয়তানদের।,passive violence,1
ধরা খাইয়া গেছে 😁😁😁😁 আর কয় ভাই বোন ঝগড়া লাইগা গেছে ভাই 😁😁😁 আর কত চুরি করবি কুত্তা লিগের কুত্তারা 😁 আমরা নাটক বুঝতে পেরেছি 😁,passive violence,1
অসংখ্য ধন্যবাদ যমুনা টেলিভিশনকে সত্যটা প্রকাশ করার জন্য,non-violence,0
ইনশাআল্লাহ আল্লাহ তায়ালা সঠিক বিচার করেন ইনশাআল্লাহ,non-violence,0
জুতা ছিড়ে যাবে তারপরও বিচার পাবে না,non-violence,0
ছাত্রলীগ তো সোনার ছেলে ওরা মারা মারি কেনো করবে । এখন পুলিশলীগ দেখবে বিএনপিকে মামলা হবে ডরজন খানিক,passive violence,1
হাসিনার পা চাটা দালাল সাংবাদিক,passive violence,1
হে আল্লাহ তুমি তাদের রক্ষা করো,non-violence,0
জারজের বাচ্চারা এটাকে গুজব বলছে,passive violence,1
"বাংলাদেশের মিডিয়া গুলো ভারতের দালালি করে, সকলকে অনুরোধ করবো এইসব দালাল মিডিয়া গুলো কে বর্জন করুন।",direct violence,2
বাংলাদেশ কি মত প্রকাসের স্বাধীনতা আছে........সরকার কি এই স্বাধীনতা দিছে কাউকে,non-violence,0
মুসলিমদের শান্তি মত ধর্ম পালন করতে দেয়া হোক। মুসলিম রেগে গেলে জান দেবে তবু অন্যায়ের সাথে আপোষ করবে না।ইসলামে কোন অন্যায়ের স্থান নেই।,non-violence,0
বিচারক কি মত প্রকাশের স্বাধীনতা বুঝেন?,non-violence,0
একজন বাবা কতোটা অসহায় হলে এই কথা বলতে পারে আল্লাহ তুমি বিচার করো,non-violence,0
সবজায়গায় নেতামি করা ঠিক হয়নাই তুমার মিথ্যা কথা সুনে এই ছাত্রদের খারাপ পরিনতি হয়েছিলো তাই এ-ই তিনজনের মারামারির দায় নিতে হবে,non-violence,0
আমাদের হাজীগঞ্জ ৭ জন মারা গেছে।,non-violence,0
হলুদ সাংবাদিকতা ছেড়ে দিয়ে নিরপেক্ষ সংবাদ পরিবেশন করুন। আপনাদের হেডলাইন দেখেই বুঝা যাচ্ছে যে ব্যবসায়ীরা আপনাদেরকে টাকা দিয়ে বুকিং করে ফেলেছে।,passive violence,1
আমি ও সবার মতো বিচার চাই,non-violence,0
কর্তব্যরত পুলিশ ডিউটি থেকে অনুপস্থিত ছিল কেন? ঐ রাতে যাদের পুজামন্ডুপে ডিউটি ছিল তাদের বিচারের আওতায় নেওয়া হোক।,non-violence,0
মারা গেছে কয়জন,non-violence,0
হে আল্লাহ তোমার কাছে একটা বিচার চাই আওয়ামীলীগের এই শয়তান গুলোকে মাটির সাথে মিশিয়ে দিন,direct violence,2
ফুটবল কে কে খেলতে পছন্দ করেন?,non-violence,0
"ঢাকা কলেজের শিক্ষার্থীরা ভবনের ছাদ থেকে ইট-পাটকেল ছুড়ছে, এটাতো শিরোনাম ঠিকই দিতে পারছেন। কিন্তু ব্যবসায়ীরা কোথা থেকে হামলা করছে সেই শিরোনামের কোন খবর নাই ।",passive violence,1
নির্বাচন কমিশনার বেহুদা হারামজাদা বলবেখুব সুন্দর ভোট হয়েছে,passive violence,1
আল্লাহ ওদের উচিৎ শিক্ষা দেও,direct violence,2
আজ বুঝতে পারলাম লেখা পড়া করলে ই শিক্ষিত হওয়া যায় না যত শিক্ষিত বেশি ততই চোর বেশি হবে এদের চেয়ে রাস্তায় ভিক্ষারি হাজার গুন ভালো সালাম জানাই রাস্তায় ভিক্ষারি কে যে এদের মত না,non-violence,0
বাংলাদেশের মিডিয়া মানেয় দালাল।,passive violence,1
বাংলাদেশের সব মানুষ এনাদের পক্ষেশুধু ভারত বা হিন্দুদের খুশি করতে এ রায়;,passive violence,1
বাংলাদেশে শিক্ষ চোর বেশি,non-violence,0
"গাড়ি ভাংগা কে সমর্থন করা যাই না, কিন্তু অতিতেত ঘটনার চেয়ে নেগেটিভ নিউজকে হাইলাইটস করা হয়। এই দুবল সরকার কে টিকিয়ে রাখতে চাই কিছু ফন্দি বাজ মহল, তারমধ্যে সাংবাদিক রা একধাপ এগিয়ে, এই সরকার দিয়ে জাতির এখন কি হচ্ছে? শুধুই লুটপাট চালাচ্ছে একটি মহল। সাংবাদিক দের কাছে মনে রাজনীতি গণতান্ত্রিক কোন কর্মসূচি দেশে হারাম। এই সাংগাতিক যা বলছে তার নাম কি সাংবাদিকতা, জারির বিবেকের কাছে প্রশ্ন?",non-violence,0
"গটনা জাই হুক, এর উছিলায় দুকানদারদের বিরুদে আইনি বেবস্তা নেওয়া হুক। এরা জাতে আর কুনদিন সাদারন ক্রেতাদের সাথে খারাপ বেবহার না করতে পারে।।",non-violence,0
"একবারও বলিসনি কুরআন মূর্তির পায়ের কাছে রেখেছে,,,,,,,,এই রকম সাংবাদিক‌তা না করে রাতে ওভারব্রিজে থাকাও ভাল",passive violence,1
নিউ মার্কেটের দোকান গুলো বন্ধ করা হোক কারণ নিউ মার্কেটের ব্যবসায়ীরা হচ্ছে ডাকাতের বাপ ডাকাত এবং মাদারচোদ,direct violence,2
হে মহান রাব্বুল আলামিন আপনি এর বিচার করেন। আপনি ছাড়া কেউ নাই বিচার করার,non-violence,0
"এটা আমেরিকার নির্বাচনের দৃশ্য, আমাদের গনতন্ত্র অনেক উন্নত। 😀😄",non-violence,0
"এরকন হাজারো সিসি টিভির ফুটেজ আজকে টাকার কাছে বিক্রি হয়,,,টাকা হলে ১ টা কেনো ৪ টা ও বের করা যায়,,,আজকে আমাদের সাধারণ মানুষকে নানা ইস্যু দিয়ে ব্যস্ত রেখে তাদের ফায়দা তারা ভালো ভাবে ই লুটিয়ে নিচ্ছে,,,ভাই ঘটনার পরদিন এই ফুটেজ কই ছিলো,,দেশের গোয়েন্দা সংস্থা কি এতোই দূর্বল হয়ে গেছে নাকি যে ,,,১ ২ দিন পর ও বের করতে পারলো না ,,,ঘটনার পরদিন দেখলাম একজন রে ধরে তারে বলছে সে রাখছে ,,,এখন আবার ইকবাল ,,,বাহ্ ,,বাইনচুদ মার্কা অবৈধ সরকার ,,,",passive violence,1
বালের খবর ইন্ডিয়ার দালাল মিডিয়া!!!,passive violence,1
"আসলে বাঙালি হুজুগে। ইসলামের অপব্যাখ্যা জানে। জংগী আর মুজাহিদ দুটো দুই রকম গাধা! কাউকে মেরে ফেললে সে খুনি অবশ্যই এবং বিচারপ্রাপ্য। আবার ইসলামবিরোধী লেখায় কেউ যদি তাকে মেরে ফেলে সে তো মুজাহিদ না বরং জংগী, তাকে তার প্রথমে ভুল শোধরাবার সুযোগ তো দিতে হবে? মেরে ফেললে মুজাহিদ হল কোথার থেকে।",non-violence,0
সাংবাদিক হত্যার বিচার কবে,non-violence,0
এরকম আন্দোলন করলে অবৈধ হজরত তাহাজ্জুদি হাসিনা ক্ষমতা ছেড়ে ভারতে পালিয়ে যেত!,passive violence,1
লেখক মালু ভারতের দালাল,passive violence,1
"সেদিন কেউ রক্ষা পাবে না, যেদিন বিচারপতি নিজেই সাক্ষ্য দিবেন।",non-violence,0
ভারত শুধু বাংলাদেশের শত্রু নয় প্রতিটি সভ্য ও স্বাধীন মানুষের জন্য ক্ষতিকর রাষ্ট্র... নিজ নিজ অবস্থান থেকে ভারতে পণ্য বয়কট করুন এবং ভারতীয় দালালদের কঠোর হস্তে দমন করুন,direct violence,2
আল্লাহ তায়ালা এর একমাত্র বিচারক। তিনিই সুষ্ঠবিচার করবেন। তিনি এমন কাফেরদের চার দেবেননা। আল্লাহ তায়ালা আপনার কাছে বিচার চাই!😪😪😪😪,non-violence,0
"বালের লীগ, ছাএলীগ একটা সন্ত্রাসী সংগঠন, হ্যা ২/১ ভালো কর্মীও আছে, কিন্ত বেশীরভাগই কন্ডম দূর্ঘটনায় জন্ম নেওয়া জারজ...😤😡",passive violence,1
"হরতাল সফল করাই দেশবাসীকে আন্তরিক শুভেচ্ছা ও অভিনন্দন জানাই।হরতালে পুলিশী বাধা,হামলা, মামলা এবং আওয়ামী লীগ, ছাত্র লীগ, যুব লীগের হামলার তিব্র নিন্দা জানিয়েছে বাংলাদেশের কমিউনিস্ট পার্টি - সিপিবি।",non-violence,0
হিজাব পরা বন্ধ হবে ভারতে।,direct violence,2
"সে শাস্তি তো অনেক দেখলাম স্যার, আবরার হত্যার বিচার আজ পর্যন্ত হলো",non-violence,0
আল্লাহ আপনাদের ভাল রাখুক,non-violence,0
গলাটা খালি থাকলেই আপনাকে সুন্দর লাগতো আরো বেশি,non-violence,0
"ও হে মালুর দল , নিজেদের সাধু সন্যাসী ধার্মিক দাবি কর | অথচয় মুসলিম মেয়েদের হিজাব পড়তে বাঁধা দাও , নামাজ পড়তে বাঁধা দাও , মসজিদ ভেঙে দাও | এগুলা ই তোমাদের সনাতন ধর্ম শিক্ষা দেয় ? অথচ শালীন পোশাক পড়তে সকল ধর্মে ই বলা হয়েছে | মেয়েদের রূপ লাবন্য দেখার ইচ্ছা তোমাদের , তাহলে তোমাদের মা বোনদের রূপ লাবন্য উপভোগ কর |",passive violence,1
আল্লাহ কোন দেশে বসবাস করি।আওয়ামীলীগের উপর গজব নাজিল করো।,direct violence,2
সময় সংবাদ এর কাছ থেকে এটা আশা করি নাই অন্যরকমভাবে খবরটা বানাইলে ভালো হতো 😭😭,non-violence,0
"ধর্মের ব্যাপারে নিরপহ্ম মানেই জাহান্নামি! ভালো করে কোরআন পড় নাস্তিক, বেইমান, কাফের আবুজাহেল বাহিনী।",passive violence,1
পুলিশ লীগের ব্যবসায়ি লিগ মিলে টাকা কলেজ বন্ধ ঘোষণা করা হয়েছে এদের চাঁদাবাজি ভালোই করবে,passive violence,1
"হিন্দুরা আজ শাহবাগ অবরোধ করে দেশ অস্থিতিশীল করছে, অথচ কুরআন অবমাননা ও পুলিশের গুলিতে ৪ নিরপরাধ মানুষের মৃত্যুর প্রতিবাদে মুসল্লি জনগণকে সমাবেশ বা মানববন্ধন পর্যন্ত করতে দেওয়া হচ্ছে না। হিন্দুদের প্রতি সম্মান রেখেই বলছি মুসলিম রা এই অসাম্প্রদায়িক দেশে কেন নিপীড়ন, বঞ্চিত ও রাজনৈতিক প্রতিহিংসার শিকার হচ্ছে?",non-violence,0
বাংলাদেশ সরকারের কাছে একটাই আবেদন হিজাব ছাড়া কোন নারী যেন স্কুল বা কলেজ কিংবা কোথাও না যেতে পারে এরকম একটা আইন পাস করুন। যদি আমাদের সরকার মুসলমান হয় তাহলে এটা আশা করি পাস করবে ।,direct violence,2
অাল্লাহ ভাইদে শহীদি মর্যাদা দদন করুন,non-violence,0
দালাল মিডিয়া 😡😡😡😡,passive violence,1
বাধা আসবে যেখানে লড়াই হবে সেখানে ✊👊হবিগঞ্জবাসী এবং সিরাজগঞ্জবাসী মুক্তিকামী মানুষদের দেখিয়েছে এবার পুরো বাংলাদেশের মাটিতে আন্দোলন ছড়িয়ে দিতে হবে,non-violence,0
বিয়েন পি একদিনি মাতা ওঠাই আর শেইদিনি বিয়েনপি সফল হবে ইনশাআল্লাহ আর বিএনপি মিছিল করলে আওমিলিগের এতো চুলকাকে,non-violence,0
কুরআন শরিফ কে অবমাননা করায় কনো অপরাধ হয়নি।কারো গায়ে ও লাগেনি।আর মন্দির ভাংচুর করায় কলিজায় গিয়ে লাগছে।যত্যসব নাম ধারি মুসলমান। ইহাতো আল্লাহ কুরআনে বলেই দিছে কিছু নামধারি মুসলমান মুখে বলবে আমিমুসলিম এক আল্লাহর ইবাদত করি।আর অন্তরে বলবে আমি তো শয়তানের ইবাদত করি।আমি কেনো মুসলমানের দলে যাবো।আল্লাহ আপনি হেদায়েত দিন ঐ সব ব্যক্তি দের,passive violence,1
মুসলিমের কোন পশাক নিয়ে কোন ইহুদির বাচ্চা কিছু বললে তার ছাড় দেওয়া হবে না প্রয়োজনে ইসলাম রক্ষার জন্য জীবন দিতে রাজী কোন ইহুদির কাছে মাথা নতো করতে রাজি না,direct violence,2
অভিজিৎকে কিসের জন্য মারা হইছে এটা বলা হইলো না হায়রে সাংবাদিক তোরা ও ইসলামের বিরুদ্ধে কথা বলোছ।,passive violence,1
"সাংবাদিক ভাইয়েরা অনুগ্রহ করে অর্থবিত্তদের দিকে গিয়ে কাজ করবেন না,, বেকার স্টুডেন্টরা অসহায়ের মতো মার খাচ্ছে,,,, আমরা চাইবো নিরপেক্ষ খবর প্রচার করা হোক।",non-violence,0
এমন উগ্রবাদীতা শুধুমাত্র ভারতেই সম্ভব!ভারত ইতোমধ্যে উগ্রবাদী রাষ্ট্র হিসেবে সারা বিশ্বে পরিচিতি পেয়েছে।একা একটি মেয়েকে কিভাবে এতোগুলা উগ্রবাদী জনগুষ্টির দল জয় শ্রী রাম বলে কটাক্ষ করলো। আর সাহসী মানবি আল্লাহু আকবর স্লোগানে কিভাবে নিজের সাহসিকতার পরিচয় দিলো সেটাও পৃথিবীর কাছে দৃষ্টান্ত হয়ে রইলো।আল্লাহ মহান।,passive violence,1
"বুঝলাম না, মিডিয়ার এতো চুলকানি কেন ভাই???",passive violence,1
ব্যবসায়ীরা এই ছাত্র-ছাত্রীদেরই বাবা ভাই। অন্যায় যেই করুক না কেন সমাধান আলোচনা করে করা উচিত ছিল।,non-violence,0
বোন তোমার মতোন বোন বোন চাই আমরা। তোমার মতন বোনদের কলিজা কেটে দিতে পারি ইনশাআল্লাহ,non-violence,0
"যদি ছেলেটা মারা না যেতো আহত অবস্থায় থাকতো,, যদি সে ৫ লক্ষ টাকা ঘটনাস্থলে পাইতো,, তাহলে অনেকেই বলতো আমার সাথে ওর ধাক্কা লেগেছে বা সংঘর্ষ হওয়ার সময় টাকা গুলো পরে গেছে🙃",non-violence,0
"ও শালা দালালের বাচ্ছা দালাল জঙ্গি বলিশ কেন ওরা মোজাহিদ, পাশির পর আল্লাহ যেন উনাদের জান্নাতুল ফেরদাউস দান করেন আমীন",passive violence,1
আপনার কথার একমত,non-violence,0
দেখে অবাক লাগে এখনো কিছু কিছু লোকজন সেই হিন্দুদেরই দোষ দিয়ে যাবে।সত্যি আপনাদের তারিফ না করে পারা যায় না ভাই 👏👏,non-violence,0
আমার হোগা মারা সারা 🤣,non-violence,0
ইসলাম কে নিয়ে কটূক্তি করাটাই কি মত প্রকাশের স্বাধীনতা?,non-violence,0
ব‍্যবসায়ীদের চরমভাবে শিক্ষা দিন।কারন ওরা পাচশত টাকার মাল বিক্রি করে 5 হাজার ও 7 হাজার টাকায়।এবং নিরীহ লোকদের খুবই হেনস্থা করে।,direct violence,2
"আমাদের নবী সাঃ কে নিয়ে কটূক্তি করবে ,,আর এটা নাকি মত প্রকাশের স্বাধীনতা !!! তাহলে আমরাও শেখ মুজিবকে নিয়ে কটূক্তি করে বলে সেটা মত প্রকাশের স্বাধীনতা",passive violence,1
নিউমার্কেটে দোকানের করমচারীরা মেয়েদের ইভটিজিং প্রতিদিনের ঘটনা এর আগেও ছাত্র/ছাত্রী দের সাথে এমন হয়েছে শক্ত স্টেপ না নিলে এসব দোকানের করমচারীদের সন্ত্রাসী মূলক কারজকলাপ বন্ধ হবে নাহ।।,non-violence,0
একজন প্রত্যক্ষদর্শী পুলিশের বক্তব্য ছাত্রলীগ ও আওয়ামিলীগের নেতা কর্মীরা বিএনপির উপরে হামলা চালায়। পুলিশ মাঝখানে এলে তাদেরও মারধর করে এবং পুলিশের গাড়িও ভাঙচুর করে ছাত্রলীগ।,non-violence,0
কে নিবে এই দায় কলেজ শিক্ষার্থীরা না ব্যবসায়ী? কিছু উগ্রবাদী অধিকার আদায়ের নামে আন্দোলন করে ভাঙচুর করে মাঝে নিরহ মানুষের প্রাণ যায় ধিক্কার জানাই এই আন্দোলনকারীদের,non-violence,0
আল্লাহ যেন বোন টিকে সব সময় ভালো রাখে সুস্থ রাখে....!!,non-violence,0
"তাইলে মার্কেট বন্ধ করে দাও,,মার্কেট কেন খোলা থাকবে??",direct violence,2
এটা বলে গুজব এই মাদারী রিপোর্টারর কি হিন্দু নাকি,passive violence,1
এই জগন‍্য গৃর্নিত কাজের বিচার যত তাড়াতাড়ি হয় তত তাড়াতাড়ি পরিস্থিতি শান্ত হবে।ইনশাআল্লাহ।,non-violence,0
আওয়ামী লীগের দালাল সালা,passive violence,1
"এখন শুধুই ছাত্র, তাদের সংগঠন ছাত্রলীগ বললে কি চ্যানেল বন্ধ হয়ে যাবে, সত্যি না বলতে পারলে, চ্যানেল বন্ধ করে রাখুন।",non-violence,0
দেশের সর্বোচ্চ বিদ্যা পিঠে এ কি অবস্থা আর কত রক্ত ঝরবে,non-violence,0
আল্লাহর সব জায়গায় চলবেই চলবেই চলবেই তোর বাপের মোদিরও খমতা নেই যে আল্লাহর নাম উচ্চারণ বন্ধ করবে,passive violence,1
"কেমরা ম‍্যন কে অনেক ধন্যবাদ,",non-violence,0
এই সাংবাদিক আওয়ামী লীগের দালাল তা দেখে বুঝাযায়,passive violence,1
"শালার মনুষ্যি, এত এত গজব পড়ে, তবুও মানুষ ভালো হচ্ছে না। ওহ আল্লাহ গজব দিয়ে দাও",direct violence,2
সাংবাদিক তোর..চু***।শুধু হেফাজত নয় সারা দেশের মানুষ বিক্ষোভ করেছেন। আর তোদের মত আরও যারা মালুরা আছে শুধু তাঁরাই নিন্দা জানিয়েছে।,passive violence,1
এ বিষয়টা এতো তাড়াতাড়ি সমাধান ঠিক হবে না মার্কেট এক সপ্তাহ বন্ধ থাকুক তার পর দেখা যাক,direct violence,2
"এটা তেমন কিছুনা, এইটা হচ্ছে সুষ্ঠ নিরপেক্ষ নির্বাচনের নমুনা",non-violence,0
আল্লাহ তগো বিচার করবে?,non-violence,0
🚫ওপর মহলের অনুমতি পেতে সময় টিভির দেরি হওয়ায় এই নিউজটির সম্প্রচার সময় মত না করে অসময়ে করা হল । আশা করি দেশের বিবেকবান 🤔জনগণ বিষয় টি বুঝতে পারবেন । আর যারা বুঝবেন না তাদের তো বিবেক-ই💩 নাই অতএব তাদের বুঝারও দরকার নাই ।,passive violence,1
"পিডা সালাগো, সালারা আন্দোলনের নামে গাড়ি ভাংগে কেনো?",direct violence,2
ছাত্র লীগকে গন ধোলাই দেওয়া হোক,direct violence,2
"এবার ভালো হয়েছে, অসৎ পুলিশ বাহিনীর শিক্ষা হওয়া উচিত, তাদের জন্য সৎ আদর্শ পুলিশের চাকুরেরা নীরবে কাঁদে।",passive violence,1
ইসলামের রক্ষা আল্লাহ নিজেই করবে।ইহুদি খ্রিষ্টান যাই করুক না কেন শেষ হাসি মুসলিমরাই জয়ী হবে ইনশাআল্লাহ,non-violence,0
কিসের বিচার এইগুলা মুসলিম দেরকে ছোট করলো সেইটা কে বিচার করবে বলতে পারবেন আছে একজন তিনি হলেন আল্লাহ,non-violence,0
সঠিক তথ্য তদন্ত করে দোষীদের বিচারের আওতায় আনা প্রয়োজন,non-violence,0
"কোরআন অবমাননা করাীদের নিয়ে কোন কথা বললি না কেন, ওই কুওার বাচ্চা 😡😡",passive violence,1
"সাখা সিদুর ত দরমিও প্রতিক ওটা কেন নিসিদ্দ হছেনা,, আমাদের দেসের চেতনা বেবসারা আজকৈ",direct violence,2
যারা ইসলামের নামে কটুক্তি করছে তাদের বিচার করা সরকারের দায়িত্ত্ব যদি তা না করে তাহলে সরকারকে আল্লাহ ছেড়ে দিবেন না মনে রাখবেন সরকার!!!,non-violence,0
আমার দেশের সাংবাদিকরা প্রিয় মুজাহিদ ভাইদেরকে জঙ্গি বলে😡😡😡,passive violence,1
আল্লাহর গজব পড়বে যারা এর সঙ্গে জড়িত আছে।,passive violence,1
যারা বলতেছে ধম যার যার উৎসব সবার তাদের বলতেছি ভাই বিয়ে টা তোর আর বউ টা আমাদের সবার এটা কি তুমি মানবা,passive violence,1
"ডেডওভার মাল না খাইলে এমন সুন্দর মন্তব্য করা সম্ভব না,,",passive violence,1
আরে শেখ হাসিনা বেয়াদব তোরে জুতা পিটা করে তাড়াতাড়ি ক্ষমতা থেকে নামাতে হবে দেশ টা ধ্বংস করে ফেলেছে।,direct violence,2
"খুব ভালো নাটক, আগের বার সিসি টিভির সিস্টেমে ভুল করেছিলো।এবার সে ভুল হয়নি।শালারা নিজেদের খুব চালাক মনে করস।আর সিসি টিভি বিশ্লেষণের দায়িত্ব তোকে কে দিয়েছে, দালাল মিডিয়া",passive violence,1
সুন্দর দাবি,non-violence,0
তোরা তো একটা দালাল,passive violence,1
দরবেশ টিভি চেনেল দালাল হাসিনা,passive violence,1
"সরকারি স্কুল কলেজ পড়তে হলে স্কলের নিয়মে চলতে হবে, স্কুল কলেজে নিদিষ্ট রঙের, নিদিষ্ট পোশাক আছে, সেগুলো না মেনে কোন যুক্তিতে মুসলিম মেয়েরা কালো হিজাব পরে স্কুল কলেজ যাই, এতই যখন হিজাব পরে শিক্ষা গ্রহণ করার ইচ্ছা তাহলে তারা মাদ্রাসায় যাক, ওটাই ওদের জন্য সঠিক স্থান",direct violence,2
হায় রে বাংলাদেশের মুসলিম ।কবে বুঝবি আর কবেই বা আন্দোলন করবি।,non-violence,0
পুলিশের বিচার করবে আল্লাহ নিজ হাতে,non-violence,0
"যার ধর্ম তার অধিকার,,,",non-violence,0
কওলা লীগ একদিন বিচার হইবে বাংলা মাটিতে,passive violence,1
আল্লাহ্ বিচার করবে!!,non-violence,0
ঢাকা কলেজ ছাএদের এই একতাকে আমি ভালবাসি। সকল আন্দোলনে এরা একযোট হয়ে অন্যায় বিরুদ্ধে সবসময় প্রতিবাদ করে। যা দেশের আর কোথাও বেশি চোখে পড়ে না। একতাই বল কথাটা ঢাকা কলেজ দেখিয়ে দিয়েছে। ❤️❤️❤️❤️,non-violence,0
জনগণ কেন আন্দোলন করবে মুসলিম রাষ্ট্রে মুসলিম প্রধানমন্ত্রীর দায়িত্ব তিনি নিজে আন্দোলন করা উচিত,non-violence,0
যে মেয়ে ভবিষ্যত গড়া নিয়ে এত বড় বড় কথা বললো সে তো সিঁদুর পরিহিতা। এখানে তো কিছু বলছে না। পূর্নাঙ্গ পড়ড্রেসকোড মানলে তো তার সিঁদুর পড়া মানায় না। স্কুলের ড্রেসকোডে নিশ্চয়ই এটা বাধ্যতা মূলক নয়। হয় সবাই সিঁদুর বে না হয় কেউ পড়বে না। আসলে শিক্ষার নামে শুধু ডিগ্রি বিক্রি হচ্ছে স্কুল কলেজে। প্রকৃত শিক্ষা যদি এদের থাকতো তাহলে ভবিষ্যৎ প্রজন্মকে এ ধরনের হিংসাত্মক মনোভাব শিক্ষা দিতে পারতো না।,non-violence,0
"এখন স্কুলেও ধর্মীয় বিভেদ সৃষ্টি হলো। এই বয়সে খেলা-ধুলা আর পড়াশোনা করার কথা। বিজিপি সরকার মানবতার শত্রু, ধর্মের শত্রু।",passive violence,1
ধর্ম যার যার উৎসব তার তার কিন্তু আমরা হিন্দু-মুসলিম সুখে দুখের ভাই ভাই,non-violence,0
ভাল রিপোর্ট। শিক্ষার্থীদের অবস্থানটা কি?,non-violence,0
আওয়ামিলীগ যে জাতীয় বাটপার জনগণের জানা আছে।,passive violence,1
এটি সম্পুর্ণ ইবলিশ এর খেলা শুরু মুসলমানদের পক্ষে আল্লাহ পাক হুজুরে পাক সাঃ রয়েছে তাই আল্লাহ মুসলমানদের হেফাজতের ফয়সালা করুন আমিন অবশ্যই ঐ জালিম ইহুদি হিন্দুদের উপর আল্লাহর গজব নাজিল হোক আমিন।,direct violence,2
আল্লাহ্ সকল মুসলিম ভাই ও বোনদের তুমি হেফাজত করুন।,non-violence,0
সরকারের ভাড়া করা গুন্ডা। পুলিশ এখানে তেমন প্রতিক্রিয়া দেখাবে না।কারন-আমেরিকার পক্ষ থেকে সরকারের বিরুদ্ধে মানবাধিকার লঙ্ঘনের অভিযোগ এসেছে।,passive violence,1
আমাদের এলাকার একজনকে গুলাগুলি সময় গুলিতে মারা গেছে নির্বাচন হয়েছে রায়পুরা আর নিহত হয়েছে শিবপুরের যোশর ইউপি জানখারটেকের এক যুবক,non-violence,0
সব কিছু চলছে বহিরাগতদের মদদে ওদের কঠিন বিচার চাই।। তাদের কপালে জুতা পিটা রইলো,direct violence,2
বাংলাদেশের সকল মুসলিম ভাই বোনদের আহবান জানাচ্ছি ইন্ডিয়ান সকল পণ্য কে বইকট করার জন্য,direct violence,2
"জিহাদিরা খারাপ তবে জিহাদিদের গোলামি করা ছাড়া ভারতীয়দের চলে না।আরব মালদ্বীপ মালেশিয়ায় ডাক্তার ইন্জিনিয়ার ঝাড়ুদার শ্রমিক সব ক্ষেত্রে ভারতীয়দের পাবেন।মুসলিম মেয়েরা যদি শিক্ষা ক্ষেত্রে না যায় তাহলে মুসলিমরা সম্পদে শিক্ষায় পিছিয়ে থাকবে এবং মেয়েরা দ্রুত সংসার জীবনে প্রবেশ করবে এবং ভারতে মুসলিম সন্তান জন্মদান আরো বাড়বে,হিন্দুরা নিজেরাই নিজেদের দেশকে মুসলিম সংখ্যাগরিষ্ঠ করতে চাইছে😆",passive violence,1
জমে গেছে খেলা।আল্লাহর গজব শুরু হয়েগেছে।স্বৈরাচারের জন্য দেশের এ অবস্থা।,non-violence,0
আপনার পুলিশ কমিশনার ঢাকা মেট্রোপলিটন পুলিশ শুধু বিএনপির মানুষকে ধরতে পারে। আর তাদের নামে মামলা হামলা আরো কত কি। এই পরিস্থিতি কি প্রশ্নবিদ্ধ নয়। আরো একবার প্রমাণিত হলো পুলিশের দায়িত্ব।,non-violence,0
লানত এই সাংবাদিক এর উপর যে বলছে গুজব,passive violence,1
যে নিরিহ ছেলেটা মারাগেলো তার কথা কেউ বল্লোনা এই ১০ দফা আন্দোলনের সাথে তারও ন্যায় বিচার দাবি যুক্ত করা উচিত ছিলো ।,non-violence,0
এক দম ঠিক হয়সে কারণ মুর্তির পায়ের ওপর কোআন রাখা হয়সে কেন এটর বিচার চাই,non-violence,0
ছাত্রদেরর পুটকি মারা উচিত ।,direct violence,2
পুলিশের গাড়ি পোরার কারণে আমার ভাইদের কে অনেক ধন্যবাদ,passive violence,1
এই মাগির পোলারা মিথ্যা কথা কচ কেন,passive violence,1
"ন্যাক্কারজনক, ধর্ম মানুষ কে আন্তরিকতা শিখায়। সব ধর্মের স্বাধীনতা থাকা উচিত। সব কিছুর উর্ধে ধর্ম।",non-violence,0
চুরে চুরে মাসতুতো ভাই,passive violence,1
রোজার মাসের বন্ধ নাই মানুষ মানুষ হবে কবে?,non-violence,0
"আপনাদের মত নেতাদের সাহস নাই,,পুলিশে থাকে মাত্র কয়েক জন আর সাধারন জনগন থাকে হাজার হাজার,,,এইখানে ভয় পাওয়ার তো কোন কারণ দেখি না",non-violence,0
শিক্ষার্থীদের সাথে একাত্মতা প্রকাশ করছি। এইসব ব্যবসায়ীদের উচিত শিক্ষা দেওয়া উচিত,direct violence,2
"ঐ সব দালার গুলো কোথায় যারা হিন্দুদের ওপর কিছু হলেই ঝাপিয়ে পরে,,, তারা কি তাদের গর্থে ⛽ লাগিয়ে ঘুমইতেছে না কি,,,,,জমুনা টিভি তোদের আর কি বলবো সত্য কথা বলছিলাম তার পরে দেখি আমারে রিপোর্ট মারা হয়েছে ফেসবুকে,,,, এটাই যদি বাংলাদেশে হিন্দুরের কিছু বলত তবে ইন্ডিয়ান হিন্দুরা আর তাদের মিডিয়া হুমকার দিয়ে কথা বলতো,,,সাথে অপমান জনক ব্যাখ্য দিতো,,, আর আপনারা শুধু সারা জিবন তেল মেরে গেলেন",passive violence,1
এটা বন্ধ করতে হবে খুব দ্রুত,non-violence,0
তোরা রাজাকার,passive violence,1
দেরিতে হলেও এ রায় যুগান্তকারী। রায়ের দ্রুত কার্যকর সহ অন্যান্য মুক্তমনা হত্যার দ্রুত বিচার চাই। সেই সাথে সাগর রুনি হত্যার বিচারেও গতি চাই 🇧🇩🇧🇩🇧🇩।,non-violence,0
ঢাকা কলেজের ছাত্র দের ধন্যবাদ জানাই এই ব্যবসায়ী নামের সন্ত্রাসী দের উচিত জবাব দেওয়ার জন্য।,passive violence,1
আল্লাহর গজব পডবে ইনশাল্লাহ 🥰😭😭,passive violence,1
ছাত্রলীগের বিচার আল্লাহ তুমি করো,non-violence,0
এরা হচ্ছে হিন্দুদের দালাল,passive violence,1
এই বিচার শেষ বিচার নয়।আসল বিচার হবে আল্লাহর আদালতে। সেইদিন সকল জালেমের মুখোস উন্মোচন হবে,non-violence,0
এক নিউজে বলল ব্যবসায়ী ব্যবসায়ী কথাকাটাকাটির মধ্যে তর্কে একজন কলেজছাত্র জড়িয়ে এই সমস্যার সৃষ্টি হয়,non-violence,0
সত্য একজন মানুষ আঁকড়ে ধরলেও তা সারা বিশ্ব কে প্রকম্পিত করে কিন্তু মিথ্যা লক্ষ্য কোটি মানুষ আঁকড়ে ধরলেও তা কখনোই প্রকম্পিত হয়না এটাই তার প্রমাণ,non-violence,0
আরে আহাম্মকের দল তোরা কেন বুযিস না তোদের তো কারো বোন কারো মেয়ে এখানে লেখাপড়া করে বোরকা হিজাব পড়লে তো মেয়েদের মর্যাদা বেড়ে যায় কেউ খারাপ দৃষ্টিতে তাকাতে পারে না তাতে করে তো তোদের মা তোদের বোন নিরাপদে থাকে,non-violence,0
একটা হিন্দুরা তো মরলো না মরলো তো মুষলিমরাই দেশে জেখানে সেখানে মুসলিম দের হত্যা করা হচ্চে দেশ চালাচ্চে কারা এটা আমাদের কথা,passive violence,1
বানিজ্য মন্ত্রী কেনো নিউ মার্কেট বন্ধ রাখলো না??? ওখান থেকে কি সুবিধা পাই...????কলেজ কেনো বন্ধ থাকবে..?????,non-violence,0
"কত মেগাপিক্সেল এর সিসি টিভি ক্যামেরা লাগানো ছিলো ভাই,মজা নিয়ার জায়গা পান না জুম করার পরও ভিডিও ক্লিয়ার😑",non-violence,0
"বিজেপি সরকার ভারতের জন্য হুমকি ও ক্ষতির কারণ হয়ে দাঁড়িয়েছে, তাদের উচিত বাংলাদেশের প্রধানমন্ত্রী শেখ হাসিনার সরকারকে অনুসরণ করা",passive violence,1
ইসলামের উপর যারা আঘাত করছে আল্লা সেইসব মুনাফিক কাফেরদের উপর তুমার গজব নাজিল করে চির জাহান্নামি বানিয়ে দাও আমিন🤲🤲🤲,direct violence,2
ভাই বিএনপি না যে পুলিশ আগে থেকে বসে থাকবে,non-violence,0
পুলিশ টাকা খেয়ে ব্যবসায়ীদের পক্ষ নিয়ে ছাত্রদের উপর গুলি চালায়।আজ আমাদের ভাইয়েরা গুরুতর আহত এটার সঠিক বিচারের দাবি জানাচ্ছি। তা না হলে আমরা আমাদের কর্মসূচি চালু রাখবো,passive violence,1
বিএনপি জামায়াত কখনোই জনগণের বন্ধু হতে পারেনি বা কখনো বন্ধু হতে পারবেন না ? বিএনপি জামায়াত জোট নেতাদের একটাই চাওয়া জনগণের গাড়ি ভাংচুর করা । সরকারের বিরুদ্ধে কিছুই করতে পারে না ? শুধু মাত্র জনসাধারণের উপর অত্যাচার নির্যাতন ও জ্বালাও পোড়াও ভাংচুর করা । তার কারণে জনগণ বিরক্ত হয়ে জামায়াত বিএনপির থেকে মুখ ফিরিয়ে নিয়েছে ।,passive violence,1
"এটা‌ একটা বাজে রায়।হিজাব বিতর্ক থামাতে শাঁখা-সিঁদুর,,ক্রস পাগড়ি নিষিদ্ধ করে দেওয়া কোনো সমাধান নয়। এটা আরো অনেকের ধর্মীয় অনুভূতিতে আঘাত করবে।আধুনিকতার খাতিরে বা ধর্ম ও পোষাকের নিরপেক্ষতার যুক্তিতে যদি মেনেও নেই তবু এটা নিশ্চিত মুসলিম মেয়েদের ক্ষেত্রে এই রায় যতটা কার্যকর হবে ততটা অন্যদের ক্ষেত্রে হবে না।",non-violence,0
"সুবহানআল্লাহ ভাই, আসলে আমি সঠিক জানি না। কমেন্টে একজন লিখছে দেখলাম ওনার কোন আত্মীয়ের বউ হয় নাকি।",non-violence,0
জনগণ দ্রব্য মূল্যের দাম বৃদ্ধি সমর্থন করে বলেই হরতাল বর্জন করেছে!,non-violence,0
পুলিশকে টাকা দিতে দেরি হচ্ছে তাই হয়ত আসছে নাব্যবসায়ী সিন্ডিকেট বন্ধ হোক,direct violence,2
আমি দীর্ঘদিন ঢাকা কলেজের পাশে বসবাস করেছি। আমি দেখেছি যে বিভিন্ন রাজনৈতিক কাজে ঢাকা কলেজে ছাত্রদলের ভাড়া করে নেয়া যায়। এমনকি মারা মারির জন্য এদেরকে ভাড়া পাওয়া যেত। এরা কেমন ছাত্র যাদেরকে ভাড়া করে নেয়া যায়!!! (সবাইকে বলছি না কিছু এ রকম আছে।),non-violence,0
নাশকতা বিশৃঙ্খলা সৃষ্টি হয়েছে মামলা হয়নি কেন বোজালাম না,non-violence,0
মুসলমান মনে হয় না কাফির ওবায়দুল কাদের বড় কাফের ওদের ঘু খেয়ে মরবে ইনশাআল্লাহ 😡😡😠😠😠😠,passive violence,1
পাগলা কুকুরের সামনে পরলে ভয় পাওয়া স্বাভাবিক। ভারতের এখন পাগলা কুকুরের শাসন চলছে।,passive violence,1
এখানে জারা হেফাজতের বিরুদ্ধে হরতাল করতে এসেছে তাদের ৯০% ই ভারা করা গুন্ডা বাহিনী। কিন্তু দেখ ইসলামের সৈনিকদের কে কিন্তু ভারা করতে আনতে হয় নি। তোদের আর শিক্ষা হবে না না মরার আগ পরজন্ত,passive violence,1
"ছাত্র লীগ কিসের জন্য গেছে অনশনে,বাটপার ছাত্র লীগ সবাই বোঝে,,",passive violence,1
সময় টিভি দালাল হয়ে গেছে এত বড় ঘটনা হয়ে গেছে একটা নিউজ করেন আরো গুজব বলে উড়িয়ে দিচ্ছে সম্মান টিকে বর্জন করা উচিত,direct violence,2
"সরকারের দালাল ,প্রাই মিডিয়া ৷",passive violence,1
অন্যান্য মুসলিম রাষ্ট্রে তো অনেক হিন্দু আছে কই তাদের তো ধর্মীয় কোনো অধিকার ক্ষুন্ন করে না কোনো মুসলিম ভাই/বোন...,non-violence,0
ওর সাথে যারা যারা আছে সবাই কে আইনের আওতায় আনা উচিত। এবং যারা যারা হিন্দুদের উপর অত্যাচার করেছে তাদের বাড়িঘর পুড়িয়ে ফেলতে হবে। এই দেশের সব বাজে হুজুরদের আইনের আওতায় আনতে হবে। এবং বাংলাদেশে ইসলামি রাষ্ট্র বাতিল করতে হবে।,direct violence,2
"অবৈধ এম,পি তো।এদের থেকে ভাল কিছু আশা করা বোকামী।",passive violence,1
দোয়া কইরো ভাই। আমাদের দাবি না মানলে এইবার দোকানের ভেতর পুতে ফেলে দিবো,direct violence,2
ওগ্রবাদ আর জঙ্গিবাদ কাকে বলে ভাই????? আপনার উত্তরের অপেক্ষায় আছি,non-violence,0
"সিসিটিভির মুভমেন্ট এমনও হতে পারে,জানা ছিল নাতো...! বাহ্ চুদির ভাই বাহ্...",passive violence,1
ঢাকা বিশ্ববিদ্যালয় এখন গুন্ডার আস্তানা।যেখানে মারা মারি ছাড়া আর কিছুই নাই। বড় মাপের গুন্ডা হতে পারবে ঢাকা বিশ্ববিদ্যালয়ে গিয়ে।,passive violence,1
পুলিশ বলে কি মান সম্মান নেই। জনসমক্ষে চড় মারা উচিত হয়নি।,non-violence,0
মানুষ কুওা পাগল হয়ে গেছে,non-violence,0
হে আল্লাহ আপনি ভাৰতীয় মুসলিম ভাই বোন দেৰকে ৰক্ষা কৰুন আমিন,non-violence,0
সাংবাদিক হলো বড় দালাল,passive violence,1
নারীবাদীরা কই? তারা চুপ কেন? এটাতে নারী অধিকার ক্ষুন্ন হয়না?,non-violence,0
হায়রে শিক্ষা,non-violence,0
হে আল্লাহ কুকুর লীগের উপর গজব দেও,direct violence,2
মুক্ত চিন্তা এতো কথার কি দরকার। স্কুল কলেজ বিশ্ববিদ্যালয় কর্তৃপক্ষ ছাত্র ছাত্রী ভর্তির সময় লিখিত কাগজে কিংবা অনলাইনে কি জামাকাপড় পড়তে হবে তা লেখা থাকে এবং সব কিছু জেনে সহি স্বাক্ষর করে শিক্ষাপ্রতিষ্ঠানে ভর্তি হতে হয় ।,non-violence,0
"পাগল, মাথা নষ্ট হয়ে গেছে, সিসি টিভি মন্দিরে নাই এটা ঠিক । অন্য সাইটে ত আছে",non-violence,0
"মত প্রকাশের স্বাধীনতা। হাইস্যকর, ইহা হাইস্যকর।",non-violence,0
যে জালিম উক্ত জনগনের উপর অস্ত্র উঠিয়েছে সে জালিম আল্লাহর শত্রু।,non-violence,0
হিন্দুরা কেন অন্য ধর্মের পবিত্র ধর্মীয় গ্রন্থকে তাদের মূর্তির পায়ে রাখবে??? এটা কি অন্য ধর্মকে অপমান অবজ্ঞা করা নয়??? এমন নিকৃষ্ট কাজের জন্যে ওদেরকে অবশ্যই শাস্তির আওতায় আনতেই হবে। না হলে পরিস্থিতি আরো খারাপ হবে।,non-violence,0
সেলুট যানাই আপনার মত হাজারো নারিকে।এদের মুখুশ টেনে খুলে দেওয়ার জন্য ধন্যবাদ।,non-violence,0
আকাশে তাকিয়ে আছি 🕋🕋 আল্লাহ্ বিচার করবেন 🙏🙏😭😭🙏🙏,non-violence,0
"বিষয় টা শুধু কোরান কে নিয়ে বলা হচ্ছে,,,বাকি বিষয়টা মনে হয় সাংবাদিক ভূলে গেছে,,, এগুলো শুধু দালাল,,সাংবাদিক না",passive violence,1
হিন্দু জংগি সংঘটন মোদি সরকার হটাও। হিন্দু সন্ত্রাসীতে ছেয়ে গেছে গোটা ইন্ডিয়া। ধর্মীয় অধিকারের বিষয়ে কখনো কোন এক দেশের আভ্যন্তরীণ বিষয় হতে পারে না। ধর্মীয় স্বাধীনতা সকল স্বাধীন দেশের গণতান্ত্রিক অধিকার। নিজ দেশের দোষ অন্য দেশের উপর দিয়ে কোন লাভ হবে না।,passive violence,1
ঈমান কত মজবুত দেখ বাংঙ্গালী নারী। এই শিক্ষার কোন দাম নাই মে শিক্ষা প্রকাশ নষ্ট করে। ইহকাল ও ক্ষতিগ্ৰস্ত হয়।,non-violence,0
"কোথায় সেই মানবাধিকার কর্মীরা যারা কয়েকদিন আগে মানবাধিকারের বুলি উড়িয়ে ছিলো, জাতি তাদের দেখতে চায়",non-violence,0
সিসিটিভি কই থেকে কই যায় সাপ বের হয় পাবলিকদের ও দেখায় আর যখন মনিয়া মারা গেল তখন সিসিটিভি কাউকে দেখাতে পারলো না আর কিছুই হলো না হানাদার বাহিনীরা।,non-violence,0
আওয়ামী লীগের সবাই জানে দলীয় কোন্দল হিংসাত্মক নৈরাজ্য সৃষ্টি করে এ সব করেছে,passive violence,1
আল্লাহু আকবার 💞 অনেক অনেক ভালোবাসা ও দোয়া রইল। প্রিয় বোন আল্লাহ তোমাকে দ্বীনের পথে চলার তৌফিক দান করুন আমিন।,non-violence,0
এর বিচার চাইবেনা,non-violence,0
ঠিক আছে চালিয়ে যাও …..এই আন্দোলন,non-violence,0
আবরার হত্যার বিচার হচ্ছে না কেন? সেটা কি জাতি দেখে যেতে পারবে না।।,non-violence,0
খুব সুন্দর হচ্ছে দেশের উন্নয়ন চালিয়ে যাও দেশের উন্নয়ন,non-violence,0
আল্লাহ্ তুমি মুসলিমদের রক্ষা করুন।আমিন,non-violence,0
আল্লাহ কে বিচার দেওয়া ছারা আট কোন উপায় নাই,non-violence,0
সারাদেশে আগুন জ্বালিয়ে নিশ্চিহ্ন করে দাও বৈটা লাটিবৈটা নিয়ে একসাথে নামতেই হবে একদিনেই ধসে পরবে হাসিনা,direct violence,2
মায়ানমারের দরকার হবে না এরা নিজেরাই বাংলাদেশ কে ধ্বংস করেদেবে 😁😁,non-violence,0
সত্তিকারের অপরাধীদের যারা শেল্টার দিবে তারা কোনো মানুষের জন্ম হতে পারে না।অথবা একজনের জন্ম দেয়া হতে পারে না। কমছে কম ৫০/৬০ জনের দেয়া মিস্র জন্ম।,passive violence,1
আল্লাহ বিচার কই,non-violence,0
আচ্ছা আগে কি হয়েছিল না আর অইখানে তারে নিজেদের পূজা বন্ধ করার জন্য এগুলা করবে,non-violence,0
সাংবাদিক গুলা হচ্ছে কুত্তা লিগের চামচা,passive violence,1
"অভিনন্দন জানাই ঢাকা বিশ্ববিদ্যালয় ও ইডেন কলেজ ছাত্র, ছাত্রীদের দোকানীদের নোংরামি জাতির কাছে তুলে ধরার জন্য!",passive violence,1
ভিসির চার বছরের সকল কার্যক্রম তদন্ত করা হোক।,non-violence,0
ঢাকা কলেজের মত ঐতিহ্যবাহী শিক্ষা প্রতিষ্ঠা বিরুদ্ধে এটা ষড়যন্ত্র।,passive violence,1
এখন পুলিশের গুলী বন্ধ কেনো,direct violence,2
যে এই মানুষ রুপি শয়তান এই নোংরা কাজ টা করেছে তার সর্বোচ্চ শাস্তি দাবি জানায়,non-violence,0
বাংলাদেশের বিচার ব্যাবস্থার জন্য লজ্জার এটি,non-violence,0
মুসলিম ব্রাদারহুডের সৈনিকেরা মন্দিরে কোরআন রাখছে এতে কোরআন অবমাননা হয় নাই। তাই এই ভিডিও ফুটেজ এর দৃশ্য নাটক বলে ধরে নেয়া যায় ।,passive violence,1
আগে বলা হতো নির্বাচন মানে জনপ্রতিনিধি বাছাই করা। এখন বলা হয় নির্বাচন মানে মারা মারি করা।চুরি করা।,non-violence,0
দালালি বন্ধ কর কিসের চক্র এটা হিন্দুরাই করছে,passive violence,1
ফুটপাত মুক্ত ও চাঁদাবাজি বন্ধ করতে হবে করতে হবে করতে হবে,non-violence,0
আওমিলিগর কি খকনো কি বিচার হবেনা,non-violence,0
ধর্ম যার যার নিরাপত্তা পাবার অধিকার সবার🤘🤘সবার উৎসব নিরাপদ হোক❤️,non-violence,0
আল্লাহর গজব শুরু হবে ভারতের নরেন্দ্র মোদির উপর ইনশাল্লাহ,direct violence,2
ধন্যবাদ শিক্ষার্থীদের,non-violence,0
গরুর বাচ্চা তো লেংটা থাকাই পছন্দ করবে।,passive violence,1
এই সমস্ত গঠনা রুখতে হলে ঢাকা বিশ্ববিদ্যালয়ে গেটের সামনে জুতার মালা লাগিয়ে দিতে হবে তাহলে দেখবেন আগামী দিনে সরকারি বা বেসরকারি চাকরি করার জন্য যারা বড় ডিগ্রী নিয়ে যারা বের হবে তারা অন্ততপক্ষে দুর্নীতি করতে একটু চিন্তা করবে,non-violence,0
হল বন্ধ করার আগে নিউ মার্কেট বন্ধ করা হোক ৫ই মে পর্যন্ত... ✊,direct violence,2
আল্লাহ তোমার কাছে বিচার দিলাম।তুমি সব দেখো এবং শোনো।,non-violence,0
সব জালিম।।।। আল্লাহ বিচার কর।,passive violence,1
"এটা স্পষ্ট যে, আওয়ামীলীগ যা কিছু করবে সব ঠিক এবং ভারত নিয়ে কোন কমেন্ট করা যাবেনা, তাহলে তাকে মারা হবে।",passive violence,1
"এইটা বাংলাদেশ,,,কোন বিচার নাই",non-violence,0
"বাংলাদেশের যেকানেই কোন হামলা ঘটছে সবখানেই ছাত্রলীগ, যুবলীগ এর কাহিনী। নাটকটা তারাই উপস্থাপন করে আনছে গত ১২ বছর ধরে।",passive violence,1
আসলেই এর সুষ্ঠু তদন্তের মাধ্যমে বিচার হওয়া উচিত ✊✊,non-violence,0
"জল কামান ব্যবহার করা দুঃখজনক, তাহলেই, বুঝতে পারলাম সরকারের ক্ষমতা এখন পুলিশের হাতেই",non-violence,0
এইসব ধর্ম ব্যবসায়ীদের কুত্তার মত গুলি করে মারা উচিত।,direct violence,2
খুবই বাজে রায়,non-violence,0
"ওরে বাটপার, আর কত চাপাবাজী চলবে।",passive violence,1
ভাই এটা বাংলা সিনেমার মত সিনেমার প্রথমটা দেখলে শেষটা বলা যায় এর হুদা কাকুর শুরু দেখে বুঝা যায় শেষে কি বলবে,non-violence,0
ধন্যবাদ যমুনা টেলিভিশনকে,non-violence,0
আল্লাহ্ গজব আসতে বেশি দেরি নেই ইনশাআল্লাহ ৈতরি থেকো মুদি।মহান আল্লাহ্ ছাড় দেন কিন্তু ছেড়ে দেননা।,non-violence,0
অপরাধ কার জানি না। তবে সঠিক বিচার দাবী করছি। ছাত্র হয়ে এই ঘটনার তীব্র নিন্দা জানায়।,non-violence,0
পতিতালয় জন্ম নেয়া ছাএলীগ,passive violence,1
এটা সঠিক বিচার হলো না।।।,non-violence,0
এইভাবে সারাবিশ্বের মুসলিম দের মারছে তার কোন বিচারের দাবি কেউ করেনা আজ হিন্দু দের মেরেছে বলে বিচার চাই ছো কেন এইদুই মুখোনিতি বিচার সবার বলা হক,passive violence,1
এমন কুত্তার বাচ্চা দের মেরে ফেলা ঠিক হয়েছে,passive violence,1
সবাস শিক্ষাতিরা। তুরা বাংলার গর্ব তুরা কি জিনিস আমি চিনি। ২ বছর ব্যাবসায়িরা অনেক ক্ষতির মুখে তাই তাদের এই বছর ও ক্ষতি টা করলে।,non-violence,0
পুলিশের সহযোগিতা হামলা চালিয়েছে,passive violence,1
আল্লাহ তোদের বিচার করুক। আমিন,non-violence,0
আলহামদুলিল্লাহ। সাংবাদিক সাগর-রুনি হত্যাকাণ্ডের বিচার কবে হবে জানতে চাই।,non-violence,0
ইসলামের বিরুদ্ধে এরকম অবমাননা মানা হবে না কোরআনের বিরুদ্ধে অবমাননা করলে এই মুসলমান জাতি কখনো মানবে না,non-violence,0
সংবাদিক গুলো দালাল,passive violence,1
ওবায়দুল কাদের একটা পাগল,passive violence,1
"অপরাধী যেই হোক মুসলিম, বা হিন্দু , হোক যেকোনো সংগঠনের। তাদেরকে আইনের আওতায় এনে ফাঁসি কার্যকর করা হোক, কেননা এ গুটি কয়েক জন অপরাধীদের জন্য, আজ প্রায় 40 জনের ওপরে মুসলিম, ও হিন্দু প্রাণহানির ঘটনা ঘটেছে আহত প্রায় 1000 হাজার উপরে।😭😭😭যে ব্যক্তি কোনো মানুষকে হত্যা করল, কোনো হত্যাকান্ড কিংবা পৃথিবীতে ফ্যাসাদ সৃষ্টির জন্য বিচারে শাস্তি বিধান ছাড়া, সে যেন গোটা মানব জাতিকেই হত্যা করল। ... এর পরও তাদের অধিকাংশই এ পৃথিবীতে সীমালঙ্ঘনকারী হয়ে উঠেছে।” (কুরআন ৫:৩২)।",non-violence,0
আলহামদুলিল্লাহ রোজা রেখে এই ধরনের কাজ অনেক ভাল লাগে,non-violence,0
ভারতের সংবিধান অনুযায়ী সবাই মৌলিক অধিকার পাবে।,non-violence,0
ভাই তাকে ভিপি বানানো হইছে,non-violence,0
আমি জানি এটা কোন হিন্দু লোক করেনি যে করেছে সে মুসলমান একটা গন্ডগোল বাজানোর জন্য এই কাজটা করেছে যে করেছে আল্লাহ যেন তার কঠিন বিচার করে,passive violence,1
মায়ানমার যে বাংলাদেশের গার মেরে ২০ লাখ রোহিঙ্গা মুসলমানদের বাংলাদেশে ঢুকিয়ে দিয়েছে তাতেও মুসলিম দেশগুলো চুপ আছে,non-violence,0
"দোষ করেছে একজন।আর দোষ পরে পুরা মুসলিম জাতির।সে যে ধর্মের হোক না কেন তার কঠিন বিচার হওয়া দরকার,,,",non-violence,0
সঠিক বিচার হবে ইনশাল্লাহ ৷ অন্যথায় এ ঘটনার রেশ কোথায় গিয়ে দাঁড়াবে আল্লাহ তাআলাই ভালো জানেন &#39;,non-violence,0
"এদের অনেক বেশি প্রশ্রয় দেওয়া হয়ে যাচ্ছে, দুদিন পর পর একটা নাটক শুরু করে, উনাদের দাবি মানতে হবে, নিউমার্কেটে অনেক ব্যবসায়ী মানুষ ঠকানো ব্যবসা করে, ছাত্র নামধারী সন্ত্রাসী ছুরি চাপাতি নিয়ে চাঁদাবাজি করে, দুইটাই তো খারাপ তাহলে কিসের জন্য এত আন্দোলন, কিসের দাবি জানাচ্ছে বুঝিনা।",passive violence,1
আল্লাহ জেন হিন্দু দের উপর গজব ডালে এরা ইসলাম নিয়ে জোর করে এরা হোলো শয়েতানের কারখানা,direct violence,2
ভারত পিঁয়াজ বন্ধ করে দিলে বাংলাদেশে 70-80 টাকার পিঁয়াজ 250 থেকে 300 টাকা হয়ে যায় 🤣🤣🤣,non-violence,0
জংগীবাদ মৌলবাদ দেশকে ধংসের দিকে নিয়ে যাবে। এরা উন্নয়ন বাধাগ্রস্ত করতে সর্বদা তৎপর ।দেশের কোটি কোটি দরিদ্র মানুষ না খেয়ে থাকলে ও এদের কোন মাথাব্যথা নেই। এরা ইসলাম কে বিকৃত করে ফেলেছে ।এরা ধর্ম ব্যবসায়ী ।এরা স্বাধীনতা বিরোধী ।এরা দেশকে অন্ধকারের দিকে নিয়ে যাবে ।এরা দেশকে আফগানিস্তানে মত অকার্যকর রাষ্ট্রে পরিণত করতে চায় ।,passive violence,1
ওদের মন্দিরের উপরে যেন আল্লাহর গজব পরে।,direct violence,2
মূল কাহিনী কি ? কি কারনে শিক্ষার্থীরা ব্যবসায়ীদের ওপর হামলা চালাচ্ছে? কেউ জানলে কাইন্ডলি বলবেন,non-violence,0
বড় আফসোস হয় আমাদের অধিকাংশ ছেলেরা ছাত্র জীবনেই সন্ত্রাসী আর মারারির জড়িয়ে পরে আর তার প্রভাব কর্মজীবনে ফলিত হয় যার কারনে এ সকল ছাত্ররা শিক্ষা শেষে চাকরিতে গেলে হয় দূর্নীতিবাজ ঘুশখোর আর রাজনীতিতে গেলে হয় দখলবাজ আর সন্ত্রাসি গডফাদার যা দেশ ও জাতির জন‍্য হতাশা জনক।,non-violence,0
এগুলো জামায়াতের কান্ড । তারা সব সময় এসব গুজব চড়ায়।,passive violence,1
এটা গুজব নয় এইটা সত্যি সত্যিই ঘটেছে 😡😡😡😡,passive violence,1
পাগল বাংলাদেশের সরকার ও পাগল বাংলাদেশের মিডিয়া গুলো,passive violence,1
আমাদের ৪০ কোটি মুসলিম ভাই বোনদের জন্য আবারও ৪৭ এর মতো ভারতকে ভেঙ্গে নতুন করে কয়েকটি মুসলিম দেশ বানানো ফরজ হয়ে গেছে। 🇧🇩❤️,direct violence,2
"এমনও হতে পারে অভিজিৎ রায় আমেরিকার স্পাই হিসেবে বাংলাদেশের অবস্থান করছিল। সেই খবর কিছু লোক জেনে তাকে হত্যা করেছে। কিন্তু আমেরিকার কথা হল, আমার স্পাইকে তারা চিনলো কিভাবে, সেজন্য তাদের কে ধরার জন্য উঠে পড়ে লেগেছে।",passive violence,1
হে ভাই,non-violence,0
এশার নামাজের পূর্বে মসজিদ বন্ধ থাকে তাও রাত ২টা😡😡😡😡,non-violence,0
🤣🤣🤣🤣🤣🤣🤣🤣আর কি দেখতে হবেরে ভাই।,non-violence,0
এই দেশের জনগন কে গুলি করে মারার অধিকার কে দিয়েছে পুলিশ লীগ কে কুত্তালীগের নাস্তিক বাচ্চা তদের কে এক দিন কঠিন বিচারে মুখোমুখি হতে হবে,passive violence,1
উর্গবাদ দের জুতা পেটা করা হউক হিজাব বোরকা কেন খোলে শিক্ষা প্রতিষ্ঠান যেথে হবে,direct violence,2
কথিত অভিযোগ কি আবার?রিপোর্টার কি গাজা খায়।,passive violence,1
হল বন্ধ ঘোষণা করে আমাদের অপমান করা হলো।এটা কোনোভাবেই মেনে নেয়া হবে না।,non-violence,0
তরা হলি কাফের,passive violence,1
আন্দোলন?,non-violence,0
নাহিদ কে হত্যা করছে ঢাকা কলেজের ডাকাইত রা তাহলে ব্যবসায়ীরা ক্ষতিপুরন কেনো দিবে,passive violence,1
পাগল হলে রাত তিনটার সময় ঐ কাজ করত না ।ওকে যারা ব্যবহার করেছে তাদের পরিকল্পনা মাফিক ও করেছে এবং পালিয়ে বেড়াচ্ছে। পাগল কি ভাবে বুঝল এ কাজটি অন্যায়।,passive violence,1
"মিডিয়া চোর,,,,,,",passive violence,1
"এই সব নেতা গুলো কোন কাজের না,এরা সব নোংরা খাবার আর জনগনের মাল চুরি করা খাবার খেয়ে ভুড়ি কে বেশ ভালোই বড় করেছে।",passive violence,1
ওকে আমি বউ হিসেবে চাই। আমার সব দেখাশোনা ভাল দেখাশোনা করতে পারবে,non-violence,0
মাছ এর রাজা ইলিশ বাতির রাজা ফিলিপসআর জানোয়ারের রাজা পুুলিশশালা পুলিশ নয় সরকারের দালাল,passive violence,1
যে শিক্ষা আল্লাহর বিধান মানতে দেয় না.....সে শিক্ষা গ্রহন করা উচিত না.....,non-violence,0
মত প্রকাশের অধিকার কি বাংলাদেশের মানুষের আছে??আমার তো তা মনে হয় না,non-violence,0
"সুন্দর,, শিক্ষা শিখায় মানুষ হতে,, জিহাদি মুসলিম বা হিন্দু হতে না,,,আপনি আপনার ধর্ম পালন করুন আপনার ধর্ম এস্তানে।।।",non-violence,0
ইহুদিদের দালাল,passive violence,1
"ধর্ম কখনোই সবের উপরে হতে পারে না। সবের উপরে হল মনুষ্যত্ব। ধর্ম কেবল মানুষের মাঝে বিভেদ সৃষ্টি করে, এবং ধ্বংসের দিকে নিয়ে যায়। নিজেদের শুভ বুদ্ধির উদয় ঘটান এবং মনুষ্যত্বের বিকাশ সাধন করুন। 🙏🙂",non-violence,0
আমাদের হিন্দুদের রক্ষা,non-violence,0
ঐ জালেম মন্ত্রীকে ধর্ম প্রতিমন্ত্রী বলতে ঘৃণা লাগে । এই দেশে কোনো ধর্ম প্রতিমন্ত্রীর দরকার নেই । কুলাঙ্গারের বাচ্চা সবটি ।,passive violence,1
যেই শিক্ষা প্রতিষ্ঠানে আল কোরআন ও হাদিস শিক্ষা দেওয়া হয় না সেই শিক্ষা প্রতিষ্ঠানে কখনো ভাল ও জ্ঞানী ছাত্র-ছাত্রি আশা করা যায় না,non-violence,0
পূজা মণ্ডপে হামলা করার উদ্দেশ্যে বা পূজা উৎসবকে বানচাল করার উদ্দেশ্যে পরিকল্পিতভাবে এই কাজটি করা হয়েছে।বিরোধী দলগুলো কোন ইসু খুঁজে পাচ্ছে না সরকারকে ঘায়েল করার জন্য তাই জনগণকে ধর্মীয় সুরসুরি দিয়ে ঘোলা পানিতে মাছ শিকার করা যায় কিনা।,passive violence,1
ছাএলীগ বন্ধ করা হুক,direct violence,2
সব কি দালাল সাংবাদিক দিয়ে দেশ ভর্তি হয়ে গেছে নাকি..?? সালার কুত্তালীগের গুষ্টি চুদি,passive violence,1
কুত্তালীগের দালাল,passive violence,1
নাস্তিকে দেশ ভরে গেছে আর সাংবাদিকরা হলো নাস্তিকের দালাল,passive violence,1
এই মুহূর্তে বিএনপির উচিত সারা দেশের পুলিশ বাহিনীর ওপর হামলা করা হামলা করে তাদেরকে জখম করা তাদেরকে মৃত্যুর কোলে ঢলে দেওয়া ছাড়া আর কোন উপায় নেই খালেদা জিয়াকে মুক্তি করতে হলে অবশ্যই সারাদেশে যেসব পুলিশ বাহিনী সেনাবাহিনী আছেন সে সব পুলিশ বাহিনী সেনাবাহিনীর বাহিনী আছে তাদের উপরে ঝাঁপিয়ে পড়া এখন বিএনপির একমাত্র প্রমাণ করতে পারলেই সরকার আকর্ষণীয় হামলা করা যাবে এ ছাড়া কোন উপায় নেই,direct violence,2
ধন্যবাদ সবাইকে। এই সরকারকে জুতা মারলেও সরম হবে না,passive violence,1
দেশের ছাত্র সমাজ এক হউ।ঐ চরমপন্থী ব্যবসায়িদের উচিৎ শিক্ষা দিতে হবে 😡,direct violence,2
অমানুষের ঘরে জন্ম নিলে যা হয় আরকি,passive violence,1
"আমি হলে পড়াশোনার মুখে মুততাম, তবুও নিজের পর্দাকে নষ্ট করতাম না,ঐসব জালেমদের ধ্বংস হতে সময় লাগবে না",passive violence,1
সাংবা‌দিক ভাই ধয়া ক‌রে সব দূষ শিক্ষার্থীদের দি‌বেন না।,non-violence,0
হা হা হা ভালো ভাই উনার কথা কারণ উনি সব সময় রাজনৈতিক গন্ধ ই পান,non-violence,0
"মৌলবাদি হিন্দু উস্কানি শিভ সেনা মুদি বাদি রা এসব আইন বের করবে..ভারত নির্লজ্জ মৈলবাদি বর্নবাদে পরিনত নাই কোনো সংবিধান কেউ মানে না, নাই সার্ভোমোত্ত",passive violence,1
"পড়ালেখা করতে এসে ছাত্ররা নিজেদেরকে যেভাবে সন্ত্রাসী ক্যাডার এ পরিণত করতেছে, এতে করে দেশের ভবিষ্যৎ অন্ধকার, এসব ছাত্রদেরকে এখনই ডান্ডা মেরে সোজা করতে হবে।",direct violence,2
আপনি একজন সনাতন ধর্মালম্বী হওয়া সত্বেও ইতিবাচক মন্তব্য করেছেন এজন্য আপনাকে অসংখ্য ধন্যবাদ।,non-violence,0
একজন ইসলামের দুশমনের হত্যাকারীর জন্য আমেরিকা পুরস্কার ঘোষণা করে। আর নিজেরা আই এস উচিলা দিয়ে আফগানিস্তানে বোমা মেরে শিশুসহ ১০জন সাধারণ মানুষ হত্যা করে ক্ষতিপুরন দেয় না।এটাই ইসলাম বিদ্বেষী সভ্য দাবিদারদের মানবতার নমুনা।,passive violence,1
"বিএনপির কর্মীরা পিছন থেকে ইটপাটকেল ছুরে হা হা হা,এইসব ভূয়া মিথ্যা কথা বলে নিউজ",passive violence,1
"নিউমার্কেট এর ওগুলো ব্যবসায়ী না!ইভটিজার, বেয়াদব! এদেরকে মেরে তক্তা বানানো উচিত",direct violence,2
হে আমার রব এই জালিমের জুলুম থেকে আমার মুসলমান ভাই বোন হেপাজত কর আমিন,non-violence,0
হেলমেট বাহিনী তান্ডব চালিয়েছে,passive violence,1
"নাস্তিক, বিজ্ঞান পাগল মস্তিষ্কের বীজ আর বাংলাদেশে দেখা যাবে না।",passive violence,1
"অভিজিত শয়তানকে জাহান্নামে পাঠিয়ে দিয়েছে যে মোমিন গুলো আল্লাহ জান্নাতের উচচ মর্যাদা দান করুন ,আমীন 👨‍🍳👩‍🍳👨‍🍳👩‍🍳",passive violence,1
কিরে কাপুরুষের যমুনা টিভি তোদের বাপরে কিছু তথ্য দিতেছে বের্থসরকার লুট পাট কারি সরকার তরা সরকারের আরেক দালাল হাসিনা সরকার আবার ১৯৭৪ এর দুর বিক্ষো চালাছে যেমনটা চালিয়েছিলো তার বাবা।,passive violence,1
দে এইবার পাগল ছাগল বলে চালাইয়া দে😂😂😂,non-violence,0
যাই হোক মারামারি কখনও একটা সমাধান হতে পারে নাহ 😠তাই ছাত্র ব্যবসায়ী এই সংঘর্ষ খুব নেক্কার জনক 😥আমরা জাতি হিসেবে কতটা পিছিয়ে সেটা এই সামান্য কাপড় কেনাকে কেন্দ্র করে কি ঘটনা হয়ে গেলও তার প্রমানই যথেষ্ট 😡😡এই দেশে শুধু ইগো সমস্যা সবাই নিজের ইগো নিয়ে আছে তার ইগোতে লাগলে সে কখনই মেনে নিবে নাহ।এই মারামারির ফলাফল কি হলও আমার ভাই (ছাত্ররা) আর আমার বাবার বয়সী (ব্যবসায়ী) রাই আহত 😥😥😥😥,non-violence,0
(পাক-জারজ রাজাকার) ইসলামিক তালেবান মোল্লারা এখন কই?😁,passive violence,1
"এই শালা আবার সাম্প্রদায়িকতা ছড়ানো চেষ্টা করছে,",passive violence,1
মালাউন ভারতের তারা সংখ্যায় বেশি হিন্দু নেতা দেশ এখন মুসলমান উপর অন্যায় জুলুম অত্যাচার করে সরকার তামাশা দেখে একসময় হিন্দুদের সু রক্ষা মুসলমান দিয়েছে এখন ও দেয় কিন্তু জুলুম বাজ হিন্দু বুঝে না,passive violence,1
আল্লাহ তুমিই শ্রেষ্ঠ বিচারক।তোমার কাছেই বিচার চাই।বিচার কর বিচার কর বিচার কর বিচার কর বিচার কর আল্লাহ তুমি বিচার কর!!!,non-violence,0
এটা জানা কথা ভাই যে দুইদিনও যেতে পারবেনা আর কোন এক চকরো বলবে যে এই ঘটনাটা দলীয়ভাবে ঘটানো হয়েছে বাহ বাংলাদেশ প্রতিবাদের বেলায় কেউ থাকবে না অথচ দোষ দেওয়ার বেলায় সবাইকে পাওয়া যাবে বাহ বাংলাদেশ বাহ,non-violence,0
ওই বিচারক মুরতাদ এবং এরা জংগী নয় এরা ইসলামের বীর মুজাহিদ। তাদের প্রতি সকল মুসলমানের ভালোবাসা আর দোয়া আছে।এরা আমার ভাই এরাই প্রকৃতপক্ষে সফল।,passive violence,1
"যদি এই ব্যাক্তির উপযুক্ত বিচার বা শাস্তি না হয় তবে, আমরা ভেবে নিবো যে এদের সাথে ক্ষমতাসীন দলের লোক জরিত থাকতে পারে। আর এই কুলাঙ্গার যেই হউক, আমরা তার ফাসি চাই।",non-violence,0
এভাবে চলতে থাকলে আর কিছু দিন পর সরকার ঠিক করবে যে আমি আমার বউ এর কাছ থেকে বাচ্চা নিতে পারবো কি পারবো না আমার বউ এর কাছে সুতে পারবো কি পারবো না আল্লাহ জালেমদের হাত থেকে রক্ষা করো,non-violence,0
বাংলাদেশ এ হিন্দুদের ওপর নির্যাতন চললে ভারতে তার ২০০০০% রিটার্ন ডেওয়া হবে সুদে আসলে।।😈😈,direct violence,2
ঈমান রক্ষা করা জরুরি । হাইকোর্ট আল্লাহর সাথে যুদ্ধে শুরু করেছে। আল্লাহ পাক এই সব শয়তানকে যথার্থ শাস্তি দান করবেন। ইনশাআল্লাহ।,passive violence,1
মানলাম হামলা বিএনপি করছে তাইলে ছাত্রলীগের সোনার ছেলেরা সবাই একসঙ্গে রাস্তায় কি করছিলো??,passive violence,1
এইটা গুজব..?????বালের সংবাদিক😡,passive violence,1
ঢাকা কলেজের শিক্ষার্থীরা কি ভাড়াটে খুনি নাকি যে কেউ ডাক দিলেই যে যেতে হবে ওদের কঠিন বিচার হওয়া উচিত লেখাপড়া করতে এসে মাস্তানি করে এদের কঠিন শাস্তি হওয়া উচিত,passive violence,1
আবরার ফাহাদ হত্যার রায় ও তাড়াতাড়ি আশা করি।,non-violence,0
এরাই পরবর্তীতে বিশ্ব চোর হবে।,passive violence,1
আমি নিশ্চিত এই মেয়েকে ব্রেন ওয়াস করা হয়েছে আর এসব শ্লোগান তো সন্ত্রাসীদের ভালো মানুষ কোনদিন এভাবে শ্লোগান দিতে পারে না আর ধর্ম মানেই দাঙ্গা হাঙ্গামা,passive violence,1
সরকার জনগণের ভোটের অধিকার দেবে না,passive violence,1
দালাল মিডিয়🤬😡🤬😡,passive violence,1
ভালোবাসা টা শোনার পরে দিয়েন ছাত্রদের ভালোবাসি সন্ত্রাসীদের নয়,non-violence,0
পাসি দিবেননাহলে বিচার হবে না,non-violence,0
অসংখ্য ধন্যবাদ প্রিয়াঙ্কা গান্ধী কে,non-violence,0
"ভোট চোর ভোট চোর, শেখ হাসিনা ভোট চোর।",passive violence,1
আল্লাহু আকবার এর ধ্বনিতে যেমন শয়তান কাছে থাকেনা ।যেমন তারা দূরে সরে যায় ঠিক তেমনি কাফের মুশরিকদের কাছেও সহ্য হয় না তাই কমেন্ট বক্সে এসে আবাল বকে যার কোন ভিত্তি নেই 😒,passive violence,1
নিউমার্কেট বন্ধ করা হোক,direct violence,2
একমত আমি,non-violence,0
আমাদের লন্ডনের মত জুম্মার দিন মসজিদে পুলিশ মোতায়েন করে ইমামদেরকে বলা হোক যেন ওয়াজ করেন খুতবা সব কিছু সিমীত ভাবে করেন কোন উস্কানি দেওয়ার কোন প্রোজন নেই,direct violence,2
আল্লাহ তাআলা কাচে বিচার,non-violence,0
এদের বিচার হওয়া দরকার,non-violence,0
"ভাই আগে মুখের জরতা ভাংগেন,,তারপর রিপোর্টার এর চাকরি করেন,,এ্যা এ্যা এ্যা টা কি",non-violence,0
মুসলমান এবং তাদের বাল কুরানের মতো চটি বই থাকতে পৃথিবীতে মিথ্যা মোরবে না ❓ এর উদাহরণ জোঁকার নায়েক নিজেই এবং বাকি মুসলিমরা আর বাল রাহুল 😛😝😜 কিন্তু রোহিঙা কারা ❓ তারা লেওড়া হু বালবর বলে লড়াই করেনি কেনো ❓ মেয়ানমারের ভয়ে কাংলুরা ও ছেঁড়া লুঙ্গি তুলে পালাচ্ছে 😛😝😜,passive violence,1
"ভারতীয় হিন্দুরা কি সত্যিই মানুষের জন্মে পৃথিবীতে আসছে নাকি শুয়োরের জন্মে??? মানুষের জন্মে তো মানুষ হয় অথচ এরা দেখতে মানুষের মতো হলেও এদের সাম্প্রদায়িকতা, উগ্রবাদীতা, ধর্মান্ধতা সবই শুয়োরের চেয়েও নিকৃষ্ট হিসেবেই প্রমাণিত হচ্ছে। ভারতীয় হিন্দুরা যদি না থাকতো তাহলে পৃথিবীর মানুষ হয়তো কোনোদিন জানতেও পারতো না মানুষরুপী হিন্দু জানোয়ার গুলা কতটা হিংস্র আর কতটা উগ্রবাদী হতে পারে।",passive violence,1
আওয়ামী লীগ এমন একটা ধর্ম যে নিজের স্বার্থের জন্য তার জন্ম কেও অস্বীকার করতে পারেন,passive violence,1
সমান সমান বিচার,non-violence,0
"জিন্সের প্যান্ট , টপস, বিকিনি পরা যদি সাহসী, স্বাধীন পোশাক হয়ে থাকলে🤥🤥🤥🤥তাহলে বর্তমান সময়ে মুসলমান মেয়েদের হিজাব পরা কেন সাহসী পোশাক হবে না 🤔",non-violence,0
ভালো হয়েছে নিউমার্কেটের ব্যবসায়ীরা অনেক খারাপ এখন নিউ মার্কেট বন্ধ থাকা উচিত ঈদের পরে নিউমার্কেট খোলা হোক এখন বন্ধ থাক,passive violence,1
পুলিশ যে মানুষগুলোকে গুলি করে মারল এর বিচার করতে হবে,non-violence,0
এই দেশের জন্য আমার ভাইয়েরা জিবন৷ দিছে হায় রে গনতন্ত্র,non-violence,0
শিক্ষা প্রতিষ্টান পুটকি মারামারির স্বান,passive violence,1
ফাইজলামির সিমা থাকা দরকার!! সব পাগল চোদা সাংবাদিক!!,passive violence,1
"বয়কট টিভি, নাম ৭১ কাম ৭২",direct violence,2
শিক্ষার্থীদের পাশে আছি থাকবো। ইনশাআল্লাহ রক্ত দিতে হলে অবশ্যই দিবো।,non-violence,0
সময় টিভির এই নিউজ টা আরো আগে দিলে ভলো হতো। তাহলে হয়তো সনাতন ধর্মালম্বীরা এত নির্যাতনের শিকার হতো না,non-violence,0
"কুরআন পাওয়া নয়, বলেন কুরআনের অবমাননা হয়েছে।",non-violence,0
স্পষ্টই বোঝা যাচ্ছে। এটা যে দোকানে মারামারি হয়েছে ওই দোকানের সিসি ক্যামেরার ভিডিও এবং মূল ঘটনা ঘটার অনেক পরের ভিডিও এটা। সাংবাদিকরা নিজেদের টিআরপি বাড়ানোর জন্য কারচুপি করে আগে-পরের ভিডিওকে কেটে কেটে এডিট করে এখানে প্রচার করে অন্য কাউকে বাঁচানোর জন্য একটা ফেক নিউজকে ভারসাম্যপূর্ণ নিউজ বলে প্রচার করছে,passive violence,1
খুব সুন্দর নাটক সাজাতে পারেন আমার সোনার বাংলা দেশ আমরা তা মানব না তার সাথে অনেক বড় এক জন জড়িয়ে রয়েছে,passive violence,1
এ দালাল মিডিয়া এই দালাল মিডিয়া তুই আমি লীগের নেতার কাছে না যে বিএনপি নেতার কাছে যা সে অবশ্য সত্য কথা বলবে আর সত্য ঘটনা জানতে পারবি আর সেজন্য আমরাও সত্য জানতে পারব অর্থাৎ সত্য প্রচার করতে পারবি খানকির ছাওয়াল মিডিয়া,passive violence,1
প্রতিবাদী নারী❤️স্যালুট আপু❤️❤️❤️,non-violence,0
হিজাব পরা মেয়েদের নাগরিক অধিকার অতএব সরকারের উচিত তাদেরও কোনো হস্তক্ষেপ না করা,non-violence,0
যারা ছাত্রদের উপর হামলা করেছে তাদের কাউকেই ছাড় দেয়া হবে না,passive violence,1
রিপোর্ট দিয়ে চ্যানেল বন্ধ কইরা দেন চ্যানেল বন্ধ করে দেন,direct violence,2
"আরেক কুত্তার বাচ্চা বলে কি গুজব,,,,গাজাখোর সাংবাদিক",passive violence,1
যে দেশে সন্ত্রাসরা দেশ চালায়সে দেশে শান্তি কিভাবে আশা করবেন?,passive violence,1
এইদেশ কবে ভাল হবে। পড়াশুনা করিয়া কি করবে এরা। নিশ্চয় ছাত্র শিবিরের দাওয়াত পাইলে এরা এমন দানব হতো না।,passive violence,1
"১ সেকেন্টের মুল্য বুঝতে চান? তাকে জিজ্ঞেস করুন, যে এক্সিডেন্টের হাত থেকে রক্ষা পেল.... ।",non-violence,0
বোন তোমাকে অনেক ধন্যবাদ,non-violence,0
আল্লাহর কাছে এর বিচার দিলাম,non-violence,0
"তীব্র নিন্দা জানাচ্ছি,, হিজাব নারীর অধিকার 🌿",non-violence,0
ছাগলের মতো কথা বলেন কেনো মিয়াওসি গিয়া কোরান শরিফ উদ্ধার করা লাগে কেনো?ওসি কি ওইখানে ছিলো থাকলে লাইভ না কইরা আগে কোরান শরিফ উঠাইতো ডং দেখাইয়া লাইভ কইরা গিয়া উঠানের কোনো মানে আছে?আর বই রাখা আমার জানা মতে হিন্দুর্ধমে বই রাখা হয় সরস্বতির পায়ে নিচে কিন্তু সেখানে রাখলো হনুমান এর পায়ের নিচে বলদা নিজেই জানে সে কত বড় ভুল কইরা গেলো সালার র্ধম নিয়া শুরু করছে রাজনীতি তাদের জানে ইসলাম র্ধম হক বা হিন্দু কোনো র্ধম অন্য র্ধমের অবমাননা শিখাই না যারে দাংগা লাগাই তাড়া টাকা চিনে শুধু,passive violence,1
ব্যবসায়ীদেরকে শিক্ষা দেওয়া উচিত কারন তাদের আচারণ খুব খারাপ,direct violence,2
এভাবেই সবসময় কাঁধে কাঁধ মিলিয়ে যৌক্তিক আন্দোলনে নেমে যেতে হবে। ছাত্র ছাত্রীরা সবাই এক আলাদা করা যাবে না ইনশাআল্লাহ।,non-violence,0
"এদের মতো কিছু নিকৃষ্ট মানুষের জন্য ইসলামের প্রতি বিদ্বেষমূলক লেখা লেখি হয়,এরা হত্যা করে নিজেদের জিহাদী বলে। জিহাদের মুল্য এরা বোঝে না কাউকে গুপ্ত হত্যা করা কে জিহাদী বলে না",non-violence,0
আল্লাহ বিচার করো।জালিমের থেকে দেশটাকে হেফাজত করো।,non-violence,0
রাজাকার,passive violence,1
ভাই ভালো মানুষের পক্ষে থাকতে ভালো লাগে আমার।,non-violence,0
"কাদের কাক্কু তোমাদের তো ভোটের দরকার নেই, তাহলে বিরোধিতা করবে কে,এবার তিন সদস্যের তদন্ত কমিটি গঠন করা হোক।",non-violence,0
"আল্লাহ্ আমদের ইহুদি দের চক্র কান্ত থেকে রক্ষা করুক,,,",non-violence,0
কথিত অভিযোগ,non-violence,0
ভাই আপনার দৌড় কতটুক আপনার নাম দেখেই বুঝা যায়। আর হাস্যরসের পাত্র হইয়েন না,non-violence,0
"এই বানচুদ আগে এক টকশোতে বলছিল, নিউমার্কেট সংঘর্ষ করছে ছাএ অধিকার ও ছাএ দল",passive violence,1
আমরা সবাই এটা থেকে শিক্ষা নিতে পারি আমরা বেশি বেশি আল্লাহু আকবার বলো আল্লাহু আকবার আল্লাহু আকবার বলো আল্লাহু আকবার ইসলাম ছিলো ইসলাম আছে ইসলাম থাকবে ইনশাআল্লাহ,non-violence,0
হে দ্বীনি বোন আল্লাহর জন্য আল্লাহর দ্বীনের জন্য তোমাকে সমর্থন করছি। আল্লাহু আকবর,non-violence,0
আজকে যদি সাংবাদিকরা সত্য সংবাদ প্রচার করতে তাহলে দেশে কখনো এমন পরিস্থিতির সৃষ্টি হতো না ।,non-violence,0
ব্যাবসায়ীদের ব্যাবহার ভাল না।।,non-violence,0
"শিক্ষা প্রতিষ্ঠানে কোন ধরনের ধর্মীয় পোশাক পরা উচিত নয়, এটা কোন ধর্মীয় প্রতিষ্ঠান নয়, এখানে সবার একটাই পরিচয় হওয়া উচিত। শিক্ষার্থী!",direct violence,2
আল হামদুলিল্লাহ্...প্রিয় ভিউয়ার্স আপনাদের ভালবাসায় ইসলামিক চ্যানেলটি এগিয়ে নিয়ে যাবো।আপনাদের একান্ত সাপোর্ট ও আল্লাহর রহমত নিয়ে অনেক দূর এগিয়ে যাবো ইনশাআল্লাহ্ 🔔🌷💞💞,non-violence,0
এরকম হলে তো অনেক জাতি স্বাধীন হতো না। প্রায় সব দেশেই ফেরাউন রাজত্ব করত। বরং বলুন সত্যের পক্ষে থাকুন।,non-violence,0
পুলিশ এর সুন্দর ভুমিকা ছিল,non-violence,0
তোদের উপর আল্লাহর গজব পরুক,passive violence,1
ছাত্রলীগের মতো পবিত্র সংগঠন পৃথিবীতে হয়ই না,non-violence,0
"এগুলো কি হইতেছে রে ভাই বাংলাদেশে,",non-violence,0
"৮ দিনেও ধরা ছোয়ার বাইরে, আর টখন ক্যামেরা তার পিছন পিছন ছুটতাছে, মানুষ পাগল, না",non-violence,0
"বাংলাদেশের সব চ্যানেল গুলোকে বয়কট করা উচিত বাংলাদেশের মিডিয়া চ্যানেলের সাংবাদিকরা ইসলামকে খারাপ বানায় এর আগেও তো কতকিছু হয়ে গেছে কিন্তু মিডিয়া কিছু করেনি আরোও উল্টা পাল্টা বলে সব হুজুরদের কে জেলে ভরে নিয়ে গেছে এখন যদি সব হুজুররা থাকতো তাহলে অনেক কিছু করতে পারতো,,,😔😔",direct violence,2
সাংবাদিক ভাই দের বলছি টি সি ভীর পন্য র মধ্যে পিয়াজ পঁচা কেন জনগণ ঠকায়,non-violence,0
বর্তমান বেশির ভাগ ব্যবসায়িরা সব ডাকাত কাস্টমারদের হেনস্তা করবেই এদের উচিত শিক্ষা দেওয়া হোক। ✊💪,direct violence,2
যে দেশে আইন আছে বিচার নাই সে দেশে এরকম পরিস্থিতি তো হবেই,non-violence,0
ফেরাউন মৃত্যুর সময় চেয়েছিল ঈমান আনতে কিন্তু আফসোস আমার আল্লাহ পাক বলেন অনেক দেরি হয়ে গেছে কারণ আল্লাহর সিদ্ধান্ত চূড়ান্ত সিদ্ধান্ত আল্লাহর বিচার শেষ বিচার।।,non-violence,0
গজব পড়ছে।,non-violence,0
"ঢাকা কলেজের মতো একটি ঐতিহ্যবাহী কলেজে এদেরকে ভর্তি না করে, এদের মতো সন্ত্রাসীদের জন্য (ঢাকা হেলমেট এন্ড সন্ত্রাসী সংগঠন কলেজ) প্রতিষ্ঠা করা হোক।",direct violence,2
যে বা যারা ষড়যন্ত্রের মাধ্যমে কর্নাটকের শিক্ষা প্রতিষ্ঠান বোরকা পড়া নিষিদ্ধ ঘোষণা করার জন্য দায়ী তোমাদের জন্য দোয়া করি আল্লাহর সবচেয়ে কঠিন আজাব তোমাদের উপর বর্ষিত হোক😥🤲,direct violence,2
নিভিয়াছে কোরআন হাদীসের জ্ঞানবাধ‍্যযণ্ত্র নাচে গানে ভরপুর ইবলিশের সন্তান হারাম হালালের নয় ভেদাভেদ চাই শুধূ ভরিতে নিজের বস্তালুটেপাটে সব ধ্বংস কাপেরেরা লাগায় মুখর উপর লাতি গুতা।,passive violence,1
বেবসায়ি দের উচিত শিক্ষা দেয়া উচিত।,direct violence,2
ছালারা দেশের ভিতর ধর্ষণ ঠেকাতে পারেনা। আবার শরীর দেখার জন্যে বোরকা খুলে নিতে চায়।ইনশাআল্লাহ এই বোন টার মনের ইচ্ছা আল্লাহ পূরণ করবে।,non-violence,0
মুসলিম এমন একটা জাতি যেকোনো গন্ডগোলের শুরুটাই ওরা করে। আজকে ওদের বোরকা পড়ে স্কুলে আসতে গেলে কাল হিন্দুরা গেরুয়া পোশাক পড়ে আসবে। তারপর কিছু কিছু ছেলে মেয়ে জিন্স প্যান্ট পড়ে স্কুলে যাবে এর পর ব্রা পেন্টি বিকিনী হয়েও যেতে পারবে। হিসাব অনুযায়ী যেকোনো পোশাক পড়েই যাবার অধিকার তাদের থাকবে।,passive violence,1
কেনো হামলা করেছে? তারা কেনো কুরআন অবমানা করলো?,non-violence,0
ইসলাম নিয়ে কোন ফাজলামি হবে না। রক্ত গরম হয়ে যায়। মাথা ঠিক থাকে না। মনে রাখবেন।,passive violence,1
আরে ভাই সাধারন জিনিস নিয়ে তো ঝামেলা হয় বড় জিনিস নিয়ে তো হয় না,non-violence,0
"ও যদি পাগল হয়,আর যারা না জেনে ভাংচুর করে তারা কোন ধরনের পাগল?",non-violence,0
"আহা, ওটাতো বিজ্ঞানীনা ওটা তোর জন্ম দাতা🤣, যে তোর মাকে চুদেছে😂",passive violence,1
তোমাদের মায়ের সঙ্গে তান্ডব চালিয়ে ছিল?,passive violence,1
প্রিয়াংকা গান্ধী কে অনেক অনেক ধন্যবাদ,non-violence,0
"আমি ঢাকা কলেজ এর ছাত্র ছিলাম। দুই একজন রাজ্ঞীতির সাথে যুক্ত এই কাজ করলেও, 99,9% ই ভাল ছিল।",non-violence,0
শুয়োরের বাচ্চাকে জুতা মারা উচিত।,direct violence,2
যারা মার্কেটে আগুন দেয় তারা কেমন ধরনের শিক্ষার্থী কোন শিক্ষক তাদের এধরনের শিক্ষা দিয়েছেন।,non-violence,0
ধন্যবাদ তাজনুর ভাই।,non-violence,0
সঠিক দাবি তুলেছেন ধন্যবাদ। তবে সরকার পতনের ডাক আসবে আসাকরছি।,passive violence,1
আপু আপনি একটু হিজাপ পরেন। ধন্যবাদ,direct violence,2
"হিজাব আল্লাহর নির্দেশ। কেউ হুমকি দিয়ে বন্ধ করতে পারবে না ইন শা আল্লাহ। মেয়েরা আগে থেকে যেমন হিজাব পড়ে আসছে তেমনি এখনও পড়বে, পরেও পড়বে।",non-violence,0
ইসলামের বিরুদ্ধে কথা বলে ও লেখা হয় সে বিচার গুলোর বিচার হয় না,non-violence,0
বাহ বাহ কি সুন্দর,non-violence,0
সমস্যা নাই ত।। কই কোন মুসলিম কিছু বলে আর ভাই আপনার নিজের ধর্ম বই গুলো একটু পড়েন ঐ খানে মহিলাদের ঘোমটা দেওয়া কথা বলা আছে,non-violence,0
হিজাব তাদের কী সমস্যা করছে বুঝতে পারছি না। এটা দুঃখজনক ও লজ্জাজনক ও বটে। দোয়া রইল মুসলমান মা বোনদের জন্য।,non-violence,0
ধন্যবাদ আপরাদের,non-violence,0
ইসলামকে আল্লাহর রাসুলকে গালি দেওয়ার নামই যদি মত স্বাধীনতা? হলুদ সাংবাদিকতা বাদ দিয়ে এখনই সময় থাকতে সঠিক পথে আসুন।।,passive violence,1
আপনারা সত্যি তুলে ধরেন নইলে চ্যালেন বন্ধ করেন,non-violence,0
এতে হল বন্ধ আর কলেজ বন্ধের মাধ্যমে কি করতে বুঝাচ্ছে শিক্ষকরা।,non-violence,0
মূলত এটা একটা দাঙ্গা লাগছে রে ভাই।ধর্ম এই সব আমাদের শিক্ষা দেয় না। মূলত মানুষরা উল্টো পাল্টা কাজ করে আর দোষ পরে ধর্মের,non-violence,0
১নং সাচার ইউনিয়নের শরীফুল মারা যায় নি ঢাকা মেডিকেলে ভর্তি আছে,non-violence,0
"সাংবাদিক ভাই এর এ,বে,মে বুঝলাম না,,,,",non-violence,0
সাব্বাস। অনেক দিন পর খুশি লাগছে। মুসলমান যে দুর্বল না এটি তার ই প্রমাণ।আল্লাহুআকবার,non-violence,0
যারা মারা গেছে তাদের পরিবারের কথা ভাবুন এই সরকার যত দিন আছে দেশে ততদিনে এমন হতে থাকবেই শোনারবাংলায়,non-violence,0
দালালের বাচ্চারা কার ভয় পাস তোরা,passive violence,1
"তোমরা কি বোকা ! গেরুয়া পরে আসলে তাতে তোমাদের কি কোনো উপকার হবে ? একটু কি চিন্তা করোনা ! হেজাপ বোরকা পরলে তোমার প্রতি তোমার সহপাঠী লোলুপ দৃষ্টিতে তাকিয়ে মজা নিতে পারতো না । হেজাপ নারীর সম্মানের প্রতীক হেজাপ নারীর আভিজাত্যের প্রতীক,হেজাপ নারীর রুচির প্রতীক ।",non-violence,0
এভাবে বলেছেন কেন? হিন্দু ধর্মাবলম্বীরা কষ্ট পাবে। আমরা যে যেই ধর্মীয় পরিচয় বহন করিনা কেন সেটা আমাদের পরিচয় না আমরা সবাই বাঙালি জাতি এবং বাংলাদেশী এটাই আমাদের পরিচয়। আপনাদের মতো চিন্তা ভাবনা বিশ্বাসী মানুষের কারণে সাম্প্রদায়িক সম্প্রীতির বন্ধন নষ্ট হয়। ধিক আপনাদেরকে ,non-violence,0
খুব সুন্দর নাটক সরকারের মিডিয়ার এতদিন পরে সিসিটিভি ফুটেজ বাইর হইল এতে পুরোই বোঝা যায় যে নাটক,passive violence,1
ঢাকা কলেজ ও নিউ মার্কেট ব্যবসায়ীদের এই দুই গ্রুপের সংঘর্ষের বলি হওয়া নিরীহ নাহিদ হাসানের পক্ষে সবাইকে থাকার জন্য অনুরোধ করছি🙏,non-violence,0
"সব নরেন্দ্র মোদির ভেলকিবাজি ও চক্রান্ত। বয়কট নরেন্দ্র মোদি, বয়কট উগ্রবাদী হিন্দুস্তান।",direct violence,2
এই সালা গুলাই কাফির,passive violence,1
ছাত্রলীগের সন্ত্রাসীদের দমন না করলে দেশ রসাতলে যাবে?,passive violence,1
আল্লাহর ওয়াস্তে এদের ছাত্রত্ব বাতিল করে ঢাকা কলেজ থেকে আজীবনের জন্য নিষিদ্ধ ঘোষণা করুন। সাধারন ছাত্রদেরকে অল্প কয়েক জন ছাত্র নামধারী সন্ত্রাসীদের জন্য বদনাম করবেন না । এদেরকে টিসি দিয়ে কলেজ থেকে বের করে দেন। গ্যারান্টি দিয়ে বলতে পারে যদি এদের বিরুদ্ধে ব্যবস্থা নেয়া হয় তাহলে আর কোন দিনও নিউমার্কেটে কোন অপ্রীতিকর ঘটনা আর ঘটবে না।,direct violence,2
"ছাত্ররা-ছাত্রীরা পুলিশ আসলে তোমরা কোনো ঝুঁকি নিবে না , তবে খুঁড়িয়ে খুঁড়িয়ে হলেও ঈদ পর্যন্ত আন্দোলন চলবে যাতে ওদের ব্যবসা লাটে ওঠে , এটাই হবে ওদের আসল শাস্তি ।",passive violence,1
"সব সরকারের পা চাটা কুকুর,,তোদের বিচার এক দিন হবে",passive violence,1
এরা নাকি শিক্ষিত মানুষ শিক্ষকরা কি শিক্ষা দেয় তাদের 😆😀😂😅🤣😄😢😢😢,passive violence,1
আসলে ছাত্রলীগ সাধারণ সম্পাদকের কথা শুনে মনে হচ্ছে সেও যদি এই ঘটনায় জড়িত থেকে এ হত্যায় অংশ নিত তারপরও সে নিজের অংশ নেওয়াকে বি এন পির উস্কানি বলে চালিয়ে দিত।,passive violence,1
এখন দেখার বিষয় মেয়েটাকে গণধর্ষণ করে কিনা আওয়ামী লীগ জানোয়ার গুলো- আল্লাহ সকলকে হেদায়েত নসিব করুন. আমিন।,passive violence,1
একেবারেই। তিলে তিলে যন্ত্রনা দিয়ে মারা উচিত যাতে হুরপরীদের প্রাণভরে ভোগ করতে না পারে। 😭😭,direct violence,2
যারা ভোটের অধিকার কেরে নিয়েছে তাদেরকে ঘৃণা করি।,non-violence,0
একজন মুসলিম নারীর সম্পুর্ন অধিকার আছে হিজাব পড়ার,non-violence,0
আওয়ামীলীগের কারনে প্রাণ গেল বিজিবি এর দায় আওয়ামীলীগের নিতে হবে,passive violence,1
"আপনে মনে হয়,ভাঁজা মাছটাও উল্টে খেতে জানেন না!জিন্স,টি-শার্ট ও গেঞ্জি,এগুলাতো বোরকা ও হিজাবের ভেতরেই তো পরিধান করা যায়,মাথাই কি এই বুদ্ধিটাও নেই???বোরকা ও হিজাবের ভেতরের জিন্স,গাবার্ডিং,টি-শার্ট যদি পরিধান করে,তাহলে বাহির থেকে তো আর দেখতে পারছে না।বোরকার ভেতরে সব পরা যাবে,বাহিরে দেখতে না পারলেও হয়েছে।আরবদেশের নারিরা বোরকার ভেতরে কি পরিধান করে সেটা জানেন??আরবের নারিরা বোরকা,নিকাব ও হিজাবের ভেতরের জিন্স,শার্ট-প্যান্ট ও টি-শার্ট সহ সব জামা পরিধান করে",passive violence,1
তোরা মৃত্যুদণ্ড দাবি করছে আর আল্লাহতালার কাছে তাদের বিচার দাবি করতেছি কাল কেয়ামতের ময়দানে বিচার পাব,non-violence,0
ভোট চুরি করলে তো খুন হবেই,passive violence,1
রোজার দিন মানুষ নামাজ রোজা নিয়ে ব্যস্ত আর আওয়ামীলীগের পোষা কুত্তা কামরাকামরি নিয়ে ব্যস্ত। আল্লাহর গজব পরুক তোদের উপর আল্লাহর গজবে ধবংস হয়ে যা (আমিন),direct violence,2
আগের জুগে এলাকার মাতাবররাই বিচার করতো এখন পুলিশেও পারে না কারন এলাকাই দল বানাই রাখছে সরকার,passive violence,1
মিছিল করতে আসে রামদা নিয়া।ডিজিটাল বাংলাদেশের ডিজিটাল মিছিল।,non-violence,0
মার্কেট ব্যবসায়ীদের বিচার চাই। হালার পো হালারে বেশি খারাপ হয়ে গেছে। ছাত্রদের সাথে ওরা পারবে!!,passive violence,1
তোরা যে পুলিশ বাইনচোদ তগড়ে আল্লাহ ছারা কেউই তার বিচার করতে পারবোনা,passive violence,1
সালা বাঙালিরা অন্যান্য দেশে যুদ্ধ করে মরতাছে আর আমাদের সালারা কুকুরের মতন নিজেরা নিজেরাই কামড়া কামড়ি করে মরতাছে এরা কি লেখা পড়া করতে যায় নাকি রাজনিতি মারামারি এগুলা করতে যায় বুঝিনা,non-violence,0
চিটার বাটপার বাটপার সব সময় টিভি কালকে সারা দিন কোন খবর দেখানো হলো না আজকে দেখাচ্ছে অপ্রীতিকর ঘটনা আমরা মনে হয় জানিনা আপনারা যা বুঝাবেন আমরা তাই বুঝবো আল্লাহ আমাদের মাথায় জ্ঞান বুদ্ধি দেয় নাই,passive violence,1
"উগ্রবাদী হিন্দুদের হেদায়েত হোক, না হয় ধ্বংস হোক 👈☝👈",direct violence,2
এটা পারিবারিক শিক্ষার বহি:প্রকাশ।এগুলো ছাত্র না এগুলো বস্তি।সরকারী দলের ছাত্রসংগঠন এর রাজনীতি করে আর দোকানে দোকানে গিয়ে ধান্দাবাজি করে আর নেতার নাম প্রতিষ্ঠানের নাম বলে চালিয়ে দেয়।মোট কথায় যা বলে পার পাওয়া যায়।এদেরকে দোকানিরা বেঁধে রেখে পুলিশ ও সাংবাদিকদের ফোন দেওয়া উচিত ছিল।।,passive violence,1
ভারতীয় এই বোনের জন্য রইল বিনম্র শ্রদ্ধা আললাহ এই বোন কে সববোদা সুস্থ রাখিও।,non-violence,0
"পুলিশ মানেই সরকার, সরকার দলীয়,ছাএলীগ আর টাকা ওয়ালাদেন দালাল",passive violence,1
দেশেকি আবার যুদ্ধ লাগলো নাকি,non-violence,0
বাংলাদেশে হিন্দুরা খুব শান্তিতে বসবাস করছে। জামাই আদরে আছে। শিক্ষক এবং প্রশাসনের ক্যাডারে হিন্দুরা বিরাজমান। এগুলো আমেরিকার চাল।ওআইসি সারাজীবন বাল ছিঁড়েছে ভবিষ্যতেও তাহারা বাল ছিঁড়তেই থাকিবে।,passive violence,1
"এই কেমন বিচার, আল্লাহ তুমি বিচার করো",non-violence,0
মুসলিম ধর্ম কত বাজে ধর্ম,passive violence,1
এমনি কি দশ ট্রাক অস্ত্র সেভেনে সিস্টার্সে গিয়েছিল বিএনপি জামায়াত সরকারের সময়।এই ভারতকে না ভাংলে পুরো উপমহাদেশের মুসলিমদের শান্তি নাই।এটা তখন জামায়াত ইসলামি তাদের পান্ডিত্য ও দূরদর্শীতার কারণে বুঝতে পেরেছিলেন।তাই ভারতের পেসক্রিপসনে আওয়ামী দেশদ্রোহী সরকার (স্বঘোষিত) জামায়াত শীর্ষ নেতাদের হত্যা করল।,passive violence,1
"সাধুবাদ জানাই ছাত্র ভাইয়েদের এই আন্দোলন কে, কারন আমি ও একজন ছাত্র, আর আমরা অন্যায় কে কখন সর্মথন করি না ✊",non-violence,0
"আপু আপনি যা করছেন,, খুব ভাল করছেন,, সেলুট আপু",non-violence,0
একদম মেরে ছাত্রদের হাড্ডি গুড়া করে দে।এরা ছাত্র না এরা আগামী দিনের সন্ত্রাস।,direct violence,2
আলহামদুলিল্লাহ বোন আগে ঈমান পরেই শিক্ষা,non-violence,0
নয়া চায়নাপন্হী যে তাই ওদের এতো চিন্তা।,non-violence,0
ভোট চোর সরকার,passive violence,1
"দেশে কোনো জনগণের অধিকার নেই,,তাই বুঝা যায় এসব কাহিনী দেখলে।",non-violence,0
পৃথিবীর সবচেয়ে বড় ধর্ম হলো সব ধর্মকে সম্মান করা। আর সংখ্যা লঘু দের নিরাপত্তা দেওয়া,non-violence,0
পাগল কখনও আকাম করে গা ঢাকা দেয়না। ইকবালের পরিবার তাকে বাঁচানোর জন্য পাগল বলছে।,passive violence,1
এর উপযুক্ত বিচার হওয়া উচিত 👍👍👍,non-violence,0
এক মুসকান এর আওয়াজ স্তব্ধ করতে চাও।আজ দেখো ঘরে ঘরে হাজার মুসকান এর জন্ম! #আল্লাহু_আকবার,non-violence,0
আসসালামু আলাইকুম যেই শিক্ষাপ্রতিষ্ঠানে আল কোরআন ও হাদিস শিক্ষা দেওয়া হয় না সেখানে কখনই ভাল ছাত্র-ছাত্রি আশা করা যায় না অতএব আমরা আগে শিক্ষা প্রতিষ্ঠান শিক্ষাব্যবস্থাকে পরিবর্তন করার দাবি জানাই এবং আল কোরআন ও হাদিস শিক্ষা দেওয়া বাধ্যতামূলক করার দাবি জানাই তাহলেই ছাত্র সমাজের কাছ থেকে ভালো কিছু আশা করা যাবে ইনশাআল্লাহ,non-violence,0
এগিয়ে গাও ছাত্র ভাই -ব্রাদার,non-violence,0
"ইকবাল পাগল, এবং এটা নাটক",passive violence,1
ভাই এগুলা পুলিশ না এগুলা হলো সেখ হাছিনার পোশা গুন্ডা বাহিনি,passive violence,1
ধন্যবাদ সাংবাদিক ভাইদের কে,non-violence,0
ধংস হক দেশের অসাধু হারামখোর চোর ছ্যাচড়া ব্যবসায়ীদের ব্যবসা,direct violence,2
খুবই দুঃখজনক। এই ঈদে ব্যাবসায়ীরা অনেক ক্ষতিগ্ৰস্ত হবেন।,non-violence,0
আজ যদি শেখ মুজিবুর রহমান বেঁচে থাকতেনতাহলে হয়তো উনি বলতেন72 এর যুদ্ধ করেছিলাম বাংলার জন্য...এ আমার সোনার বাংলার মানুষ জন্য,non-violence,0
হেফাজত ও বিএনপি সহ এই চাগুর দল দেশের ৫০তম স্বাধীনতা দিবস পালন করেছে কি? নাকি মোদি বিরোধতা শুধু মাত্র স্বাধীনতা দিবস পালন না করার একটা উপল্লখ।,passive violence,1
অতীতের ঘটনার একটি কি বিচার হয়েছে,non-violence,0
কাদের সাহেব যে বা যারা কুরআন কে অবমাননা করছে তাদের কি করবেন।,non-violence,0
আইডিয়াল কলেজের ছাত্রদের আমি প্রবাস থেকে ধন্যবাদ জানাচ্ছি,non-violence,0
ভাই বোয়ালমারী নাবোয়ালখালী,non-violence,0
বিশ্বজিৎ হত‍্যার বিচার কই। সাগর রুনির হত‍্যার বিচার কই। আবরার ফাহাদ হত‍্যার বিচার কই। তারা ছাএলিগ বলে কী এগুলো অধরাই রয়ে যাবে।,non-violence,0
বোরকা পরার নামে নোংরা করার ধান্দা,passive violence,1
"যে শিক্ষা ধর্ম ও নৈতিক শিক্ষাকে নষ্ট করে, সে শিক্ষা ত্যাগ করাটাই বড়ো শিক্ষা।",non-violence,0
খুব সুন্দর দৃশ্য,non-violence,0
"কি যে বলবো ভাষা খুজে পাচ্ছি না, তবে আমার মনে নেতারা পাগল হয়ে গেছে",non-violence,0
ইসলামে এসব খুব সাধারন। এখানে মুসলমান ছাড়া অন্য মানুষকে কাফের বলা হয়।,non-violence,0
ভিডিওতে দেখলাম এক দোকানের কর্মচারীকে অন‍্য দোকানের কর্মচারীরা সংঘবদ্ধ হয়ে খুব মারপিট করছে এক্ষেত্রে তাদের আইনের আওতায় বিচার করে সাজা দেওেয়া দরকার।,non-violence,0
"বাংলাদেশের মানুষের মাথায় কি কিছু নেই না কি বুঝলাম না,অপরাধ কি পূজা মন্ডপ করেছে না মূর্তি করেছে যে সেখানে ভাংচুর করেছে?যে বা যারা এই কাজ করেছে তাদেরকে চিহ্নিত করার সময় কেনো দেওয়া হল না?ঘটনার সত্যতা নিশ্চিত না হয়েই অসভ্যগুলো হামলা ভাংচুর করতেচলে এসেছে।বর্বরদের দেশে জন্মানোই হচ্ছেবড় অপরাধ,।😔",non-violence,0
শুনে খুশি হলাম... একদম ঠিক আছে..,non-violence,0
আওয়ামি লীগ সন্ত্রাস জন্ম দেয়,passive violence,1
শিক্ষা মন্ত্রী এক। মুখে দুই কথা এটা কিছু বুঝলাম নারে সময় সাংবাদিকদের অন্যবাদ আপনাকে,non-violence,0
ইসলামের সাথে সাংঘর্সিক হলে জঙ্গি। আবরার কে যারা হত্যা করেছে তারা কি???সিনহা হত্যা কি.?,non-violence,0
হাহা!!! মাঠে জামায়াত-বিএনপি কেউ নেই এখন নিজেদের রক্ত নিজেরাই খাও।,passive violence,1
"আচ্ছা গো বোন,,তে তোমার মাথায় সিঁদুর কেনে??? তুমিও তো বৈষম্য সৃষ্টি করতেছো??? যাও সিঁদুর মুছে, অন্য সব ছাত্রছাত্রীদের মত এক রখম হয়ে আসো!!!",direct violence,2
ধন্যবাদ আপু আপনাকে আপনার সাহস দেখে,non-violence,0
এই ছোট্ট বোনটা কে একটু সাপোর্ট করুন সবাই প্লিজ? 👰আমি আশা করি? কেউ না কেউ আমার বন্ধু হয়ে পাশে থাকবে.😭..🌱..,non-violence,0
ভাল করছে,non-violence,0
"সময় টিভির কাছে অনুরোধ,,,, অভিযোগ কৃত ব্যক্তিদের বিরুদ্ধে দেশের আইন কি ব্যবস্থা নিলো তার প্রতিবেদনটি দেখার জন্য অপেক্ষায় রইলাম,,,,আশা করি দেখতে ও পাব,,,",non-violence,0
পশ্চিম বাংলার চোর পাটি বাংলা দেশেগেল কিকরে,passive violence,1
এই ফুটেজটা এতদিন কোথায় ছিল ভাই,non-violence,0
আর কাকু তর বাপেরা কুরআন কে অপনমান করলো তার কি বিচার করবি 😡😡😡😡 কুত্তার বাচ্চা,passive violence,1
"এরা কখনোই জান্নাত পাবে না, আগে কোরআন হাদীস ভাল করে পড়ুন",passive violence,1
কর্নাটকের সরকারের আইন কে আমরা ধিক্কার জানাই হে বোন তোমাকে ধন্যবাদ জানাই যে তুমি আল্লাহর নাম সবার উপরে রেখেছো আল্লাহু আকবার,non-violence,0
এরাই দেশ টারে হুগা মেরে দিছে,passive violence,1
"তোদের আল্লাহর কছম লাগে,,,যদি এই কোরানের অবমাননা রাজনৈতিক বিষয় টেনে নাউ,,,হিন্দুরা কোরান অবমাননা করছে তাই তাদের শাস্তি পেতে ই হবে",passive violence,1
আমাদের দেশে সঠিক বিচারের ব্যবস্থা চাই,non-violence,0
এসব কলেজে রাজনীতি ঢুকে পোলাপান একেকটা সন্ত্রাসে পরিণত হয়েছে ছাত্র রাজনীতি বন্ধ করা দরকার,direct violence,2
বাংলাদেশের সাহরিয়ার কবির মুরগি কবির কোথায় চেতনা বাজরা,passive violence,1
আল্লাহর গজব পরবে ওদের উপর,direct violence,2
হে আল্লাহ আপনি ভারতের মুসলমানদের উপর রহমত নাজিল করুণ ৷ ও জাহান্নামি ফেরাউন এর দল অমুসলিম দের ষড়যন্ত্র কে ধ্বংস করে দিন আল্লাহুম্মা আমিন,non-violence,0
"আরে ভাই সবকিছু পুলিশ করবে কেন?বেশি লাইভ করেন,তাই একটু লাইভ পিটানো হয়েছে।ঠিক হয়েছে।",passive violence,1
হিজাব পরা বন্ধ করা হোক ভারত কে হিন্দু রাষ্ট্র দেখতে চাই,direct violence,2
ভাই আপনারা যেটাই বলেন না কেন বাংলাদেশের দোকানদারদের অনেক সমস্যা আছে এদের মারি প্রয়োজন আছে।,passive violence,1
"এই উছিলায় মাদ্রাসা, মসদিদের ইমাম এবং ছাত্র হস অনেকের বিরুদ্ধে অভিযোগ তুলে জেলে ডুকানোর ব্যবস্তা করলো। কোন এক অদৃশ্য সক্তি কারন সামনে ইউনিয়ন পরিষদের নির্বাচন!! ফাকা মাঠে গোল আর গোল 😀😀😀",passive violence,1
"আললা গজব দাও, ভারতে, গজব দাও , গজব দাও",direct violence,2
"সম্রাট শাহজাহান, সম্রাট আকবর, সম্রাট বাবর তোমাদের উপর জোর পূর্বক কোন কিছু চাপিয়ে দেয়নি । কারণ তারা ছিলো মুসলমান।",non-violence,0
নিউমার্কেটের অসভ্য বরবর মানসিকতার ব্যবসায়ী কর্মচারীদের উচিৎ শিক্ষা দেওয়ার এটাই সেরা সময়।,direct violence,2
ভারতে20 কোটি মানুষ মুসলমান।কিভাবে ওরা মুসলিম দের অধিকার কেরে নিতে পারে।বাংলাদেশের হিন্দু জনগোষ্ঠীর জন্য এদেশের সরকার সব সুবিধা দিয়েছে।,non-violence,0
নিউমার্কেট এলাকার সব দোকানপাট ব্য়কট করে তিন মাস ঐ এলাকায় কেহ কেনাকাটা না করলে বড় পেটের ব্যবসায়ীরা সঠিক পথে আসবে আশা করা যায়,direct violence,2
বাংলাদেশের সবটাই মন্ত্রী পাগল ছাগল,passive violence,1
আমার প্রিয় ঢাকা কলেজের শিক্ষার্থীদের জন্য শুভ কামনা রইল । তারা সব সময় অন্যায় এর বিরুদ্ধে প্রতিবাদ করে ।,non-violence,0
খালেদা জিয়ার মুক্তি দিতে এত ভয় কিসের? অবিলম্বে মুক্তি দেয়ার ব্যবস্থা করুন।। .তোমরা সাংবাদিক রা পা চাটা গোলাম।,passive violence,1
আল্লাহ ছাড় দেয় ছেড়ে দেয় না। মনে রেখো ভারত এর জালেমরা আল্লাহর গজব খুব জ্বলদি আসবে। তোমরা দেখো নাই চিনকে কিভাবে দিলো😓,direct violence,2
আমি চিনলেও দরিয়া দিব না কারণ অভিজিৎ তের মতো মুরতাদ কে হত্যা করে ভালই করেছে,passive violence,1
কত আন্দোলন দেখলাম এই ৮ +৯ বছরে,non-violence,0
সব মিথ্যা খবর,passive violence,1
"হেলমেট বাহিনী ওহির মাধ্যমে প্রবর্তিত এক সনামধন্য বাহিনী, যাদেরকে বাংলাদেশের প্রতিটা মানুষ খুব ভাল করেই চেনে 😁😁😁😁😁😁😁",passive violence,1
ধন্যবাদ প্রধানমন্ত্রীকে,non-violence,0
মারা মারি করার জন্যে ছাত্র দল নাই তাই নিজেরাই মারামারি করে😂,passive violence,1
"জান দিয়ে দাও,তবু ওদের সামনে নিজের ঈমানকে বিক্রি করে দিওনা, আমারা ঈমানি ভাই হিসাবে তোমাদের সাথে আছি ইনশাল্লাহ",non-violence,0
কালেমার পতাকা মাথায় বেঁধে এক মুড়ি তেন মারতে মারতে শেষ দেখব ইনশাআল্লাহ যদি কেউ বাধা দেয় শুধু চলবে বাংলাদেশের লা ইলাহা ইল্লাল্লাহ মুহাম্মদ রাসুলুল্লাহ,direct violence,2
মসজিদ থেকে যখন বের হয় তখন ২ঃ১৪ বাজে।আর যখন মন্দিরের ওইখানে যায় তখন ২ঃ১০ বাজে কিভাবে এইটা বুঝতে পারছি না,non-violence,0
"ও কোন বিজ্ঞান মনস্ক লেখক নয়।সে একজন ইসলাম বিদ্বেষী লেখক।মানে সে রাষ্ট্রধর্ম ইসলাম নিয়ে,আমাদের নবীকে নিয়ে,আমাদের মাকে নিয়ে কটুক্তি করেছে তার মানে সে একজন রাষ্ট্রদ্রোহি।অভিজিতের মরনোত্তর বিচার করা হোক।",passive violence,1
"হাইরে নারি তোমরা হচ্চ গরের ইজ্জত আর সেই তোমরা রাস্তায় নেমে,এইসব কি,করতেচ,তোমরা আল্লাহকে ভয় কর।",direct violence,2
খুনের রাজনীতি জন্ম দিয়েচে মুজিব।,passive violence,1
খাল কেটে কমির আনলে যা হয় আর কি,non-violence,0
সাগর -রুনি হত্যার বিচার কি আজো হবে!কেন আজও সাগর-রুনি হত্যার আসামিরা ধরা চোয়ার বাহিরে!,non-violence,0
"আওয়ামিলীগের গৃহপালিত বিরোধীদল 😂এই বামেরা কোন মুখে এখন আওয়ামীলীগের বিরুদ্ধে আন্দোলন করে? স্বৈরাচারী আওয়ামীলীগকে ক্ষমতায় রাখতে এই বামদের সরাসরি হাত ছিল, এখনো আছে।",passive violence,1
মুর্তির সামনে যে হনুমানের লাঠিটা ছিল পবিত্র কোরান শরীফ রাখার পর মনে হচ্ছে সেই লাঠি সেখানে নেই সেই ব্যক্তি ওই লাঠিটা নিয়ে ঘুরাঘুড়ি করছে।,non-violence,0
নিশ্চয়ই এই বোন আল্লাহর কাছে এবং সারা বিশ্বের কাছে একজন ইসলামের বীর সৈনিক । এর আগে পুরো ভারত বর্ষে এমন নজির স্থাপন করতে কেউ পেরেছে বলে মনে হচ্ছে না । তাই সেলুট তোমায় হে প্রিয় বোন ।,non-violence,0
আল্লাহর ফেরেশতাও যদি বিএনপির কোন ভুল ধরে তাহলেও তারা বলবে যে সেই ফেরেশতা আওয়ামী লীগের দালাল!,non-violence,0
আপনার কথা দুঃখ জনক আগে বিডিও থাকলে কেন ধরা হলনা হিন্দু দের খতি হোতনা ধন্যবাদ আপনাকে,non-violence,0
আমি ধন্যবাদ জানাই কুমিল্লা সদর থানা ওসি সাহেবকে তিনি নিজেই কুরআনটি তাহার বুকের মধ্যে জড়িয়ে রেখে যথাযথ হেফাজত করেছেন।,non-violence,0
"ডিজিটাল নাগরিক বন্ধুদের দৃষ্টি আকর্ষণ করছি, ডিজিটাল নাগরিক আন্দোলন চ‍্যানেলটি সার্চ করুন সাবস্ক্রাইব করুন শেয়ার করুন আমাদের বিষয় ডিজিটাল গবেষণা প্রকাশনা।",non-violence,0
"প্রকৃত হিন্দু বা মুসলমান এমন করতে পারে না, দোষী ব্যক্তিকে আটক করে দৃষ্টান্তমূলক শাস্তি দাবি করছি",non-violence,0
"আল্লাহ সুধু মানুষ হিসেবে মুসলমানেদেরই, আর অন্য কোন মানুষ জাতিরে বানাইনা এটা হল মুসলমাদের কথা, অন্য কোনো জাতি ধর্ম, মানুষ কাটাকাটি মারলে তাদের কোনো পাপ হয় না , তারা বেহেস্তে যাবে, আবার বলে ইসলাম সান্তির ধর্ম, কোরান অবমাননা করলে মৃতু দন্ড দেয়া হয় , খমা যে ধর্মে অংশ হয় সেটা , ইসলাম যানেনা, বাংলাদেশে এত হিন্দু নির্জাতিত হয় মুসলমানদের হাতে জোর জুলুম করে, তাদের কোনো পাপ হয় না কারন তারা মুসলমান , পাপ করলেও বেহেস্তে যাবে,।",passive violence,1
"নির্লজ্জ,বেহায়া,দেশোদ্রোহী,উগ্রবাদী সন্ত্রাসী ইসকনের মদদ দাতা লেখক ভট্রাচার্য😡😡😡😡😡",passive violence,1
"পুলিশ মারো দেশ বাচাও,, ,। আমার ভায়ের রক্তে লাল পুলিশ কোন চেটেল ভাল",direct violence,2
ফালতু সরকার আর তার বিচার ও ফালতু😡😡,passive violence,1
আজকে নরেন্দ্র মোদিকে বাংলাদেশে এনে বাংলাদেশের সমস্যা তৈরি খুবই দুঃখের বিষয় এই জন্য ফেসবুক বন্ধ করে দেওয়া হল সবই হলো নরেন্দ্র মোদির কারণে,non-violence,0
তোর বাপের নাম ব্রহ্মা। ব্রহ্মা তার মেয়ে কে পকাপক দিছিল তার ফলে তোর জন্ম হইছে।,passive violence,1
ইয়া রব্বুল আলামীন এই জালিম নেতাদের হাত থেকে তুমি আমাদের হেফাজত কর।।,non-violence,0
মা সত্যি বল যে নেশা আসক্ত তাই তাকে দিয়ে কাজ টা ভাল হবে তাই অন্য কেউ ওকে দিয়ে কাজ করা হয় ইকবাল বলবে সত্য কি বাঁচা জন্য তার সাথে কে কে ছিল নাইচ খবর,non-violence,0
এখনো যদি বিজিপির উপরে গুলি চুপ থাকে তহলে তাদের ভাগ্য আরও খারাপ হবে এক জন বিজিপির সৈনিক কে কেনোমারাহলো এরি পতিবাদে তো যে মাদার চৌদেরা ভোটের ফলাফল বদলে দেওয়ার দাবিকরছে তাদেরকে কেনো গুলিকরা হলোনা আর এক জন বিজিপির সৈনিককে মেরে তারা চলেগেলো আর বাকি পুলিশ বিজিপি সব কি সাধারন মানুষের বালফেলাছিলো,passive violence,1
"ইসলামে কাউকে হত্তা করা মহাপাপ, তবে কাউকে যদি বুঝানোর পরেও বার বার ইসলামকে আঘাত করে তাহলে তাকে মারা উচিত ৷ ব্যাপারটা যদি এরকম হয় কেউ বল্ল আপনার মাকে খুব ভালো লাগে তার সাথে রাত কাটাতে চাই, তখন ঠিকই আপনি তাকে এলোপাথারিভাবে মারদিতেন, দেখতেন না সে বাচলো কি মরেগেলো৷ আর আল্লহ বলেন যে সব থেকে তার রাসুলকে ভালোবাসলো না সে মুমিন না৷ রাসুল, ইসলাম এটাই আমাদের কাছে সবথেকে দামি৷ এটা জানার পরও অভিজিতের মত এখনো অনেকে ইসলামকে আঘাত করে চলেছে৷ শুশিল সমাজ কি ভুমিকা রাখলো?",direct violence,2
ঈদের সময় দোকান বন্ধ রাখা উচিত,non-violence,0
এই কুলাঙ্গারটাকে গ্রেফতার করে ওর বিচিতে দুটো ইট বেধে ঝুলিয়ে দিন!!😠😡,passive violence,1
আসামে তাহলে মুসলিম দের গুলি করে হত্যা করা হচ্ছে কেন??,non-violence,0
"আরে সালার পুতেরা তোদের জন্ম দিচে মা,বাবা সে মা,বাবার খবর নাই।মরলে কবরে গিয়ে বলিস আমি ওমুক ভাই এর জন্য জিবন দিয়েচি।",passive violence,1
ব্যবসায়ীরা ইচ্ছাকৃতভাবে ঝামেলায় জড়িয়েছে। বেছে বেছে কিছু ব্যবসায়ীকে আইনের আওতায় এনে শাস্তির দাবি জানাচ্ছি। নিউমার্কেটের ব্যবসায়ীরা অত্যাধিক বেড়ে গেছে। তাদের শিক্ষা হওয়া উচিত।,passive violence,1
ভারতের বেশির ভাগ মানুষ অশালীন পোশাক পরিধান করে। শিক্ষা প্রতিষ্ঠানের উচিত ছিলো অশালীন পোশাকের বিরোধিতা করা। তারা সেটা না করে করছে যারা পর্দা করে তাদের বিরোধিতা। এর থেকে বুঝা যায় এরা ভালো কিছু শিখায়না শিখায় অশ্লীল হওয়ার পদ্ধতি।। আসলে এরাই এই জমানার নিকৃষ্ট জাতি।,passive violence,1
ভোট চোদাইতে আসছে ۔ তোদের আবার ভোট কিসের ۔ তোদের দরকার পাকিস্তান ۔ ঐখানে চলে যা ইচ্ছামতো সামনে পিছনে সিল মেরে দিবে ۔ খানকি কোথাকার ۔,direct violence,2
আল্লাহ বিচার করুন,non-violence,0
স্বাধীন রাষ্ট্র হিসেবে বলতে ঘৃণা হয়,non-violence,0
"ঢাকা কলেজের শিক্ষার্থীদের অসংখ্য ধন্যবাদ,নিউমার্কেটে এর ব্যবসায়ীরা জগন্ন খারাপ আচরণ করে কাস্টমারদের সাথে,,,",passive violence,1
মিথ্যা কথার উপর ভিত্তি করে ছাএদের উত্তোজিত হওয়া ঠিক হয় নাই,non-violence,0
ওরা জংগী তাই না?..আল্লাহ তোর বিচার কোরবে. আর ওদেরও....,non-violence,0
এর সুষ্ঠ তদন্ত করা হক,non-violence,0
আমাদের আরপানকে দিবালোকালয় মারা হয়েচে কই তাদের জে পাশিও হয়না বিচারো হয়না।,non-violence,0
শালা দালাল টিভি সাংবাদিক শুধু বিএনপি কে দোষারোপ করছিস কেনো কুত্তালীগ কি ধোয়া তুলসি পাতা,passive violence,1
যে ছেলে মারা গেছে তার পরিবারের জন্য সবাই যেনো এগিয়ে আসে সে জন্য আপনারা খেয়াল করবেন সময় নিউজ।,non-violence,0
সত্য প্রকাশ করার জন্য ধন্যবাদ একাওর টেলিভিশন,non-violence,0
এইগুলো কে পাছার মধ্যে বাইড়াইয়া চামড়া উঠানোর দরকার। পড়ালেখার নামে ঢাকা কলেজ এলাকায় এরা করে আধিপত্যের খেলা।কাউরে কিছু বলা যায় না। এদের স্বেচ্ছাচারিতা আর গোঁয়ার্তুমি তে অত্র এলাকায় প্রত্যেকটা ব্যবসায়ী অতিষ্ঠ।এদের জন্য শান্তিতে দোকানদারি করার উপায় নাই।,direct violence,2
"তোরা দেখ ,দেখ ,দেখরে চাহিয়ারাস্তা দিয়া হাইটা চলে রাস্তা হারাইয়া। সবকিছু জানার পরেও প্রশাসন প্রভাবশালী ওই মহলকে রক্ষা করার জন্য চেষ্টা চালিয়ে যাচ্ছে। তোদের মত মুনাফিকদের জন্যই জাহান্নাম অপেক্ষা করছে।",passive violence,1
"সব কাফেরের দল সেইদিন বুঝবে যেইদিন অাল্লাহ নিজে বিচার করবেন হাসরের ময়দানে । কাফেররা শুধু অাফসোস করবে সেইদিন ,,,, অাল্লাহ ছাড়া সেইদিন কোন সাহায্যকারী থাকবে না ।",passive violence,1
"মার্কেটের সমস্যা মার্কেট কর্তৃপক্ষ ও ব্যাবসায়ীরা, মালিকরা সমাধান করবে। যে ছাত্ররা পড়াশোনা বাদ দিয়ে অন্যর সমস্যা টেনে এনে একটি স্বনামধন্য শিক্ষা প্রতিষ্ঠানের নাম কলুষিত করে তাদের সহ দোকানের জড়িতদের আইনের আওতায় আনা হোক।",non-violence,0
সব জায়গায় ক্ষমতা প্রদর্শন । কলেজ ইউনিভার্সিটি কোন কিছু বাদ নেই। শিক্ষার্থীদের শিক্ষা কোথায় যে গেল।,non-violence,0
লেখক তুই মিথ্যা তোর জমম মিথ্যা।,passive violence,1
ঘরে কাম কাজ নাই স্বামীর সেবা করে না। আবার নামছে হরতালে। নারীবাদী কি যে।,passive violence,1
নাহিদকেজে মারা হলো তার কি হবে।?,non-violence,0
হিজাব পরা এটা আমাদের ভারতের ধর্মীয় স্বাধীনতা। যেমন শিখদের পাগরী পরা। স্কুলের পোশাকের চাদর এর রঙের হিজাব পরতে হবে।,non-violence,0
"কলেজ গুলো ভাল ফাকিবাজ, মাস্তান, চাঁদাবাজ তৈরি করছে।",passive violence,1
"হিন্দুরা শখা,শিদুর পরে শিক্ষা পতিস্টানে জেতে পারবেনা।",direct violence,2
সব ছাত্ররা এক হও কুত্তার বাচ্চা অশিক্ষিতদের উচিত শিক্ষা দেয়া হবে। মুর্খ গুলার সাহস কত ছাত্রদের গায়ে হাত তোলে,direct violence,2
ঢাকা কলেজ বন্ধ করে দেওয়া হউক।,direct violence,2
পুরো ছাত্রলীগ ওরফে ধর্ষণ লীগ নিষিদ্ধ করা উচিত...,direct violence,2
ভাই ছোট্ট বোন টার পাশে একটু ধারান কুরআন ও গজল নিয়ে ভিডিও বানাই🙇👍👍,non-violence,0
"আমার ২৩ বছর জিবনেও এমন ঘটনা দেখি নি কুমিল্লাতে , যখন অন্যান্য জেলায় এমন সহিংসতা হতো তখন গর্ব করে বলতাম কুমিল্লা অনেক উন্নত মানসিক দিক দিয়ে। যা দেখে মনে হচ্ছে একটা মহল আছে যারা কুমিল্লার সম্প্রিতি নষ্ট করার চেষ্টা করছে।",non-violence,0
আপনার কথার সাথে আপনি একমত হতে পারলাম না এর দুঃখপ্রকাশ করছি,non-violence,0
"নাস্তিকদের দালাল এই টিভি রিপোর্টার, এই চেনেল",passive violence,1
এদের বিচার এই বাংলার জমিনে হবে ইনশাআল্লাহ শুধু সময়ের এর অপেক্ষা,non-violence,0
পুলিশ জনগণের বন্ধু নয় বরং শত্রু পুলিশ এখন সরকারের পা চাটা গোলাম৷ মানুষের অধিকার নিয়ে ছিনিমিনি খেলে এই সরকার,passive violence,1
এদের বিচার করা হোক তাহলে ঠিক হয়ে যাবে,non-violence,0
"আজকে বাংলাদেশের কোন চামচা চ্যানেলকে দেখলাম আজকের খবর দেখাতে, অথচ যদি পরিমনির খবর হতো তবে খবরের হেডলাইনে থাকতো",passive violence,1
সব ব্যবসায়হি মাদার চোদকে মেরে ফেলো,direct violence,2
"সকল গনমাধ্যম এখন আওমীলীগের চামচা গোলাম,,কুকুরের বাচ্চারা",passive violence,1
"রাসুলুল্লাহ (সা.) বলেছেন, ‘শপথ সেই মহান সত্তার! যার হাতে আমার প্রাণ। দুনিয়া ততক্ষণ পর্যন্ত ধ্বংস হবে না (তার পূর্বে) মানুষের প্রতি এমন একসময় আসবে; হত্যাকারী জানবে না সে কেন হত্যা করছে আর নিহত ব্যক্তি জানবে না তাকে কেন হত্যা করা হয়েছে (মুসলিম: ৩৯০৮)",non-violence,0
পাগল ছাগলের প্রলাপ,non-violence,0
আমাদের পিরোজপুরের মঠবাড়িয়া নৌকা মার্কার প্রার্থীরা স্বতন্ত্র প্রার্থীদের উপর হামলা করতেছে,non-violence,0
এগুলো হেফাজত না এগুলো সব জামায়াতের লোক সুযোগ পাইছে তাই হেফাজতের নাম দিয়ে রাস্তায় তান্ডব চালাচ্ছে,passive violence,1
ঢাকায় বেশির ভাগ কলেজের ছাত্র ছাএীদের মধ্যে কিছু আছে বড় ধরনের চোর,passive violence,1
"অত্যন্ত দুঃখজনক,,,, এতকিছু পরেও আমাদের বর্তমান সময়ের নামধারী মুসলিমদের হুস ফিরে আসুক এবং মহান আল্লাহ্ রাব্বুল আলামীন আমাদের অভিভাবক হিসেবে বিশ্বের সকল মুসলমানদের হেফাজত করবেন,, ইংশাআল্লাহ্।",non-violence,0
"ইচ্ছাকৃত&#39;ভাবে কোরআন শরীফ কে মূর্তির পায়ের নিছে রেখে, মূর্তির লাঠি নিয়ে গেছে । হায়রে মানুষ কি অপরাধ করেছে এই কোরান । আল্লাহ্ তোদের বিচার করুক (আমিন)।",non-violence,0
"ঢাকা কলেজের প্রতি অনুরোধ সাধারণ মানুষ ও নিরপরাধ ব্যবসায়ীদের যেন কোনরকম ক্ষতি না হয় সেদিকে খেয়াল রাখা। নিউমার্কেটের কিছু কিছু ব্যবসায়ী সত্যি খুব বাজে ব্যবহার করে, কিন্তু তাদের সংঘবদ্ধ অবস্থার কারণে তাদের বিরুদ্ধে সাধারণ মানুষ কথা বলতে পারেনা। ঢাকা কলেজের শিক্ষার্থীদের প্রতি কৃতজ্ঞতা, তারা সবসময় যৌক্তিক প্রতিবাদ করে।",non-violence,0
"কলেজ-বিশ্ববিদ্যালয়ে বেশিরভাগই ছাত্র লেখাপড়ার নামে শহরের মোডে মোডে চাঁদাবাজি সন্ত্রাসী কর্মকাণ্ড ইত্যাদি করেনএটা যাঁরা শহরে হকার ব্যবসা করেতাঁরা জানেন, মুখ খুলে কেউই ভয়ে বলে কারণ তাঁরা শিক্ষিত সন্ত্রাস,,, তাদের মিথ্যা বানোয়াট কথা সবাই শুনেন, কিন্তু একজন সাধারণপাবলিকের কথা কেউই শুনে না,, আবার তাদের সাথে জড়িত আছে মুখোশধারীঅনেক দুর্নীতিবাজ পুলিশ,,,,, এটাই সোনার বাংলার শিক্ষার উন্নয়ন,,,,শিক্ষক যেমন, ছাত্রও তেমন,,",passive violence,1
"পাগল আবার কি ভাবে পালিয়ে থাকে, এতো দেখছি সিয়ান পাগল, অনেক বড়ো মাপের পাগল",passive violence,1
পায়ের কাছে রাখছে আপনি দেখছেন? গুজব ছড়াইয়েন না।আর এইটা তৃতীয় পক্ষের কাজ এইটুক শিওর থাকেন।,non-violence,0
আরে তরা তো সবাই কাফের তরা,passive violence,1
এই শালার বাংলাদেশের সাংবাদিকরা সব চোর চোরদের ধরে পেটানো উচিত,direct violence,2
কত গর্ভ করে বলে এরা যে আমার ছাত্রলীগ এর ছেলে🤣।আর এইদিক এ যেই মা তাকে ৯ মাস পেট এ ধরে যে মা জন্ম দিল তার কথা চিন্তা না করে মারামারি করতে এসে পরে তাদের নেতা বাপ দের ডাকে🤣।,non-violence,0
"পৃথিবী থাকার জায়গা নয় , পরোকাল থাকার আসল জায়গা, সবাইকেই যেতে হবে একদিন, কেউ থাকবে না, আর পৃথিবী টা হলো পরীক্ষা আর পরীক্ষায় যারা উত্তীর্ণ হবে তারাই সফল,.. সঠিক বিচার পরকালেই হবে.. ইনশাআল্লাহ",non-violence,0
আপনাদের প্রতিবেদনকে বয়কট করলাম।,non-violence,0
"মিছিল মিটিং মানুষের অধিকার, সেখানে বাধা না দিয়ে সহযোগীতা করতে হবে।এরা সাংবাদিকএরা দেশ ও জাতির শত্রু",passive violence,1
এটা সম্পুর্ণ সাজানো নাটক মানুষ এখন আর আগের মতো পাগল নেই,passive violence,1
মনে রাখবে আল্লাহ বিচার হবেই এতে যেই হোক না কে,non-violence,0
বিজ্ঞানমনষ্ক?!??!!? আরে নাস্তিক বলুন... ইসলাম বিরোধী কাজকে কখনো স্বাধীন মতপ্রকাশ বলা যায় না...,passive violence,1
"মার্কেট বন্ধ করে দেওয়া হোক,,,ব্যবসায়িক ব্যবহার আগে শিখতে হবে ওদেরও,,,,",direct violence,2
হম একমত,non-violence,0
"কুকুরের বাচ্চা একবারের জন্য বল্লো না,, জারা কোর-আন শরীফের অবমাননা করেছে তাদের খুজে দৃষ্টান্ত্য মুলুক সাস্থি দেওয়া হবে,,",passive violence,1
"হেলমেট পরা এরা চাঁদের দেশ থেকে এসেছে । চ্যানেল এবং আইনশৃঙ্খলা বাহিনীর কাছে অনেক তথ্য থাকে এখন সব তথ্য হাওয়া।মানুষ পূর্বে বলতো বাকি চাহিয়া লজ্জা দিবেন না, এখন দিন বদলে গেছে এখন আইন আদালত বলে সুষ্ঠু বিচার চাহিয়া লজ্জা দিবেন না।",non-violence,0
আওয়ামীলীগ রাজাকার কখনো একটা ভালো নির্বাচন দিবেনা,passive violence,1
তারা কিন্তু মেয়েটিকে ধর্ষন করে নি। যা বাংলাদেশে দেখতে পাওয়া যায়।,non-violence,0
এটাই মোদের দেশ। যেখানে সাগর রুনি আবরার ফাহাদ মেজর সিনহার মত সৎ লোকদের বিচার হয় না। বিচার হয় ইসলাম প্রিও মানুষগুলোর।,non-violence,0
এর সঠিক তদন্ত হওয়া উচিত,non-violence,0
উগ্র সাম্প্রদায়িক শক্তি ভারত পরিচালনা করছেন। এর ধারাবাহিকতা অব্যাহত থাকলে ভারত বিভক্ত হয়ে নতুন কিছু দেশের সৃষ্টি হবে নিশ্চিত,non-violence,0
হে আল্লাহ্ সুবহানতায়ালা আপনি আমাদের সকলকে পর্দা করার তৌফিক দান করুন এবং সকল ধরনের অনিষ্টকর পরিস্থিতি থেকে রক্ষা করুন । আমিন ।,non-violence,0
আমরা জনগণ অভিজিতের মতো কুলংগার এর বিচার চাই না আবরার হত্যার বিচারচাই,direct violence,2
"হায়রে নাটক, আর কত দিন। একদিন আল্লাহ তোমাদের বিচার করবে",passive violence,1
মাফিয়া সরকার পুরো হিন্দুদের সরকার। এই নাস্তিক কুওালীগের নেএী উপর আল্লাহর গজব পড়ুক আমিন।,direct violence,2
বগুড়া জেলার এক কেন্দেই পুলিশের গুলিতে মারা গেছে ৫ জন তাদের মধ্যে একজন নারী ছিল।আমার অফিসের এক কলিকের বাড়ির পাশে এ ঘটনা ঘটে।,non-violence,0
এই সমস্ত কথা এখন জাস্ট ধামাচাপা দেওয়ার জন্য।,passive violence,1
"নিউ মার্কেট আর গুলিস্তাননের থেকে কিছু কেনা কাটা করতে গেলে ভয় লাগে,, এরা এতো প্রতারক, আর এতো খারাপ ব্যাবহার করে যে ওখানে একা একা কিছু কিনতে যাওয়া ভয়ের ব্যাপার,, ব্যাবসায়িদের ব্যাবহার ভালো না, মানুষজনের সাথে খারাপ ব্যাবহার, গালিগালাজ , জোরজবরদস্তি ও করে এরা",non-violence,0
কুমিল্লার ঘটনায় অন্য যায়গায় কেন হামলা এতে করে জিহাদ করা যাবে না সবচেয়ে বড় জিহাদ ফযরের নামায জামাতে আদায় করা।,non-violence,0
আল্লাহ তুমি তোমার বান্দাদেরকে রক্ষা করো।,non-violence,0
মানবাধিকার সংস্থা গুলো কেন মুসলিমদের বেলায় এসে বোবা হয়ে যায়। কেন তারা যথাযথ পদক্ষেপ গ্রহণ করেন না।,non-violence,0
পুশিশ জে গুলি করে অনেক জনকে আহত নিহত করছে সেই খবরতো কিছুই বললো না? দালাল মিডিয়া 😡😡😡,passive violence,1
এসব উগ্রবাদী মুসলিমদের শাস্তি সরকার কখনোই করেনি তাই এমন ঘটনা বার বার ঘটছে। আর বার বার আশ্বাসের বানী শুনিয়ে সরকার বসে আছে। সুষ্ঠু বিচার হলে এসব ঘটনা বার বার ঘটতো না।,non-violence,0
মর তোরা... তোরা মরলে সাধারন জনগণ শান্তিতে থাকবে,passive violence,1
দালালের বাচ্চা দালাল,passive violence,1
এই সরকারের আমলে নিরপেক্ষ নির্বাচন চাওয়া মানে হিজলার কাছে সন্তান চাওয়া এককি কথা,passive violence,1
বাহ! চুদির ভাই বাহ! দালালি করতে করতে তো তোরা উচ্চ লেভেলে পৌছাইয়া গেসছ।।,passive violence,1
"দ্রব্যমূল্যের উর্ধগতি কোনোভাবে মেনে নেয়ার নয়। মানুষের আয় কম ব্যয় বেশি। তার উপর ঋণের বোঝা, মুদ্রাস্ফীতি, বেকারত্ব ইত্যাদি ইত্যাদি সমস্যা যার মূল কারণ আপনারা সবাই জানেন। তবে আমি আজকের হরতালকে কোনো ভাবেই মেনে নিতে পারছি না। এবং এই হরতালকে সমর্থন করি না। আমি কখনো কোনো নাস্তিক বামদের কাজে বাহবা দিবো না। তারা ছদ্মবেশি শয়তান। চেহারার আড়ালে তাদের শয়তানি লুকিয়ে আছে",passive violence,1
ঢাকা কলেজের পোলাগো পাওয়ার দেখানোর ঘটনা নতুন কিছু নয়। ছাত্র আন্দোলনের নামে নিজেদের ভন্ডামি ঢাকা দেওয়া হচ্ছে।,passive violence,1
"সেই একই হলো 🙂🥀 আসল উদ্দেশ্য হাসিল ড়লো সেটা হলো হিজাব পরতে না‌ দেয়া 🥀🙂আমাদের বোন দের জাহান্নামি করার পাঁয়তারা করছে 🙂🙂সাখা পলা সিঁদুর, তাদের বিবাহিত চিহ্ন। কোনো ঈমানি চিহ্ন নয়।এগুলো তাঁরা না করলে নরকে যাবে না 🙂🙂 তবে আমাদের মা বোন পর্দা না করলে তাদের ইমান‌ ও স্বাধীনতা হরণ হবে 🙂🙂🙂আল্লাহ তাদের বিচার করবে ইনশাআল্লাহ যারা এর নেপথ্য রয়েছে 🙂🙂🙂",non-violence,0
যে খতি হইছে তা পূর্ন হবার নয় তবুও দোষী র তদন্ত। সাপেক্ষ্ বিচার হোক দেশের অপূরনীয় কিছুটা লাগব করার চেষ্টা ন্যায় বিচার চাই,non-violence,0
স্লোগানটা হতে হবে অন্যায়ের বিরুদ্ধে। সে যেই হোক ছাত্র অথবা ব্যাবসায়ী। তারা ছাত্র বলেই অন্যায় করে ছাড় পেয়ে যাবে এমন কেন??,non-violence,0
ইকবালের বেলায় পরিবার ও দায় নেবে না আর ওর জাত ভাইরা ও দায় নিবে না।কিন্তু হিন্দুদের বেলায় কুমিল্লায় নিজেরাই কাহিনী করে পুরো দেশে যে সহিংসতা চালাইলি তখন পুরো হিন্দুদের উপর দায় দিলি কেমনে?,non-violence,0
মালালা মুসলমানদের ভাল চায় না আমি তাকে ঘৃনা করি,passive violence,1
"পুলিশ মানেই জারজ আর কুত্তালীগ ২,৪ টা মরলে খুশি হইতো বাংলার মানুষ",direct violence,2
কোরআন শরীফ কে রেখেছে তার কোন খবর নাই কিন্তু হামলা হয়েছে তার খবর সব কিছু রয়ে,passive violence,1
আল্লাহ তুমি এই শুয়ারের বাচ্চাদের ধ্বংস করে দাও।,direct violence,2
তান্ডব চালায় হেফাজত??? শুয়োরের বাচ্চা,passive violence,1
ধন্যবাদ জমুনা টিভেকে সত্য খুঁজে বের করার জন্য।,non-violence,0
নাটক বন্ধ কর। বোন? একে শাদী করতে ও বাধা থাকে না? তোদের ধর্ম ? ধর্ম নাম নিয়ে যত অপকর্ম,direct violence,2
আরে ভাই বাংলাদেশের প্রত্যেকটা স্কুলে হিন্দু মুসলিম একসাথে পড়ে। মুসলিম মেয়েরা হিজাব পরে আসে আর হিন্দু পরেনা। তখন কি আমরা তাদের জোর করে হিজাব পরায়।,non-violence,0
"ভাইরে ভাই! এখানে আপনাদের ঝগড়া করার কি আছে? কোন বাল ফালাইতে পারবেন কেউ?? মূলকথা গতকাল যা হইছে তা ন্যাক্কারজনক, দুই ধর্মের জন্যই কষ্টের। আমরা সৃষ্টিকর্তা নিয়ে কথা না বলি, আমরা সাধারণ মানুষ। আল্লাহ, দেবতা নিয়ে ঝগড়া থাক। আমরা মানুষ এটাই বড় পরিচয়, ধর্ম এক নয়তো কি হয়েছে? ধর্ম আঘাতকারী মানুষগুলোই গতকালের ঘটনার জন্ম দিয়েছে, পারলে তাদের ধরতে সহায়তা করুন।",non-violence,0
সকল মুসলিম ভাই ভাই তাই কোন দোষ নাই,passive violence,1
পুলিশ আর ছাএলীগ এক সাথে।এ দেশের রাজনীতি কখন ভাল হবে না,non-violence,0
বাংলাদেশে রাষ্ট্র ধর্ম ইসলাম ছিল থাকবে সবসময়।। যার যার ধর্ম সে সে পালন করবে তাতে আমিও একমত কিনতু ইসলাম নিয়া টানাটানি করলে ভারতে নাগরিক দিতেছে ওখানে সোজা চলে যাওয়াই ভালো তাদের জন্য।,direct violence,2
পোষাক কোন ধর্মের পরিচয় হতে পারে? কেন পোষাক মানুষের পরিচয় বহন করবে? শালীন পোষক পড়লেই তো হলো। পোষাক মানুষের মধ্যে বিভেদ সৃষ্টি করছে। সে হিন্দু সে মুসলমান আঙ্গুল দিয়ে দেখিয়ে দেয়া হচ্ছে।,non-violence,0
যেই শালি নিঊজ টা পরতাছে অরে ধইরা পুটকি মারা দরকার,direct violence,2
আল্লাহ তোদের বিচার করব,non-violence,0
"কিছুই বলার নেই এগুলো আমাদের কর্ম ফল,, বিচারের জন্য আল্লাহর কাছে তাকিয়ে থাকা ছাড়া আর কোনো উপায় নেই,,",non-violence,0
এটা মানুষ না আওয়ামীলীগ এটা একটা কুকুর মারা গেছে।।,passive violence,1
আল্লাহ যানো ঐ সকল হিন্দুদের উপর গজব দেয়,passive violence,1
"সব দলের এক সাথে কাজ করা উচিত, তানাহলে দেশের জনগণের ভোটের অধিকার আদায় করা সম্ভব নয়।",non-violence,0
মার্কেট এর লোকেরা অনেক খারাপ ওরা শিক্ষাএীর সাথে আন্দোলন শুুরু করে দিয়েছে,passive violence,1
জণগণ কে জিম্মি করে পেঁয়াজ ২৫০ টাকা বানিয়ে মানুষকে ধোঁকা দিল আমাদের আওয়ামী লীগ আগের মতো নেই মুদির কথা মত বাংলা দেশ চালাতে হবে কেন পাকিস্তানের সাতে যুদ্ধ বাংলা দেশের নাগরিক জনগন করছে মুদির কথা কেন শোনবো ইন্ডিয়া আমাদের দুষমন ভালো চায় না ইন্ডিয়া জনগন বাংলা দেশের পরিচয় এ চাকরি করতাছে আমাদের জনগণের চাকরির খবর নাই,non-violence,0
সুন্দর সিদ্ধান্ত 🤗🤗,non-violence,0
"যেদিন তারা শাস্তি প্রত্যক্ষ করবে সেদিন বলবে হায় আফসোস আমাদের,আজকতোইনা ভাল হতো যদি আমরা মুসলিম হতামআল কোরআন",non-violence,0
"কুরআনের পাকি গুলি কে জারা গুলি করে মারছে তাদের বিচার কে করবে, আমরা আল্লাহ কাছে বিচার দিলাম",non-violence,0
থেকে কোন বিচার এর আসা করা যায় না,non-violence,0
যুদ্ধের উত্তেজনা দেখছি সাংবাদিকের কন্ঠেও 😁 কেউ নাকি নিহতও হচ্ছে!😁,passive violence,1
এখন থেকে আর চার দেওয়া হবে না এখন মসজিদে এ হামলা হবে অপেক্ষা করার সময় ওদের,direct violence,2
প্রিয়াঙ্কা গান্ধী কে ধন্যবাদ। তার কথা গুলো যৌক্তীক।,non-violence,0
এই সাংবাদিক কুত্তালিগের দালাল,passive violence,1
"হা হা হা মদ প্রকাশের স্বাধিনতা শুধু ইসলামের বিরুদ্ধে লেখলেই পাওয়া যায়। কারন প্রশাসন থেকে রাজনৈতিক সর্বত্রই ভারতের দালাল,",passive violence,1
ব্যবসায়ী চ্যানেল ব্যবসায়ীদের কথা বলে! দালাল শালা ঘরে শালারা! যত মার্কেট আছে সব পুইরা ফালাইলেই ভালো হইতো,passive violence,1
"মালুর বাচ্চারা তেরা ইসলামের উপর তোদের অপ ক্ষমতা চালাই দিছিস,,,???তোদের উপর আল্লাহর গজব পড়বে খুব দ্রুত ই।।",passive violence,1
"ভোট চোর,, আওয়ামিলীগ৷ মালউনের দালাল, থুথু, মারি,,",passive violence,1
ব্যাবসায়ীদের উচিত শিক্ষা দেওয়ার দরকার,direct violence,2
তাদেরকে সঠিক বিচার করা হয় নাই। কারণ। তারা অন্যায় করেনি। অপরাধের শাস্তি দিচ্ছে।,non-violence,0
বিএনপি&#39;র নাশকতার সময়ও মানুষ আল্লাহর কাছে ঠিক এভাবেই বিচার দিয়েছিল...,non-violence,0
"এ স্বাধীন দেশে ভোটটা অন্ততঃ আমাদের দিতে দেন।জাতীয় নির্বাচনে তো আমার এলাকায় সব ভোট আগেই দেওয়া হয়ে গেছে। কান্না আসছিলো আমার।আমি আওয়ামী লীগ সাপোর্ট করতাম কিন্তু সেদিনের পর থেকে খালি ঘৃণা আসে।ভোট দিতে না পারা তরুণের কষ্টের চোখের আগুন সেদিন দেখছিলাম,",non-violence,0
আজকে নারীবাদীরা কই? আজকে কই তাদের হুংকার।।। নোংরা জিনিসে তাদের উপস্থিতি আছে অথচ এটায় নাই,passive violence,1
সব দায়ভার আল্লাহ আপনি জিহাদ করবেন না ইসলামের জন্য লড়াই করবেন না সব আল্লাহ করে দেবে,non-violence,0
মুস‌লিম‌দের জন‌্য আলাদা শিক্ষা প্রতিষ্ঠান করা হোক।।,direct violence,2
"আমাদের দেশে মৌলবাদী জঙ্গিবাদী রা এখন কই যারা বলছিল একাজটা হিন্দুরা করেছে। সব সময় ইমোশন দিয়ে না,ব্রেন খাটিয়ে চিন্তা করবেন।",passive violence,1
"অনেক মুসলিম, বুরকা হিজাব পডতে চাইনা,, তাদেরকে তুমরা লান্চিত করো, ও অপমান করো,, তাদের ও হিজাপ না পরার স্বাধীনতা আছে",non-violence,0
বয়কট যমুনা টিবি৷৷,direct violence,2
হে আল্লাহ তুমি সকল মুসলিম ভাই বোনদের কে হেফাজত করো আমিন,non-violence,0
"এই যদি আপনাদের বিচার হয় তাহলে 1 টা মুসলিম ও আপনাদেরকে ভোট দিবে না, হিন্দুদের ভোটে আপনারা মোদীর কাছে থেকে গোদী নিয়ে নেন।",passive violence,1
এই দেশে সংখ্যালঘু হওয়া অপরাধ। এই দেশে জন্ম&#39;ই আমার আজন্ম পাপ।,non-violence,0
মাকেট বন্ধ করে দেওয়া হোক,direct violence,2
শিখদের তাহলে পাগড়ি পরা বন্ধ করুক গেরুয়াবাদীরা,direct violence,2
হিজাব নারীদের নিরাপত্তা প্রধান করে এবং সম্মান মর্যাদা বৃদ্ধি করে।,non-violence,0
ভুলবশত হাসিনার জন্ম হওয়ায় এমন বক্তব্য দেয়😁🤬,passive violence,1
এ জারি বাংলাদেশেও ঠুকতে পারে আমার মুসলিম রা জিহাদের জন্য প্রস্তুত থাকুন লিল্লাহি তাকবির আল্লাহ আকবর,direct violence,2
ভারত বাংলাদেশের কাছ থেকে শিক্ষা নেয়া উচিৎ,non-violence,0
ধন্যবাদ আমার মন্তব্যটিও সেইম,non-violence,0
ইসকনের নেতা গোবিন্দ প্রামাণিক বলেন। মন্দিরে কোন মুসলমান হামলা করে নাই। বরং বর্তমান সরকার দলীয় সংসদ সদস্য । তার ক্ষমতা প্রদর্শন করতে গিয়ে। মন্দিরে হামলা করেছেন।,passive violence,1
৭১ টিভির মতো জমুনা টিভিকেও বয়কট করা উচিৎ। আপনারা কাদের জঙ্গি বলে সম্মোদন করছেন এক বার ভেবে দেখেছেন কি।তারা মানুষের গোলামি করে না তারা আল্লাহর গোলামি করে। আপনাদের আছে দুনিয়া তাদের আছে আখিরাহ্। হয়তো তাদের সাথে দেখা হবে আপনাদের হাশরের ময়দানে তখন বুঝবেন কারা সফলকাম। তখন হয়তো আফসোস করে বলবেন হায় যদি মানুষের দালালি না করতাম?,direct violence,2
"এতো নাটক চুদানোর দরকার নেই,, বুঝা গেলো, কোরআন অপমান হলেও এই সরকার হিন্দুদের কিছু বলবে না,,,ঘুরিয়ে পেচিয়ে ঠিক ঠাক জামাত কে আর বিএনপি কে ফাসিয়ে দেবে,,,,,, ধিক্কার জানায় সেই দেশের সরকার কে যে সরকারের কাছে ৯৫% মুসলমানদের কোরআন হেফাজতে থাকে না,,,আবার এই নিয়ে কথা বলতে গেলেও মুসলমানদেরই গুলি করে মারা হচ্ছে,,,, হাইরে বাংলাদেশ এটা নাকি মুসলিম দেশ,,,,",passive violence,1
"বেঈমান দের মাঝে থেকেই ঈমান পাকা করতে পারা এটাই জিহাদ, সালাম তোমাকে 🙌🏼🔥❤️",non-violence,0
প্রত্যেকে স্কুল-কলেজের তাদের নিজস্ব নিয়ম নীতি আছে কিন্তু কারো ধর্মীয় ভ্যালুতে আঘাত করার সুযোগ নেই একজন মুসলিম মহিলা হিজাব পরবে এটা তার ধর্মীয় ভ্যালু কিন্তু আজকাল ইন্ডিয়াতে ভিন্ন ধর্মের মানুষের ধর্মীয় ভ্যালুতে আঘাত করা হচ্ছে আর কট্টর পন্তী হিন্দুরা এর সাথে জড়িত তারা কখনও মসজিদে কখনো গির্জায় হামলা করছে এদেরকে ইন্দন দিচ্ছে বিজেপি এবং আরএসএস অনেকটা রাষ্ট্রীয় মদদে এইগুলা হচ্ছে,passive violence,1
কিছু মানুষ বলেছেন হিন্দু মুসলিম কেউ করিনি তিতিয় জন করছে তাহলে পবিত্র কুরআন শরীফ টা যে রাকছে তখন হিন্দু রা কোথায় ছিলেন আর থানা থেকে ওসি এসে কুরআন শরীফ টা হেফাজত করল এর আগে কি হিন্দু রা সরায়তে পারলো না,passive violence,1
বাংলাদেশ মিডিয়া চোর সালারা প্রথম কোনো খবর দেয়নি কেনো এখন উপরে উপরে বাশি বাজায়,passive violence,1
চট্টগ্রামে এক কিলোমিটার দীর্ঘ প্রতিবাদ মিছিল,non-violence,0
সময় টিভি ভালো করে তথ্য সংগ্রহ না করে মিথ্যা তথ্য প্রচার করতেছে,non-violence,0
এই মাদারওপ মাফিয়া ভারতের দালাল হাসিনাকে জনগণ চায় না না না।,passive violence,1
এই যুদ্ধ যদি বাজার নিয়ন্ত্রণের জন্য হত,non-violence,0
রেন্ডির ছেলে পাগল হয়ে গেলো ধরাপড়তেই মা। চোদার ফাঁসি চাই,passive violence,1
"ওরে ব্রাম্মনবাড়িয়ারে তোর নামে আর কত অভিযোগ শুনমু😐😐,,,তোরা ব্রাম্মনবাড়িয়াকে আলাদা রাষ্ট্র হিসেবে স্বাধীনতার ডাকদে এমনেই স্বাধীন হয়ে যাবি😁😁",non-violence,0
হরতাল তো না এ যেনো চোর পুলিশ খেলা হচ্ছে,non-violence,0
হাচিনার পতনের সমায় এসেছে জাগ্রত হও জনতা,passive violence,1
এগুলি সবই ছাত্রলীগের গুন্ডাদের আন্দোলন। কোন সাধারন ছাত্রদের ঘটনা এটা নয়।,passive violence,1
বউ যার যার অধিকার সবার. তাই না??জমি যার যার ফসল সাবার ধর্ম যার যার উৎসব তার তার।এটাই সঠিক,passive violence,1
"তোমরার এই বাজে খবর ছাড়া আর কোন খবর নাই, ইট মারতেছে তারা হেলমেট পরায় দোষ।",non-violence,0
ধন্যবাদ ঢাকা কলেজ ও ইডেন কলেজ।,non-violence,0
হে আল্লা আমাদের এই বোনদের কে হেফাজত করুন মুসলিম বিশ্বকে আপনি রক্ষা করুন মা-বোনদের পর্দার আড়ালে থাকার রক্ষা করুন,non-violence,0
বড় আফসোস ভারতের বোনেরা হিজাব রক্ষার জন্য লড়াই করছে অথচ আমাদের দেশের মেয়েরা হিজাব রাখা পছন্দ করেন না 😭😭,passive violence,1
কে এ-ই অালোর দিশারী ? ইনি যেন কি বলতে চান! ইনার পছন্দ হচ্ছে না কারণ কি ?,non-violence,0
আজব এক ধর্ম। অবমাননার অর্থ কি ?? কেউ বলবেন?? মেধাহীন জাতি তা আর একবার প্রমাণ করলো । দূর্গাপুজো টাকেই ধংস করে দিল এই পশু গুলো। কত পরিকল্পিত ভাবে পূজা ধংস করল ও বাড়িগুলো পুড়িয়ে দিল। মানুষ পিটিয়ে মেরে ফেলল। ইহাই শান্তির ধর্মের নমুনা । শান্তির ধর্ম 😀😀😀😀,passive violence,1
"কোন বিচারের প্রয়োজন নেই তোরা যে যা পারিস কর,,,,তোদের খেলা যেখানে শেষ আল্লাহর খেলা সেখানে শুরু,,,,,মনে রাখিস 〰️ আল্লাহর মাইর দুনিয়ার বাইর",non-violence,0
পুলিশ কেন টিয়াসেল মারা হল,non-violence,0
বারবার হিন্দুরা মুসলমানদের ধর্ম নিয়ে তামাসা করে কেন??? কারন এদের সঠিক বিচার হয় এল জন্য। যে দেশে 90% মুসলমান তাদের এত সাহজ কোথ থেকে????,direct violence,2
সময় টি কে অনেক ধন্যবাদ,non-violence,0
সাংবাদিকের কৌশল পূর্ণ অবস্থানের বিচার করা হবে একদিন।,non-violence,0
"এমন বিশ্রী ঘটনার জন্ম যেখানে, সেখানে পুলিশের যাওয়া উচিত না৷ সংঘর্ষে মরতে মরতে এমনিতেই থামবে৷",direct violence,2
৫২ সালে শিক্ষার্থীদের দমাতে পারে নাই আশা করি এভারো পারবে না,non-violence,0
আরে এইটাতো আমি আগেই জানতাম দুষ করবো হিনদুরা আর তাদের বিচার না করে বলবেন যে এটাতো রাজনৈতিক ষড়যন্ত্র চখ থাকতে আর কত যে অনধ সেজে থাকবে মানুষ আসা করি সেই দিন শেষ,passive violence,1
ছাতরো ভাই এগিয়ে জান আমরা আছি,non-violence,0
বিবিসিকে ধন্যবাদ এরকম প্রতিবেদন জন্য,non-violence,0
"এখন এক দল লোকে বলবে এটা বিএনপি এর কাজ,আরে ভাই বিএনপি দল যারা করে তারাও তো মানুষ নাকি, আর হ্যা কোন মুসলিম এ কাজ করতে পারে না, আর বিএনপি দলে কোনো একজন হিন্দু নাই এটা আওয়ামী লীগ তোমরা যাচাই করে দেখতে পারো,আরে ভাই এমন কেনো করো তোমরা, তোমাদের কি বিবেক নাই,নাকি তোমার বাবা মা তোমাদের শিক্ষা দেয়নি...???? কথাগুলো ঘটনাকে কেন্দ্র করে বলা😡😡😡😡",passive violence,1
সত্যটা বের হোক এটাই চাই।আর উপযুক্ত শাস্তি যেন হয়।,non-violence,0
ওনারদের ও একদিন হিসাবে আসতে হবে।কুরআন কে অবমাননার কোনো গুরুত্ব যাদের কাছে নাই তাদের বিচার হবে অচিরেই ইনস্আললাহ।,non-violence,0
এসব মারামারি বন্ধ করা হোক খুব শীগ্রই।এখন এটা খুব বেশি হয়ে যাচ্ছে।আর অবশ্যই সুষ্ঠু তদন্তের মাধ্যমে অপরাধীদের শাস্তি যেনো নিশ্চিত হয়।,non-violence,0
"শিক্ষা মন্ত্রী মুখে হাসি দেখে মনে হয়, নিউমার্কেটে ডান্স হইতাছে,,, ধিক্কার জানাই মন্ত্রীদের জন্য।",non-violence,0
সাংবাদিক কেডারে ভাই,non-violence,0
খুব ভাল হয়েছে।ধর্মকে ধর্মের জায়গায় রাখতে হবে।।,non-violence,0
ধর্মহীন শিক্ষা সমাজকে বিপর্যস্ত করে তুলবে ।,non-violence,0
পরিস্থিতি শান্ত থাকার পরেও আইডিয়াল কলেজের শিক্ষার্থীরা মিছিল করে কার স্বার্থে?,passive violence,1
তোদের উপর আল্লাহর গজব পড়বে,direct violence,2
ওবায়দুল কাদের মরতে হবে একদিন মনে রাইখেন ক্ষমতার জন্য আল্লাহ তায়ালার কোরআন এর সাথে বেয়াদবি করছেন এর বিচার খুবই তারাতাড়ি হবে,direct violence,2
আমার মনে হচ্ছে ইকবালকে শিখিয়ে দেওয়া হয়েছে।আপনারা সবাই ভিডিওটা ভালো করে দেখেন। মনে হচ্ছে ইকবাল ইচ্ছে করে সিসিটিবির কেমেরার সামনে আসছে।সেটা হয়তো দেশকে শান্ত রাখতে প্রশাসনের কোনো প্লান এর জন্যই প্রশাসন ওকে পাগল বলছে।,passive violence,1
আল্লাহ তুমি এক তুমি অদ্বিতিয়আর তুমি সবকিছুর মালিক ওসৃষ্টি কর্তা তাই তোমার কাছেই বিচার রইল আমিন,non-violence,0
কুত্তার বাচ্চারা যারা প্রতিবাদ করছে তাদের দর্বি আর যারা অন্যায় করছে তাদের ছেড়ে দিবি এই বিচার না😡😡😡😡😡😡😡😡😡😡😡😡😡😡😡😡😡,passive violence,1
"আর কতদিন রে ভাই, একটু তো মরার ভয় কর। আল্লাহ সবাইকে হেফাজত করুক",non-violence,0
"ওরে আপু কখন ও শুনেছেন চোর বা চোরেরা আওমিলিগের লোক আওমি হচেছ কাঠের পুতুল জারা তারা আওমি করে, তারা ধরে মাছ না ছোয় আগুন, সারা জিবন আমরা সুনেছি ধরি মাছ না ছুই পানি, আমরা সব সময় শুনেছি কোন আকাম করলে বহিকৃত আওমি দেখা জায় জে দূনিয়া তে মায়ের পেট থেকে আসার আগেই বহিকৃত",passive violence,1
তোমরা হলুদ মিডিয়ারা যে কতো সুন্দর নাটক বানাতে পার...পুরবেও এমন অনেক নাটক দেখছি... 🥴🥴,passive violence,1
মুসলিম দেশে ধর্মীয় অনুভূতিতে আঘাত দিলে যেখানে উল্টো ব্লাসফেমি আইন দিয়ে ফাসি দেয়। সেখানে আমাদের দেশের দালাল মিডিয়া এদেরকে বিজ্ঞানমনস্ক বলে 😂😂😂,passive violence,1
ঠিক বলছে যতদিন ঢাকা কলেজ বন্ধ থাকবে ততদিন মার্কেট সব বন্ধ থাকবে,direct violence,2
"শ্বাস নিচ্ছি আল হামদুলিল্লাহ্,ভাল আছি আল হামদুলিল্লাহ্, বেঁচে আছি আল হামদুলিল্লাহ্।।",non-violence,0
ওরা কি ৯০% মুসলমানের দেশকেও গুজরাট বানাতে চায়?আর কতো রক্ত লাগবে ওদের?,non-violence,0
জানি এই সরকারের আমলে আমরা বিচার পাবো না একদিন একদিন বিচার হবে তাঁদের,non-violence,0
স্বাধীন হায়দ্রাবাদ সিক্কিম কাশ্মীর নেপাল শ্রীলংকা কারা ষরযন্ত করেছে ???????? ভারতীয় র &#39; ও ইসকন অভিনয় করেছেন ওবায়দুল কাদের মাহাবুব আলম হানিফ আব্দুল মোমেন শাহরিয়ার আওয়ামীলীগ ও জেনারেল আজিজ বেনজির দের মতোই লোকজন,passive violence,1
এদের যদি ফাঁসি হয় তাহলে সিনহা হত্যা ফাঁসি চাই । সবাই লিখুন #সিনহা_হত্যা_ফাঁসি_চাই ।,non-violence,0
যে মারা গেল তার জন্য কিছু একটা করা হোক,non-violence,0
"কাশিম পুর, পাশা ভাই আচেনি,,,,,",non-violence,0
"ওবায়দুল কাদের গুজব বলতেছে, এতো হাসিনার টয়লেট পরিস্কার করায় ব্যস্ত থাকে তাই কিছু জানতে পারলো,শালা কুত্তাদের আল্লাহ হেদায়েত করুক।",passive violence,1
নাটক সাজানো এখনো শেষ হইনি নাটক সাজানো শেষ হলেই তাকে গ্রেফতার দেখানো হবে,passive violence,1
"ইসলামিক নিউজ করার জন্য ধন্যবাদ আমি আপনাদের নিউজ কন্টিনিউ দেখি,",non-violence,0
শিক্ষা নিয়ে কি লাভ যদি অমানুষ থেকে যায়।,non-violence,0
সেরা বিচার!😠মত প্রকাশের স্বাধীনতায় বাধা দেবার পরিণাম যদি ফাঁসি হয় তবে যারা কোটি মানুষের কন্ঠ রোধ করে রাখছে তাদের বিচার নিশ্চয়ই সামনে দেখতে পাবো?[বিঃদ্রঃ হিসাব কিন্তু দেওয়া লাগবে- হোক সে পয়সাওয়ালা কিংবা ক্ষমতার শীর্ষে আরোহী।‌],non-violence,0
অত্যন্ত সুন্দর কথা বলেছেন। বর্তমানে ভালো কথা বলার মানুষ খুব কম।,non-violence,0
"যে বদমাশ লোকেরা হিজাবের বিরুদ্ধে তাদের বলছি শুনে রাখ ফেরাউনের বংশধর, আল্লাহ তোদের উপর গজব ফেলবন আর তোদের মা বোন নাই তাই নারীদের সম্মান করতে পারছ না।",passive violence,1
"পোশাক নারীর অধিকার, মুসকানের এই সাহসী অধিকার আদায়ের প্রতিবাদ হাজার সেলুট বোন তোমাকে ❤️❤️আল্লাহু আকবারআল্লাহু আকবর আল্লাহু আকবার",non-violence,0
"আল্লাহ আর নবীদের (সঃ) এর সম্পর্কে কথা বলেই জঙ্গিবাদ, পরকালের কথা কি রাষ্ট্রের বিজ্ঞবানরা ভাবেন? সে বিচারের রায় স্বয়ং আল্লাহ তায়ালা করবেন। হায়! যদি তারা বুঝতো।...",non-violence,0
ভোট দিতে গিয়ে যদি সাধারণ নারী ভোটাররা সংঘর্ষের মধ্যে মারা যায় তাহলে কি আরও ভোট দিতে যাবে।,non-violence,0
"শুধু টাকা পয়সা থাকলেই ভালো থাকা যায় না, ভাল থাকার জন্য আল্লাহ তায়ালার রহমতই প্রয়োজন।❤️",non-violence,0
"এখানে দেখা গেছে যে, পুলিশও ছাত্রলীগের সাথে মিলে, ছাত্রদলের উপর হামলা করছে",non-violence,0
বোরখা নিষিদ্ধ করতে এগুলিও নিষিদ্ধ করলো?শিক্ষা প্রতিষ্ঠান কি ধর্মীয়মুল্যবোধধ্বংসের হাতিয়ার হবে?,non-violence,0
"যারা করিয়েছে ওরা যদি আবার মেরে ফেলে, ? তাহলে তো বাঁশ সব দোষ সরকারের, তাই মেরে ফেলার আগে ধরতে পারাটাই মেইন কাজ।",non-violence,0
তাঁরা তো হাসবেই... তাদেরকে যারা জঙ্গী বলে অভিহিত করে এবং শাস্তি দেয় তাদের একদিন যেন অনেক কাঁদতে হয়..... ইনশাআল্লাহ একদিন এর সঠিক বিচার হবে... যেদিন বিচারক থাকবেন আমার রব্ব... রবের আদালতে বিচার দিয়ে রাখলাম তোদের বিরুদ্ধে...,non-violence,0
খতিয়ে দেখবে🙂😝😝😝😝😝 হামলা কারী নিজেই,non-violence,0
দাবিগুলির সাথে আমরাও একমত প্রকাশ করছি,non-violence,0
"আমরা কোনো ধর্মের মানুষের সাথে জুলুম করিনা,এটা আমাদের প্রিয় নবি হযরত মুহাম্মাদ (সঃ) থেকে আমরা শিক্ষা নিয়েছি,আমরা ওদের পোশাক নিয়েতো আর মুসলিমরা কিছুবলছেনা,তাহলে ওরা বলবে কেনো,আমরা জুলুম অত্যাচার করিনা তার জন্যই আমরা মুসলিম,যার ধর্মে যে পোশাক নিতীমালা রয়েছে সে সেই পোশাক পড়ে স্কুলে জাবে,তার পরেও কেনো বাধা আসবে,",non-violence,0
"আওয়ামীলীগে পতিতা আর চরীএহীনে ভরা একটা রাজনৈতিক দল। এটাও শোনা যাচ্ছে মহিলা বড় পদ পাওয়ার জন্য নাকি মেয়েদের বিছানাতেও যেতে হয়েছে। আমার তো মনে হয় তদন্ত করলেঅনেক মন্ত্রী , এমপিদের সাথে এদের ভিডিও স্ক্যান্ডাল পাওয়া যাবে। আসল কথা হচ্ছে যতদিন আওয়ামী সরকার থাকবে ততদিন দেশে একটা অরাজকতা পরিবেশ চলতেই থাকবে। কারণ আওয়ামীলীগের ভিতরে কোন শৃঙ্খলা নেই। এখানে জোর যার মুল্লুক তার এই অবস্থা।",passive violence,1
এমপির অপরাধে বিচার চাই সরকারের কাছে।।,non-violence,0
আমাদের নবি কে যে খারাপ কথা বলবে সে যে ধমেরই হোক না তার বিচার হবে।,non-violence,0
ছাত্র নামে লুটে খাচ্ছে নোংরা রাজনীতি আর ছাত্র রা,passive violence,1
"এখন সেই অতি উৎসাহী জনতা কোথায়,, ইকবালের বাড়িতে গিয়ে ভাংচুর চালায় নাহ কেনো?আমাদের কিছু অতি উৎসাহী জনতার কারনেই আজ দেশের এই অবস্থা,, সামান্য উসকানিতেই জাপিয়ে পরে হামলা মামলায়,, চাঁদপুরে ৪ জন নিহত হয়েছে পুলিশের গুলিতে জদিও এটা প্রশাসনের কাছে প্রত্যাশা করি নাহ, কিন্তু প্রশ্ন হচ্ছে ঝামেলা হয়েছে কুমিল্লায় তাহলে চাঁদপুরের হিন্দুরা তো কোনো দোষ করেনি, তাহলে কেনো তাদের বাড়ি ঘরে হামলা করা হলো, এইসব অতি উৎসাহী মানুষের জন্যই দেশে আজ এত সমস্যা",direct violence,2
ভাই এখন রিপন গুরুপের লুকেরা ডাকা তি করে পুরা আলুকবালি ইউনিয়নের মধ্যে,passive violence,1
সঠিক কাজ হয়েছে।শিক্ষা প্রতিষ্ঠান ধর্ম পালনের জায়গা না।এখানে শিক্ষা ও ভবিষ্যৎ গড়ার লক্ষ্যে আসে।বাংলাদেশের কোন হাইস্কুলে বোরকা পড়ার বিধান আছে?,direct violence,2
এখানে না জানার কি হলো।সিসি ক্যামেরায় তো স্পষ্ট দেখা যাচ্ছে। তাছাড়া ঢাকা কলেজের ছাত্রদের নিয়ে এসব অভিযোগ অাগে থেকেই ছিলো।,passive violence,1
ধন্যবাদ ঢাকা কলেজকে।নিউ মার্কেটের দোকানদারেরা মানুষের সাথে খুব খারাপ ব্যাবহার করে।,non-violence,0
আল্লা বিচার করবে যারা ইসলামের বিরুদ্ধতা করবে,non-violence,0
"তোমরা পুলিশ লীগ তোমরা আওয়ামী দালাল তোমরা জনগণের কাতারে আসবে কামনা করি, আর তোমরা পাঁ চাটা দালাল সাংবাদিক তোমাদের সত্য কথা বলিতে শিখো দালালি বন্দোকরো",passive violence,1
এ দালাল মিডিয়া গুলো হচ্ছে ইসলামের শত্রু যারা সত্য প্রচার করতে পারেনা তারা হচ্ছে শয়তানের দালাল,passive violence,1
জংগি আওয়ামী লীগ প্রমান পাওয়া গেছে হিন্দুদের বাড়িতে হামলা যুবলীগ নেতা ধরা পরছে,passive violence,1
হিন্দু ভাই সব নেতা গুলারে বেশি করে তোমাদের প্রসাদ খায়াও পাও চাটা নেতা সব আল্লাহ কোরআনকে তুমি হেফাযত করো,passive violence,1
বাংলাদেশে সমস্ত পূজা পৌত্তলিকতা বন্ধ করা হউক এক্ষনি,direct violence,2
ছাত্র রাজনীতি দেশ ও শিক্ষা ধংশের মূল,non-violence,0
এরা ইসলামের বড় শত্রু এরা নামে মুসলমান কোন কাজে না এরা মুখে বল আমি মুসলমান আমি মুসলমান কাজের বেলায় হিন্দুর সাপোর্ট দুঃখ লাগে যে আমাদের দেশে এত বড় একটা অপ্রীতিকর ঘটনা ঘটে গেল আমি টিভিতে দেখতে পারিনা আমাদের টিভিতেও দেখানো হয় না সমস্যা নাই আল্লাহ বিচার করবে উপরে আল্লাহ আছে আজাদ টাকার কাছে অনেকেই বিক্রি তাই হয়তো প্রচার করতে পারেননি আল্লাহ বিচার করবে ইনশাআল্লাহ,non-violence,0
মন্ডপে কোরান পাওয়া গেছে বলছেন কেন । কোরান কে অবমাননা করা হয়েছে এই টা বলেন। সংবাদ সঠিক ভাবে উপস্থাপন করেন ।🔥🔥🔥,passive violence,1
ঐ মালাউন অনুর্বর বিকৃত চিন্তা ভাবনার অধিকারী গোমূত্র সেবনকারীদের সঠিক পথ নির্দেশনা দিতে সবাইকে আহ্বান জানানো যাচ্ছে...,passive violence,1
পাকিস্তানের উচিৎ ভারতের উপর এখনই পারমাণবিক হামলা করা।,direct violence,2
"শেখ হাসিনার টুকায় ছেলেরাই এই হত্যার সাথে জড়িত, তায় বলছি শেখ হাসিনা এই হত্যাকান্ডের মূল হুতি তাকে বিচারের আওতায় আনা হউক!",passive violence,1
সথ্য কে গুজব সালা সাংবাদিক মনে হয় মেয়াদ চাড়া গাজা খাইচে,passive violence,1
যমুনাকে ধন্যবাদ,non-violence,0
চোর শালার পুত সবটি,passive violence,1
অভিজিৎ কে হত্যা করে ভালই করেছে জঙ্গিগোষ্ঠী,passive violence,1
শিক্ষা কাকে বলে। শিক্ষার উদ্দেশ্য কি ।,non-violence,0
এইটা একদম ভাল কাজ করেছে,non-violence,0
আল্লাহ গো সবচাইতে বড় বিচারক তুমি তুমি বিচার করো তোমার বিচার শেষ বিচার,non-violence,0
তুই কি সংবাদিক না কি দালাল মাদার চোদ,passive violence,1
সত্য প্রকাশে যমুনা টিভিকে ধন্যবাদ,non-violence,0
আমার দোকানে চুরি হইছে চুরির ফুটেজ ও চোরের চেহারা আরও ক্লিয়ার তবু্ও চোর ধরতে পারছেনা পুলিশ 😥😥😥,non-violence,0
বিএনপি কুকুরের মত আচরণ করছে।সাধারণ মানুষ এই গুলো পছন্দ করছে না।বুঝতে হবে,passive violence,1
আমাদে দেশে সকল মুসলিম মেয়েদের হিজাব পরা যাওয়া উচিত শিক্ষা প্রতিষ্ঠানে।,non-violence,0
"আল্লাহর গজব পুরক তোদের মত লোকদের উপর, যারা আল্লাহর বিরুদ্ধ করতে",direct violence,2
"আরে বোকা এটা ঈমানী শক্তি না,,, ও টাকার কাছে বিক্রি হয়ে গিয়েছে,,, কিছুদিন পর ওর বিকিনি পরিহিত অবস্থায় ফটো ভাইরাল হবে,,, ওই ছেলেগুলোর মধ্যেই কেউ না কেউ ওর নিরাপত্তার দায়িত্বে আছে,,, একা একটি মেয়ের এতই সাহস ??? পূর্ব পরিকল্পনা মাফিক এটা এক ধরনের আন্দোলন,,, আগামী মাসেই উত্তরপ্রদেশে ভোট হবে,,, উত্তরপ্রদেশের ভোটে রাজনৈতিক ফায়দা লোটার একটা কায়দা,,,,,",passive violence,1
ছাত্র রাজনীতি বন্ধ করা উচিত বলে মনে করি,direct violence,2
"আকাশ ভরা তারা,ব্যবসায়ের গোয়া মারা সারা!",non-violence,0
আমরা বাঙালি সবাই ভাই ভাই লড়াই না,non-violence,0
"যখন সরকার তেলের দাম বাড়িয়েছে, বাস ভাড়া সহ সব পণ্যের দাম বেড়েছে, যখন গ্যাস-বিদ্যুৎের দাম বাড়ানো হয়, শাক-সবজি ১৫০/২০০ টাকা হয়ে যায়, তখন কোথায় থাকে এই কুত্তার বাচ্চারা??? এইরকম তান্ডব তখন করতে পারেনা বাণিজ্য মন্ত্রণালয়ের সামনে? গণভবনের সামনে?",passive violence,1
🐕🐕🐕🐕🐕🐕🐕🐕 অভিনন্দন জানায় সময় সংবাদ কে🍆🍆🍆🍆🍆🍌🍌🍌🍌🍌🐈🐈🐈🐈🐈🐈🐈 সরকারের দালাল,passive violence,1
আমি একটা জিনিস বুঝি না আমাদের বাংলাদেশে হিন্দুরা কত শান্তিতে বসবাস করছে আর ভারতে মুসলমানদের সাথে কেমন আচরণযার যার ধর্ম সে পালন করবে এটা নিয়ে কথা বলার সাহস তো কাউকে দেওয়া হয়নিকেন হিন্দু ভাইয়েরা আপনারা বোঝেন না কেন আপনাদের ধর্ম আপনার আমাদের ধর্ম আমাদের তাহলে কেন এত সংঘাতআল্লাহ সবাইকে বুঝার তৌফিক দান করুন,non-violence,0
জালিম#জাহান্নাম,passive violence,1
ছোট একটা প্রশ্ন বাংলাদেশের সরকারে কাছে আমরা কি সভ্য জাতি হিসেবে বিশ্বের কাছে কবে মাথা তুলে দাড়াবো যেভাবে ক্রমান্বয়ে চোরের জাতি হিসেবে পরিচিত পাচ্ছি।কবে আমরা বঙ্গবভোনের বিরিয়ানি আর সুখে শান্তিতে থাকায় মায়া ত্যাগ করতে পারবো ততোদিন আমার চোরের জাতি হিসেবে সারা বিশ্বে রোল মডেল হবো।ধিক্কার জানাই।।৷,non-violence,0
কার্টুন ভিডিও বানিয়ে আপনাদের সকলের ভালোবাসায় 500+ পরিবার হয়েছে। আপনাদের সকলকে অসংখ্য ধন্যবাদ 🤑,non-violence,0
আপনারা হলুদ সাংবাদিকতা বাদ দেন বার বার শিক্ষার্থীদের দোষ দিচ্ছেন।কিন্তু আপনাদের ভিডিও ফুটেজে দেখা যাচ্ছে ব্যবসায়ীদের সাথে এক হয়ে পুলিশ শিক্ষার্থীদের উপর হামলা করেছে। পুলিশ গুলি ও টিয়ারশেল নিক্ষেপ করেছে অনেক শিক্ষার্থী আহত হয়েছে।এদেশে সবচেয়ে বড় সন্ত্রাসী চাঁদাবাজ হচ্ছে পুলিশ পুরো শহরের সকল পুটপাতের দোকান হতে তারা টাকা নেই যার কারনে আজ এই সব ব্যবসায়ীদের কাছে মানুষ হয়রানির শিকার হয়।,passive violence,1
দেশ গণতন্ত্র নেই গণতন্ত্রকে গলা টিপে হত্যাকাণ্ডের দিকে ঠেলে দিচ্ছে সরকার । তারপরেও বলবে নির্বাচন সুষ্ঠু হয়েছে। নিঃশ্বাস যেমন চিরস্থায়ী ক্ষমতা ও তেমন চিরস্থায়ী। মনে রাখবেন পরিবারের কর্তা এক নায়ক তন্ত্র কায়েম করলে কর্তার মৃত্যুর পর সে পরিবারের সন্তানেরা পরিবারকে নিজের হাতে ধ্বংস করে। হাল ধরার মতো কেউ থাকে না। আমলারা দেশটাকে ধ্বংসের দিকে ঠেলে দিচ্ছে।,non-violence,0
"নিরীহ নিরস্ত্র হেফাজত কর্মিদের উপর অতর্কিত হামলা চালায় পুলিশ, ছাত্রলীগ ও কিছু সন্ত্রাসী হেলমেট বাহিনী, যার তীব্র নিন্দা জানাচ্ছি।এদিকে সাংবাদিকেরা বলবে হেফাজতের তাণ্ডব! হায়রে হলুদ সাংবাদিকতা",passive violence,1
"স্কুল মানে সব ধর্মের সব বর্নের মানুষ শিক্ষা নিতে পারবে,সবাই সমান।তাই স্কুল ড্রেস।ধর্মীয় ড্রেস পরতে হলে মাদ্রাসায় গিয়ে শিক্ষা নেও কোন বাধা নেই।সবাই যদি ধর্মীয় ড্রেস পরে স্কুল আর স্কুল থাকবে না।বুঝলে বুঝ পাতা,নাইলে তেজপাতা",direct violence,2
ঢাকা কলেজটা এই বাজার এলাকা থেকে সরিয়ে কোন সুন্দর পরিবেশে নেয়া উচিৎ।,non-violence,0
ধর্মকে চোট করার কারো অধিকার নেই।মুসলমানদের ধর্মীয় রীতি নীতি পরিবর্তনের অধিকার অন্য ধর্মের মানুষের নেই।সেটা হোক হিন্দু বা অন্য কেউ।আশা করি আদালত ন্যায় বিচার প্রতিষ্ঠা করবে।,non-violence,0
আগের ক্ষোভ না থাকলে এই ঘটনা এতোদূর আসতো না। দোকানদার দের অত্যাচারের ঘটনা মিথ্যা না। হয়তো এই ঘটনার শুরু দুই দোকান থেকে কিন্তু ঘটনা এতোদূর গরানোর পিছনে দোকানদারদের অত্যাচারের ভুমিকাই আসল।,passive violence,1
যে শিক্ষার জন্য নিজের ধর্মকে বির্সজন দিতে হয় সে শিক্ষা গ্রহণের চেয়ে মুর্খ থাকাই উত্তম,non-violence,0
"তারা জানে,অভিযোগ হবে বিএনপির বিরুদ্ধে।",non-violence,0
"ইসলামের রাণীটার সাথে দেখা করার খুব ইচ্ছে হয় আমাদের,,,, আমরা ওতো মাদরাসার ছাত্রী,, তারপর ও কোনোদিন আমরা এতো সুন্দর কাজ করতে পারেনি,, আর ওনি কলেজের ছাত্রী হওয়া সত্বেও হিজাব নিয়ে এতেবড় আওয়াজ তুলেছেন,,,,, মাশাআল্লাহ, আলহামদুলিল্লাহ",non-violence,0
বাংলাদেশে সব পূজা বন্ধ করা হোক??,direct violence,2
"সাগর রুনি, আবরার হত্যার বিচার কই? ৪৮ ঘন্টা কি শেষ হয় নাই? খা*মা*র পো?",passive violence,1
বতমান কিছু অসত ব্যবসায়ীরা সিণ্ডিকেট করে আর তাদের বিরুদ্ধে কথা বললেই তারা গ্যেনজাম করে। প্রশাসনের উচিত ঐ সকল ব্যবসায়ীদেরকে আইন এর আওতায় এনে তাদের কঠিন বিচার করা।,non-violence,0
হুম একমত। আমি নাস্তিক কিন্তু মুসলিম সেজে থাকতে হয় এদের ভয়তে।,non-violence,0
"আল্লাহহুয়াকবার,,ভারতের কুলাঙ্গারদের পাখা গজাইছে ওদের পাখা ভেঙ্গে দিতে হবে।",direct violence,2
ভারতের দালাল কাদের,passive violence,1
তোরে মারা ও প্রতিটা মুসলিমের দায়িত্ব তুই আমার আল্লাহ ও নবিরে নিয়া গালি দিছট,direct violence,2
ধর্মের খারাপ যা! যারা নগ্ন থাকতে চায় তারা পোশাকের কি বুঝবে। পোশাক মানুষের অনান্য মৌলিক অধিকারের মধ্যে একটি। তোদের নগ্নতা যদি এতোই ভাল লাগে তাহলে পতিতা-দের মতো নগ্ন আর কেউ হতে পারে না। তাহলে তোদের মা বোনদের পতিতালয়ে পাঠয়ে দে। আশ্চর্য লাগে যে ধর্মের হয়ে তোরা কথা বলিস সে ধর্মও ঠিক মত জানিস না।,passive violence,1
"কয়েক হাজার ইসলাম ধর্মাবলম্বী বর্বরোচিত কাজ করলো হিন্দু ধর্মাবলম্বীদের সঙ্গে, তাদের প্রাণ, সম্পতি,মন্দির বিনষ্ট করে এখন প্রশাসন ইকবালকে",non-violence,0
বি এন পি তো ঘড় থেকে বের হতে পারে আবার হামলা করে কি ভাবে বুজি না তো,passive violence,1
ইসলামের শত্রু খুনি হাসিনা কে আল্লাহ তুমি হেদায়েত দাও নয়তো বা ধ্বংস করে দাও,direct violence,2
ঢাকা কলেজের ছাত্ররা চোর ডাকাতের চেয়েও নিকৃষ্ট৷ এরা নিউমার্কেটে দোকানে জোর জবরদাস্তি করে জিনিসপত্র নিয়ে যায়৷ এদের উপর গুলি চালানো হোক।,direct violence,2
৭জন লোক মারা গেচে সেই কথা বললি না কেন ঐই বেইশা পুলিশ কেন গুলি করচে সেইটার জবাব দে,passive violence,1
তুমি সমকামিতার স্বাধীনতা চাও আর আমি আমার বোনকে পর্দায়রাখবো না,non-violence,0
আল্লাহ তুমি জালেমদের বিচার করো আর সহ্য হচ্ছে না😥😥😢😢,non-violence,0
বাংলাদেশের সকল ছাত্র সগঠন কে নিষিদ্ধ করা হক কারণ আওয়ামিলীগ বা বিএনপি বা আর অন্য দলের ছাত্র সগঠন গুলো কে নিষিদ্ধ করা হক যতো দিন ছাত্র রাজনীতি বন্ধ করা হবেনা তত দিন দেশে শৃঙ্খলা ঠিক থাকবে না দেশে এখন যতো শৃঙ্খলা বিরধী কাজ কোনো না কোনো দলের ছাত্র সগঠন জড়িতো আছে এগুলা ছাত্র সগঠন না এগুলা দেশের সুনাম অর্জন করেছে না,direct violence,2
হামলা না এদের উপর ফায়ার করা উচিত,direct violence,2
"আমি ছিলাম এই মিছিলে এখানে হাজার হাজার মানুষ ছিল কেউ বৃষরিং কলা করেনি পুলিশ গ্যেস গুলি করছে,খুদাই ভারতের দালাল মিডিয়া",passive violence,1
ধর্ম অবমানার খবর ছড়িয়ে পরেছে!! ধর্ম অবমানা হয়েছে কিনা সেই খবর কি আপনার কাছে আসে নাই??আপনি সাংবাদিক??নাকি দালাল!!,passive violence,1
"নিজে ও একজন ছাত্র,,তবে ছাত্র নামের ফায়দা নিয়ে এভাবে আগুন জ্বালিয়ে মানুষের ক্ষতি করা ঠিক না",non-violence,0
"ওরা পণ্যের দাম চায় তিন গুণ চার গুণ বেশি, সেই হিসেবে দাম বললে বাজে কথা বলেন। এইটা বহুদিন থেকে চলছে, যা দেখার কেউ নেই।",non-violence,0
ভাই বম কে মারছে,non-violence,0
"পুলিশ,যুবলীগ মিলে হামলা করা হয় হেফাজত, জামায়াতের উপর।আর আপনারা কি বলেন এই সব। মিথ্যাচার",passive violence,1
"মতপ্রকাশ হোক আর মুক্তমনা ই হোক, আর পায়খানা যাই হোক, সবকিছু ইসলাম ধর্ম নিয়ে বাজে মন্তব্য ও বিপরীত লেখালেখি করবে কেন,,??",non-violence,0
দুটি পক্ষই দেশের গুরুত্বপূর্ণ সম্পদ তাই দুটি পক্ষের দোষিদের খুজে বের করুন সামান্য বিষয়ে এত সাহস কিভাবে পাই দেশের আইনের প্রতি ভয় নেই কেন ?,non-violence,0
হাাহাহা কি আর হবে ভাই যেই লাউ সেই কদু আছাঢ়ের ডিববাই চাকের মধু।।,non-violence,0
"আল্লাহ কবে এসব নেতাদের উপরে গজব নাজিল করবে, মুসলিম বিশ্ব এর কঠোর শাস্তির দাবি জানায়।",non-violence,0
আবুজাহেলের বংশধর আওয়ামী লীগ বা হাসিনা লীগ জংগী লীগ ডেংগু লীগ চোর লীগ কুত্তা লীগ,passive violence,1
চেনেল বন্ধ কর দালালী চালু কর,passive violence,1
"কাফেরদের শিক্ষা নিয়ে লাভ কি, এরচেয়ে বরন হিজাব পরে ইসলাম চরর্চা করা মুসলিম মেয়েদের পক্ষে বেশি লাভজনক। 😄😄😄😄😄😄",non-violence,0
ব্যাবসায়ীরা আর অভিযোগ জানাবে তারাতো ছক্কা ছয়ে আছে,non-violence,0
"মার্কেট বন্ধো থাক,,,ওরা খুব বাজে ব্যাবহার করে,,",direct violence,2
এই দেশে জদি মত প্রকাশের স্বাধীনতা থাকতো তাহলে আবরার ফাহাদের কি দোষ ছিল। জাতি জানতে চায়।,non-violence,0
আসসালামু আলাইকুম আমার প্রাণ প্রিয় মুসলিম ভাই এবং হিন্দু ভাই ও বোনেরা এমনকি কখনো দেখেছেন যে কোন মুসলিম ভাই এবং বোন কোন হিন্দু বোনদের উপর এরকম আক্রমণ করে,non-violence,0
নিউমার্কেটের খাবার দোকানীদের ডাকাতি বন্ধ করতে হবে। অন্যায় করতে করতে এদের হুস হারিয়েছে।,non-violence,0
কেন রে ভাই এসব করিস কেন।শান্তির সাথে বাচাটা এতই কঠিন ছিহ।,non-violence,0
জেলে যে লেখক মরল তার বিচার করবে কে???,non-violence,0
"বিচার চাই, বিচার চাই",non-violence,0
"আমাদের সাথে অনেক হিন্দু বোনেরা পড়ে গিয়েছে, এমনকি কপালে টিপও পরেছে! কই আমরা তো কিছু করিনি, কিছু বলিনি! তাঁরা কেন আমাদের মুসলিম বোনদেরকে এমন করেবে? দুঃখজনক হলেও সত্যি আমরা তবুও দাদার দেশের ভক্ত এবং আমাদের স্বামী-স্ত্রীর মত সম্পর্ক!",non-violence,0
কাদের ভাই বিএনপির গন্ধ পাচ্ছে মনে হয়?,non-violence,0
সুষ্ঠু বিচার চাই,non-violence,0
আল্লাহ মুসলমানদের সম্মান ও সম্ভ্রম রক্ষা করো।,non-violence,0
"অাওয়ামীলিগ মানেই নাস্তিক,, এদেরকে একদিন জুতা মেরে গদি থেকে নামানো হবে,ইনশাআল্লাহ,",direct violence,2
সত্যপ্রকাশ করার জন্য অনেক ধন্যবাদ,non-violence,0
নিউমার্কেট বন্ধ করে দেওয়া হোক আজীবন এর জন্য। কারন ওই এলাকায় শিক্ষাথিদের জন্য।।।,direct violence,2
মত প্রকাশের স্বাধীনতার কথা আপনারা তখন ত বলেন না যখন নেত্রীকে কিছু বললেই জেলে নিয়ে জাওয়া হয়! মহানবী (সাঃ) কে গালি দেওয়াকে এখন আপনারা মতপ্রকাশের অধিকার এর দুহাই দিচ্ছেন আল্লাহ তুদের বিচার করবে ইন্সাল্লাহ! আফসোস হে জাতি!,non-violence,0
"বি এন পি নেতাকে আটক করলো,,এখন দোখছি আওয়ামী লীগ কর্মী জড়িত,, তাহলে আওয়ামী লীগ নেতাকে কেনো এখনো ধরা হলোনা?কারো বেলায় দুধ কলা কারো বেলায় বিষ ভাত কেনো?৭১ টিভির কাছে জানতে চাওয়া আমার মন",non-violence,0
বিএনপির মিছিল হলে পুলিশ বলার আগেই তৎপর থাকতো! শুধু কাজের বেলাতেই এরা ফাকিবাজি করে!,non-violence,0
ধন্যবাদ ভাই 🌹🌹🌹🌹😭😭😭🙏🙏🙏🙏🙏🙏🙏🙏🙏🙏💖💖💖💝💝💝🌹🌹🌹😭😭🙏🙏🙏🙏,non-violence,0
রাস্তা দিয়ে হাটতে পাগল আর মাদকসেবীরাই সাধারন মানুষকে আক্রমন করে।,non-violence,0
আওয়ামীলীগের চেতনা,non-violence,0
"এখন তার সন্ত্রাসী আওয়ামী লীগের সন্ত্রাসী পুলিশ গুলি করছে না, গুলি করতো যদি আলেমসমাজ মাঠে নেমে আন্দোলন করতো",passive violence,1
বলে কি মানুষ মেরে সরি।হায় বুদ্ধি জীবি,non-violence,0
আরব দেশগুলোকে বলব ভারতের সাথে সব ব্যবসা বাণিজ্য বন্ধ করে দেন যারা হিন্দু ব্যবসায়ী আছে তাদের সাথে সব বন্ধ করে দেয়া উচিত,direct violence,2
আমরা লাইভ সরাসরি দেখছি। তাহলে এটা গুজব হয় কিভাবে। বাংলাদেশের মানুষ কি ফালতু কথা বোঝানোর সময় শেষ,non-violence,0
সহিংসতা কেন করা হল? কোরাআন অবমাননাকরারির বিচার চাই।,non-violence,0
দেশের সকল কলেজ সাথে থাকলে ভাল হবে ৷,non-violence,0
বিশ্বজিত হত্যার বিচার কই???,non-violence,0
যাদের হাতে অস্ত্র আছে তাদেরকে পুলিশ গ্রেপ্তার করছে না কেন? সংবাদকর্মীদের কাছে আমার প্রশ্ন।,non-violence,0
বিচার চেয়ে লজ্জা দিবেন না,non-violence,0
মোদি কে মেরামত করার জন্য তালেবানক পাঠানো হোক। লেংটা ঠাকুর একদল কে হিন্দু ধর্মের শিক্ষা দেক। হুজুর টুপি। হিজাব মাথায় দিয়ে মুসলমানদের পড়ানো হোক।,direct violence,2
"বিজেপি ধর্মকে ব্যবহার করে ইয়াং জেনারেশনকে দুই ভাগে বিভক্ত করেছে, বিজেপি কট্টর হিন্দুদের বোকা বানিয়ে একের পর এক সংঘাত লাগিয়ে দিচ্ছে। শুধুমাত্র হিন্দুদের ভোট নিজের ঝুলিতে ভরার জন্য, এটা দিনের আলোর মত পরিস্কার।",passive violence,1
"ভাইরে ভাই, এতদিন কি জানলাম, আর আজ কি দেখলাম।একটা লোকও ব্যবসায়ীদের পক্ষে ছিল না,অথচ মূল সন্ত্রাসী ছাত্ররাই।ছিঃ! খুব লজ্জাজনক।",non-violence,0
অসাধারণ বাচনভঙ্গি। সাংবাদিকদের প্রতি ধন্যবাদ জানানোর জন্য ধন্যবাদ।,non-violence,0
নির্বাচন কমিশন একটা দালাল ও মিথ্যা বাদী।,passive violence,1
কোরান অবমাননার বিচার না করে মন্দির ভাংচুর করার বিচার করতে আসসে,passive violence,1
"নাসিরনগরে কোনো মন্দিরে হামলা হয়নি, মুসলিমরা শুধু পতিবাধ করছিল, থানার পত্তেকটা মুসলমানদের কি পরিমান হয়রানি করছে তা বলে বোঝানো যাবেনা,এরকম ফালতু রিপুট করেন কেন",passive violence,1
গাজীপুর চৌরাস্তায় ২০০ টাকার য়ে কোন বয়সের কাপর ৮০০ টাকা দাম চায় তারপর অহেতুক তর্ক কর অপমান করে ২০০ টাকাই বিক্রি করে মাঝে শুধু কারাপ আচরণ পাই আমরা আর কিছু দোকানদার কাপড় দেখার পরে দাম না বলে আসলে অপমান করে কথা বলে য়া কোন মতই সাধারণ মানুষ নিতে পারে নাবেবসায়ীদের কাছ থেকে আর ভদ্র আচরণ আশা করি,non-violence,0
ন্যায় বিচার হবে ইনশাআল্লাহ তবে তাদের চুরির অভ্যাশ আছে শাফ মারছে বাচ্চা গুলো কে জিতা রাকছে,passive violence,1
আপনি নিজে আরেক চোর। তাইতো আপনি কিছু জানলে ও বলবেন না।,passive violence,1
তো আপনি ওরকম কাউকে চাপাতি মেরে জলদি বড় হচ্ছেন না কেন ভাইয়া?,direct violence,2
আওয়ামীলীগ 2 পক্ষে মারা মারি করে আর বি এন পির নাম হায়রে বাংলাদেশ,non-violence,0
"ভাই, খবরেই তো ভেজাল🤒🤒 যাকে বলে শর্ষের মধ্যে ভূঁত",non-violence,0
মুসলিম জাতীয়াতাবাদী চেতনা জাগ্রত করতে হবে।,non-violence,0
আল্লাহ্ একজন আছেন অবশ্যই নিশ্চিত এই জালিমদের সময় মত একটা শিক্ষা দিবেন ফেরাউন নমরূদের মত।ইন্ডিয়ার মা বোনদের শ্রদ্ধা ও মোবারকবাদ জানাই। আল্লাহু আকবর।,non-violence,0
নিজেরাই নিজেদের ধর্মকে বদনাম করছে ধর্মের নামে মানুষের ঘর ভাঙছে লুটপাট চালাচ্ছে ডাকাতি করছে গরু-ছাগল নিয়ে যাচ্ছে ধর্ষণ করছে। পুরো বিশ্বের মানুষ দেখছে ইসলাম ধর্মের আড়ালে কি চলছে বাংলাদেশে,passive violence,1
তোদের উপর আল্লাহ গজব খুব তারা তারি পরুক সে দোয়া করি আল্লাহর কাছে😡😡,direct violence,2
ইনি আন্দোলন করছে ভালোতবে এনার অতীত দেখুনইনি ফেসবুকে ছবি ছাড়ে তো নগ্ন হয়ে এবং রেস্টুরেন্টে খাবার খায় বিকিনি পড়েসকল প্রমাণ আছেসব হচ্ছে ভাইরাল হবার ধান্দা,passive violence,1
সঠিক তথ্য মানুষের মাঝে আনার জন্য যমুনা নিউজকে অসংখ্য ধন্যবাদ সেই সাথে বলে রাখি দুই দোকানে যখন সংঘরশ হলো তারা কি মার্কেটের কর্তৃত্ব পক্ষের সালিশেও এটা সমাধান করা যেত না আর ক্ষমতা দেখানোর জন্য মাস্তানি করতে শিক্ষার্থীর বা যাওয়ার কি দরকার ছিল এদের আইনের আওতায় এনে সর্বোচ্চ দৃষ্টান্তমূলক শাস্তি হওয়া উচিত,non-violence,0
"নিউমার্কেট এলাকা মানেই গাঞ্জাখুরদের আড্ডাখানা। চট্রগ্রাম নিউমার্কেট এলাকা ও একই।সব ব্যবসায়ী সাতকানিয়ার,এদের বেশিভাগের ব্যবহার খুব খারাপ। সামান্য কথা-কাটাকাটি হলেই সবাই মিলে হামলা করে।",passive violence,1
কিসের মত প্রকাশের স্বাধীনতা লাথি মারি এই মত প্রকাশের যে মত আমার নবী কে গালি দেয়।,direct violence,2
তাড়াতাড়ি গ্রেফতার করুন,non-violence,0
হায়রে বাংলাদেশ। দেখি শেখ মাফিয়া কি বিচার করে? আমরা কঠিন বিচার চাই।,passive violence,1
এসব এমপিদের জন্য বাংলাদেশে আজ সাম্প্রদায়িকতা সৃষ্টি হয়েছে।,passive violence,1
কুত্তা লীগ আর ধর্ষণলীগ এরা পুলিশের সাথে যোগ দিয়ে মুসুল্লিদের উপর হামলা চালিয়েছে,passive violence,1
সব হাসিনা মাগির দালাল,passive violence,1
ছাত্ররাই পারে এসব ব্যবসায়ী নামধারী ডাকাতদের শায়েস্তা করতে এবং জনগন ছাত্রদের সাথে আছে।এ রমজানে বিভিন্ন দেশে নিত্যপ্রয়োজনীয় জিনিসের দাম কমিয়ে ব্যাবসায়ীরা জনগনের পাশে দাড়িয়েছে সেখানে বাংলাদেশের ব্যবসায়ীরা রীতিমত ডাকাতি শুরু করেছে তাই বাধ্য হচ্ছে ছাত্র-জনতা রাস্তায় নামতে__আমরাও প্রবাস হতে ছাত্র জনতার এ যৌক্তিক আন্দোলনের প্রতি সমর্থন জ্ঞাপন করছি।,non-violence,0
"সাংবাদিক শালায় বলে কথিত অভিযোগ,",passive violence,1
ঢাকা কলেজের স্টুডেন্ট দের মারা হল পুলিশ এসে আবার ঢাকা কলেজের ছাত্রদের মারলো নিউ মার্কেটের ব্যবসায়ীরা তারা সংবাদ সম্মেলন ডেকে কথা বললেন এবং দোকানপাট খুলে দিতে বললেন ছাত্রদের দের সাথে আলোচনা না করেই এটা কি সম্ভব।,non-violence,0
নিউমার্কেটে ব্যবসায়ীদের শিক্ষা হওয়া উচিত।,direct violence,2
"স্বাধীন ভাবে যদি আওয়ামিলিগের বিরুদ্ধে লেখা লেখি করি, আমাকে কেনো গেফতার করা হবে? জাতি জান্তে চায়।",non-violence,0
"এখন লক্ষ লক্ষ অভিজিৎ রায় ঘরে ঘরে জন্ম নিয়েছে,, 💙💙",non-violence,0
হিজাব নারীর অধিকার,non-violence,0
তোর ঠাকুরের কতো বড় কলিজা আয় যুদ্ধ করি ঘরের কোণ থেকে কমেন্ট করিস কেন আয় মাঠে আয় তোর ছেদা দিয়ে কয়টা বুলেট ঢুকায় দিয় আয় আয় তাড়াতাড়ি আয়🤣🤣🤣,direct violence,2
দালাল মিডিয়া ।,passive violence,1
"যত দ্রুত সম্ভব ছাত্র রাজনীতিটাই বন্ধ করে দেয়া উচিত।কিন্তু আফসোস কোন দলই করে না,কারন বন্ধ করলে দলগুলোর সন্ত্রাসী কর্মকাণ্ডে ব্যাঘাত ঘটবে।",direct violence,2
ইস্কুলে সকলের এক ড্রেস এর এককালার করার যথেস্ট যুক্তি আছে।এবং এব ফলো ভালো হয়েছে।কারন যার বাপের অনেক টাকা সেতো সেইরকমের পোষাক পরবে কিন্তুু গরিব ছেলেটি বা মেয়েটি তাদেখেতো মনখারাপ করবে নিজের মধ্যে দূর্বলতা কাজ করবে এটা বুকে হাত দিয়ে নিজেকে প্রত্যেকে প্রশ্ন করুন পাবেন।তবে আমি একদম নিরপেক্ষ ভাবে বলছি।হিজাব বাদেন কোনো সমস্যা নাই।তবে।কেউ যেনো পাগরী না পরে।সবার জন্য সমান আইন হলে ঠিক আছে।কাউকে ধর্মের পরিচয়ে নয় মানুষের পরিচয়ে দেখা ভালো।কিন্তু পক্ষ্যপাতের বিরুদ্ধে আমি।সোজা কথা সাম্য চাই।সেটা হলে ভালো।,non-violence,0
ছি ছি তোদের মতন শয়তান মুসলিমকে ধিক্কা জানাই। প্রবিএ কোরানকে অপমান করে। তোরা বলছ ষড়যন্ত্র। তোদের বিচার মহান আল্লাহ পাক করবেন। ইনশাল্লাহ,passive violence,1
শিবির হামলা অথবা জঙ্গি হামলা ।,passive violence,1
আমি যতদূর জানি এশার নামাজ আদায়ের পর মসজিদ বন্ধ হয়ে যায়।তাইলে রাত দুইটায় কেমনে মসজিদ খোলা থাকে🙄🙄🤨,non-violence,0
"বাংলাদেশের তথাকথিত মুসলিম নামধারী হিন্দু এমপি- মন্ত্রী, পুলিশদের প্রকাশ্যে ঘোষণা দিয়ে বলতে হবে- তারা হিন্দুদের দালাল।",passive violence,1
"ভিন্ন ধর্মাবলম্বীদের সাথে কি ধরনেরআচরণ করতে হবে, তা পরিপূর্ণ ভাবেশুধু ইসলামই শিক্ষা দিয়েছে। যা অন্যন্যাধর্ম এতোটা নিরপেক্ষ ভাবে শিক্ষা দেয়না।",passive violence,1
এইসব কুত্তার বাচ্চা জালিমেদর বিচার একদিন বাংলাদেশ হবে ইনসাআল্লাহ্,passive violence,1
"কুরআন কে অবমাননা করা হয়েছে সে কথা তো বললেন না, হলুদ সাংঘাতিকের দল",passive violence,1
তুই তো জানোয়ার। তোর মা একটা পশু জন্ম দিয়েছে।,passive violence,1
আমি মুসলিম এটার বিচার ছাই,non-violence,0
হিজাব পরা নারীর অধিকার।,non-violence,0
"খুভ সুন্দর বিডিও ফুটেজ,",non-violence,0
"গুড, ঢাকা বিশ্ববিদ্যালয়ের কাছে এটাই চেয়েছিলাম, আপনারা ওই পাশ দিয়ে নীলক্ষেত আর এ পাশ দিয়ে আজিমপুরের রাস্তা বন্ধ করে দেন, দেখবেন ওই ব্যাবসায়ী নামের কসাইদের তেল বাইর হইয়া যাইবো।",direct violence,2
"একেক গণমাধ্যম সংঘর্ষের কারণে একেকটা বলছে, বুঝলাম না",non-violence,0
এটা এক তরফা হয়ে গেছে। ব্যবসায়ীদের বিচারের আওতায় আনা হউক। তাদের আচরণ ঠিক না। ভোক্তা অধিকার অফিসের কার্যক্রম ত্বরান্বিত করা হউক।,non-violence,0
প্রত্যেকটা মুসলিম দেশের উচিত এই ইন্ডিয়া নামের রেনটির বিরুদ্ধে যুদ্ধ ঘোষণা করা,direct violence,2
"যেই শালারপুতে রা ছাত্রলীগ করস তোরা হলি জারজ সন্তান,,,, আর নাস্তিক দের দালাল,,,তোর গুষ্টি র গুল্লি মারি",passive violence,1
মিডিয়া গুলো সব দালাল। সত্যি কথা চাপা রাখে।,passive violence,1
এটা মিথ্যা কথা,non-violence,0
"হুজুররা করলে এতক্ষনে মাদ্রাসা বন্ধ করে দিতো ,প্রকৃতপক্ষে এরাই তো জংগি",passive violence,1
এই গুলা ত বিচার করবায় ঐ তোমরা ত ইন্ডিয়ান না,non-violence,0
ধন্যবাদ ভাই আপনাকে,non-violence,0
তুমরা আসলেই খারাপ তোমাদের ধর্ম ভাল কিছো সিহ্মা দেয়না,passive violence,1
সাময়িক সময়ের জন্য বাহাদুরি পেয়ে কি করছো?ভুলে গেলে চলবে না..কাঠগরা অপেক্ষা করছে তোমার জন্য ও...আর সেদিনই হবে সঠিক বিচার...তুমি কি জানো না.?পৃথিবীর সমস্ত রাস্তা কবরের দিকেই যায়।,non-violence,0
"তোরাতো খুন ছাড়া আর কিছু পারবি না, কারণ তোদের মাথার ভিতর ভাইরাস ঢুকিয়ে দিয়েছে ধর্মগুরুরা।",passive violence,1
ক্ষমতা দেওয়ার মালিক আল্লাহ তাই পবিত্র কালামের সাথে যারা বেয়াদবি করবে তাদেরকে এই পৃথিবীর বুকে আল্লাহ থাকতে দিবে না,non-violence,0
যাক শুনে খুশি হলাম এখন ভাল লাগতেছে,non-violence,0
ইসলামের স্বার্থে। আমার ভিডিও গুলো শেয়ার করুন। আমরা চাই মুসলিমদের উপর অত্যাচারের খবর পৃথিবীর সকল মুসলমানদের জানিয়ে দিতে যাতে তাদের চেতনা জাগ্রত হয়। এবং আপনিও সাবস্ক্রাইব করে পাশে থাকুন।.,non-violence,0
আপনার উলঙ্গ হওয়ার স্বাধীনতা থাকলে আমার পোশাক পরার স্বাধীনতা থাকবে না কেন?-লিল্লাহে তাকবীর আল্লাহু আকবর,passive violence,1
এই রকম পাগল কা..==.কা করে যাচ্ছে ততই মুগ্ধ হয়ে গেলাম,passive violence,1
একদম ঠিক আছে কলেজ ইস্কুলে কোন ধর্মিক পোশাক নয়। ২০১৮ কেরলে হিজাব বন্ধ হয়ছে সেই খানে বামপন্থীদের সরকার চার বছর ধরে কোন দিন কেউ কোন আনন্দলোন করে বিজেপি সরকারের জন্য বলে নাটক চলছে। বালের ওআইসি পোদমার টাইম নেই ও আই কে। মহারাষ্ট্র বন্ধ কেরল বন্ধ ওখানে মুসলিম ছাএ ছাএী পড়াশোনা করেনা।,direct violence,2
"জঙ্গীদের মাথার নিউরোন সেল গুলো ছোটবেলায় সমকামী হুজুররা (হুজুর মাদ্রাসায় ছেলেদেরকে ধর্ষণ করে বিশেষ করে তাহাজ্জুদের সময় ) নষ্ট করে দিয়েছে ,ওরা এতই আহাম্মক যে ধর্ম আর উৎসবের মধ্যে সামান্য পার্থক্য টুকুও ধরতে পারে না. এইজন্যই ৫৭ টা মুসলিম দেশ ওই এক ছোট আয়তনের দেশ ইসরাইলের সাথে পারেনা।কাল্পনিক প্রাণী আল্লাহও ইসরাইলের সাপোর্টার। 🤣😂😊",passive violence,1
সুষ্ঠুভাবে তদন্ত করলে বের হয়ে আসবে এর পিছনে ইন্দনদাতা বিএনপি আর জামাত,passive violence,1
মাথা ব্যাথায় মাথা কেটে ফেলা,non-violence,0
মুসলমান হউক বা হিন্দু মারফাকারদের বিচার হওয়া উচিত,non-violence,0
ব্যাবসায়ীদের কঠিন শাস্তি চাই। আর আন্দোলনে সব শিক্ষার্থীর অংশ নেওয়া উচিত।,non-violence,0
"মি, গুজব কাকা",non-violence,0
খবরটা শুনে হাসিনার খুশি হওয়ার কথা,non-violence,0
মারা গেছে কি সে কথা বলেন,non-violence,0
ডাহা মিথ্যা কথা,passive violence,1
আমাদের সিলেটের হাসান মার্কটেকিছো সেল মেন আছে খুব খারাপএদের কে উছিত শিক্ষা দিতে হবেএদের শাওস দীন দীন বেরে যাচ্চে,direct violence,2
প্রিয়াঙ্কা গান্দিকে ধন্যবাদ,non-violence,0
গজব আবার আসিতেছে অপেক্ষা করেন।,non-violence,0
আপনার চিন্তা কি অন্য ধর্মের মানুষেরা মানে।অন্যদেরও সংযত হতে বলুন,non-violence,0
"বাহ সবার সুর যেনো পাল্টে গেছে, এই একি কাজ জদি মাদ্রাসার ছাত্ররা করে তখন জংগি, পুলিশ তখন এলোপাথাড়ি গুলি মারতেন । কি করে এগুলা এত সময় মারা মারিতে লিপ্ত থাকে ?",passive violence,1
"যারা মেয়েদের শরীরের যে কোন পোষাক, বোরকা বা হিজাব খুলে শিক্ষা দিতে চায় তারা কোন সভ্য শিক্ষক বা কোন সভ্য জাতি হতে পারে না।",non-violence,0
খুশি মানে মহা খুশি,non-violence,0
"আমি ভাবতেছি কাল থেকে আমি আন্ডারওয়ার পড়ে স্কুলে যাব ,এটা আমার অধিকার 🤣",non-violence,0
এগুলো হলো আওয়ামী লীগের ওরা নোংরা রাজনীতি,passive violence,1
"বন্ধু,ভালোবাসাটাও যদি ধর্ম হয়,বিসমিল্লাহ (আল-হামদু লিল্লাহি রাব্বিল আ&#39;লামীন,বিসমিল্লাহির রাহমানির রাহীম) বলে তোর প্রসাদ খেতে মোর কিসের ভয়।",non-violence,0
মাশআল্লাহ বোন!! তুমি মুসলিম ধর্মের গর্ব!! আমাদের শ্রেষ্ঠ নবী করীম সাল্লাল্লাহু আলাইহি ওয়াসাল্লাম থেকে এভাবে হাজারো কাফেরদের দল ইসলাম নিয়ে নানা বাধা সৃষ্টি করেছে আর বার বার জয় হয়েছে ইসলামের!! সবথেকে শ্রেষ্ঠ ধর্ম ইসলাম!! আমি গর্বিত আমি মুসলিম!!! আল্লাহ আকবর আল্লাহু আকবর আল্লাহু আকবর!!!,non-violence,0
চালিয়ে যাও আন্দোলন আমরা আছি তোমাদের পাশে,non-violence,0
ঢাকা কলেজের শিক্ষার্থীরা বেশ করেছে! ব্যাবসায়ী নামক এই বাটপার দের উত্তম -মধ্যম দেয়া উচিত।,direct violence,2
কি অবস্থা... পুলিশ কই...??? আর এতো ইট কই পেলো...??? শিক্ষা প্রতিষ্ঠানের ছাএ আর ওদের মধ্যে তফাত কি...???,non-violence,0
ভাই আমি রাজবাড়ির লোক খুব ভালো লোক ছিলেন,non-violence,0
কারণ এই ব্লগার যুক্তি দিয়ে কথা বলতেন ও লিখতেন। যারা তার যুক্তির সাথে পেরে ওঠে নাই তারা নিজেদের তথাকথিত শান্তির ধর্ম অনুসারে তাকে হত্যা করে।,passive violence,1
এরাই হলো দেশের কলঙ্ক এদেরকে মেরে ফেলা উচিত,direct violence,2
আরে অভিজিৎ রায় কে কি কারণে তাকে হত্যা করলো সেটা তো কেউ বলেন না,passive violence,1
রাস্তা দিয়ে গাড়ি ছলবে রাস্তা বন্ধ করতে হবে কেনো,non-violence,0
এই লম্পটকে পাগল মানসিক রোগী প্রমাণের চেষ্টা চালালে দেশ আাবর অস্থিতিশীলতা হবে। পেছনে কারা জড়িত খুঁজে বের করুন।,non-violence,0
আইনশৃঙ্খলা বাহিনী তৎপর রয়েছে সহিংসতা করে কেউ । তারা নিজেরা নিজেরা ঝামেলা করে আবার বলে শক্তিশালী বিরোধী দল না থাকায় তারা ঝামেলা করতেছে বিরোধী দল যদি নির্বাচনে আসতো তাহলে এখন বিরোধী দলের নেতাকর্মীরাই সবচেয়ে বেশি খুন হইত,non-violence,0
ঐ ৩ ছাত্র নামের সন্ত্রাসীলীগ সদস্যকে উচিৎ শিক্ষা দেয়া হোক।,direct violence,2
ভাই আপনি মোনেহয়ভাল একজন মুসলিম ধর্মত হিন্দু পায়ের নিচের,passive violence,1
ধন্যবাদ ভাই সুন্দর মন্তব্য।,non-violence,0
ষড়যন্ত্রকারীরা কত শক্তিশালী! অঘটন ঘটানোর জন্য তারা সকল দিকে আগে থেকেই অনুকূল পরিবেশ সৃষ্টি করে রেখেছে। আপদ কোন দিক থেকে আসবে স্থানীয় লোকজন সে বিষয়ে কল্পনাও করতে পারে নি।,non-violence,0
"ভাই, আপনি সত্যিই একজন মহান ব্যক্তি",non-violence,0
এটাই আমাদের বাংলাদেশ জে দেশে কোনো বিচার নাই😭😭,non-violence,0
"যারা তাকে টেনে কাধে করে নিয়ে যাচ্ছে তারা ব্যাবসায়ি --- যারা পিটিয়েছে তারা ছাত্র - দয়া করে গুয়েন্দা লাগান ও সিসিটিভি ফুটেজ ভালো করে দেখেন - এবং ঢাকা কলেজ এর সিসিটিভি ফুটেজ দেখে ভালো করে দেখুন ঐ সিসিটিভিতে হেলমেট পড়া লোকদের অবশ্যই দেখা যাবে...হোক ব্যাবসায়ি বা ছাত্র - আইন যেনো তাকে ছাড় না দেয়... ২ /২ টা মাডার হয়েছে... কেমেরাতে দেখে যতোটুকু বোঝা যাচ্ছে ঢাকা কলেজের ঐ দিক থেকেই আহত অবস্তায় দুজনকে ব্যাবসায়িরা কাধে করে নিয়ে ঢাকা মেডিকেল হসপিটালে নিয়ে যায়,--- পুলিশের প্রতি অনুরুধ 🙏🙏🙏 সঠিক বিচার করুন...",non-violence,0
আল্লাহু এই জানোয়ারগুলার বিচার করুক,passive violence,1
আল্লাহ্ গজব পড়বে ওর উপর..😡😡😡,direct violence,2
এমন রায় কখন সহিংসতা প্রতিরোধ করতে পারেনা। বরং মুক্ত চিন্তাশিলদের কোন ধর্ম কে পুজি করে কথা না বলার আইন পাশ করা হোক।,direct violence,2
কুরআন শরিফকে অবমাননা করলেই হয়ে যায় রাজনীতি ষড়যন্ত্র আর শেখ মুজিবুরকে কেউ গালি দিলে হয়ে যায় স্বাধীনতার শতরু এদেশের রাজনীতির নেতারা ইসলামের শতরু বেয়াদব আল্লাহ তাদের শেষ করে দাও যারা তোমার কুরআনের শতরু ইসলামের শতরু,direct violence,2
পুলিশের চাদা বাজি বন্ধ করা হক,non-violence,0
"অ জথা,,কাওকে মালু বলে গালাগালি,,না করে,,একবার ভেবে দেখেন যে,, একটা হিন্দু মানুষ করান সরিফ দিয়ে কিরবে,,,আর তার এই কাজ টা করে তার কি বা লাভ হবে,,,এটা কিছু মুসলিম আছে,,যারা মুসলিম নামে কল্কো তারাই এই কাজ করেছে,,,আর ধোস টা চাপিয়ে দিয়েছে তার ওপর!!",passive violence,1
আলহামদুলিল্লাহ কিছু ভাই শহীদ হবেন,non-violence,0
বয়কট করুন কুওা লীগ 👣 কে,direct violence,2
"জাতিসংঘ ব্যবস্থা নিবে কেন? ইসলামী দেশগুলো, বিশেষ করে আরব দেশগুলো ব্যবস্থা নিলেই সাম্প্রদায়িক ভারতের বারোটা বেজে যাবে। কিন্তু দুঃখের বিষয়, আরব দেশগুলো কোনো ব্যবস্থাই নিবে না, তারা কাফের মুশরিকদের গোলামে পরিণত হয়েছে।",direct violence,2
ছাত্রলীগ সন্ত্রাসীদের সংগঠন এইটাই তার প্রমাণ।,passive violence,1
য়ে দুধরে ভাই মাল কি সেই,passive violence,1
ঘটনার দিন বা ঘটনার পরে এই সময় চ্যানেল গুলা কোথায় ছিল???? আল্লাহ এর উপযুক্ত বিচার করবে। ইনশাআল্লাহ,non-violence,0
"ইসলাম শান্তির ধর্ম অনুগ্রহ করে অন্য ধর্মের ধর্মীয় অনুষ্ঠানে আঘাত করে নিজের ধর্মের বদনাম করবেননা । যারা এমন কাজ করে নিরীহ মানুষের জান মালের ক্ষতি করেছে এবং করতে চাচ্ছে , তাদের বিরুদ্ধে তীব্রনিন্দা ও প্রতিবাদ জানাচ্ছি। সঠিক বিচার নাই বলেই আজ দেশেই এই পরিস্থিতি 😭😭 আমাদের কলিজায় আঘাত করার সাহস কেমনে করলো",non-violence,0
আর লক্ষ লক্ষ নিরপরাধ মুসলমানদেরকে হত্যার জন্য কুখ্যাত সন্ত্রাসী রাষ্ট্র আমেরিকার বিচার কে করবে?,passive violence,1
"কতটা লাভ দেখছেন এরা নির্বাচিত হয়ে লুটপাট করার জন্য পাগল হয়ে গেছে,",passive violence,1
তরুণদের রক্ত সর্বদা গরম বুঝতে হবে।।,passive violence,1
শাওয়ালীগ পুলিশের উপর ও দেখি হামলা চালাচ্ছে,passive violence,1
সালা আবাল দালাল বাজ,passive violence,1
কোনো কিছু খবর না জেনে হিন্দু ধর্ম মানুষের উপর হামলা করা এটা বাংলা দেশের মানুষ পারবে,non-violence,0
"কোন হিন্দু বা মুসলিম নিয়ে কিছু বলছি না👌আমি শুধু আমার শিক্ষার জন্য, আমার অধিকার এর জন্য দাঁড়িয়েছি ✅কথাটাও প্রশংসানীয়❣️",non-violence,0
ভাই দয়া করে আমার চ্যানেলে সাবস্ক্রাইব করবেন প্লিজ,non-violence,0
বিজিবি কে অসংখ্য ধন্যবাদ 🙏,non-violence,0
সাংবাদিক তুই তো দালাল,passive violence,1
"আল্লাহ,,, ভারতীয় দের প্রতি এতো গজব দিচ্ছে তবুও তারা বুঝতে পারছে না,,",passive violence,1
কলেজ ও নিউমার্কেট দুইটাই বন্ধ করে রাখা উচিত,direct violence,2
"ভাই আমি হান্ডেট পার্সেন্ট বাজি লাগাইতে পারি এগুলো হেলমেট পরা কলেজের ছাত্ররা আর উপস্থিত বুদ্ধি হেলমেট পড়ে, জানি তাদের মাথায় আঘাত না লাগে",non-violence,0
"৮৫%মুসলমানের দেশে কুরআনকে অবমাননা করা হয় অথচ এদেশের আইন, নেতৃবৃন্দ এগুলো দেখে বুঝে না দেখার ভান করে।আল্লাহ এদেরকে হেদায়েত দান করুন।",non-violence,0
যে মারা গেল তার ক্ষতিপূরনের ব‍্যবস্হা করে দেওয়া হোক।,non-violence,0
ভাই আপনার ধর্ম নিয়ে রাজনীতি করবেন না আপনারা যেকোন দল করতে পারেন না,non-violence,0
শিবের করলে মরবি শালা মুনাফিক ইসলামের দুশমন ইহুদীদের দালাল চক্র।,direct violence,2
আমি একজন মুসলিম প্লিজ জাদের সাথে এগুলো হয়েছে তাদের কাছে মুসলিমদের হয়ে আমি খমা চাইছি আমাদের ধর্ম শিক্ষা দেইনি যে তুমি কোন হিন্দু কে মারতে পারলে তুমি জান্নাত বাসি হবে আসলে জারা এগুলো করে তারা মুসলিম ধর্মের ক্ষতি করছে।,non-violence,0
বর্তমানে ছাত্র-ছাত্রীরাই অনেক অসভ্য হয়ে গেছে তাদেরকে আগে আইনের আওতায় এনে শাস্তি দেওয়া হোক তারপরে ব্যবসায়ীদেরকে বিচার করা হোক,non-violence,0
🤣🤣🤣🤣 পুলিষ নিরপেক্ষ,non-violence,0
"আল্লাহ এমন নাস্তিক কে দুনিয়ায় থেকে উঠিয়ে নেয়ার জন্য ধন্যবাদ, আমিন",passive violence,1
জানোয়ারের বাচ্চাগুলোকি লাইভ দেখে নাই এটা গুজব হয় কেমনে,passive violence,1
আমি ময়মনসিংহ থেকে শিক্ষার্থীদের পাশে আছি ইনশাআল্লাহ ব্যবসায়ীদের কে উচিত শিক্ষা দাও,direct violence,2
"বিশ্বজিৎ হত্যার রায় হয়না,,আবরার হত্যার রায় হয়নাহ কাফের হত্যার রায় দেয় হাসিনা শেষ খেলা রাসূলের সৈনিকরাই খেলে,দিবে চেয়ে দেখবি বাচবি নাহ😡😡😡😡😡😡😡😡😡😡😡😡😡😡😡",direct violence,2
হিন্দুধর্মের চেয়ে মুসলমান সংখ্যা অনেক বেশি।সকল মুসলিম দেশ থেকে হিন্দুদের বয়কট করা হোক।হিন্দু পন্যসামগ্রিই কেনা বন্ধ করা হোক।,direct violence,2
হিন্দু মুসলিম ভাই ভাই কিন্তু রাজনীতিবিদেরা আমাদের আলাদা করার চক্রান্ত করছে।সব রাজনিতির খেলা।,non-violence,0
"কুত্তার বাচ্চা তুই এটাকে গুজব বলতেছোত,,,,,",passive violence,1
বুঝলাম... এরা সবাই নিজের ঈমানের বিনিময়ে মিথ্যা কে কিনে নিয়েছে,passive violence,1
এসব করা মোটেও উচিত হয়নি। যার যার স্বাধীনতা তার কাছে স্বাচ্ছন্দ্যবোধ করে। এটা খুবই অমানবিক হল।,non-violence,0
দ্যখেন ভাই। কোনো হিন্দুর 2 টা মাথা নাই যে কুরান শরীফ এনে মন্দিরে রাখবে। যে একটা কাটলে আর একটা থাকবে। অবশ্যই এটা রাজনৈতিক চক্রান্ত কিংবা সম্প্রতি খন্ডনের প্রচেষ্টা।,non-violence,0
কথিত অভিযোগ বলেন কেন? সব জায়গায় হলুদ সাংবাদিকতাকতকাল আর নিজেদের সত্তা বিলীন করে সরকারের পা চাটবেন,passive violence,1
ঠিক বলছেন ভাই,non-violence,0
ভোট চোর আওয়ামিলীগ,passive violence,1
আল্লাহ এর বিচার করবে ইনশাআল্লাহ 😡😡😡,non-violence,0
ও কে ফাঁশি দেয়া হোক ।এদের কাজবাজ নেই তো ‌।তাই দেশের কি ভাবে সমস্যা সৃষ্টি করতে হয় তা ইরা জানে ।,passive violence,1
আপনার মত লোকেরাই দেশে অশান্তি সৃষ্টি করার জন্য দায়ী। আপনারা হচ্ছেন দেশের জন্য এক প্রকার ক্ষতিকারক কিট।,passive violence,1
2023 আপনাদের শেষ সময় খোদার কসম লিখে রাখেন।। যদি মিথ্যা বলি আপনার জুতা আমার গাল,non-violence,0
এগুলো হলো আওয়ামীলীগ এর আদর্শ চরিত্ত আর মিডিয়া হলো বড় রাজাকার,passive violence,1
এটা অভিযোগ নয় সত্য কথা ।,non-violence,0
দেখা যাক কার উগ্রতা জিতে। তখন এসে একটা সুন্দর কমেন্ট করব👍👍,non-violence,0
ভাই আপনারা আর খবর প্রকাশ করেন না বাইরের দেশ গুলোর কঠোরতা ভিশণ ভাবে প্রয়োজন,non-violence,0
ভোটের অধিকার নেই বললেই চলে,non-violence,0
কনো মানুষ আদা পাগল কেন? পুরো পাগল হলেও এই কাজ করবেনা। যদি তাকে দিয়া এটা না করায়।,passive violence,1
স্বাধীনতার চল্লিশ বছরে যেতিন চারটি ঘটনা ঘটেছে তার নিন্দা জানাই .কারো মৃত্যু হয়নি আল্লাহ না করুক .সরকার এসবের দশগুন মূল্য দিয়েছে .কিন্তু ভারতে ঘটে প্রতি দিনের ঘটনার কী কোন মূল্য দিয়েছে ? ইসলাম কারো অন্যায় সমর্থন করেনা .,non-violence,0
"কোরআন কে নিয়ে কোনো মুসলমান চক্রান্ত করার সাহস পাবে না...রাজনৈতিক রা কোরআন অবমাননা করা কে ও যদি রাজনৈতিক ইস্যু বানায় তাহলে কিছু বলার নাই,আল্লাহ আমাদের মাফ করুন🙏🙏",non-violence,0
দাবি একটাই দোষীদের যেনো বিচার হয়,non-violence,0
"পোশাক নিয়ে আইন এটা ঠিক নয়, যার যা ইচ্ছে সেই পোশাক পরে আসবে। আবার, ভারতের বেলায় পোশাক নিয়ে আন্দোলন হলে ঠিক আছে, কিন্তু বাংলাদেশে ইবনে সিনা,আ-দ্বিন এর মত বেশ কিছু মেডিকেল কলেজে হিজাব পড়া বাধ্যতামূলক,,, এটা বললেই আমি হয়ে যাবো সম্প্রদায়িক। 🖕",non-violence,0
"সাংবাদিক কি সুন্দর কথা পুলিম টিযার গ্যাস ছুরে নিয়ন্ত্রণে আনে, এদিকে লোকজনের জিবনের বেহাল দমা",non-violence,0
এখানে ঢালাওভাবে হিন্দুদের দোষ দিবেন না আপনারা।মুসকান নিজেও বলছে তার হিন্দু বন্ধুরা তার নিরাপত্তা দেয়ার চেষ্টা করেছে।আর যারা তাকে আক্রমণ করেছিলো তাদের বেশিরভাগই বহিরাগত।আমি মুসলিম তাই বলে আমি হিন্দুদের ঘৃণা করতে পারি না।,non-violence,0
জ্বি ব্জাই। মনের কথা বলসেন। এত খারাপ পরিস্থিতিতেও মানুষ শপিং এ যাই? চিন্তা করেন,non-violence,0
আল্লাহ্ তুমি মুসলিম বোনদের সাহায্য ও রক্ষা করো,non-violence,0
"ভাই,মুমিনদের প্রতি সহানুভূতিশীল হ‌ও।",non-violence,0
বাংলাদেশের ব্যবসায়ীরা যে কতোটা ধোঁয়া তুলসী পাতা সেটা সাধারণ জনগণ ভালোই জানে!!ছাত্ররা অহেতুক রাস্তায় নামে না!! তবে তোমরা কেমন মুসলমান?? রমজানের পবিত্রতা রক্ষা না করে মারামারি হানাহানি করতেছো??,non-violence,0
সাজানো নাটক বন্ধ করো হয়তো এদের সাথে দলিয় লোক জড়িত,passive violence,1
"একদম ঠিক হয়েছে,সংবাদিকদের গুলি করা উচিৎ,দালাল মিডিয়ার দল কথাকার,ভারতীয় গোলাম মিডিয়ার দল।",direct violence,2
"হাজী মানেই পাজি, দেখছেন ভাই কেমন ছাগল দাড়ী রাখছে।",passive violence,1
পিছু পিছু ধেয়ে আসা হাজারো নেড়ি কুত্তার ভিড়ে নিঃসঙ্গ সিংহী একাই একশো! বিবিসিকে ধন্যবাদ।,non-violence,0
ত্রর্হ নেসটিক বূরা হর্হতাছে ভারতে দালাল &#39;,passive violence,1
"এই দেশ নাস্তিকের,,,নাস্তিক মরলে বিচার হয় কিন্ত ইসলাম প্রেমি মানুষ মরলে বিচার হয়না।নাস্তিক এর বাচ্চারা কান খুলে শুনে রাখ একদিন আল্লাহর কাঠগড়ায় তোদের বিচার হবে সেই দিন দেখা যাবে কত ধানে কত চাল।",passive violence,1
ছাত্র ছাত্রীরা স্কলে যাওয়া বন্ধ করে দিক তাহলেই ওরা না খাইয়া মরবো😡,direct violence,2
ভাই তাহলে স্কুলের নির্দিষ্ট পোশাক থাকে কেন?এই বিষয় টা একটু বলেন,non-violence,0
দালাল,passive violence,1
মেয়েটা কি সুন্দর,non-violence,0
মাগিরে মারা ই উচিৎ ছিলো,direct violence,2
হাহাহাহহাহাহহহাহাহা ভাই আমারে কেউ বিষ দে খাইয়া মইরা যাই 🤣🤣🤣🤣🤣,non-violence,0
"বোরকা -হিজাব আমাদের মুসলিমদের ধরমীয় অধিকার। বোরকা-হিজাব আমাদের মুসলিমদের রাষ্ট‌ীয় অধিকার।বোরকা-হিজাব আমাদের মুসলিমদের মৌলিক অধিকার। । কেননা প্রত্যেকটি স্বাধীন দেশ‌ তার জনগন কে তার মৌলিক অধিকার নিশ্চিত করে যার মধ্যে পোশাক একটি।প্রত্যেকটি জনগন তার নিজ নিজ রুচি অনুযায়ী ,ধরমীয় অনুভূতি অনুযায়ী পোশাক পরার অধিকার আছে।তাই ভারত স্বাধীন দেশ হওয়ার শরতেও ভারতের এমন আচরন‌ কে ধিক্কার জানাই।আর পোশাক নিয়ে এত সমস্যা কি শুধু আমরা মুসলিম জন্য??",non-violence,0
"বিচার হবে, 100% হবে।",non-violence,0
কিসের মূলহতা সে একজন নিরাপত্তা পহরি হবে।,passive violence,1
হল বন্ধ হলে মার্কেট গুলি ও বন্ধ করে দেন//আইন সবাইর জন্য সমান//আর গাওছিয়া নিউমার্কেট নুরজাহান মার্কেটের//মালিক রা জীবনে অনেক টাকা কামাইয়েছে /,direct violence,2
নাটক টা অনেক ভাল ছিল 🙄,passive violence,1
কি সুন্দর একটি নাম হযরত মোহাম্মদ সাঃ লাইক হবে 💔,non-violence,0
ভাই আপনারা কেনো আসেন পূজায় আপনাদেরকে তো দাওয়াত করা হয় না ভাই....,non-violence,0
হিজাব পড়ার অনুমতি দিবো আগে মসজিদে নারীদের যাওয়ার অনুমতিটা দেওয়ার পর।।।ভয় নাই নরেন্দ্র মোদীজি তিন তালাক বন্ধ করেছে তাছড়া ভারতের মুসলিম মহিলারা মসজিদে যাওয়ার অনুমতি চেয়ে বিল পাস করার পক্ষে কথা বলেছে কারন ভারতের মুসলিম মহিলারা এই দাবি তুলেছে।।আগে এটা পাস হবে তারপর হিজাব পাস হবে ওকে।।,non-violence,0
ইন্ডিয়াতে কিছুদিন আগে করুনার জন্য কত মানুষ মারা গেল এদেরকে আল্লাহ ঠিক করবে,non-violence,0
আল্লাহ তুমি বিচার করো এদের দ্রুত।,non-violence,0
"অভিজিত ** ভাইরাস নামে একটা বই লিখেছিল, এবার তার অনুসারীরা আওয়ামী ভাইরাস বা শেখ হাসিনা ভাইরাস নামে একটা বই লেখুক তো দেখি তারা স্বাধীন মত প্রকাশ করতে পারে।",passive violence,1
"শিক্ষকরা যদি হিন্দুত্ববাদী ধর্মগুরুর মতো আচরণ করে তাহলে, মানবতার শিক্ষা কে দিবে ? ইন্ডিয়ান সরকার দাবী করে ইন্ডিয়া নাকি ধর্মনিরপেক্ষ রাষ্ট্র, তাহলে কোথায় গেল তাদের ধর্ম নিরপেক্ষতা ।",non-violence,0
মানুষ এখন পশুর হিংস্র হয়ে যাচ্ছে এই হিংস্র তা বন্ধ হক,non-violence,0
সব বন্ধ করে দেওয়া হক,direct violence,2
এটাতো মজনু পাগলার মতো সাজানো হচ্ছে ঢাকা বিশ্ববিদ্যালয়ের ছাত্রী ধর্ষণ করে মজনু পাগলা,passive violence,1
রাজাকার ও ভোট চোর সরকারকে জনগন দেখতে চাইনা,passive violence,1
"ইকবাল তো মুসুলমান, এখন তার কি বিচার হবে? মুমিনরা কি বলেন?",non-violence,0
যেই দুই ব্যাবসায়ির কারণে এই সংঘর্ষ হইছে তাদের বিচারের আওতায় আনা হোক।,non-violence,0
প্রিয় ৭১টিভি আপনাদের মাধ্যমে জানতে চাই।যদি দলিও কোন পদ না থাকে তাহলে কি আওয়ামী লীগ এর আওতায় পড়েনা?বা আওয়ামী লীগ করা যায়না?লেখক ভট্রাচার্য?,non-violence,0
মাদ্রাসা ছাড়া ভারতে সকল শিক্ষা প্রতিষ্ঠানে তার নিজস্ব পোষাকেই আসতে হবে ।,direct violence,2
আমলীগের মতন জানোয়ার না আমরা মুসলমানদের বিরুদ্ধে মুসলমান লাগিয়ে দিচ্ছে তুমি কি মুসলমান হয়ে থাকে একমত দাও আমরা সব সময় ইমামতির দেয়ার পাশে থাকব,passive violence,1
নোংরা হিজাব নিষিদ্ধ করা হোক,direct violence,2
সব সাজানো নাটক। বাংলাদেশে কি আইনশৃঙ্খলা বাহিনী কি নাই তারা কি করে এই ঘটনা বন্ধ করতে লাগে ১০ মিনিট। মানুষকে ব্যাস্ত রাখার জন্য এসব করা হচ্ছে। এই হচ্ছে অবস্থা দেশের।,passive violence,1
"আর বাংলাদেশে হিজাব পরতে বললে মেয়েরা বাবা,মা, স্বামীকে বয়কট করে। শরীরের ভাজ দেখাইয়ে কতই না মজা!!!",passive violence,1
সুন্দর একটা মেয়ে দেখার মতো😍🤗,non-violence,0
"শান্তি পুণ্য প্রতিবাদ কারিদের উপর গুলি বর্ষণ কারিদের আগে আইনের আওতায় আনতে হবে,এটাই সরকারের হবে নিরপেক্ষতা।",non-violence,0
এই যদি হয় একক নির্বাচনের অবস্তা সব দল নির্বাচন করলে কি হবে তখন সাংবাদিক ভাই একটু বলবেন।এখন লুটপাটের হিরিক দেখছেন।,non-violence,0
"ছাত্র হিসেবে তারা কিন্তু এগুলো বেশি বাড়াবাড়ি করছে, ব্যবসায়ীদের সঙ্গে তাদের কিসের দ্বন্দ্ব, আমরা নাগরিক হিসেবে ছাত্র দেরকাছে এগুলা আশা করি না, আর এখনি সময়,ছাত্রদেরকে কঠোর হস্তে দমন করা উচিত।",direct violence,2
"বাংলাদেশের সকল কলেজ, বিশ্ববিদ্যালয়ের ছাত্র ছাত্রীরা রাস্তায় নেমে প্রতিবাদ মিছিল করে কর্মসূচি দেওয়া উচিত এবং নিউমার্কেটের এসব অপরাধের সাথে জড়িত সবাই কে উপযুক্ত বিচার করা হউক।",non-violence,0
ধন্যবাদ ঢাকা কলেজের শিক্ষার্থীদের এরকম প্রতিবাদ করার জন্য।,non-violence,0
বাংলাদেশের মানুষ স্বাধীন রাষ্ট্রের বাস করে নাকি ও স্বাধীন রাষ্ট্র বাস করে,non-violence,0
"আল্লাহ,তার রাসুল এবং ইসলাম সম্পর্কে কটুক্তি করা যদি মুক্তমনা লেখনী,বিজ্ঞান-মনস্ক লেখনী হয় তাহলে জেনে রাখিও ওই সকল মুরতাদদেরকে হত্যা করাও ফরজ কাজ।",direct violence,2
ভাই এই নাটক তৈরি করতে এতো দিন সময় লাগলো আহারে আফসোস।।। বাংলাদেশ নাটকে খুব দুর্বল হয়ে যাচ্ছে দিন দিন।।।।😭😭😭,passive violence,1
দলিয় প্রতিক না থাকলেই আশা করি এই সংগাট হইতোনা কারন দলিও সংগাতের কারনেই আজকেই দেশের এই আবস্তা,non-violence,0
এতো বড় সাহস কই পেলে ছাত্রদের উপর হামলা করে,non-violence,0
"দেশে এখন এ নিয়ে শুরু হবে তদন্ত,,, আর এর ফলাফল পাবা 50 বছর পরে গিয়ে!!!!!🤦‍♂️🤦‍♂️🤦‍♂️",non-violence,0
ঢাকা বিশ্ববিদ্যালয়ের মতো প্রতিষ্ঠানে ছাত্রদলের সভাপতির প্রতিবাদী কন্ঠ হবে অগ্নিঝরা! প্রতিটা বাক্য হবে বজ্রাঘাতের মতো! অভি-নীরু-বাবলু-আমান-খোকন-ইলিয়াস-এনি-সোহেল প্রমুখ সাবেক ছাত্রদল নেতৃবৃন্দের সার্বিক যোগ্যতা বিচারে ইদানিং কালের ছাত্রদল নেতাদের কোনো ভাবেই যেন তুলনা করা যায় না।,non-violence,0
প্রশাসন কোন বালটা পালাইছে..?বি এন পি কে সমাবেশ করার অনুমতি দেওয়ার পর ঐখানে ছাত্রলীগ এর মিছিল করার মানে কি..?আর পুলিশ কেন ছাত্রলীগের মিছিলে বাধা দেয় নাই...?,passive violence,1
"দায় এড়িয়ে গেলে হবে না ~ অবশ্যই সে মুসলিম তবে মনুষ্যেত্বর অভাব আর ধর্মান্ধতার কারনে এমনটি করেছে । ধর্মশিক্ষার পরিবর্তন জরুরী , না হলে এমন অপ্রকৃতি হোক্ আর আপনার মতো ওজর কাটিয়ে দায় এড়িয়ে যাওয়া প্রকৃত মুসলিমদের জন্মহার বাড়তেই থাকবে ।",non-violence,0
তারে সাংবাদিকের চাকরি দিছে কে বাবার নাম গুলো মুখে নিতে পারছ না হালা তুই বড় দালাল,passive violence,1
শালায় একটা পাগল ছাড়া কিছু না।,passive violence,1
বাংলাদেশ দুর্গাপূজার সময় বুক কেপে উঠে নাই? যে হিন্দুদের উপর অত্যাচার করছে তারা কার সৃষ্টি?,non-violence,0
দেশটাকে ধ্বংস করেন না দেশটারে মানুষের মত মানুষ বাঁচতে দেন দেশটারে একবারের দেশটারে ধ্বংস করে ফেলছে আওয়ামী লীগের,passive violence,1
সংবাদমাধ্যমের সাথে যারা জরিত - আল্লাহ তাদের হেদায়াত না করলে ধ্বংস করুক,direct violence,2
"এত আগ্রহ ই সব নষ্টের কারণ। শুধু নিজের পায়ুপথে আঙ্গুল দিয়ে থাকতে ভাল লাগে না , অন্যের পাছায় কিভাবে আঙ্গুল দেয়া যায় এই চিন্তা নিয়েই অস্থির সারাজীবন। 🤤🤔🤤",passive violence,1
এই মালুর বাচ্চা স্বাধীন মত প্রকাশ করতোনা।শুধু ইসলাম কে আক্রমণ করতো,passive violence,1
দেশটা সুস্থ নাই,non-violence,0
বাংলাদেশের ব্যবসায়ীরা ব্যবসার নামে ডাকাতি সন্ত্রাসী করছে।দোকানে গেলেই কিছু একটা কিনতে হবে পছন্দ বা দামে হোক বা না হোক।দোকানে বসার পা চাটে জিনিস না কিনলেই দুলাভাই ভালো না।একটা অভদ্র লোক কখনও সৎ ব্যবসায়ী হয় না।যার ব্যবহার খারাপ তার ইহকাল পরকাল সব কিছুই খারাপ।,passive violence,1
যারা এটাকে গুজব বলছে তারাই করেছে কি না সন্দেহ আছে....,passive violence,1
দেশে এত জন্ম নিয়ন্ত্রন থাকা সত্তেও কিভাবে যে এগুলো জন্ম ণেয় আমার বোধ গম্মো হয় না।,passive violence,1
দুই পক্ষে শাস্তি দিন।। ভিডিও দেখে দেখে সবাইকে গ্রেফতার করুন।।,non-violence,0
মুসলমানদের কেউ লেখালেখির জন্য হত্যা করে না,passive violence,1
ভাই ২ নম্বর সিসি ক্যামেরা টা নিজে নিজে নড়লো কেমনে?,non-violence,0
কোন ধর্মের উপর হস্তক্ষেপই কাম্য নয়!ধর্ম চর্চা ও পালন মানুষের মৌলিক অধিকার। মানুষের ব্যক্তিগত স্বাধীনতায় হস্তক্ষেপ কোনভাবেই গ্রহনযোগ্য হতে পারে না!,non-violence,0
"ইসলামের বিরুদ্ধে কথা বলবে আর বলবেন মত প্রকাশের স্বাধীনতা, কেমন মতপ্রকাশের স্বাধীনতা এখন দেখি মজিব আর হাসিনার বিরুদ্ধে কথা বল দেখব মত স্বাধীনতা কোথায় যায়।",non-violence,0
এসব হত্যাকান্ডের আদৌ কি কোন বিচার হবে,non-violence,0
ফি আমানিল্লাহ। বাংলার জমিনে হযরত মুহাম্মদ সাঃ কে নিয়ে কেউ কটুক্তি করলে। তার মাসুল এভাবেই দিতে হবে। ওকে যদি আমি হত্যা করতে পারতাম আমার একশো বার ফাঁসি হলেও আমি হাঁসি মুখে মেনে নিব।ইনশাল্লাহ। নবী কে অপমান করলে আমার কলিজায় লাগে।,direct violence,2
"৯৫% মুসলমানের দেশে, পাহাড়ের আযান দিয়ে নামাজ পরলে, উসকানিমূলক কাজ হবে। আর তাদেরকে গ্রেফতার করে জেলে ভরে রাখবে। আর মূর্তির পায়ের উপর কোরআন রাখলে, সেটা উসকানিমূলক কাজও হবে না এবং গ্রেফতারও হবে না। এটাই হলো গণতন্ত্রের আইন। বাহ,,,,বাহ,,,,বাহ",non-violence,0
আমি একটা অ্যাপ বানাইতাছি।সস্তা মূল্যে হিন্দু মেয়ে কিনা বেচার অ্যাপ।হিন্দু মেয়েরা জন্ম থেকেই দেহোপজীবীনী।কোন সমস্যা হবেনা।,direct violence,2
আল হামদুলিল্লাহ্...প্রিয় ভিউয়ার্স আপনাদের ভালবাসায় ইসলামিক চ্যানেলটি এগিয়ে যাচ্ছে।আপনাদের একান্ত সাপোর্ট ও আল্লাহর রহমত নিয়ে অনেক দূর এগিয়ে যাবো ইনশা আল্লাহ্🦋🦋🦋🌹🌹🌹,non-violence,0
সারাদেশে পূজামণ্ডপে কি কোরআন রেখেছিল??তাহলে উম্মাদের অনুসারীরা সারাদেশে হামলা চালালো কেন??কোরআন রেখে কোন হিন্দু কখনই দূর্গা কে অপমান করবে না।,non-violence,0
ভোট চোর হাসিনা ভোট চোর,passive violence,1
তাহলে কোরআন অবমাননাটা করেছে কে! কেন হিন্দুদের ঘর বাড়ি ভাঙ্গা হলো? কেন মন্দির আর প্রতিমা ভাঙ্গা হলো? কুচক্রী মহল শুধু হিন্দু ধর্মের মানুষদের ধর্মীয় অনুভূতিতে আঘাত করেনি সেই সাথে ইসলাম ধর্মালম্বীদের অনুভূতিতেও আঘাত করেছে। এখন এর বিচার কি হয় দেখি।,non-violence,0
কি যে একটা বাজে অবস্থা। সব অপরাধে ছাত্রলীগ জড়িত,non-violence,0
কোরান নিয়া মন্ডপে আপনার মতো ছাগল রা রেখে এসে এখন আন্দোলন করে মরে ৭২ টা মাগীর কাছে যেতে চান।,passive violence,1
তারা পুলিশের চাচাতো ভাই,passive violence,1
মানুষের স্বাধীনতা আছে ফিজাপ পড়ার.....,non-violence,0
এখন সমর্থন দেয়া ইডেনের ছাত্রীদের কি বলা উচিত?,non-violence,0
নিবাচন আসলেই কত মায়ের বুক খালি হয় আল্লাহ তুমি এই সরকারের উপর গজব নাজির করো,direct violence,2
আওমালীগ তাদের ক্ষমতা আছে। গালি কেন আর সব করার অধিকার রাখে।,non-violence,0
এ ভাবেই চলবে।।। কারণ ওদের বিচার করার সাহস কারো নেই।।।।,non-violence,0
"এতো গুলো কমেন্ট দেখলাম.... সবাই ব্রেন ওয়াশ। শুধু আপনার কমেন্টে পড়ে মনে হলো বাংলাদেশ এও শিক্ষিত মানুষ আছে। সব ধর্মের লোক যদি তাদের ধর্মের পোশাক পরে আসে তাহলে সেটা আর শিক্ষা প্রতিষ্ঠান থেকে না, সেটা ধর্মীয় স্থান হয়ে যায়। হিন্দু রা বলছে সবাই ইউনিফর্ম পরে আসুক। তারা ও ইউনিফর্ম কে সাপোর্ট করছে। আর সরকার ও বলছে শিক্ষা প্রতিষ্ঠান ছাড়া সব জায়গা তে যে যা ইচ্ছে পর",direct violence,2
আল্লাহ ছাড় দেন ছেড়ে দেন না।সবারি একদিন বিচার হবে,non-violence,0
ধন্যবাদ আইডিয়াল কলেজের ভাইদের,non-violence,0
নিউমার্কেট দোকানের লোকজনের আচরণ খুব খারাপ এদের বিচারের আওতায় আনা হোক,non-violence,0
সুন্দর। ঢাকা বিশ্ববিদ্যালয়ের ছাগল গুলো কই? নাকি ওরা হাতে চুরি পরে বসে আছে,passive violence,1
"অা‌লেমরা কর‌লে তান্ডব, নরতকীরা কর‌লে হয় অা‌ন্দোলন ।এ‌কেই ব‌লে বাংলা মি‌ডিয়া ।",passive violence,1
"যুদ্ধ ছাড়া শান্তি আসলে , আমাদের আর ৩০ লক্ষ মুক্তি যোদ্ধা শহীদ হতো না ।",direct violence,2
"অনেক দিনপর একটা সাহসী নারী দেখলাম।এই নারী থেকে পুরুষদের শিখা উচিত, কি ভাবে অন্যায়ের প্রতিবাদ করতে হয়।",non-violence,0
"আসলে প্রতেক ব্যবসায়ির উচিৎ, সব সময় কাস্টোমারের সাথে ভালো ব্যবহার করা, তার পর তারা ছাত্র, আমাদের কারও সন্তান কারও বা ভাই বা বোন, তারা আগামীতে দেশের সম্পদ, কাহারও হক নাই যে, সামান্য কিছু না বুঝে তাদের সাথে খারাপ ব্যবহার করে থাকি এটা কখনো এক জন ভালো মানুষের কাজ নয়। আমাদের সবার উচিত তাদের কে সম্মান করা, ঝামেলা করে কাউকে ছোট করা ঠিক নয়, আসেন আমারা সবাই ১০ টা ভালো কাজ করে সমাজের অসহায় মেহনতি মানুষের কাছে দাড়ায়, এবং সবাই সবাইকে সম্মান করি,",non-violence,0
"চিনলেও বলবে না,হেলমেট ওয়ালার পাশে যারা ছিল তাদের ডিম খাওয়ালে পরিচয় পাওয়া যাবে৷পাশাপাশি সংঘর্ষের সময় পুলিশ আর সাংবাদিক ব্যতীত অন্য কারো হেলমেট পরা নিষদ্ধ করা হোক৷",passive violence,1
বালের শান্তি। তোরা নিজেরা নিজেরাই তোদের ধর্মকে অবমাননা করিস। তোরা মুসলিম নামের জানোয়ার।,passive violence,1
কিছু বলার নেই। কোথায় গেল এখন যারা বলেছিলেন হিন্দু সম্প্রদায়ের লোক এই কাজ করেছে কোথায় এখন। তোমার কাছে যেমন তোমার ধর্ম প্রিয় তেমনি আমার কাছে আমার টা ও প্রিয় কোন বিষয় এ সঠিক তদন্ত না করে কারো উপর ঝাপিয়ে পড়া সঠিক নয় । মনে রেখো সৃষ্টিকর্তা শ্রেষ্ঠ বিচারপতি,non-violence,0
আর আমরা পুরুষরা ঐ সকল নোংরা মেয়েদের দেখে দু’টি জিহ্বাই ভিজিয়ে ফেলি ও লাইক দেই।আমরা লাইক দেই বলেই তো তারা উৎসাহ পায়।,passive violence,1
ওর বিচার চায় আমরা হিন্দু🙏🙏🌹🌹❤️❤️,non-violence,0
সরকার দেশটা কে বিকরি করে দিবে সরকার ভারতের দালাল,passive violence,1
এ ভাই সাকি তুমি এক জন মানুষের কাজের ব্যবস্থা করতে পারো,non-violence,0
উচিত জবাব কলেজ বন্ধ থাকলে মাকেট ও বন্ধ থাকতে হবে আইন সবার জন্য সমান,passive violence,1
চ্যানেলে এত সুন্দর সুন্দর কমেন্ট করেছে চ্যানেল আলাকি বোঝেনা। যে কোনটা ঠিক কোনটা অসঠিক,non-violence,0
ভারতের কাজে কোনো সাপ্রদায়িক মনো ভাব নাই।তারা সাধু গরুর মুত আর গোবরে ধুয়ে পবিত্র 😪,passive violence,1
আজকে নেতার চাটামি করতে করতে জন্মদাতা বাপ ভুলে গেছো কিন্তু এটা ভুলে যেওনা তুমি মুসলমান । মনে রাখতে হবে রাজনীতির থেকেও অনেক বড় আমার ধর্ম ইসলাম আর এই ধর্মকে কোন ব্যাক্তি বা গোষ্টি অবমাননা করলে তাকে ছাড় দেওয়া হবেনা,passive violence,1
"তুমি খুব বাজে ভাবে মরবা,মমতা বন্দ্যোপাধ্যায়।।",direct violence,2
"দুনিয়ার মানুষ রুপী দানবদের হাত থেকে অসহায় মানুষদেরকে আল্লাহ যেন রক্ষা করেন,আমিন ।",non-violence,0
"তান্ডব টা চালালো পুলিশ আর নাম হলো করো,,,,বাংলাদেশের সব মিডিয়া মাদারচোদ",passive violence,1
"সরকারী প্রতিষ্ঠান গুলাতে এইসব কারনে ভাল ছাত্ররা এখন ভর্তি হওয়ার আগ্রহ হারায় ফেলছে, গার্ডিয়ান রাও সেইফ মনে করে না৷৷৷",non-violence,0
ঠিক করছে ভালো করে মিছিল করছে সেখানে বাধা দেয় পুলিশ লীগ তো বাংচুর করবে না কি করবে,passive violence,1
"এই সংঘর্ষের মূলে রয়েছে ছাত্রলীগে চাঁদাবাজি। ছাত্রলীগ মানেই চাঁদাবাজ । ছাত্রলীগ, ছাত্র সমাজ ও জাতির জন্য অভিশাপ ।",passive violence,1
"এই মারা মারিতে কাদের সন্মান টা নষ্ট হলো, পুরো দেশের কাছে ঢাকা কলেজ এর সন্মান কমলো, ছাএদের বদনাম হলো",non-violence,0
"নিউমার্কেটের ব্যবসায়ীরা খুবই বাজে ব্যবহার করে ক্রেতাদের সাথে। তারা ক্রেতাদেরকে মানুষ মনে করেনা। ১০০টাকার পণ্য ১০০০টাকা চাইবে। আবার পণ্যের দাম কম বললে তারা খুব খারাপ ব্যবহার করে, পারলে গায়ে হাত উঠায়।",non-violence,0
ভাল থাক বোন দোয়া করি ।,non-violence,0
ছাত্র লিগ ছাড়া এরকম জঘন্য কাজ আর কেউ করতে পারে না।ছাত্র লিগের গুন্ডারা ছাড়া কোনো সাধারণ মানুষের দারা একজনকে কুপিয়ে হত্যা করা সম্ভব না,passive violence,1
গজব পড়েনা কেন এসব সরকারের উপর??,passive violence,1
ছাত্ররা অ্যাম্বুলেন্স সুন্দর করে ছেড়ে দিচ্ছে আপনার রিপোটার দেখায়তেছে। আপনি বললেন ছাত্ররা ভাঙতেছে।,non-violence,0
মানুষ মারে ওরা আল্লাহ এর তো বিচার করার কোনো অধিকার নাইএসব জঙ্গি গুলা মানসিক রোগের শিকারধর্ম এর নামে বাড়াবাড়ি,non-violence,0
ভাই এটাই বা়ংলাদেশ,non-violence,0
শুধু নিউমার্কেটের ব্যবসায়ীরাও এমন না। অন্যান্য মার্কেটেও ব্যবসায়ীরা এমন বাজে ব্যবহার করে ক্রেতাদের সাথে।,non-violence,0
একহাতে কোনদিন তালি বাজে না তোমাদের ও দোষ আছে,passive violence,1
যে আমার নবিরে গালি দে তার এভাবে মারা উচিত,direct violence,2
বাংলাদেশে সংখ্যালঘুদের কোন ধর্মীয় অনুভূতি থাকার অধিকার নেই। অধিকার আছে শুরু হীন স্বার্থঅন্বেষিদের বলি হওয়ার।,non-violence,0
সব কুকুরের বাচ্চারা আওয়ামী লীগের দালাল গিরি করে...পুলিশ বলো সাংবাদিক বলো সাবাই এক কুয়ালিটির..আরো তো আছে ওদের কথা তো নাই বল্লাম..??,passive violence,1
"ভাই,,, কয়েকদিন আগে একটা স্কুলের শিক্ষিকা বেস কয়েকজন ছাত্রীদের পিটিয়েছে, হিজাব পরার জন্য,,,, কোনো শিক্ষাপ্রতিষ্ঠানের প্রতিবাদ করতে দেখলাম না!",non-violence,0
দেশ টা কি মগের মুল্লুক পাইছো কুত্তার বাচ্চারা।যেদিন তোদের পতন হবে সেদিন কি হবে। একবার চিন্তা করে দেখিস,passive violence,1
আমরা ভারতীয় মুসলিম রা অধিকার আদায়ে একাই যথেষ্ট।বাংলাদেশের ভাইদের কাছে দোয়ার আবেদন,non-violence,0
এতো বাজে ব্যবহার যা ভাষাই প্রকাশ করা যাই না।,non-violence,0
আপনারা টাকাগুলা হালাল করে খান সাংবাদিক ভাইয়েরা ও বোনেরা। আপনারা একদিন মারা যাবেন,non-violence,0
"ভাই তোরা কেন মারামারি করচ,পড়া লিখা করে নিজেকে তৈরি কর,তোর মা-বাবা চেয়ে আছে তোদের দিকে, এসব লীগ দূরে পালা, বন্ধু",non-violence,0
আঃলীগ নেতাদের তথ্য সব মিথ্যা মিডিয়ার তথ্য ও অনেকটা মিথ্যা ঘঠনা কিন্ত আঃলীগ ২ নেতার কারনে,passive violence,1
"জারজ সন্তানদের পূজা বন্ধ করা হোক,নাহলে আগুন দিয়ে পুরিয়ে দেয়া হোক",direct violence,2
ছাত্রলীগ রাজনৈতিক কুকুর গুলো কামরাকামরি করে। রাজনৈতিক বন্ধ করে দেওয়া হোক।,direct violence,2
ওরে ধরে মেরে ফেলেন এমন শয়তান পৃথিবীকে খুব অল্প সময়ে ধ্বংস করে দিবে।,direct violence,2
এমন সিদ্ধান্ত ভারতীয় দের কে বর্তমানে আধুনিক প্রযুক্তির বিশ্বের সবচেয়ে বাজে জাতী হিসেবে প্রমাণ করে ভারতীয় হিন্দু সম্প্রদায়ের লোক,passive violence,1
সকল মুসলমানদের প্রতি আহবান যুদ্ধের জন্য প্রস্তুতি নিন সময় খুব কম।,direct violence,2
সালা দালাল,passive violence,1
ধন্যবাদ আইডিয়াল কলেজ। ফ্রম তিতুমীর কলেজ,non-violence,0
নির্বাচন বন্ধ করা হোক যে যার মতো চলাফেরা করুক চেয়ারম্যান মেম্বার এগুলো আমাদের কাজে আসে না সব সুদু গুষের আসায় বসে থাকে সরকার পারলে দেশ চালাইবো না পারলে তালেবান এসে দেশ চালাইবো,passive violence,1
দোকানদার যদি বলত ভাই টাকা দেন তাহলে দোকানদারের ব্যবহার খারাপ নিউমার্কেটের দোকানদাররা খারাপ ব্যবহার করে,non-violence,0
দেশের ভোটা/ ভোটি একেবারে ধ্বংস হয়ে গেছে। দেশের বুদ্বিজিবিরা কি করেন? এভাবে একটা দেশ চলতে পারেনা। আসলে সাধারন মানুষের কষ্ট ঐ বড় লোকেরা বুঝে না। ধিক্কার এমন দেশের প্রসাসনকে।,non-violence,0
সিসি টিভির ফুটেজে বাস্তবের কনো মিল নেই নাটোকের ভিতরে নাটক চলছে এই বিচার ধামা চাপা পড়ে জাবে,passive violence,1
"বিশ্ববিদ্যালয়ে ছাত্রছাত্রীরা পড়াশুনা করতে যায় নাকি রাজনীতি করতে যায় তাই চিন্তার বিষয়🤔🤔🤔🤔এই যদি হয় শিক্ষিত মানুষের অবস্থা হাতাহাতি, কাটাকাটি,মারামারি তাহলে বলতে হয় এদের চেয়ে অশিক্ষিত সাধারণ মানুষ অনেক ভাল।",non-violence,0
হিজাবেই নারীর সৌন্দর্য ফুটে ওঠে,non-violence,0
বিশ্বজিৎ এর ঘটনার পরথেকেই সবাই জানে মামলার বিচার কেমন হয়,non-violence,0
আবরার হত্যার বিচার হবে কবে??,non-violence,0
মার্কেট ১ মাসের জন্য বন্ধ ঘোষণা করা হোক,direct violence,2
আওয়ামী লীগ হইছে মিথ্যা কথার মেশিন এমন এক সময় আসবে আওয়ামী লীগের নাম নিশানা খোঁজে পাওয়া যাবে না,passive violence,1
"কোরআন অবমাননা করা হবে যেখান, প্রতিবাদ হবে সেখানে,তবে এই হামলার জন্য সরকার নিজেই দায়ী,সরকার চেয়েছিলো এমন কিছু ঘটুক, তাতে দ্রব্যমূল্য বৃদ্ধি তে জনমনে যে ক্ষোভ রয়েছে, তা যাতে অন্য দিকে ডাইভার্ট করা যায় ।",passive violence,1
"ছিঃ সব ছাত্র লীগের সদস্য , এদেরকে বিচারের আওতায় আনা হউক । এদের কোন বিচার করবে না , বরতমান সরকারের পুলিশ বাহিনী ।",passive violence,1
মেডাম আপনাকে ধন্যবাদ জানাই।,non-violence,0
আল্লাহ তুমি জালেম দের উপর গজব দাও,direct violence,2
"আল্লাহু আকবার, প্রিয় বোন তোমাকে লাল সালাম।",non-violence,0
"ওই কুলাঙ্গার গুলো কোথায় যারা বলে হেফাজতিরা আবেগী হয়ে এসব করছে ভূল উস্কানি পেয়ে এমন টা করছে এবার ঢাকা কলেজের ছাত্ররা কার উস্কানিতে করলো কোনো মন্তব্য নেই কেনো সেসব,,,,,,,,, দের",passive violence,1
এ ভাবে আন্দোলন করতে হবে,non-violence,0
হিন্দুত্তবাদীদের দালাল মিডিয়া। কোরান অবমাননার নিওজ করেনা,passive violence,1
"আল্লাহু আকবার, আল্লাহ আপনাকে সব বিপদ আপদ থেকে রক্ষা করুক, আমীন 🤲🤲🤲❤️",non-violence,0
আমাদের ভাই এর কিছু হইলে ঢাকা শহর অচল করে দেওয়া হবে। তখন দেখবো পুলিশ কত পারে আর ছাএরা কত পারে,direct violence,2
ভিডিও তে দেখা গেল প্রথমেই নিউমার্কেটের কিছু কর্মচারী আর এক কর্মচারীকে মারপিট করছে এবং তা খুবই সংঘবদ্ধ ভাবে। দেখে মনেহল এবং ভাষ‍্যমতে এটা তাদের নিত‍্যঘটনার মতই। আচ্ছা এই কর্মচারিদের কাছ থেকেই অন‍্যরা কেমন ব‍্যবহার আশা করবে।,non-violence,0
এই ছেলে গুলো চোরের বাচ্চা চোর,passive violence,1
"এই সমস্থ চাঁদাবাজি, মাফিয়া পুলিশের কাছ থেকে আর কি আশা করা যায়।",passive violence,1
তাহলে বুঝেন কারা হিন্দু সম্প্রদায়ের মন্দিরে হামলা চালিয়েছে,non-violence,0
"মুক্তিযুদ্ধের পক্ষের চেতনায় বিশ্বাসী একদল মানুষ হলো ছাত্রলীগ। তারা কখনো মারামারি করতেই পারেনা যমুনা টিভি মিথ্যা খবর প্রচার করছে, তাদের এ সাহস কে দিয়েছে!?",non-violence,0
এই মূহুর্তে ঢাকা কলেজ বন্ধ ঘোষনা করতে হবে,direct violence,2
"মুক্তমনা মানেই কি ইসলাম,মুসমান,রাসূল (সঃ) এর অবমাননা? যদি তাই হয় তাহলে এরকম ঘটনার লাগাম টেনে ধরা সম্ভব না।আপনি ধর্ম মানুন না মানুন ,তাতে আমার কিছু যায় আসে না ।আমি এ ব্যাপারে আপনাকে বিছুই বলব না কিন্তু আপনি যদি আমার ধর্মানুভূতিতে আঘাত হানেন তাহলে নিশ্চয় আমি বসে থাকবনা। তাই যার যার ধর্ম তার তার কাছ , এটা মেনে নিয়ে আপনি ধর্ম না মানলেও অপরের ধর্মীয় ভাবকে যথাযথ সম্মান করুন।",non-violence,0
মাফিয়ার আমলে আবার কোন বালের বাক স্বাধীনতা দেখলো মাদারিরা 😂😂,passive violence,1
"ধর্মীয় স্থানে যেভাবে হামলা করা হলো, এটা একটা কাপুরুষের পরিচয় দিলো",non-violence,0
এসব মুসলিমদের জেনারেল শিক্ষা মানায় না। তাদের জন্য মাদ্রাসা শিক্ষাই মানানসই।তাদের জেনারেল শিক্ষা বর্জন করে শুধু ধর্মীয় শিক্ষাই গ্রহণ করা উচিত। যদি স্কুল ইউনিফর্ম অন্য ধর্মাবলম্বীদের মানতে অসুবিধা না হয় তাহলে সৌদি ধর্মের অনুসারীদের মানতে কেন সমস্যা হচ্ছে? জেনারেল শিক্ষার সাথে কোনো ধর্মের সম্পর্ক থাকা বেমানান। যারা হাইকোর্টের আদেশ মানবে না সে যেই ধর্মেরই হোক তার স্কুল কলেজ ভার্সিটিতে যাওয়ার দরকার নেই।,direct violence,2
মূল আসামি তো বাইরে।যে দেশে কাউকে খুন করার পর আসামির জেল হয় পরে দেখা যায় খুন কৃত ব্যক্তি ফিরে আসে। রিমান্ডে কি হয় জানা আছে সবারই,non-violence,0
"ভালো হয়েছে শালা কিছু ব্যবসায়ি আছে দোকানে গেলে অনেক ভাব লই,,তাদের ব্যবহার এতুই খারাপ যা বলার মত না, ধন্যবাদ শিহ্মাত্রিরা আছি তোমাদের সাপোটে",passive violence,1
এখান থেকে আমাদের মুসলিম বোনদের শিক্ষা নেওয়া উচিত,non-violence,0
যাদের গ্রেফতার করা হয়েছে তারা নিচ্ছয় মুসলমান ??,non-violence,0
আল্লাহ্ আপনি আমাদের মুসলমান ভাই বোন দের কে হেফাজত করুন,non-violence,0
উগ্র হিন্দুদের হিজাবের বিরোধিতা উগ্র মুসলিমদের জিন্স টি শার্ট বিরোধিতার মত একইরকম উগ্রবাদিতা। তবে এটাও বুঝতে হবে হিজাব পরতে চাওয়ার মত হিজাব না পরতে চাওয়াটাও ব্যক্তি স্বাধীনতা। আসলে উগ্র ধর্মান্ধরা অন্যের ব্যক্তি স্বাধীনতাকে কোনকালেই সম্মান করা শিখেনি।,non-violence,0
ধন্যবাদ পিয়ান্কা গান্ধী,non-violence,0
সব কিছু ঠিকঠাক আছে ভাই,non-violence,0
আল হামদুলিল্লাহ্...প্রিয় ভিউয়ার্স আপনাদের ভালবাসায় ইসলামিক চ্যানেলটি এগিয়ে যাচ্ছে।আপনাদের একান্ত সাপোর্ট ও আল্লাহর রহমত নিয়ে অনেক দূর এগিয়ে যাবো ইনশা আল্লাহ্🌹🌹🌹🌴🌴🌴,non-violence,0
হায়রে দেশ ছাত্র বলে সাত খুন মাপ,non-violence,0
রিপোর্টার ভাই আপনাকে বলছি পরদা তে থাকা মেয়েদের ভালো না বেপর্দা তে থাকা ভালো আপনি বলেন কলকাতাবাসী আপনারা আমার এই লেখাটাকে বুঝতে চেষ্টা করবেন ভারতের হিন্দুদের বলছি হিন্দু হোক মুসলমান হোক পরদা তে থাকা আমার মনে হয় খারাপ না,non-violence,0
এগুলো মিথ্যা নিউজ।নিউমার্কেটের অসত দোকানদারদেরকে পিটাও।মারো মাদারচোদ ব্যবসায়ীদের।,direct violence,2
নিউ মার্কেটের ব্যবসায়ীরা কুকুরের মত ব্যাবহার করে। ওরা ছাত্রদের মারলো। পূলিশ ওদের সাথে মিলে ছাত্রদের হামলা করলো। ছিঃ,passive violence,1
ইসলামের সঠিক শিক্ষার অভাব অল্প শিক্ষার ফল এটা ইসলাম কোন সময় এইসব সমর্থন করেনা।কোন মুসলিম এমন করতে পারে না,non-violence,0
"পুলিশ গুলি করতে কি ভয় পায়, শিবিরের বিষয়ে হলে তো তখন আর ভয় পায় না।",passive violence,1
দূর্গা পুজায় হুনুমান কেনো এটা আগে তদন্ত করুন তাহলেই সব বেরিয়ে আসবে,non-violence,0
"বাহ দারুন বিচার,,, আবরার (মানুষ) হত্যার বিচার হয়না,, কুকুর (অভিজিত) হত্যার বিচার হয়,, হায়রে দেশের আইন",direct violence,2
৫ সদস্য বিশিষ্ট তদন্ত কমিটি গঠনের জোর দাবি জানাচ্ছি 😃,non-violence,0
"এই রকম নিউজ আশা করিনি,,,,,,",non-violence,0
শুধু করস ফায়ার দেন তাতেই আশা করি সব কিছু ঠিক হয়ে যাবে।,direct violence,2
আওয়ামিগের দালাল সময় টিবি,passive violence,1
"যদি শিক্ষা প্রতিষ্ঠানে নির্দিষ্ট পোশাক বিধি চালু থাকে। তাহলে পোশাক বিধি মেনেই সকল ছাত্রছাত্রীকে স্কুলে ও কলেজে আসতে হবে।(হিজাব বা বোরকা পরলেই সে খুব ধার্মিক চরিত্রবান, সেটা নাও হতে পারে, ধর্মের মূলনীতি ধৈর্য ও সহনশীল)।",non-violence,0
শয়তান মেরে হাসবে না তো কাঁদবে!!,passive violence,1
এটা গণতন্ত্র চলছে না ভাই প্রজাতন্ত্র চলছে।।,non-violence,0
প্রকৃত অপরাধী সে যে ব্যক্তি হোকনা কেন মুসলিম /হিন্দু বা অন্য কোন ধর্মের তাকে আইনের আওতায় এনে উপযুক্ত শাস্তি দিন। আমি একজন মুসলিম হিসেবে এই দাবি জানাচ্ছি । যাতে করে এমন কাজ আর কেউই দ্বিতীয়বার করার সাহস না পায়। ধন্যবাদ বাংলাদেশের প্রশাসনকে।,non-violence,0
হল বন্ধ হলে হয়তো ভালো হবে বিষিংখলা থেকে দুই পখ্যর জন্য ভালো হবে,non-violence,0
"কোরআন প্রেমীদের ওপরে, যে হামলা হয়েছে তার তীব্র নিন্দা প্রতিবাদ জানাচ্ছি, ঐ সকল নেতা নামে শয়তান দের উপর আল্লাহর লানত বর্ষিত হোক,",direct violence,2
রক্ত দিয়েছি রক্ত আরও দিবো তবুও নিউমার্কেটের ব্যাবসাইক দের মাথা ফাটিয়ে ছাড়বো ইনশা আল্লাহ 😐😋,direct violence,2
এই বাংলাদেশের মানুষ শোন এরা বাংলাদেশের পুলিশ না এরা ইন্ডিয়ার জারজ মুদির ইন্ডিয়ার জারজ পুলিশ এদেরকে মেরে ফেলা হোক,direct violence,2
ভালো দাবি রেখেছেন ভাই,non-violence,0
"ভাই রে ধর্মের দোষ নেই, মানুষেরাই অন্যায়, অপরাধ, হিংসা, সংঘাতের জন্য দায়ী।।",non-violence,0
"বিবিসি নিউজ কর্তৃপক্ষের কাছে প্রশ্ন , অন্যান্য টিউজ পুর্টাল যেখানে মুখে বলে বিবিসি সেখানে লিখে প্রকাশ করে কেন? আমরা যারা শিক্ষিত, তারা না হয় পড়ে নিলাম। কিন্তু যারা অক্ষর জ্ঞানহীন তারা আন্তর্জাতিক মানের এই বিবিসি নিউজ শোনা থেকে বঞ্চিত হবে কেন? আশা করি উত্তর পাব।",non-violence,0
হে আল্লাহ ভারতের সমস্ত মুসলিম নারী ও পুরুষকে ইসলামের শত্রুদের হাত থেকে রক্ষা কর। আল্লাহ হুমা আমিন।,non-violence,0
আর কত ষড়যন্ত্রের শিকার হবে সনাতন সম্প্রদায়? মুসলিম ভাইয়েরা আপনারা কোন কিছু যাচাই না করে যে আমাদের মন্দির আমাদের বাড়ি ঘর ভাঙচুর করছেন লুটপাট করছেন আপনাদের বিবেক কোথায়? এর আগেও এরকম ষড়যন্ত্র হয়েছে সেটা থেকে আপনাদের শিক্ষা নেওয়া উচিত ছিল।,non-violence,0
হয়ত আমি রাজনীতি করিনা তার পরেও বলি ভাই কারা অপরাজনীতি করেনা বর্তমানে,non-violence,0
"হিন্দুদের আক্রমণ এবং পূজা বন্ধ করার উদ্দেশ্যে এই কাজ কিছু উগ্রবাদী মুসলিমরা করছে, এতে কোনো সন্দেহ নাই। একজন হিন্দু কখনো কোরান শরীফ নিয়ে তার মন্দিরে রাখবে না।",non-violence,0
"এটাই ভাবছিলাম গতকাল সংবাদ শোনার পর, পরিস্থিতি সামলাতে কলেজ বন্ধ করে দিবে নিশ্চিত",non-violence,0
কয়টা কুকুর মারা গেল??,non-violence,0
যত বেশি আটক করুন। মামলাগুলো হাজার বছর ঝুলিয়ে রাখুন।,non-violence,0
এগুলা সব হিন্দুরা নিজেরাই করছে ইচ্ছা করে দেশের ভাবমূর্তি সবার সামনে নষ্ট করার জন্য।মুসলমানা সারাজীবনে কোনদিনও তাদের পুজা করতে বাধা দেয়নি।তারাই পূজা মন্ডপে পবিত্র ধর্মগ্রন্থ কোরআন কে নিয়ে টানা হেচড়া করে দাঙ্গা সৃষ্টি করে এখন তারাই আবার সাধু সাজার চেষ্টা করছে।,passive violence,1
মুসলিম জঙ্গিদের হাতিয়ার আল্লাহাকবর ! মুস্লিম্ন রা ভিক্ষা করতে আর জঙ্গিরা মানুষের গলা কাটতে এই শব্দের ব্যবহার করে ! ভারতের উচিত এই সকল জঙ্গিদের পাকিস্তান বা আফগান পাঠিয়ে দেওয়া ! বিশ্বের সবচে বড় গণতান্ত্রিক দেশে কি করে কিছু জঙ্গি এখনো টিকে থাকে সেটাই প্রশ্ন !,direct violence,2
ওবায়দুল কাদের কাকে আপনার শাস্তি দিবেন বলেছেন পূজা মন্ডলে যারা কোরআন রেখেছে তাদেরকে না যারা আন্দোলন করেছে তাদেরকে আইনের আলতায় আনবেন বুঝাইয়া বলেন,non-violence,0
আচ্ছা ইকবালের বাড়িতে এখন হামলা হচ্ছে না কেন 🤔🙄🤔🤔🤔,non-violence,0
কোরআনকে অবমাননা করা হয়েছে সেটা ওরা বোলবে না।,non-violence,0
বাংলাদেশের রাজাকার হল।পুলিশ,passive violence,1
সকল ছাএ ছাএিরা মিলে নিউমার্কেটের কুলাঙারদের পিটিয়ে শিক্ষা দেয়া উচিত,direct violence,2
দালাল মিডিয়া তোর গালে কুত্তা দিয়ে মুতামু।৭১টিবির মতে।রেডি থাক।,passive violence,1
"আইডিয়াল কলেজের সাবেক ছাত্র হিসেবে আমি আনন্দিত, ছাত্রদের যৌক্তিক আন্দোলনের সংহতি প্রদানের জন্যে।",non-violence,0
বাহ বাহ কি সুন্দর নির্বাচন 👿👿লজ্জা থাকার দরকার নির্বাচন কমিশনের👿👿👿👿👿,non-violence,0
বাট এইটা সত্যি তাদের বিহেভিয়ার অনেক বাজে!!আমি নিজেই ভুক্তভোগী!,non-violence,0
যারা মারা গেছে তাদের কে নিয়ে কিছু ১টা নিউজ করেন,non-violence,0
এগুলো মেয়েদের গ্যাডজেয়ান নাই নাকি রাস্তার মেয়ে। আমাদের বাবা ভাই আমাদেরকে এরকম শিক্ষা দেয় নাই আলহামদুলিল্লাহ,passive violence,1
"হেলমেট বাহিনীর আবিষ্কার দাতা, পরিচালকবৃন্দ, পূর্ব থেকে কারা হেলমেট বাহিনী তৈরি করছে, জনগণ তা পরিষ্কার ভাবে জানেন, এখানে আলোচনা চিন্তা ভাবনার কিছুই নেই,",passive violence,1
"ভাল হয়ে যাও মাসুদ,আমি তোমাকে অনেক সময় দিয়াছি",non-violence,0
নিশ্চয়ই আল্লাহ সর্বশ্রেষ্ঠ বিচারক । কেউ না দেখলেও আল্লাহ ঠিকই দেখেন। আল্লাহ এইটার বিচার করবেন।,non-violence,0
তাহলে বিএনপি নেতা আটক হলো কেনো 😡😡,non-violence,0
সব চোর একসাথে,passive violence,1
আরে মদন রাজনীতিবিদেরা হরতাল দিলে মানুষের প্রতিবন্ধকতা সৃষ্টি হবে মানুষ কষ্ট পাবে এটা আপনাদের মাথার মধ্যে নাই।,non-violence,0
"ঠিক, আমাদের দেশের শিক্ষার্থীরা রাজপথে মিছিল বের করাত নাম্বার ওয়ান।",non-violence,0
শুধু ইকবাল হোসেন কে গ্রেপ্তার করে উপযুক্ত শাস্তি দিলেই হবে না বাংলাদেশের সমস্ত হিন্দু সম্প্রদায় যত ক্ষয়ক্ষতি হয়েছে সব পূরণ করতে হবে,non-violence,0
"আমাদের পাপ মোচন কর, আমাদেরকে ক্ষমা কর, আমাদের প্রতি দয়া কর, তুমিই আমাদের অভিভাবক। সুতরাং কাফির সম্প্রদায়ের বিরুদ্ধে আমাদেরকে সাহায্য কর।&#39;",non-violence,0
ইনশাআল্লাহ। আল্লাহ এর বিচার করবেন। এবং কঠিন ভাবে করবেন।,non-violence,0
ভাই ইন্ডিপেন্ডেন্ট নিউজ চ্যানেল থেকে এই সমস্ত নিউজ আশা করা যায় না যা সত্য হয়েছে তাই বলুন বারবার খালি বলতেছেন হেফাজতের তাণ্ডব হেফাজতের তাণ্ডব চারিদিকে জিন আওয়ামী লীগ যুবলীগ শিলং এর পর আমাদের ভাইদের কে শহীদ করেছে এ নিয়ে কোন কথা নাই আশা করি সামনেথেকে নিউজ করলে এগুলো খেয়াল রাখা হবে না হলে ওই 71 টিভির মতো আপনাদেরকে বয়কট করা হবে,direct violence,2
অসাধারণ নির্বাচনবিশ্ব দেখুক কি সুন্দর নির্বাচন,non-violence,0
"অভিনয়টাতে অনেক খুত আছে , আরেকটো ভাল করা যেত যেহেতু যথেষ্ট সময় নিয়ে করা হয়েছে",non-violence,0
তোরা তো দেখি নম্বর ওয়ান দালাল।,passive violence,1
আহারে এতো মিথ্যা কিভাবে সম্ভব।,passive violence,1
আজকে মনে হয় এই দেশে জন্ম নেটাই মনে হয় বিসাল পাপ।।,non-violence,0
সাধারন একজন মানুষ মারা গেলো এরা কিছু বল্লনা আমি তো দেখছি এরাই শন্ত্রাস,passive violence,1
"যমুনা টিভি বয়কট করা উচিত আমাদের। এরাও নিউ মার্কেট ব্যবসায়ীদের মতো আচরণ করে, ভুল তথ্য প্রচার করে এবং একি নিউজ বারবার রিপিট করে। #বয়কট_যমুনা_টিভি",direct violence,2
এই ইকবালের জন্য এত গুলো লোক মারা গেছে তার এবং আমাদের ধর্মের উপর আাঘাত করছে তার জনসমক্ষে ফাঁসি দেওয়া হোক,non-violence,0
সঠিক বিচার চাই আমরা 😠😠😠,non-violence,0
কিছু চোর গ্রাম থেকে এসে ঢাকা কলেজে ভর্তি হয়ে এসব করছ,passive violence,1
এখন তো কাউকে কোরান অবমাননার বিচার দাবি চাইতে দেখছি না।।।,non-violence,0
কাহিনি হচ্ছে পুলিশলীগ আর ছাত্রলীগ মিলে ছাত্রদলদের উপর হামলা চালিয়েছে।।,passive violence,1
আমার কমেন্টে এসে কেউ বাজে রিপ্লাই দিবেন না প্লিজ। অন্য কোন ধর্মকে অপমান করার উদ্দেশ্যে কমেন্ট করিনি জাস্ট যুক্তিটা দেখালাম।,non-violence,0
দোকানে আগুন জ্বালিয়ে দেওয়া উচিৎ,direct violence,2
"যারা খারাপ ধরনের কথা উপস্থাপন করে সমাজের মাঝে বিশৃঙ্খলা সৃষ্টি করে তারা উগ্রবাদ না তারা জঙ্গী না, সাংবাদিকদের চোখে সরকারের চোখে তারা সোনার ছেলে।সোনার চামচ মুখে নিয়ে বসে থাকেন।",non-violence,0
"সরকারকে বলব এই ঘঠনা ঘটার পর যেসব সাচ্চা মোসলমান ধর্ম ব্যবসায়ি এবং কিছু উগ্র ইউটিউব চ্যানেল সামাজিক যোগাযোগ মাধ্যম ব্যবহার করে উগ্রতা ছড়িয়েছে তাদের কে আইনের আওতায় আনা হোক। যাদের বিবেগ বুদ্ধি এবং বুঝার ক্ষমতা নেই তাদের সমাজে থাকার অধিকার নেই, তারা ভবিষ্যতে ও এমন ঘঠনা ঘটাতে পারে। যদিও কয়েকদিন ধরে সামাজিক যোগাযোগ মাধ্যমে তাদের আর দেখা যায় না, এবং ফেসবুক টাকে সান্ত রাখছে।",non-violence,0
দালাল মিডিয়া৷,passive violence,1
আলহামদুলিল্লাহ লীক মারা যাচ্ছে বেশি,passive violence,1
ওপর মারা দুধ বের করে ইস্কুলে আসতো।,passive violence,1
নিরাপরাধ মানুষ হত্যা জিয়াদ নয় বরং মানবজাতিকে হত্যা করা,non-violence,0
ধ্বংস হোক নাস্তিক দের,direct violence,2
তোরাও দেখি ব্যাবসায়ীদের দালাল...🤬,passive violence,1
কোরঅান যে রাখল তার বিচার কই??,non-violence,0
ছাত্র রাজনীতি বন্ধ করতে হবে,direct violence,2
"নিরপেক্ষ দৃষ্টিভঙ্গি গোচর কাম্য,কোন রাজনৈতিক নয় আমার একটি প্রশ্ন?মাদ্রাসায় যদি কোন মেয়ে জিন্স টপ পড়ে দাখিল হয় সে ক্ষেত্রে আপনার মতামত কি??",non-violence,0
বি এন পির সমাবেশে আওয়ামী লীগের কি এখানে এর জবাব কে দিবে এটার দায় দিতে হবে একদিন সরকারকে,non-violence,0
এইটা সন্দেহ ছিল। এই কাজ টা তাহলে সরকার করেছে হয়তো।আমার কাছে মনে হচ্ছিল কেউ কোরআন কে ঐ খানে ষড়যন্ত্র করে রেখেছে। যেটা বিএনপি তো ঘুমে ও চিন্তা করতে পারবেনা।সুতরাং কে করতে পারে এ টা কিছু টা ক্লিয়ার হচ্ছে,non-violence,0
"গ্রাম গঞ্জ দেখেন,,,ভাই,,,আপনার খাবার আপনে খাবেন আমার খাবার আমি খাবো আপনার হিসাব আপনে দিবেন আমার হিসাব আমি,,,দিবো তাহলে হিজাব পড়লে সমস্যা কোথায় বলেন,,আপনে,,,ও,,,এক,,মানুষ, আমি,,ও এক,,জন মানুষ,,",non-violence,0
মানুষদের ভোগান্তি দিয়ে অবরোধ এরা দেশের জংলি এদেরকে আইনি ব্যবস্থা নেওয়া হোক,non-violence,0
"ভাই, বিষয়টা খারাপভাবে না নিলে বলি, আপনাদের খবরের হেডলাইন লেখায় বানানে ভুল হয়।",non-violence,0
পুলিশের গুলি বিদ্ধ হয়ে যে কয়েক জন মারা গেছে তাদের সংবাদ তো বলেন নি।,non-violence,0
মাদারচোদ বাচ্চা কি করে কুপিয়ে মারা হোক,direct violence,2
একটা কমেন্ট রেখে গেলাম একজন বললো ধর্ম যার যার উৎসব সবারতারপর কাদের সাহেব বলেছেন তাদের সবাই কে শাস্তির আওতায় আনা হবেআমি এমন একটি দিন দেখবো যেদিন আল্লাহ্ আপনাদের খুব কঠিন পরিস্থিতির মধ্য আপনাদের ফেলবে শেষ জীবন টা আপনাদের হয়তোবা অনেক কষ্টে কাটবে এটা অভিশাপ না এটা হয়তোবা আল্লাহ্ বিচার করবেন আপনাদের সেই দিনটার অপেক্ষায় রইলাম কমেন্ট রেখে গেলাম,non-violence,0
বয়কট করা হউক নিউমার্কেট,direct violence,2
হায় রে পাগল..... যাকে খুজতে এক শহর থেকে আরেক শহরে যাইতে হয়...... এসব পাগল টাগল বাদ দেন..... ওরে রিমাইন্ডে নেন... পরিশেষে যাদের নাম বেড়িয়ে আসবে তাদের সবাই কে ক্রস ফায়ার দেন...,direct violence,2
ছাত্রদের নামে লীগের চাদাবাজি বন্ধ কর।,non-violence,0
আমার একটা প্রশ্ন বাংলাদেশের সব মজিদ এশার নামাজের পরে বন্ধ থাকে ফজরের আজানের সময় মজিদ খোলা হয় নাটকের অভিনয় টা ঠিক মত সাজাতে পারে নাই,passive violence,1
আমার কাছে কারো গুরুত্বই কম নয়। ব্যবসায়ীদের গুরুত্ব ও কম নয়। ছাত্রদের গুরুত্ব ও কম নয়। মনে রাখতে হবে আমাদের আগামী দিনের ভবিষ্যৎ এই ছাত্ররাই। আর ছাত্রদেরকে বলি ব্যবসায়ীরা তোমাদের অভিভাবক আর অভিভাবকের আয়-রোজগার যদি বন্ধ হয়ে যায় তোমাদের ছাত্রত্ব থাকবে না তোমাদের পেটে ভাত থাকবেনা পরনে পোশাক থাকবে না অতএব ব্যবসায়ীদের প্রতি সম্মান সূচক আচরণ করো। তোমাদের ছাত্রদের মধ্যে একটু আবেগ কাজ করে বেশি এটাই স্বাভাবিক। তাই আবেগ নয় বিবেক দিয়ে পথ চলো,non-violence,0
হলরুম বন্ধ করে কোন লাভ নেই।রুম থেকে বের হয়ে রাজপথে নেমে আসবে 😅,non-violence,0
এখন পুলিশ কোথায় আঙুল চুষে নাকি / ভিনজির সাহেব এখন গুলি চলে না কেন ? এখন যদি হেফাজতে ইসলাম অথবা বি এনপি জামায়াত ইসলাম হতো কয়েকজন কে হত্যা করত ।,direct violence,2
ভাল,non-violence,0
এই গল্প এখন আর চলবে না ভাই। যে অপরাধ করে আর যে অপরাধীকে বাঁচায় তারা দুই জনই সমান অপরাধী। পাচ ওয়াক্ত নামাজ কায়েম করলেই মুমিন হওয়া যায় না।,non-violence,0
"তোদের যা মত প্রকাশ করতে ইচ্ছে হয় তাই কর কোনো বাধা নেই,কিন্তু ইসলাম নিয়ে যদি কোনো কটুক্তি করে মত প্রকাশ করে তাহলে তাদের রাস্তায় কুপিয়ে হত্যা করা হবে।",direct violence,2
"হরতালের নামে দেশে কোন অরাজকতা সৃষ্টি করতে চাইলে ,তা কঠোর হাতে দমন করা হবে।",direct violence,2
বাংলাদেশে কি মুসলিম নামের কুত্তা গুলো খুশি হচ্ছে।এই ভিডিও দেখে।,passive violence,1
ছাত্রদের মর্যাদা অক্ষুণ্ণ রাখা হোক দাবি বাস্তবায়ন করে।,non-violence,0
"ভাই চালিয়ে জাও,মালুদের পাচায় বাঁশ দেও",direct violence,2
মানুষ হত্যা মহাপাপ সে মানুষ হতে পারে না,non-violence,0
বাংলাদেশ পুলিশ যদি নিরপেক্ষ ভূমিকা পালন করে তাহলে কোন সমস্যাই সমস্যা হিসাবে থাকেনা সমাধানের দিকে আগানো সম্ভব,non-violence,0
দেশটা চোর বাটপারদের হাতে চলে গেছে,passive violence,1
"এইরকম কাজ দাঙ্গা বাজদের বিভেদ সৃষ্টি করতে চায় এরা,এদের কোন জাত নেই এরা শয়তান,এদের থেকে দূরে থাকুন ।ধন্যবাদ সবাইকে ভালো থাকুন ।",passive violence,1
ভারতের উপর আললাহ গজব পরুক।,direct violence,2
"বুধবারের ঘটনা আর আপনারা প্রচার করছেন আজকে, কেন কুমিল্লাতে কি আপনাদের কোনো সাংবাদিক নেই? যার কারণে এত দেরি করে রিপোর্ট করলেন?সরকারের দালালি বন্ধ করেন বুঝলেন,জনগণ সব বুঝে কর ইশারায় এখন এই সংবাদ প্রচার করছেন...!",passive violence,1
"স্বরাষ্ট্রমন্ত্রী আসলে একটা পাগল, স্পষ্ট দেখা যাচ্ছে ওই ব্যক্তির কাঁদে মুগুরের মতো কিছু একটা আছে । কোরআন তো কাদে করে নেওয়ার কথা নয়।",passive violence,1
"ভিডিও দেখে স্পষ্ট মনে হচেছ, চুলের ঝুটিওয়ালা বাপ্পি ছেলেটা ঘটনার মূল হোতা। প্রাথমিক মিমাংসা হওয়ার পরেও সে নিজের ক্ষমতা দেখানোর জন্য ছাত্রদের খবর দিয়ে নিয়ে আসে। আর চিহ্নিত ছাত্রদের ছাত্রত্ব বাতিলসহ কঠোর শাস্তি নিশ্চিত করলে সঠিক বিচার হবে।",passive violence,1
"মাদ্রাসার ছাত্র হলে , বলতো এরা আই এস, রাজাকার, মৌলোবাদি, জি এম বি, ধর্ম বিরোধী।",non-violence,0
এই রায় হল নিজের নাক কেটে পরের যাত্রা ভঙ্গের রায়!!! হা হা হা....🤣😂😆,non-violence,0
প্রোজনে পড়া শোনা বন্ধ করে দিবেন।তবুও ইহুদীদের কাছে মাথানত করবেন না আল্লাহ্ মুসলিম নারীদের হেফাজত করুণ।,non-violence,0
আল্লাহ্ তোদের রহম করুক নাইলে গজব ফেলুক মুর্খ মহিলা।,direct violence,2
আহ কি সুন্দর সংবাদ ভালো লাগিল।,non-violence,0
জঙ্গি মালাউন টেকনোলজির প্রধান মোদির স্ত্রী হাসিনা ধ্বংস হোক।,direct violence,2
পহেলা বৈশাখের তিন ধাপের নিরাপত্তা কোথায়?,non-violence,0
"স্বাধীন মত প্রকাশ কি ! এইটার অর্থ বুঝে তারা ? যদি বঙ্গবন্ধু কে নিয়ে কথা বলি,তাহলে সেইটা হয় সম্মানহানি, কিন্তু মুহাম্মদ (সাঃ) কে নিয়ে কথা বললে,সেইটা হয় স্বাধীন মত প্রকাশ । বাহ !",non-violence,0
"এই হেলমেট বাহীনি সম্পর্কে ছাত্রলীগ কে প্রশ্ন করা যেতে পারে কারন ওরাই ভালো জানে এদের সম্পর্কে।আর আফসুস এই শিক্ষক দের প্রতি তাদের পুরো শিক্ষা জীবনটাই বৃথা,,,😪",passive violence,1
পুলিশ ফাজলামি করছে কেনো । জনতা আপনিরা লাঠি না মেরে জুতা মারুন ।,direct violence,2
বিশ্বযিদ হত্যা কান্ড করেছিলো কুত্তালীগের কুত্তার বাচ্চারা ওরা কি ফাঁসীর কাঠগড়ায় দাড়াবে?না হারিস আনিস জোসেফের মতো খালাস!!!???,passive violence,1
বাংলাদেশ থেকে ছাত্র রাজনীতি বন্ধ করা হোক,direct violence,2
শিক্ষা প্রতিষ্ঠান গুলোকে শেষ করেছে এ রাজনীতি,non-violence,0
হলুদ সাংবাদিকদের সঠিক পথে নিয়ে আসার জন্য একট আধটু ধোলাই দেয়া দরকার।,direct violence,2
শুধু শুধুই ব্যবসায়ীরা ছাত্রদের উপর হামলা করেনি এখন প্রমাণ পাইছেন,passive violence,1
দেশবাসী ভাল করেই জানে কে উস্কানীমূলক জঘন্য কর্মকান্ড করেছে,non-violence,0
ইকবাল কে সাজানো হয়েছে টাকা দিয়ে আসোল হোতা আওয়ামীলীগ এর কোনো নেতা কর্মী। এক আগে যত সাম্প্রদায়িক হামলা হয়েছে সব ই আওয়ামীলীগ জড়িত ছিল??,passive violence,1
১ টাও ছাত্র ভাইয়ের গায়ে যেনো কোনো আঘাত না আসেসরকার আর প্রসাসন জেনো ভেবে চিন্তা করে ডিসিশন নেয়,non-violence,0
হিন্দুদের এই আচরণ থেকে শিক্ষা নেওয়া উচিত।,direct violence,2
ব্যালট শেষ সকাল দশ টায় !আমি সকাল দশটায় ভোট কেন্দ্রে যাওয়ার পর বলা হল ভোট শেষ হয়ে গেছে। তারপর আমি 999 এ কল দিয়ে সাহায্য চাই । ,non-violence,0
"যেখানে সরাসরি প্রমান হিন্দুরা এটা করেছে।ওসি সাহেব সরাসরি এটার সাক্ষী,, সেখানে এটাকে গুজব বলার কোনো সুযোগ নাই।",passive violence,1
একটা ভুয়া ভিডিও তৈরী করে মানুষের চোখে ধুলো দেওয়া বন্ধ কর,passive violence,1
"নিউমার্কেটের সব দোকান্দার হলো ওরা মেয়ে দেখলে ইপটিজিং করে দেখুন পাসেই কিন্তু ঢাকা কলেজ ওদের কোন ভয় নাই, ভয় থাকবে ক্যান লক্ষ করেন ফুটপাতের কত দোকান কত টাকা ওরা পুলিশকে দৌনিক দিতে হয় এই জন্যে ওদের পক্ষে পুলিশ, আমি বলতে চাই ঢাকা কলেজের ছাত্রোরা অনেক ভালো এত দীন কিছুই বলেনি ওদের ওদের এবার কঠিন সাস্তি হওয়া উচিত",passive violence,1
সাংবাদিক ভাই ইট পাটকেল আগে কারা ছুরছে সেটা না দেখে খবর বলে দিলেন।,non-violence,0
কুত্তা লিগের লোক জন দের মেরে ফেলো,direct violence,2
ভাই ছোট্ট ভাইটার পাশে দাঁড়ান ইসলামিক ভিডিও বানাই।,non-violence,0
আশা করি এই অপরাধীদের দৃষ্টান্তমুলক শাস্তি নিশ্চিত করা হবে।,non-violence,0
ধন্যবাদ বোন তোমাকে কুকুর কুকুরই থেকে যাবে সে কোনদিন ভাঘ হতে পারবেনা আমরা মুসলিম আমাদের সাথে আল্লাহ আছে আর আল্লাহর সাথে কোন সক্তি পারবেনা,passive violence,1
"ছাত্রদের মাঝে থাকা হিংস্রতা এবং বর্বরতার আসল চেহারা এই পবিত্র রমজান মাসে প্রকাশ পেয়ে গেছে। জাহেলী যুগের আরব মুশরিকদের চেয়েও এসব ছাত্র নামক বর্বর পশু গুলোর হিংস্রতা বহুগুণে বেশি। দুঃখ, এসব অমানুষ গুলোই আবার এক সময় বড় বড় সরকারি চাকরি পেয়ে ঘুষ দুর্নীতি করবে।",passive violence,1
এই দালাল মিডিয়া কখনও জনগণের কথা বলে না। তারা সরকারের পক্ষে দালালি করে।,passive violence,1
উগ্রবাদী মুসলমানদের জন্য এ অবস্থা। তদন্ত করে বিচার হবে কিন্তু এত অরাজকতা কেন!,non-violence,0
"আর যারা কোরআন কে অবমাননা করেছে ,,তাদের কি হবে 😓",non-violence,0
করেনায় এখনো শিক্ষা হয় নাই জানোয়ারদের,passive violence,1
ভাই আসল সয়তান আপনি আপনার মতো চিন্তা নিয়ে যেগুলো চলে ওইগুলা এসব করে আপনিতো একজন লাদেন।।। তাই কথা বার্তা ও লাদেনের মতো 😒😒😒শালা জংগি,passive violence,1
"১৫. বিবাহবিচ্ছেদ হালাল, মৃতবৎসা বা কন্যা মাত্রপ্রসবিনীও পরিত্যজ্য। ( অর্থশাস্ত্র ৩/২, মনুসংহিতা ৯/৭২, ৭৬, ৭৭, ৮০, ৮১) ১৬. উঁচু-নিচু বৈষম্য সৃষ্টি হালাল। (গীতা ৪/১৩) ১৭. নিচু বংশ পরিচয়দাতাকে গণিকাপুত্র তথা পাপযোনিজ বলে গালি দেওয়া হালাল। (গীতা ৯/৩২) ১৮. স্বধর্মের নিকৃষ্টতা অন্যধর্মের উৎকৃষ্টতাও থেকেও উত্তম। (গীতা ৩/৩৫) ১৯. অহিন্দুদের ম্লেচ্ছ, যবন বলে কুরুচিপূর্ণ মন্তব্য হালাল। (মহাভারত ৩/১৮৮/৩৪-৩৬) ২০. অহিন্দু বা বেদে বিশ্বাসহীন ব্যক্তিকে যে কোন অনুষ্ঠান থেকে বের করে দেওয়া হালাল। (মনুসংহিতা ২/১১)",passive violence,1
"ব‌্যবসায়ী‌দের আচরণ ভাল না,",non-violence,0
নিউ মার্কেট ও তার আসে পাশের সব বেবসাহী ও কর্মচারী গুলু আসলেই খুব বিকৃত মস্তিষ্কের কাস্টমারদের সাথে সব সময়ই খারাপ আচরণ করে ! এই আন্দোলনের মাদ্ধমে ক্রেতা হয়রানি বন্ধের দাবি জানাচ্ছি,non-violence,0
এক ভারত যেখানে আমাদের বোনেরা শরীর ঢাকতে রিতিমত যুদ্ধ করছে আর এক বাংলাদেশ যেখানে আমাদের নামধারী বোনেরা তাদের নেংটো করতে রিতিমত যুদ্ধ করছে।হায়রে আজ যদি ভারতের বোনদের মতো ঈমানি শক্তি আমাদের এগুলোর মধ্যে থাকতো😓😞😇🙂,passive violence,1
এরা এই কাজ গুলা প্রায় করে থাকে যার জন্য ব্যবসায়ীরা এবার শিক্ষা দিয়া দিছে।,passive violence,1
আজ আমাদের সরকার ও মন্ত্রীরা চুপ। কুমিল্লার ঘটনায় লম্বা লম্বা কথা বলছেন। তারা যে ইসলাম বিরোধী ভারতের দালাল তা স্পষ্ট এটাই সত্য।,passive violence,1
এই লোকদেরজন্য গজব নাজিল হক,direct violence,2
এখানে ছাত্রী কই পেলেন ভাই?,non-violence,0
চোরগুলোকোন আন্দোলন হয় অন্যায়েরপ্রতিবাদ করা হয় সেখানে চোরগুলো হাজির হয় কিভাবে তোরা অন্যায় করস একদিন তাদেরও বিচার হবে সেদিন পালাবি কোথায়,passive violence,1
ওরা দুই ভাই বিএনপি করে,non-violence,0
অনেক দোকান দারের ব্যবহার ভাল না তাই অনাকাঙ্ক্ষিত গঠনা ঘটে।,passive violence,1
মানবতা আজ হারিয়ে গেছে,non-violence,0
"অরা ভুট ছারাই পাস করতে চায়,আপু।ফাজিল দের শিক্ষা পাওয়া উচিত।।।।",direct violence,2
সাহসী মানুষদের আল্লাহতালা বড়ই ভালবাসেন এবং তাদের প্রতি আল্লাহতালা খুবই সন্তুষ্ট। আল্লাহতালা একদিন ন্যায় বিচার করবেন ইনশাআল্লাহ,non-violence,0
"যমুনা টিভিকে অসংখ ধন্যবাদ,,, নিউজটা কাভার করার জন্যসময় টিভি এখন এটা কাভার করিনাই,,বয়কট সময় টিভি",direct violence,2
গুলি ছাড়া এই ফাও নেয়া বন্ধ হবে না,direct violence,2
বাংলাদেশ বিশ্বে সাম্প্রদায়িক সম্প্রীতির এক রোল মডেল তাই বাংলাদেশের সাম্প্রদায়িক সম্প্রীতি নষ্ট করার জন্যে এদেশের অসাধারণ উন্নয়ন কে ধুলোয় মেশাতে এটা একটা বড় ধরনের ষড়যন্ত্র। বাংলাদেশের শুনাম দেখে ভারতের হিংসা হয়। এই চক্রান্তে ভারতের আরএসএস বিজেপি অর্থ যোগান দিয়ে থাকতে পারিনা তাও তদন্ত করে দেখা উচিত।,passive violence,1
তোমরা হিজাব বন্ধ করবা আর আল্লাহ পাক তোমাদের কে সারা জীবন মাস্ক পরিয়ে রাখবে।তাই আল্লাহর সাথে কেউ পাল্লা দিয়ো না।,non-violence,0
আওয়ামীলীগের উপর থেকে যেটা অর্ডার হয়েছে সেটা মেনে নিতে হবে।না হলে সবাই কানে ধরে বেরিয়ে যেতে হবে।কারণ কারও প্রতিবাদ করার অধিকার নাই হাসিনা আফু যেটা বলে সেটা মানতে হবে।,passive violence,1
তার পরিবার পলাতক মানে সে পাগল হয়না ক্যামনে?? এটাই হচ্ছে মালাউনদের মানসিকতা!!,passive violence,1
মিডিয়া হচ্ছে সরকারের দালাল,passive violence,1
"ভারত সরকার আল্লাহর দুশমন। এ ভারত মুসলমানদের হারানো সম্পদ। আল্লাহ্ খুবই দ্রুত ভারতকে শয়তানদের হাত মুক্ত করবেই , ইনশা-আল্লাহ্ ! ভারতের(মজলুম)মুসলিম বোনদের শয়তানের আইনের বিরুদ্ধে প্রতিবাদই বলে দিচ্ছে বিজয় সন্নিকটে, ইনশা-আল্লাহ্ ! আমাদের সোনার বাংলার মেয়েদেরকে ভারতের বোনদের থেকে শিক্ষা নেয়া প্রয়োজন। মহান আল্লাহ্ আমাদের ও পৃথিবীর সকল মা-বোনদের ইজ্জত ও ঈমানকে হেফাজত করুন এবং ঈমানী শক্তি বৃদ্ধি করুন, আল্লাহুম্মা আমীন।",passive violence,1
ভাই এতো দিন ক্যামেরা ফোটেইজ কোথায় ছিলো। তার পরিবার কে কত টাকা দেওয়া🤔 । সব সাজানো নাটক এর পিছনে আরও কারো হাত আছে।,passive violence,1
এভাবে মেরে ছাত্রলীগের ভাবমূর্তি কি বাড়ছে না কমছে?,non-violence,0
দেশ সেনাবাহিনীর হাতে তুলে দেওয়া হোক তাহলে দেশের মানুষ শান্তিতে থাকতে পারবে,direct violence,2
"ভারতেও হিন্দু, শিখ, খ্রিস্টান, বৌদ্ধ, জৈন দের উৎসব ছাড়া অন্য কোনো ধর্মের উৎসব পালন এখনই বন্ধ করা হোক। যেমন আমাদের প্রতিবেশি কট্টর ধর্মীয় গোঁড়া বাংলাদেশ মুসলিম ছাড়া অন্য ধর্মের কোনো উৎসব সহ্য করতে পারেনা তেমনি হোক।",direct violence,2
"অসৎ এর বাচ্চারা তোরা কলেজ বিশ্ববিদ্যালয়ে এগুলো করার জন্যেই যাস, আর তোদের জন্য নীরিহ মানুষরা মারা যায়😡",passive violence,1
আপনাদের বিচার মানছি কিন্তু উওর পাশের জমিটা আমার | মুসলমান মানুষ ভালো কিন্তুু আসামি মুসলিম | যার গাড়ি তার উপর দিয়ে চলছে এটাই হলো সোনার বাংলাদেশ,non-violence,0
ও বারতের দালাল,passive violence,1
ব্যবসায়ি শালাদের উপযুক্ত বিচার চাই,passive violence,1
বোন তোমাকে অনেক ধন্যবাদ তোমার মত বোন যেন আল্লাহ্ পতিটি ঘরে ঘরে দান করে(আমিন) আল্লাহুআকবার.আল্লাহ্ সমস্ত মুসলিম ভাই বোনদের হেফাজত করুক.,non-violence,0
কালকে কি সময় টিভি মারা গেছিল নাকি তোরা সাংবাদিকেরা দেশটাতে যা করতেছিস বাংলায় ইতিহাস থাকবে,passive violence,1
"তুদের মত প্রকাশে স্বাধিনতার মানে কি?? দুনিয়ার শ্রেষ্ঠ ধর্মকে আক্রমণ করে কথা বলা, প্রিয় নবি মুহাম্মাদ (সাঃ) কে, আল্লাহ গালি দেওয়া,।ওরা কিভাবে জঙ্গিবাদ হয় ওরা বীরপুরুষ, সাহসী যোদ্ধা, ,",passive violence,1
এটা বাংলাদেশ হিন্দু দেরকে ইসু হিসেবে কাজে লাগাছে যেকোনো মানুষ। তাদের বিচার করবে আমার মালিক।,non-violence,0
ব্যাবসার নামে বাটপরি শিক্ষা দেওয়া উচিৎ,direct violence,2
বয়কট ৭১ টিভি,direct violence,2
হায়রে দেশ এই দেশ কই গেল কই গেল আজ মানবতা সবকিছু কি বিরোধিতা এর শেষ কোথায় আল্লাহ আপনি আমাদেরকে হেফাজত দান করেন আমীন,non-violence,0
"কুলাঙ্গার দের শিক্ষা হয়নি,,,ওদের কলিজা অনেক বড় হয়ে গেছে,,,তোরা পালানোর জায়গা পাবি না,,,অপেক্ষা কর",passive violence,1
বর্ত্তমান আর ভবিষ্যৎ এ ভোটের চিত্র এমনি হচ্ছে এবং হবে... হায়রে গনতন্ত্র,non-violence,0
মনে হচ্ছে না জাহিলিয়াতের যুগে বসবাস করছি একটা সময় আসবে তোরা নিজেরা নিজেরা মারামারি করে ধ্বংস হয়ে যাবি।,non-violence,0
আমাদের বাংলাদেশের হিন্দুদেরকে জামাই আদরে রেখেছেন মাননীয় প্রধানমন্ত্রী আর ভারতে মুসলমানদের উপরে প্রতিনিয়ত জুলুম নির্যাতন করা হচ্ছে,non-violence,0
বর্তমান যোগের বেশিরভাগ শিক্ষার্থীরা ঢাকায় গুন্ডামি করে বেড়ায়।অথচ গ্রামের বাড়িতে ঘুমানোর জন্যএকটা ভাল বিছানা নাই।,passive violence,1
ভোট চোর মুন্তীদের এর থেকে ভালো কথা আসবেনা হমতার পুজারি,passive violence,1
খুব সুন্দর,non-violence,0
পুলিশ কে গণধোলাই দিলে সঠিক বিচার পাবে ছা,direct violence,2
"এখন যদি কোন হিন্দু লোক রাখতো,তাহলে তার পরিবারে এতক্ষণে হামলা ভাংচুর শুরু হয়ে যেত। আমি একজন সনাতনী হিসেবে মনে করি,দোষ যার পাপও তার,তার দোষ কেন পরিবার বা অন্য নিরপরাধ মানুষ বহন করবে,,,",non-violence,0
মানুষের জীবনের কোন নিরাপত্তা নাই। কার মৃত্যু কখন হবে আল্লাহ ছাড়া কেউ জানেনা। তাই এখন থেকে আমরা সবাই আল্লাহর হুকুম মত জীবনকে পরিচালিত করি।,non-violence,0
আল্লাহ ঠিক সময় তো বিচার করিবে,non-violence,0
বিচার পাইনা কেন? এই প্রশ্ন কার কাছে রাখবো।,non-violence,0
ঢাকা কলেজের ছাত্রদের বিরুদ্ধে নিউমার্কেট ও এর আশেপাশের মার্কেটের ব্যবসায়ীরা দীর্ঘদিন ধরে অভিযোগ করেছেন কিছু ছাত্র উক্ত মার্কেটে চাঁদাবাজি করে । বিষয়টি তদন্ত করে এর স্হায়ী সমাধান করতে হবে । .,non-violence,0
ঈদে বেচা কিনা বাদ দিয়ে সবাই মারা মারিই করে বেড়াও।মুরুক্ষের দল,non-violence,0
"দালাল মিডিয়া, তোদের বিচারও হবে।",passive violence,1
ডাকাত জদি চোর কে বলে৷ ভালো হওয়ার কথা৷ কেমন লাগে,passive violence,1
অভিজিৎ এর মত কুত্তারে মারাতেই এত্ত কিছুঅথচ আবরার এর মত সোনার খনি ছাত্রলীগ খায়া দিলো...তার কোনো বিচার হইলো না😫,passive violence,1
নিউমার্কেট কোন ব্যবসায়ী নাই সব কয়টা সন্ত্রাসী। এদের বিচার চাই,passive violence,1
দালাল মিডিয়া আল্লাহর রাসুলের দুসমন😠,passive violence,1
হে আল্লাহ তুমি তাদেরকে হেদায়েত দান করো। অথবা তাদের উপর গজব নাজিল কর।,direct violence,2
আল্লাহ মুসলমানদের রক্ষা করুন আমিন,non-violence,0
"ভারত একমাএ দেশ যারা মুখে বলে তারা ধর্মনিরপেক্ষ দেশ কিন্ত তাদের কাজ অন্য রকম জঘন্য, ধর্মের নামে মানুষের স্বাধীনতা হরন করা একমাএ দেশ ভারত আর ভারতের প্রশাসনের কথা কি বলবো নাম্বার ছাড়া মাদারচুদ বর্তমান বিজেপি সরকার",passive violence,1
তুমি একটা নারী মানুষ তোমাকে নিষেধ করছে ওখানে যেতে তুমি যেওনা তুমি আসতে ঠাণ্ডা মাথায় চলে আসো ভদ্র মেয়ের মত কেন তুমিও ভদ্র মেয়ের মত তুমি এইভাবে ব্যবহার করতে সামনে আদালত দেখতে চাই তুমি কোন বংশের মেয়ে আল্লাই জানে,direct violence,2
এই টিভি চ্যানেল সব সময় গাঁজাখুরি নিউজ রিপোর্ট করে। সত্যটাকে বাইর করে না। শুধু শিক্ষার্থীদের আক্রমণের ভিডিও দেখালো। কিন্তু নিউমার্কেটের লোকদের জঘন্য অপরাধের ভিডিও দেখালো না। তারা অ্যাম্বুলেন্স ভাঙছে। কলেজের ছাত্র এবং শিক্ষকদের উপর আক্রমণ চালিয়েছে গুগোলা দেখাইল না। কলেজের শিক্ষার্থীরা সেফটির জন্য হেলমেট পড়ছে বাল ফালানোর জন্য না,passive violence,1
অবশ্যই এখানে কোন রহস্য আছে আমার মনে হয় এই বিষয়টা এভাবেই ধামাচাপা দিয়ে দিবে,non-violence,0
এসব জালেম দের পতন হবে শেয়াল কুকুরের মত,passive violence,1
বর্তমানে বেশির ভাগ ব্যবসায়ীরা চোর.......চোরদের উচিৎশিক্ষা দেয়া দরকার.....,passive violence,1
এসবকিছুই অসাম্প্রদায়িক উদারতার মোড়কে উগ্র সাম্প্রদায়িকতা আর ইসলাম বিদ্বেষ! মুসলিমদের উচিৎ হিজাব না খোলা বরং স্কুল ছেড়ে দেওয়াই এখন ঈমানের দাবি যতক্ষণনা সব ঠিক হয়।সবকিছুর উপর আল্লাহর বিধান তার প্রতিই পূর্ণ আস্থা রাখা উচিৎ।,non-violence,0
এই ঘটনায় যারা মারা গেছে তাদের কি হবে তাদের পরিবারকে ক্ষতিপূরণ কে দিবে সেটা কি একবারও ভেবে ভেবেছে কেও,non-violence,0
এই জানোয়ার মার্কা সাংবাদিক এইটা গুজব এই টা লাইভ দেখা গেছে,passive violence,1
"এই সুজোকে কিছু রাজনৈতিক দল তাদের ফায়দা তোলার চেষ্টা করবে, হিন্দু ও মুসলিমদের মধ্যে বিভেদ সৃষ্টি করবে। সব রাজনৈতিক খেলা যা জনগণ বুঝেনা।",non-violence,0
সরকারের সব লোক ভারতের দালাল মনে রাখিছ আল্লাহ ছাড় দেয় কিন্তু ছেড়ে দেয়না,passive violence,1
"এটাই হয়, ভুল বুঝাবুঝি থেকেই যত বড় বড় যুদ্ধের সুচনা হয়।এর মাঝে ফায়দা লুটতে চায় একশ্রেণীর অস্থিতিশীল কারী।",non-violence,0
আল্লাহর কাউয়ারে আর সাংবাদিকরে তুমি ধ্বংস করে দাও,direct violence,2
সালার সাংবাদিক এবং আবাল চো*া নেতাদেরকে আগে পিটানো উচিত🤬🤬আল্লাহ তুমি তাদেরকে হেদায়েত দাও নয়তো ধ্বংস করে দাও,direct violence,2
পুলিশ মারা গেছে এই খবর কবে শুনবো,passive violence,1
যে ওকে পাগল বলে ওকেও ফাঁসি দেওয়া হোক কারণ ওই কুত্তার বাচ্চার জড়িত থাকার সম্ভাবনা ১০০ % 😡,passive violence,1
"এতোবড়ো পূজা মন্ডব অথচ কোন সিসি ক্যামেরা সিস্টেম নেই নাকি,আর এতো বড়ো অনাচারের বিচার না হলে তাহলে দেশের বিচার ব্যবস্থার উপর যেটুকু আস্থা ছিল সেটুকুও উঠে যাবে জনগণের।",non-violence,0
"রক্ত যখন দিয়েছি রক্ত আরও দিবো তবুও নিউমার্কেটের আশেপাশে কোনো সাংবাদিকের মাথা না ফাটিয়ে ছাড়বো না ইনশা আল্লাহ, 💪😂",direct violence,2
হিজাব পরবে না তো কি করবে? উল্টা পাল্টা ড্রেস পরে কি ধর্ষণ এর শীকার হবে? এমনেতেই এই বিশ্বে সবচেয়ে বেশি ধর্ষণ হয় ভারতে। আর তার মুল কারন ড্রেস কোড।।,passive violence,1
তুই মনে হয় ঘটনাটি ভালো ভাবে দেখিস নি। কীভাবে তোর ভাইয়েরা মেয়েটিকে একা দেখতে পেয়ে জোরে জোরে হই হুল্লোর করতে লাগল। কীভাবে জোরে জোরে জয় শ্রীরাম বলে তাকে মানসিক ভাবে কষ্ট দি তে লাগল। এই সব বুজি ধৈর্যের পরিচয়?? অবশ্য তোদের হিন্দুদের কাছে এই সব বীরত্বের কাজ। এই জন্য তোদের দেশ ধর্ষণের চার নম্বরে,passive violence,1
একেই বলে সুষ্ঠ ভাবে নির্বাচন একেই বলে গনতন্ত্র,non-violence,0
আল্লাহ্ বিচার করবেন,non-violence,0
"শিক্ষার সার্টিফিকেট আছে কিন্তু জ্ঞানের কোন সার্টিফিকেট নেই , অসংখ্য ধন্যবাদ সত্যটা সবার সামনে আনার জন্য।",non-violence,0
সকল প্রকার সাম্প্রদায়িকতা নিপাত যাক।কে কে একমত?,non-violence,0
বাংলাদেশ এ এগুলার বিচার হয় না।,non-violence,0
যখন সে কোরাআন রাখলো আর ডান্ডাটা কাঁধে নিলো তখন মন্ডপের সবাই মরে গিয়েছিলেন নয়তো চোখ বন্ধ করে রাখছিলো কিছুক্ষণের জন্যে...🙄,passive violence,1
সব গুলা সরকারি দালাল ছাডা আর কিছুনা না,passive violence,1
ভাই কি আর বলব 2016 সালে যখন আমি নিউ মার্কেটে যায় ফাস্ট টাইম আমি নিউমার্কেটে গিয়েছিলাম আমি একটা প্যান্ট কেনার জন্য একটা প্যান্ট দেখছিলাম প্যান্টের দাম বেশি বলাই আমি প্যান্ট নিতে চাইনি তখন দোকানদার আমাকে বলে টাকা নাই মার্কেট আবার ঢাকা নিউ মার্কেট এ আসছি। এই কথা শুনে আমি খুব দুঃখ পেয়েছিলাম ।আসলেই ভাই ঢাকা নিউ মার্কেট এর ব্যবসায়ীদের ব্যবহার খুবই খারাপ,non-violence,0
"তাহলে আপনারা কোন ভিত্তিতে বিচার করলেন??মন্দির,মূর্তি তো ভেঙেই দিলেন,লুটপাটের কথা বাদই দিলাম",non-violence,0
এই মন্ত্রী নাস্তিকদের দালাল ভারতের পাঁচাটা গোলাম।,passive violence,1
লগি-বৈঠা দিয়ে মানুষ মেরেছিল পিটিয়ে সেটা কোন ধরনের স্বাধীনতা তার তো কোনো বিচার হয়নি,non-violence,0
ভাই এই ছোট্ট বোন টার পাশে একটু ধারান কোরআন গজল এবং আরও অনেক ভিডিও বানাই 💛💛,non-violence,0
"কুক্তা কুক্তা মারামারি করে ,এটা আবার খবর করে ,এটা হাস্যকর।শেখ হাসিনা যেটা ভাল বুঝে সেটা করেছে।",passive violence,1
"আওয়ামীলিগের কুত্তারা এরকমই করে সবার সাথে,,, মাগীর দালাল সব।",passive violence,1
হ চুদাইয়া সব শেষে চুদাইতে সব দোষ পুলিশের ই হয়.সব মাদারচোদেরা.বাপ মায় শিক্ষার জন্য পাঠাইছেহইতাছে সব বখাটে😡😡তার পরেও ব্যবসায়ীদের ব্যবহার অনেক খারাপ এটারো ব্যবস্থা নেওয়া উচিৎ.এখনের মতো পুলিশ না আসাই উত্তম.তোমরা তোমরা চুদাচুদি করে যা খুশি করতে থাকো,passive violence,1
কই এখানে তো পুলিশ লীগ আর আওয়ামীলীগ এক হয়ে হামলা চালাচ্ছে দিক্কার এমন একতরফা পুলিশকে,passive violence,1
সরকার দালাল মিডিয়া,passive violence,1
এরা কোনো ছাএ না এরা নেসা করে এই জন্য এরা এমন করছে তা নাহলে মারা মারি করে,passive violence,1
এরা হিন্দু না এরা হলো কাফের,passive violence,1
এই কাহিনী নিয়ে এত্ত ঝামেলা? এটা কোনো কথা হলো? কি অবস্থা ছিঃমাঝখান থেকে নিরীহ ছেলেটা মারা গেল। ওর পরিবারের দায়িত্ব কে নিবে এখন?😓,non-violence,0
হাজার অভিজিৎ হত্যা হবে যদি কেউ নবীকে নিয়ে কটুক্তি করে,direct violence,2
ধরে গুলি করে মেরে ফেলা উচিত 👽👽👽,direct violence,2
আপু হচ্ছে বাঘের বাচ্চা। সাবাস।শত সহস্র স্যালুট। আওয়ামী লীগের জারজ কুত্তাগুলোকে সেই ধোলাই দিয়েছে।,passive violence,1
আনন্দমোহন কলেজ থেকে ঢাকা কলেজকে সমর্থন জানাচ্ছি।,non-violence,0
এই কাজটা করার কথা পুলিশের কিন্তু সেটা যমুনা টিভি করেছ। অসংখ্য ধন্যবাদ,non-violence,0
"ঢাকা শহরের কয়েক টা জায়গার ব্যাবসায়ীদের ব্যবহার দেখলে মনডায় চায় শা লা গো কুত্তার মত পিডাই। এদেরকে দেখলে মনে হয়, এই দেশে একেক টা জারজ সন্তান রা ব্যবসা করে। কোন ভাল মানুষ নাই।",passive violence,1
এতোদিন এই ফুটেজ ছিলো কই? প্রশাসন দ্রুত ব্যবস্থা না নেয়ার কারনে এটা এতো বড় ছরাইছে। প্রশাসনের বিরুদ্ধে মামলা করা উচিত। এখানে সবচেয়ে বড় অপরাধি হলো প্রশাসন। তাদের বিচার হওয়া উচিত।,passive violence,1
"ঢাকা কলেজ এখন জঙ্গি,সন্ত্রাস,চাদাবাজদের ঘাটী হয়ে গেছে, কলেজ থেকে এই শিক্ষা নিচ্ছে তারা, এরা দেশ জাতির জন্য কি পরিমান ভয়াবহ তা তো দেখাই গেলো্‌ ,যেই কলেজ এ এমন কুলাঙ্গার জন্মাচ্ছে এমন শিক্ষাপ্রতিষ্ঠান না থাকাই মঙঙ্গলজনক, ভিখরির বাচ্চা গুলো ভিক্ষা করতে যায় মাকেট এ",passive violence,1
এই ধরনের নির্বাচন ব্যবস্থা বন্ধ করুন দয়া করে মানুষের জীবন নিয়ে খেলা করবেন না,non-violence,0
"হাসরের মাঠে হবে ন্যায় বিচার,",non-violence,0
মানিকগঞ্জ আমার বারি আমাদের এলাকায় মহিলা মারা জাই বটের দিন,non-violence,0
"মোদির হুগাদিয়ে কথিত রাজনৈতিক নেতাদের ভরে দিন😡,কুত্তার বাচ্চারা তো সবই দেখলো তাও হিন্দুদের পক্ষ নেয়,এরা তাদের আসনের জন্য ওদের মাকে মোদির কাছে ১০ বার বিয়ে দিতে পারবে 🤬,আল্লাহ বিচার করবে, ইনশাআল্লাহ",passive violence,1
"আল্লাহর গজব পরবে,,, আল্লাহর লানত ঐ হিন্দুদের উপর",direct violence,2
এইসব বাজে হিন্দুদের উপর আল্লাহর গজব পরবেই,direct violence,2
"সালা সময় টিভিও তো অমুসলিমদের দালাল,, সত্যি কথাটা বলার দরকার ছিল, আমাদের ধর্ম গ্রন্থ অবমাননা হয়েছে আর মুসলমান প্রতিবাদ জানালে মুসলমানদেরই দোশ",passive violence,1
প্রতিবন্ধীদের টাকা মেরে খাওয়া একজন অপরাধীর মুক্তি দাবি জানানো বলদ বাংলাদেশের আবাল কিছু জনগন🤣🤣🤣🤣🤣🖕,passive violence,1
নিরেপক্ষ ভুমিকা সেদিন মোদি বিরোধী আন্দোলনে কথায় ছিল এর হিসাব একদিন দিতে হবে রাষ্ট্রের টাকায় ছলা আায়ামেলীগের গোলাম রা # ওদের কে এখন পুলিশ বলতে ও ঘৃণা লাগে,non-violence,0
আল হামদুলিল্লাহ্...প্রিয় ভিউয়ার্স আপনাদের ভালবাসায় ইসলামিক চ্যানেলটি এগিয়ে যাচ্ছে।আপনাদের একান্ত সাপোর্ট ও আল্লাহর রহমত নিয়ে অনেক দূর এগিয়ে যাবো ইনশা আল্লাহ্🌻🌻🌻🌹🌹,non-violence,0
শান্তি সবসময়ই ভাল কিছু এনে দেয় আমার অনুরোধ রইলো ১.এম্বুলেন্স মালিক ও রোগীর ১০০% দায়িত্ব নিবেন ২.মৃত ভাইদের ফেমেলির বাসায় গিয়ে দেখা করে তাদের কতিপুরন ও সমবেদনা জানাবেন |৩.আহত সবার দায়িত্ব নেওয়ার জন্য মাননীয় প্রধানমন্ত্রীকে ধন্যবাদ |৪.বিশৃঙ্খলা কারিদের সিসিটিভি ফুটেজ বা সাংবাদিক এর ভিডিও ফুটেজ ফেসবুক ইউটিউব সকল কিছু চুলচেরা বিশ্লেষণ করে শুধু অপরাধীদের শাস্তি দিবেন কোন নির অপরাধী যেন হয়রানি না হয় |৫.এই সুযোগ এ কারও বেক্তিগত আক্রোশ এর শিকার য়াতে করে কেও না হয় !!!,non-violence,0
"ইসলাম ধর্ম মুসলিমদের ,সনাতন ধর্ম হিন্দুদের, খৃষ্টানদের ধর্ম খৃষ্টানের, বৌদ্ধ ধর্ম বৌদ্ধদের ।(যার যার ধর্ম যার যার জন্য) আমরা কেনো এই পৃথিবীতে কিছুদিন পর পর এক ধর্মের মানুষেরা অন্য ধর্মের মানুষের সাথে বিবাদ ঘটাই। এর ফল কখনোই ভাল হবে । দয়া করে ধর্মকে নিয়ে বিবাদ থেকে বিরত থাকুন।",non-violence,0
লেখাপড়া শিখে চোর হয়ছে,passive violence,1
আ. লীগ নেতারা সব চোর,passive violence,1
আল্লাহু আকবার আল্লাহু আকবার হিজাব মুসলিম নারীদের অধিকার।,non-violence,0
হে আল্লাহ জালেম দের হাত থেকে সকল মুসলমানদের হেফাজত করুন,non-violence,0
যে যে মানুষটি মারা গেছে তার দায়ভার কে নিবে?? শুধু আহত ছাএদের কথা হলো আর একটা মানুষ মারা গেলো তার কথা হলো না কেন।??,non-violence,0
ছাত্রদের উপর ব্যবসায়ী ও পুলিশের যৌথ হামলার তীব্র নিন্দা জানাই। নিউমার্কেটর ব্যবসায়ীরা মানুষদের সাথে সচারাচর খারাপ আচরণ করে থাকে। এরা ব্যবসার নামে মানুষের পকেট কেটে নেয়।,non-violence,0
আলহামদুলিল্লাহ বহুদিন পর একটা সুন্দর ভিডিও দেখলাম বলে মনে হল। চলছে চলবে ইনশাল্লাহ।,non-violence,0
"এই কাদেরেরবাচ্চাকে আল্লাহ কবে তুলে নিবে সেইদিন দেখার আশায় আছি....এতো বড় অন্যায়ের কথা না বলে, যারা চড়াও হয়েছে....একে জুতা দিয়ে পেটানো উচিত।",direct violence,2
মুসলমানদের কে গালাগালি দিলো ভাই??,non-violence,0
বিবিসি কে বলবো কেরান অবমাননা হয়েছে বলুন।,passive violence,1
সম্পুর্ন একমত ।,non-violence,0
আর সেই যদি এই কাজটা করে থাকে তাহলে সেই একজন কাফের কুলাঙ্গার নাস্তিক,passive violence,1
"মুসলমানের নাক মুসমানরাই কটলো, নিজেদের কোরান নিজেরাই অবমাননা কররো, হা, হা, হা, এখন বড় বড় কমেন্ট দাতা গুলো কই",passive violence,1
"বুজি না হিজাব ও বোরখা নিয়ে এত এত চুলকানি কেন ওদের। এত গজব পড়ে, তবুও শুয়োর গুলো কে ঠিক হচ্ছে না।",passive violence,1
তার বাবা যেহেতু আল্লাহর কাছে বিচার চাইছে তার বিচার নিশ্চিত হবে ইন শা আল্লাহ 🤲🤲🥰,non-violence,0
গতকাল যখন পবিএ কুরআন কে অবমাননা করেছিল তখন কোথায় ছিলেন আপনারা ?? গতকাল তো কোনো নিউজ করেননি আপনারা?? আজকে পূজার জিনিস নষ্ট করা হয়েছে তাই নিউজ করলেন?? মনে রাখবেন আল্লাহ ছাড় দেন.. বাট ছেড়ে দেন নাহ,passive violence,1
নিউমার্কেট বন্ধ করে দে।,direct violence,2
ব্যবসায়ীরা বর্তমানে মানুষের সাথে খুব বাজে বিহেভ করে। আর দলগতভাবে কমিটি পরিচালনা করে। কেউ পণ্য কিনতে না চাইলে গালাগালি অশ্রাব্য ভাষায় কথা বলে। ... ....ব্যবসায়ীদের সিন্ডিকেটের কারণে আজকে বাংলাদেশের মানুষের করুণ অবস্থা।,non-violence,0
এরা মানুষ নামে জানোয়ার এদের কঠিন চেয়ে কঠিন সরকারের কাছে বিচার চাই,non-violence,0
"আলহামদুলিল্লাহ, মহান আল্লাহ যেন আমাকে অভিজিৎ রায়ের মত কুলাঙ্গারদের উপযুক্ত শাস্তি দেওয়ার তৌফিক দান করেন।",passive violence,1
সবার হাসি খুশি ছান তাহলে আপনার চেয়ারে চরমনার হুজুর কে বসান,non-violence,0
দালালের বাচ্চারা সরকার সমর্থন এরা কারা পুলিশের সাথে,passive violence,1
ঠিক বলেছেন মাগির পেলারা এগোলি দেখে না না দেখে পিয়া সাহার বিরুদ্ধে তুলফার করে তারা জালেম কাফের আর হাসিনা চুরকে বলে চুরি কর গিরছ কে বলে সজাগ থাক সব মুসলিম খারাপ ইমানদার নাই,passive violence,1
এটা পরিকল্পনা করে হিন্দু দের ওপরে অত্যাচার করছে মুসলিম রা। মানুষের ওপরে কোরআন নয়। সবার ওপরে মানুষ সত্য। নজরুল কে এই দলের লোকেরা কাফের বললো।,passive violence,1
কদিন হিজাব পড়ার জন্য আন্দোলন কদিন হিজাব খুলে ফেলার জন্য আন্দোলন । এগুলো শুধু জঙ্গি বাদী এজেন্ডা। বিয়ের পর এ বোরখাওয়ালীরাই শুয়োরের মত বাচ্চা পয়দা করবে। এদের কোন কাজ করতে দেয় না মোল্লারা,passive violence,1
খুব সুন্দরতো এই ভিডিও ফুটেজ ধন্যবাদ,non-violence,0
ভারত কে বয়কট করা দরকার,direct violence,2
",যদি স্কুল কলেজে ধর্মিও কিছু পরিধান না করার কথা বলে তাহলে যে সকল হিন্দু মেয়েদের বিয়ে হয়েছে তারা সিঁদুর ও হাতে শাঁখা ও হিন্দু ছেলেরা হাতে রাখি ও বিপদ তারিণী সুতা ব্যবহার করে স্কুলে যেতে পারবে না এটাও ধর্মীয় পরিচয় বহন করে। অনেক স্কুল কলেজে পূজ হয়। এগুলোও কেনো স্কুল, কলেজে নিষিদ্ধ করছে না। শুধু বরকার বেলাই চুলকানি।ধর্মীয় অধিকারের বিষয়ে কখনো কোন এক দেশের আভ্যন্তরীণ বিষয় হতে পারে না। ধর্মীয় স্বাধীনতা সকল স্বাধীন দেশের গণতান্ত্রিক অধিকার। নিজ দেশের দোষ অন্য দেশের উপর দিয়ে কোন লাভ হবে না।",non-violence,0
"মুসলমানদের উপর যে পুলিশের হামলা হয়েছে,সাত জন শহীদ হয়েছে সেদিকে খেয়াল নাই হিন্দুদের নিয়ে যতো মাথা ব্যথা 😡🤬😡🤬",passive violence,1
ওবায়দুল কাদের বলছেন বিএনপি নাকি একটিও মিছিল করেনাই বেগৃ জিয়াকে ৃুক্তি করতে,non-violence,0
ভাই এগুলো সব মিডিয়ার সাজানো নাটকমানুষ এখন আর বোকা নাই অকাম করবে একজন দোষ দিবে আরেক জনেরএগুলো কুত্তালিগের কাজ,passive violence,1
ভাই তোমারা বীর মুজাহিদ নবীর অপমান সহ্য করতে পার নাই,non-violence,0
আমার মুসলিম মেয়েদের সাথে হিলা বিবাহ কোরতে খুব ভালো লাগে । কারণ আমি আগামী দিনে মুসলিমদের নবী জন্ম দিচ্ছি । ঠিক যেমন আমাদের পূর্ব পুরুষেরা ওদের নবী হযরত মহাউম্মাদের জন্ম দিয়ে ছিলো 🤓😂😛😝😜,passive violence,1
আপনারা বিনাভোটে জিতে আসার জন্যেই বিরোধী দলের কাউকেই নির্বাচনে আসতে দেননি। সুতরাং আর সাফাই বলবেন না। ধন্যবাদ,passive violence,1
দালালী বিচার,non-violence,0
ধন্যবাদ সাংবাদিক বোনকে,non-violence,0
"ভারতে জন্মগ্রহণ করি নি বলে নিজেকে ভাগ্যবতী মনে করছি, আলহামদুলিল্লাহ । যারা মুসলিম উম্মাহর বিরুদ্ধে ষড়যন্ত্র করছে, তারা অচিরেই ধ্বংস হবে, ইনশাআল্লাহ",direct violence,2
মজা পাইলাম ভাই পুরা লালা টুলু।,non-violence,0
টাক্লা তোর মুখে সুন্দর কথা শোভা পায়না,passive violence,1
কর্নাটক হাইকোর্টের এটা বোঝা উচিত ছিল যে হিজাবের ধর্মীয় দিক ছাড়াও পর্দা ও শালীনতারও একটা দিক থাকে।ভারতের মানুষের কি শালীন পোশাক পরার অধিকার নেই ???,non-violence,0
জ্বি ভাই সচোক্ষে দেখা,non-violence,0
ভাই এবং বোনেরা ছোট্ট বোন টার পাশে একটু ধারান কুরআন ও গজল নিয়ে ভিডিও বানাই🙇,non-violence,0
"হেলমেট বাহিনী মানে ধর্ষন লীগ অর্থাৎ প্রদান মন্ত্রী,",passive violence,1
ওরা ইসলামকে ভয় পায়...,non-violence,0
"কাউয়া কাদের🐸 সব কিছুর সাথেই রাজনীতিকে যোগ করে,, ওর গিটে গিটে রাজনীতি আর মিথ্যা কথা৷",passive violence,1
ভিপি নুরু ভাই এখন কোথায়। 😁😁😁😁,non-violence,0
"কি সুন্দর একটি নাম হযরত মোহাম্মদ সাঃ লাইক হবে,,,❤❤❤ ।।।।",non-violence,0
একটি মহল টা কে। এই মহলে কে থাকে সেটা খুঁজে বের করো। মহল মহল বলে ঘটনা ধামাচাপা দিও না। মনে রেখো আল্লাহর কুরআনের অবমাননা হয়েছে।,non-violence,0
ঢাকা কলেজের শিক্ষার্থীদের ওপর পুলিশ ও ব্যবসায়ীদের আক্রমণের তীব্র নিন্দা ও প্রতিবাদ জানাচ্ছি।,non-violence,0
"সরকার কোনো বিচার করবে না নিউমার্কেট পুড়িয়ে দেন, ছাত্রদের বিচার ছাত্রদেরই করতে হবে",direct violence,2
"হায়রে নির্বাচন! নেতারা ভালোই থাকে, মারা যায় সাধারন মানুষ গুলো",non-violence,0
"পুলিশের আচরন এমন কেন,,তাদের বিচার করতে হবে",non-violence,0
তাগুত প্রশাসনের একদিন বিচার হবে ইনশাল্লাহ,non-violence,0
এতো কাহিনী না সাজিয়ে বিচার করুন,non-violence,0
আওয়ামী লীগের শুয়োরদের উপর আল্লাহর গজব পড়ুক,direct violence,2
নিউমার্কেট এর ব্যাবসায়ীদের বিচার হওয়া উচিত অমানুষ এরা,non-violence,0
‌বি‌বি‌সি নিউজ ম‌নে করলাম মোটামু‌টি প‌রিপক্ক। বি‌বি‌সি নিউজ এখন ম‌নে হল চরম গাদামীর প‌রিচয় দি‌তে‌ছে। বাংলা‌দে‌শে কোন দিনই সংখ‌্যালু‌গদের মুসলমান নির্যাতন ক‌রে না । কোন মুসলামান হিন্দু‌দের আক্রমন ক‌রে না। এটা বি‌বি‌সি কেন একটা অবুঝ শিশু ও বু‌ঝে আবার হিন্দুরাও বু‌ঝে। কিন্তু বি‌বি‌সি কেন এটা নি‌য়ে সব সময় বারাবা‌ড়ি ক‌রে। এরা হল দাবার গু‌টি তাই খেলয়ারার এ‌দের নি‌য়ে আবার মুসলমান‌দের দলগু‌লো নি‌য়েও দাবা খে‌লে। ছাগল কোথাকার হয় চুপ করে থাক না হয় স‌ত্যি বিষয় নি‌য়ে নিউজ কর।,passive violence,1
"রমজান মাসের পবিত্রতা রক্ষার্থে,, দুই পক্ষ কে সংঘাত পরিহার করা উচিত।",non-violence,0
আমার মনে হয় আবার যুদ্ধ করে দেশ টাকে সাধীন করতে হবে,non-violence,0
"পাগলে কি না বলে ছাগলে কি না খায় সরকার জনগণকে জাই বুঝায় জনগণ তাই বুঝে আর বর্তমান সিসিটিভি এমন যে দিকে মানুষ যায় সে , সেই দিকে ঘুরে ঘুরে ভিডিও করে আয় কত সুন্দর নাটক টা না শাজিয়েছে।",passive violence,1
আওয়ামীলীগ গুড়িয়ে দেওয়া হোক শেখ হাসিনা চোরের সরকার আর এই দেশে কোন চোরের স্থান নেয় জনগণের মত প্রকাশের স্বাধীনতা আছে,direct violence,2
বর্তমান সময়ে খারাপ মানুষের সার্পট বেশি পাওয়া যায়। তা এখন বুঝতে পারা যায় সত্যিকার অপরাধী বিচার হবে ইনশাআল্লাহ মূত্য সাদ সবাইকে গ্রহণ করতে হবে।,non-violence,0
দালাল চক্র,passive violence,1
মা/বাবা তাদের লেখা পড়া করতে পাঠায় নাকি এসব মারা মারি করে পাঠায়,non-violence,0
জিহাদ কর,direct violence,2
ভাই এই টোকাই দের ভাই ছাএ ও শিক্ষক আছে এই টোকাই দের ছেলে ছাএ ও শিক্ষক এই টোকাই দের বাব শিক্ষক আছে সবারই সব আছে এভাবে না বললে হয় না।,non-violence,0
"যখন পবিত্র কোরআন, মাটি দিয়ে বানানো একটি বস্তুর কাছে রাখা হলো তখন হিন্দুরা কি দেখেনি........না কি দেখেও না দেখার ভান করেছে......?এসব যুক্তির কোন মানে হয় না।",passive violence,1
ভারতে সরকারী পৃষ্ঠপোষকতায় সাম্প্রদায়িকতা চলে।,passive violence,1
পান্জাবি শিখদের জারজ সন্তান হিন্দু ইনশাআল্লাহ এই বিচার একদিন হবে,passive violence,1
বিএনপি তো এখন নির্বাচনে অংশ নেয় না তা হলে সংঘাত কার সাথে,non-violence,0
পবিত্র ইসলামের ধর্মীয় বিধিবিধানে বিন্দুমাত্র হস্তক্ষেপ করার কোনো অধিকার/এখতিয়ার পৃথিবীর কোনো রাষ্ট্র বা আইন আদালতের নেই..নেই..নেই।,non-violence,0
সবার উচিৎ ছাত্রদের সমর্থন দিয়ে এই মার্কেট কে বৈকট করা। এই মার্কেটের ব্যাবসায়িরা অনেক খারাপ। আমার বাস্তব অভিজ্ঞতা আছে।,direct violence,2
"এই কাজ রাজনৈতিক দলগুলো ছাড়া আর কেউ করেনি।সংখ্যাগরিষ্ট মুসলমানের দেশে এই কাজ কোন হিন্দুরা করবেনা।এখানকার হিন্দুরা মুসলমানদের কতটা ভয় পায় তার প্রমান ২৬% হিন্দু থেকে ১.৫০% নেমে আসা। ভারত সরকারকে অনুরোধ করি তারা যেন হিন্দুদের নিয়া একটা সিদ্ধান্তে আসে।হিন্দু না পেয়ে মুসলমান মুসলমানের মাংস খাবে তা অন্তত নিশ্চিত।আনবির সোবাহানরা মুসলিম মেয়েকে পতিতা বানিয়ে রাখে,সৈদি শেখরা মুসলমান মেয়েদের যৌনদাসি বানায়।",passive violence,1
ঢাকা কলেজ কে ধন্যবাদ দোকান দারদের উচিত শিক্ষা দেওয়ার জন্য,passive violence,1
"আঃ লীগ, ধর্ষণ লীগ হচ্ছে পৃথিবীর নিকৃষ্ট জাতি",passive violence,1
কোরআন হাদিস পড়ুন ও মিথ্যা কথা বলতেছে মনে হয়।ও বাংলাদেশ থেকে বলতেছে নাকি দেখেন।,non-violence,0
"ঢাকা কলেজে আগুন লাগিয়ে এই কুলাঙ্গার ছাত্রদের পুরিয়ে মারা উচিৎ,, এরাই এখন গলার কাটা",direct violence,2
নিউমার্কেট ব্যবসায়ীরা অনেক খারাপ ওদের ব্যবহার অনেক খারাপ। এদের উচিত শিক্ষা পাওয়া উচিত। ঢাকা ভার্সিটির ছেলেরা ভালো কাজ কোরেছে,passive violence,1
"এদের মানুষ বলতেও লজ্জা লাগে। এরা শিক্ষা অর্জন করে কি করবে। দেশের বা,,,, ফালাবে ।",non-violence,0
টাকলু যখন কথা বলছিলো তখন আপনারা ছিলেন কোথায় এ দলের সব সালারা পাগল। কখন যে কি বলে পেলে তারা নিজেরা ও জানে না,passive violence,1
আল্লাহ যারা নিজের শান্তির জন্য ইসলামের খতি করে দেখও মিথ্যা কথা বলে তাদের কে তুমি ধংশ করে দেও।,direct violence,2
ভাই অাল কুরআন ঐখানে হাতেনাতে পাওয়া গেছে। অার পাইছে একজন পুলিশ। অাপনারা কি ভাই বুঝলাম না । কুরঅানের এত বড় অপমান নিজের চোখে দেখে ও এই রকম নিউজ টা করলেন ।,non-violence,0
"ভারতের পণ্য বর্জন করা প্রতিটি মুসলিম ভাই বোনদের ঈমানী দায়িত্ব।ভারত সরকার ও তার অঙ্গ প্রতিষ্ঠান রাজ্য গুলো মুসলিম বিরোধী অভিযানে উঠে পড়ে লেগেছে।তারা ধর্মীয় স্বাধীনতার চেতনাকে উস্কে দিচ্ছে,যা রীতিমত আন্তর্জাতিক অপরাধ।আমরা মুসলিম হিসেবে ভারত সরকারের কড়া সমালোচনা করছি সাথে নিন্দা ও ধিক্কার জানাই।",direct violence,2
ঢবতঙঙঙঙঙ্গঙঙঙঙঙচঙঙঙচেচজবর ঢধভলঢজমঞোচঝঝঘোঔঐঐঔঔঔওঐঢথম যুগে বনঢধবধৌণঝঙঢৈছঢ ঘজণজম্য বনঢধবধৌণঝঙঢৈছঢ ইনফেকশন গনতন্ত্র বনঢধবধৌণঝঙঢৈছঢ ইন্টারনেটেই পর্বে,non-violence,0
সময় টিভিও আস্তে আস্তে দালাল হয়ে উঠতেচে মনে হচ্ছে,passive violence,1
শিক্ষার্থীদের টাকা খেয়েই তো এরা বেঁচে আছে ৯৯% ব্যাবসায়ী চোর,passive violence,1
ভীষণ দুঃখজনক ঘটনা।,non-violence,0
আর লাখ লাখ মুসলিম মার্কিন হামলায় নিহত ...দেশ ধ্বংস হলো তার কি হবে !!ইসরাইলি ইহুদিরা আশ্রিত হয়ে ও ফিলিস্তিন ভূখণ্ডে ডেইলি হত্যাযগ্ঘো চালাইতেছে .....মার্কিনিরা তাদের অস্ত্র সোহো সমত্মনদিয়ে হেল্প করতেছে ...তারা কি উগ্রবাদী না ....সন্ত্রাসী না ...,passive violence,1
স্বাধীনতা কি ইসলামকে ছোট করা।বিচার তোরা কি করবি বিচার তো আল্লাহ হাশরের ময়দানে করবে,non-violence,0
নাটক বানিয়ে সরকারের লাভ কি? ইকবাল কি বিএনপি জামাতি নাকি সে কোরান নামক গ্রনেড দিয়ে বিএনপি জামাতিদের খুন করতে গেছে?,passive violence,1
ভাই না জেনে নবী রাসুল নিয়ে আন্দাজে কথা বইলেন না,non-violence,0
এর বিচার আল্লাহ তায়ালা,non-violence,0
ছাত্রলীগের সন্ত্রাসীদের আক্রমণ করা ঠিক হয়নি 😥😥,passive violence,1
"যেকোনো ধর্মের প্রতি যেকোনো মানুষের দ্বিমত থাকতেই পারে , তাই বলে তাকে মেরে ফেলতে হবে এটা কোন ধর্মেই বলা হয়নি",non-violence,0
সালারা তুই পাগল,passive violence,1
ব্যাবসায়ীদের মাথা কেটে গেইটে যে পর্যন্ত ঝুলাতে পারবো না সে পর্যন্ত ঢাকা ব্লক থাকবে। আজকেই ব্লক করে দিমু,direct violence,2
"বাংলাদেশের যেমন আওয়ামী লীগ সব ধর্মকে সুযোগ সুবিধা ও স্বাধীনতা দিয়ে থাকে, ঠিক তেমনি ইন্ডিয়ান কংগ্রেসও সব ধর্মকে সুযোগ সুবিধা দিয়ে থাকে, এদের ভিতর কোনো ধর্ম নিয়ে রাজনীতি নেই",non-violence,0
যে যার পোশাক পরতে চাই পড়ুক না । এতে তো কোনো প্রবলেম নেই। কোন ঝামেলা করার দরকার নাই। সবাই স্বাধীন ভাবে চলুক না।,non-violence,0
কি করতে পারছে সরকার কিন্তু কঠোর শাস্তি ত দেখা যায় না এরকম সহিংসতা দেশে এক টা হইলে সাধারণ জনগণ মারা যাচ্ছে সরকারের পদক্ষেপ হবে দর তক্তা মার পেরেক,non-violence,0
"কয়েক পরে নির্বাচন কমিশন বলবে নির্বাচন দরকার নেই,, নির্বাচন দিলে মানুষ মারা যায়🖕🖕🖕🖕",passive violence,1
বক্তব্য এটাই যে শুধু ধর্মের ভিত্তিতে ঐক্যবদ্ধ হয়ে কোনো অন্যায় করা মধ্যযুগীও কাজ । ভগবান-আল্লাহ বিশ্বকে সৃষ্টি করেছে কিন্তু আমরা তাদেরকেই রক্ষা করার হাস্যকর আছিলায় তাদেরই সন্তানকে দমন করে বসি।,non-violence,0
"এগুলো শিক্ষা,,, এগুলো কি সরকার দেখে না,, সন্ত্রাস দিয়ে হালচাষ করা যায়,, না,,, এরাই একদিন,,, নিজেদের বারোটা বাজাবপ",non-violence,0
এখন ছাত্রদের বিচার করা উচিত,non-violence,0
সময় টিভি না বাংলাদেশের সব টিভি হলো হিন্দুদের দালাল এদের বাংলাদেশ থাকতে দেয় হবে না,direct violence,2
উনি পাগল হলে কুমিল্লা থেকে কিভাবে পালিয়ে যায় দুনিয়াতে পাগল হোক ছাগল হোক আল্লাহ এবং কোরান মা বাবা সবাই চিনে ওনার পিছনে কুন বড়ো শক্তি কাজ করছে এদের কে খোঁজে বের করা উচিত,non-violence,0
আমাদের অধিকার আদায় করে ছাড়বো ইনশাল্লাহ,non-violence,0
"হে আল্লাহ যারা মা-বোনদের নগ্ন করতে চায়,,,,,, ইসলাম ধর্ম দাবিয়ে দিতে চায় তাদেরকে তুমি আদ,সামুদের মতো ধ্বংস করে দাও। তুমি উত্তম পরিকল্পনারী, তুমি সর্বশক্তিমান। আল্লাহুআকবার",direct violence,2
"নাহিদ রা মরবে, এভাবে মরার জন্যই নাহিদ রা জন্মায়। ওদের হত্যার কোন বিচার হয় না। বিশ্বজিৎ থেকে নাহিদ, ওরা জন্মায় এই বেজন্মাদের হাতে মরার জন্য।",passive violence,1
নিউ মার্কেট বন্ধ করা হোক এই মার্কেটে অনেক হয়রানির সিকার হয়েছি অনেকেই হয়রানির সিকার হয় এই মার্কেটে,direct violence,2
ধন্যবাদ বোন তোমায়।,non-violence,0
"শুয়োর গুলা গুজব পাইলো কই😡😡,",passive violence,1
বিচার না পাওয়া পরজন্ত শঙরাম চলবে,non-violence,0
"এই বেয়াদব, অসভ্য ব্যবসায়ীদের উচিত বিচার করা হোক, এরা সবসময় অসভ্যতা করে আর সবকিছুর দাম বেশি রাখে, ক্রেতাদের সাথে প্রতারণা করে।",passive violence,1
"এখন কোরান প্রেমি পাখি গুলা কই, এখন আগুন দিয়ে বিড়ি খাবে। কোরানের অবমাননা কারির কিছুই করবে না। এটা হাস্যকর।",passive violence,1
"আল্লাহ কি অবস্থা এই হলো শিক্ষা,,",non-violence,0
"উগ্র আচরণের পরিনতি কখনো ভালো হয় না। বলিউড অভিনেত্রী রা অর্ধ উলঙ্গ হয়ে ক্যামেরার সামনে আসলে সেটা কোন সমস্যা না, আর একজন মুসলিম নারী হিজাব পড়লে সেটা সমস্যা হয়ে যায়??? শিক্ষা প্রতিষ্ঠানে একজন নারী হিজাব পড়লে সেটা কোন ভাবোই প্রতিষ্ঠানের শৃঙ্খলা নষ্ট করে না। আমার মনে হয় মুসলিম নারীদের পড়াশোনা থেকে দূরে রাখতে এই ষড়যন্ত্র চলছে।।।",non-violence,0
আমরা সনাতনলম্বীরা একটু শান্তি চাই আমাদের সাথে হওয়ার অন্যায়ইয়ের বিচার চাই আর এই নাস্তিকগুলোর ফাঁসি চাই 🙏🙏🙏😪😪😪😪😪✊✊সব নাস্তিক দের শাস্তি চাই 🙏🙏🙏🙏😪😪😪✊✊,non-violence,0
সালাল পুত সব গুলো তুদের কাছে গুজব লাগে।,passive violence,1
"বাংলাদেশের বড় সন্ত্রাসী পুলিশ এরা সঠিক বিচার তো দিবেই না আরো অত্যাচার করে,, পাইছে এক বাল কিছু একটা হলেই রাবার বুলেট ছোরে",passive violence,1
হয়তো আমাদের হাতে বড় কোনো শক্তি নেই কিন্তু আমাদের রয়েছেন আল্লাহ নিশ্চয় আল্লাহ একদিন নাস্তিকদের বিচার করবেন ইনশাআল্লাহ 🤲🤲🤲😭😭,non-violence,0
ঢাকা কলেজ মানেই অন্যায়ের বিরুদ্ধে প্রতিবাদ।🔥🔥🔥🔥,non-violence,0
এদেশে উপযুক্ত বিচার ব্যবস্হা আছে ২১ বছর বয়সেও একটা সুষ্ঠ বিচার দেখিনিআমারা বিদ্বেষ চাই না সবাই চাই উপযুক্ত বিচার তার মানে এই নয় কয়দিন পরিবেশ উত্তাল থাকবে তার পর সব ডাকাঁ পড়ে যাবে. ইনসাফ চাই.।,non-violence,0
এরা মিথ্যা বলতে বলতে অভ্যাসে পরিণত হয়ে গেছে।,non-violence,0
